Territorio;nessun titolo di studio;licenza di scuola elementare;licenza di scuola media inferiore o di avviamento professionale;diploma di istruzione secondaria di II grado o di qualifica professionale (corso di 3-4 anni) compresi IFTS;diploma di tecnico superiore ITS o titolo di studio terziario di primo livello;titolo di studio terziario di secondo livello e dottorato di ricerca;totale
Italia;2611745;9210512;16325789;19402449;1958473;5840730;55349694
  Nord-ovest;555647;2440055;4376943;5329158;545427;1564009;14811238
    Piemonte;155962;687099;1249156;1415881;141479;374776;4024353
      Torino;83866;321897;632344;742170;76272;222330;2078878
        Agliè;96;404;749;903;80;205;2436
        Airasca;132;571;1196;1174;86;181;3340
        Ala di Stura;14;78;138;152;9;26;416
        Albiano d'Ivrea;47;293;511;541;46;108;1544
        Alice Superiore;27;102;217;257;21;47;671
        Almese;186;818;1701;2378;234;679;5995
        Alpette;14;39;64;100;7;14;238
        Alpignano;634;2571;5209;5631;522;1311;15878
        Andezeno;71;350;560;658;58;168;1864
        Andrate;20;66;149;179;13;35;461
        Angrogna;30;136;291;261;25;62;805
        Arignano;26;173;324;364;34;89;1010
        Avigliana;428;1654;3657;4189;470;1257;11655
        Azeglio;29;177;380;465;43;77;1170
        Bairo;25;142;221;287;23;45;742
        Balangero;113;515;892;1140;96;202;2957
        Baldissero Canavese;21;73;161;190;13;50;507
        Baldissero Torinese;109;415;784;1304;147;639;3397
        Balme;4;17;38;33;8;2;102
        Banchette;114;422;861;1193;112;295;2997
        Barbania;47;275;453;557;41;93;1465
        Bardonecchia;103;367;823;1195;105;351;2944
        Barone Canavese;21;94;164;216;20;42;557
        Beinasco;698;2936;5508;5888;575;1059;16664
        Bibiana;162;590;1062;1082;88;171;3155
        Bobbio Pellice;29;103;178;152;17;28;507
        Bollengo;76;347;659;702;80;166;2030
        Borgaro Torinese;444;1709;3641;4177;358;663;10991
        Borgiallo;14;94;176;198;12;33;526
        Borgofranco d'Ivrea;129;564;1084;1270;99;238;3384
        Borgomasino;34;148;213;275;19;49;738
        Borgone Susa;77;372;710;721;58;128;2065
        Bosconero;110;538;1020;965;76;152;2860
        Brandizzo;294;1267;2693;2848;225;466;7792
        Bricherasio;170;749;1379;1502;154;305;4259
        Brosso;11;75;125;132;14;18;375
        Brozolo;20;65;118;159;10;41;413
        Bruino;305;1197;2530;3050;287;619;7987
        Brusasco;83;263;469;490;43;79;1426
        Bruzolo;44;245;510;500;43;78;1419
        Buriasco;48;256;406;418;35;84;1247
        Burolo;30;142;299;455;32;124;1081
        Busano;80;261;509;519;39;67;1474
        Bussoleno;214;960;1722;2047;184;451;5578
        Buttigliera Alta;226;812;1755;2345;214;571;5922
        Cafasse;118;547;1003;1187;102;205;3162
        Caluso;238;1124;2269;2559;221;549;6959
        Cambiano;204;990;1694;2007;217;480;5591
        Campiglione Fenile;47;253;430;415;28;64;1237
        Candia Canavese;47;195;347;417;38;85;1129
        Candiolo;193;802;1563;1999;217;403;5177
        Canischio;9;46;116;83;3;6;263
        Cantalupa;93;397;674;941;99;253;2457
        Cantoira;16;95;177;201;23;27;538
        Caprie;59;305;622;724;72;143;1925
        Caravino;39;158;296;295;26;44;857
        Carema;30;154;253;213;21;37;708
        Carignano;390;1541;2848;2856;259;641;8533
        Carmagnola;1175;4580;8876;9016;796;1713;26154
        Casalborgone;59;259;521;671;59;191;1760
        Cascinette d'Ivrea;51;196;380;544;61;181;1413
        Caselette;111;424;873;1070;91;221;2789
        Caselle Torinese;517;1940;4212;4785;375;855;12684
        Castagneto Po;55;188;413;661;82;245;1644
        Castagnole Piemonte;59;358;754;719;65;104;2058
        Castellamonte;339;1493;3022;3432;253;668;9207
        Castelnuovo Nigra;14;82;141;155;6;19;417
        Castiglione Torinese;202;743;1683;2407;241;749;6025
        Cavagnolo;84;406;688;769;73;124;2143
        Cavour;213;1073;1825;1594;129;273;5106
        Cercenasco;70;322;587;544;48;103;1674
        Ceres;31;150;383;343;22;71;1000
        Ceresole Reale;4;23;48;67;5;11;158
        Cesana Torinese;24;112;288;371;31;91;917
        Chialamberto;23;76;103;113;11;17;343
        Chianocco;61;249;474;580;46;109;1519
        Chiaverano;63;307;554;694;96;227;1940
        Chieri;1371;5448;9749;12241;1395;3574;33778
        Chiesanuova;2;47;75;64;4;12;204
        Chiomonte;36;152;260;329;22;50;848
        Chiusa di San Michele;69;233;539;524;54;93;1512
        Chivasso;1087;4037;7732;8841;915;2127;24739
        Ciconio;13;64;123;119;11;27;357
        Cintano;10;38;72;72;11;24;227
        Cinzano;11;48;88;132;10;32;321
        Ciriè;706;2824;5204;6362;600;1459;17155
        Claviere;1;23;44;91;5;24;187
        Coassolo Torinese;41;212;483;503;43;112;1394
        Coazze;97;490;921;1155;88;213;2963
        Collegno;1776;6966;13981;17424;1734;4262;46142
        Colleretto Castelnuovo;12;46;91;115;6;21;290
        Colleretto Giacosa;9;82;163;238;22;38;550
        Condove;136;709;1335;1589;132;346;4247
        Corio;109;591;1004;1080;69;162;3014
        Cossano Canavese;17;91;143;175;17;23;466
        Cuceglio;26;133;328;341;28;64;920
        Cumiana;255;1145;2271;2759;266;651;7346
        Cuorgnè;394;1609;3015;3119;284;565;8985
        Druento;314;1298;2624;3081;268;577;8162
        Exilles;3;45;75;97;5;16;241
        Favria;227;879;1607;1621;137;281;4752
        Feletto;103;391;724;694;56;108;2075
        Fenestrelle;12;95;145;181;19;39;491
        Fiano;86;363;774;941;94;226;2484
        Fiorano Canavese;18;145;232;265;21;53;733
        Foglizzo;96;359;673;795;70;134;2126
        Forno Canavese;153;663;1097;973;77;164;3126
        Frassinetto;3;64;105;86;1;5;264
        Front;59;294;527;499;41;95;1515
        Frossasco;113;487;863;923;94;213;2693
        Garzigliana;12;118;178;167;10;23;508
        Gassino Torinese;352;1433;2688;3209;317;766;8764
        Germagnano;30;192;392;400;29;60;1103
        Giaglione;10;92;184;231;22;44;583
        Giaveno;557;2395;5067;5476;487;1192;15173
        Givoletto;163;476;1071;1467;115;323;3614
        Gravere;20;96;225;250;19;36;646
        Groscavallo;3;55;56;64;2;11;191
        Grosso;37;175;267;357;33;68;937
        Grugliasco;1398;5660;10680;12721;1272;2596;34325
        Ingria;1;10;14;9;2;4;39
        Inverso Pinasca;32;144;266;198;17;16;673
        Isolabella;14;75;123;120;8;23;363
        Issiglio;13;76;127;115;14;20;365
        Ivrea;780;3015;6001;8101;929;3079;21904
        La Cassa;83;226;528;642;52;126;1657
        La Loggia;339;1223;2670;2969;277;509;7987
        Lanzo Torinese;176;676;1467;1733;173;423;4648
        Lauriano;49;247;428;495;46;101;1364
        Leini;688;2385;5014;5404;487;884;14861
        Lemie;3;48;65;55;5;4;180
        Lessolo;67;314;575;615;49;99;1718
        Levone;14;65;127;170;14;22;412
        Locana;43;320;449;484;29;51;1376
        Lombardore;50;267;567;567;53;101;1605
        Lombriasco;28;191;326;345;20;59;969
        Loranzè;44;174;341;387;46;88;1080
        Lugnacco;6;53;79;154;9;33;334
        Luserna San Giovanni;300;1275;2312;2318;166;440;6811
        Lusernetta;14;88;168;151;25;17;463
        Lusigliè;19;91;179;201;14;25;529
        Macello;48;205;384;378;29;47;1091
        Maglione;9;71;115;147;13;39;394
        Mappano;253;1051;2415;2506;206;360;6791
        Marentino;45;204;333;463;45;136;1226
        Massello;..;9;18;23;..;2;52
        Mathi;142;658;1210;1297;96;227;3630
        Mattie;16;143;210;213;22;25;629
        Mazzè;138;660;1203;1420;117;283;3819
        Meana di Susa;26;125;254;303;21;51;780
        Mercenasco;46;194;365;441;28;60;1134
        Meugliano;1;18;27;22;1;4;73
        Mezzenile;16;155;257;269;15;45;757
        Mombello di Torino;8;57;124;136;13;39;377
        Mompantero;16;119;209;207;18;33;602
        Monastero di Lanzo;8;57;125;112;7;19;328
        Moncalieri;2158;8113;15714;18692;2023;6002;52702
        Moncenisio;..;..;11;17;..;4;32
        Montaldo Torinese;18;104;200;251;31;65;669
        Montalenghe;27;134;298;376;24;66;925
        Montalto Dora;130;445;993;1236;121;271;3196
        Montanaro;211;979;1571;1672;115;253;4801
        Monteu da Po;35;135;270;269;23;47;779
        Moriondo Torinese;27;143;215;329;24;54;792
        Nichelino;2054;8138;14957;14986;1307;2310;43751
        Noasca;5;36;40;29;1;3;114
        Nole;258;1085;2024;2306;214;437;6323
        Nomaglio;4;64;89;93;6;13;269
        None;303;1278;2623;2592;244;378;7417
        Novalesa;22;108;152;189;17;26;513
        Oglianico;54;278;417;476;49;93;1367
        Orbassano;892;3571;7216;7612;704;1495;21489
        Orio Canavese;23;137;224;279;22;47;731
        Osasco;36;172;349;399;29;76;1061
        Osasio;38;149;288;304;16;53;848
        Oulx;106;378;938;1301;108;305;3135
        Ozegna;39;188;385;412;31;68;1123
        Palazzo Canavese;21;135;245;289;26;68;784
        Pancalieri;82;399;663;603;51;112;1910
        Parella;12;59;107;163;14;48;403
        Pavarolo;42;137;297;366;38;150;1030
        Pavone Canavese;148;602;1127;1278;119;322;3596
        Pecco;6;37;59;93;6;12;213
        Pecetto Torinese;125;472;822;1378;167;781;3745
        Perosa Argentina;95;624;1109;964;77;125;2994
        Perosa Canavese;15;68;156;200;20;33;492
        Perrero;23;157;232;168;17;16;613
        Pertusio;26;132;229;257;21;43;708
        Pessinetto;18;94;205;212;17;39;585
        Pianezza;546;2050;4183;5391;540;1267;13976
        Pinasca;90;546;908;950;91;149;2733
        Pinerolo;1315;5168;10285;11632;1263;3543;33206
        Pino Torinese;278;830;1631;2814;359;1994;7906
        Piobesi Torinese;112;556;1193;1276;112;255;3504
        Piossasco;705;2575;5762;5942;522;1222;16727
        Piscina;138;567;1096;1106;86;166;3158
        Piverone;34;156;381;501;43;150;1264
        Poirino;370;1642;3132;3351;306;624;9425
        Pomaretto;29;207;336;292;24;58;946
        Pont Canavese;127;578;1086;1043;69;176;3078
        Porte;38;167;344;315;19;68;950
        Pragelato;36;69;209;291;23;59;687
        Prali;2;54;84;77;6;6;229
        Pralormo;70;312;533;640;60;107;1722
        Pramollo;10;44;83;66;5;4;212
        Prarostino;54;204;386;409;47;112;1211
        Prascorsano;30;150;264;229;16;21;710
        Pratiglione;16;116;174;151;12;18;486
        Quagliuzzo;4;29;80;148;10;42;313
        Quassolo;13;70;110;115;6;14;328
        Quincinetto;44;215;322;310;21;53;965
        Reano;51;234;483;626;54;175;1622
        Ribordone;1;20;15;11;..;1;48
        Riva presso Chieri;196;665;1341;1573;183;329;4286
        Rivalba;44;176;301;420;43;99;1083
        Rivalta di Torino;760;2696;5806;6886;655;1517;18319
        Rivara;100;450;840;810;59;111;2369
        Rivarolo Canavese;478;1899;3622;4169;396;937;11501
        Rivarossa;51;199;482;553;54;144;1483
        Rivoli;1735;7245;13539;16017;1712;4408;44656
        Robassomero;99;427;936;1097;101;217;2876
        Rocca Canavese;52;270;563;586;43;84;1597
        Roletto;81;279;574;679;81;186;1880
        Romano Canavese;82;413;777;960;76;175;2483
        Ronco Canavese;8;83;91;87;6;10;285
        Rondissone;84;316;621;570;43;81;1714
        Rorà;9;39;81;81;4;11;225
        Rosta;167;553;1139;1758;169;638;4423
        Roure;29;180;245;249;24;35;762
        Rubiana;101;308;751;829;72;177;2238
        Rueglio;21;131;237;245;18;63;715
        Salassa;62;314;588;618;70;97;1749
        Salbertrand;25;70;199;209;23;40;566
        Salerano Canavese;13;62;122;159;21;64;440
        Salza di Pinerolo;4;21;29;16;..;5;75
        Samone;53;200;467;545;50;163;1478
        San Benigno Canavese;263;894;1746;2077;164;350;5493
        San Carlo Canavese;138;611;1099;1420;126;344;3738
        San Colombano Belmonte;17;46;125;115;7;15;324
        San Didero;12;73;179;204;10;35;513
        San Francesco al Campo;155;757;1485;1639;124;304;4464
        San Germano Chisone;69;335;576;531;48;104;1663
        San Gillio;92;417;861;1124;113;249;2856
        San Giorgio Canavese;93;392;747;894;82;194;2401
        San Giorio di Susa;37;169;312;312;27;56;913
        San Giusto Canavese;134;547;1000;1111;81;224;3096
        San Martino Canavese;18;140;242;278;24;63;765
        San Maurizio Canavese;381;1402;2943;3559;352;750;9386
        San Mauro Torinese;636;2419;4979;6693;761;1971;17458
        San Pietro Val Lemina;57;193;355;521;54;149;1329
        San Ponso;5;48;93;72;5;16;239
        San Raffaele Cimena;99;469;899;1056;109;278;2910
        San Sebastiano da Po;56;310;566;682;57;135;1806
        San Secondo di Pinerolo;122;588;993;1188;136;345;3372
        Sangano;125;550;1081;1275;110;333;3474
        Sant'Ambrogio di Torino;191;713;1543;1482;127;279;4335
        Sant'Antonino di Susa;170;685;1373;1323;115;233;3899
        Santena;440;1717;3324;3456;267;575;9778
        Sauze di Cesana;7;22;56;98;9;32;224
        Sauze d'Oulx;36;109;308;421;45;123;1042
        Scalenghe;109;540;1137;1032;67;154;3039
        Scarmagno;35;133;244;273;21;70;776
        Sciolze;51;200;428;531;47;130;1387
        Sestriere;31;79;251;369;49;103;881
        Settimo Rottaro;13;85;135;183;11;21;448
        Settimo Torinese;1903;7671;14806;15749;1345;2408;43882
        Settimo Vittone;56;270;478;493;34;88;1419
        Sparone;30;202;311;288;32;33;896
        Strambinello;13;49;88;76;10;14;250
        Strambino;237;986;1771;2226;204;439;5862
        Susa;237;1048;1951;2049;167;381;5833
        Tavagnasco;27;142;278;255;9;37;748
        Torino;33035;112925;225293;278218;32812;118461;800744
        Torrazza Piemonte;108;454;910;972;95;175;2713
        Torre Canavese;15;82;178;218;23;55;571
        Torre Pellice;137;665;1352;1553;149;424;4280
        Trana;144;524;1150;1344;115;276;3552
        Trausella;1;22;37;51;1;4;116
        Traversella;12;72;109;98;8;10;309
        Traves;10;81;162;197;14;30;494
        Trofarello;372;1626;3005;3763;391;944;10101
        Usseaux;4;39;65;57;6;5;176
        Usseglio;5;38;60;71;7;9;189
        Vaie;54;222;461;478;42;54;1310
        Val della Torre;134;541;1236;1372;111;264;3658
        Val di Chy;..;..;..;..;..;..;..
        Valchiusa;..;..;..;..;..;..;..
        Valgioie;33;128;269;350;29;52;860
        Vallo Torinese;31;131;202;282;16;61;723
        Valperga;110;521;898;997;79;192;2797
        Valprato Soana;4;18;30;38;2;2;94
        Varisella;24;140;273;287;15;45;784
        Vauda Canavese;48;237;447;471;44;110;1357
        Venaria Reale;1287;4900;10348;11500;1076;2165;31276
        Venaus;30;178;307;279;24;24;842
        Verolengo;173;893;1391;1631;136;253;4476
        Verrua Savoia;53;216;420;494;32;101;1315
        Vestignè;24;132;249;278;24;55;762
        Vialfrè;11;39;64;78;10;19;221
        Vico Canavese;30;161;272;253;19;67;802
        Vidracco;13;51;109;231;28;58;490
        Vigone;207;938;1759;1522;118;243;4787
        Villafranca Piemonte;182;867;1486;1446;107;207;4295
        Villanova Canavese;41;193;357;401;32;88;1111
        Villar Dora;98;391;854;1012;88;221;2662
        Villar Focchiardo;67;321;605;696;55;103;1846
        Villar Pellice;33;209;349;350;27;42;1009
        Villar Perosa;161;697;1366;1280;104;224;3832
        Villarbasse;105;395;877;1269;134;440;3219
        Villareggia;28;173;279;352;32;67;931
        Villastellone;175;727;1401;1616;142;273;4333
        Vinovo;538;2072;4121;5162;503;1301;13696
        Virle Piemonte;46;185;386;374;27;63;1080
        Vische;50;221;388;419;35;73;1185
        Vistrorio;11;91;136;192;21;46;497
        Viù;36;193;355;320;21;39;964
        Volpiano;607;2305;4735;5175;412;961;14195
        Volvera;344;1301;2823;2771;235;429;7903
      Vercelli;5964;31574;49755;55550;4828;11810;159479
        Alagna Valsesia;4;70;129;157;12;37;409
        Albano Vercellese;11;63;110;90;4;17;295
        Alice Castello;83;493;801;802;71;150;2400
        Alto Sermenza;1;42;46;50;5;8;152
        Arborio;39;196;266;248;18;45;812
        Asigliano Vercellese;51;239;392;508;54;78;1322
        Balmuccia;6;22;31;33;3;6;101
        Balocco;10;48;65;71;8;3;205
        Bianzè;82;371;590;621;48;94;1805
        Boccioleto;1;67;56;37;3;4;168
        Borgo d'Ale;67;516;709;716;65;145;2217
        Borgo Vercelli;80;417;586;766;54;169;2072
        Borgosesia;414;2601;3783;3781;375;955;11908
        Buronzo;26;173;252;287;17;54;809
        Campertogno;1;48;62;71;12;22;216
        Carcoforo;1;21;19;21;1;6;69
        Caresana;33;214;341;340;23;55;1006
        Caresanablot;32;165;277;421;43;108;1046
        Carisio;16;178;218;266;20;41;738
        Casanova Elvo;4;45;82;69;2;4;206
        Cellio con Breia;26;190;302;321;26;71;936
        Cervatto;1;8;15;26;4;3;57
        Cigliano;137;764;1290;1533;143;276;4143
        Civiasco;6;46;77;83;9;10;231
        Collobiano;2;11;27;31;5;6;82
        Costanzana;25;170;220;242;15;38;710
        Cravagliana;3;56;85;89;3;8;244
        Crescentino;300;1529;2481;2439;152;323;7223
        Crova;12;84;144;111;13;17;381
        Desana;47;196;288;363;22;62;978
        Fobello;5;52;61;54;7;9;188
        Fontanetto Po;32;236;346;358;23;45;1039
        Formigliana;18;101;161;158;10;12;460
        Gattinara;302;1516;2555;2398;202;366;7338
        Ghislarengo;41;214;287;189;8;31;769
        Greggio;16;69;125;99;5;15;329
        Guardabosone;8;71;97;111;14;25;325
        Lamporo;11;123;188;141;8;17;488
        Lenta;30;164;265;248;27;47;780
        Lignana;16;106;143;204;15;30;513
        Livorno Ferraris;149;802;1319;1364;109;226;3968
        Lozzolo;24;177;266;248;21;33;769
        Mollia;..;16;34;31;2;8;91
        Moncrivello;46;259;414;439;53;84;1294
        Motta de' Conti;30;179;244;221;20;35;729
        Olcenengo;20;127;208;280;25;45;705
        Oldenico;11;43;61;78;5;9;207
        Palazzolo Vercellese;49;227;401;366;42;44;1128
        Pertengo;8;63;75;96;11;17;270
        Pezzana;48;214;366;457;42;68;1195
        Pila;5;25;40;49;4;7;130
        Piode;3;31;60;69;5;5;172
        Postua;17;118;174;193;12;30;544
        Prarolo;25;143;182;261;18;41;670
        Quarona;111;865;1197;1274;99;191;3737
        Quinto Vercellese;11;76;116;123;12;17;354
        Rassa;..;16;15;24;1;6;62
        Rimella;2;36;45;40;2;5;130
        Riva Valdobbia;5;46;80;88;5;24;248
        Rive;10;95;153;142;5;14;419
        Roasio;84;428;727;785;71;106;2201
        Ronsecco;19;116;154;193;8;24;513
        Rossa;4;42;77;34;6;10;173
        Rovasenda;23;182;311;291;19;36;861
        Salasco;12;40;59;69;4;11;195
        Sali Vercellese;2;24;24;37;6;8;101
        Saluggia;145;713;1176;1339;84;213;3670
        San Germano Vercellese;55;318;484;481;34;68;1439
        San Giacomo Vercellese;11;70;95;83;5;17;280
        Santhià;303;1535;2441;2751;245;552;7827
        Scopa;22;86;118;114;17;13;369
        Scopello;8;59;120;116;15;28;345
        Serravalle Sesia;218;992;1556;1447;124;233;4569
        Stroppiana;25;236;328;400;29;76;1094
        Tricerro;25;122;202;248;15;34;646
        Trino;296;1359;2066;2171;166;387;6445
        Tronzano Vercellese;138;642;1032;1123;90;162;3186
        Valduggia;55;444;674;564;31;91;1858
        Varallo;236;1314;2165;2219;171;536;6640
        Vercelli;1659;7139;11933;15975;1597;4771;43072
        Villarboit;15;97;123;140;7;20;402
        Villata;37;338;421;527;43;86;1452
        Vocca;3;29;53;52;2;11;149
      Novara;12763;59873;106294;118081;11802;29996;338809
        Agrate Conturbia;52;222;430;548;60;139;1451
        Ameno;29;149;297;277;38;110;899
        Armeno;70;453;731;630;58;121;2062
        Arona;439;2198;3730;4470;480;1631;12947
        Barengo;23;165;256;223;29;62;758
        Bellinzago Novarese;320;1638;2885;3105;287;547;8781
        Biandrate;49;209;384;418;31;75;1165
        Boca;32;225;413;343;19;70;1101
        Bogogno;43;226;351;390;37;119;1166
        Bolzano Novarese;36;202;387;378;40;77;1119
        Borgo Ticino;210;932;1533;1603;124;245;4645
        Borgolavezzaro;66;413;648;581;53;115;1876
        Borgomanero;731;3501;6196;6776;737;1821;19761
        Briga Novarese;106;533;887;876;79;165;2645
        Briona;43;225;328;378;32;63;1068
        Caltignaga;91;425;736;836;73;155;2316
        Cameri;347;1765;3263;3605;369;610;9959
        Carpignano Sesia;81;471;721;842;81;155;2351
        Casalbeltrame;32;173;287;294;30;53;869
        Casaleggio Novara;29;146;279;307;21;51;833
        Casalino;49;294;477;459;35;74;1387
        Casalvolone;28;169;270;277;19;29;791
        Castellazzo Novarese;8;59;94;96;10;16;283
        Castelletto sopra Ticino;339;1556;2968;3146;281;720;9009
        Cavaglietto;12;84;101;134;10;20;361
        Cavaglio d'Agogna;43;228;376;349;19;64;1079
        Cavallirio;44;207;423;424;45;74;1217
        Cerano;250;1209;2065;2077;165;391;6156
        Colazza;14;64;138;159;15;35;425
        Comignago;59;182;377;420;36;94;1167
        Cressa;57;282;476;486;39;114;1454
        Cureggio;83;445;846;810;86;148;2418
        Divignano;62;267;484;407;29;41;1290
        Dormelletto;94;410;765;824;78;211;2381
        Fara Novarese;64;393;559;672;58;146;1892
        Fontaneto d'Agogna;82;502;829;805;65;179;2461
        Galliate;601;2584;4463;4974;514;1103;14239
        Garbagna Novarese;50;211;407;482;51;94;1294
        Gargallo;55;360;592;500;57;82;1645
        Gattico;95;580;1011;1063;111;230;3089
        Gattico-Veruno;..;..;..;..;..;..;..
        Ghemme;103;620;1070;1148;88;224;3253
        Gozzano;189;1113;1839;1652;144;287;5223
        Granozzo con Monticello;40;261;426;434;35;71;1267
        Grignasco;147;915;1409;1328;120;263;4182
        Invorio;137;741;1349;1383;141;291;4042
        Landiona;20;135;191;158;13;31;548
        Lesa;92;327;596;734;81;243;2073
        Maggiora;50;284;530;529;41;102;1535
        Mandello Vitta;5;40;73;72;8;14;212
        Marano Ticino;68;318;526;480;47;84;1523
        Massino Visconti;36;186;321;347;32;92;1014
        Meina;62;334;692;892;86;216;2281
        Mezzomerico;44;195;353;398;37;81;1108
        Miasino;27;172;240;231;30;63;763
        Momo;79;500;822;753;67;129;2349
        Nebbiuno;49;271;480;660;50;174;1683
        Nibbiola;32;172;257;231;19;61;772
        Novara;3637;14365;26997;34679;3930;12113;95721
        Oleggio;503;2533;4040;4461;464;907;12907
        Oleggio Castello;64;367;625;682;79;192;2009
        Orta San Giulio;36;197;374;437;58;174;1276
        Paruzzaro;65;326;611;727;67;171;1967
        Pella;23;194;272;304;39;57;889
        Pettenasco;27;216;393;481;49;129;1295
        Pisano;23;145;239;280;33;37;757
        Pogno;62;328;511;352;18;40;1310
        Pombia;89;367;697;689;45;103;1990
        Prato Sesia;62;334;568;610;63;102;1739
        Recetto;36;179;286;274;31;56;862
        Romagnano Sesia;132;669;1160;1302;115;235;3613
        Romentino;218;866;1681;1762;145;326;4997
        San Maurizio d'Opaglio;126;594;1065;861;60;115;2821
        San Nazzaro Sesia;22;132;251;212;15;48;680
        San Pietro Mosezzo;62;363;560;636;41;118;1779
        Sillavengo;16;102;199;170;15;27;528
        Sizzano;43;284;422;437;39;102;1326
        Soriso;25;148;241;219;20;47;699
        Sozzago;40;174;322;364;25;50;975
        Suno;93;475;861;858;71;208;2566
        Terdobbiate;19;83;176;130;6;26;440
        Tornaco;20;180;281;289;30;63;863
        Trecate;846;3193;6289;6477;621;1255;18680
        Vaprio d'Agogna;18;174;353;310;34;53;941
        Varallo Pombia;204;972;1523;1510;104;226;4539
        Veruno;52;286;579;619;69;144;1748
        Vespolate;56;414;671;581;45;128;1895
        Vicolungo;39;164;249;307;19;48;826
        Vinzaglio;10;115;171;193;17;27;533
      Cuneo;18983;103849;175172;184700;19372;39791;541866
        Acceglio;6;30;48;56;5;7;152
        Aisone;4;56;66;77;6;6;215
        Alba;961;5277;8519;10194;1184;3008;29143
        Albaretto della Torre;6;58;68;71;5;7;215
        Alto;4;21;54;35;1;5;120
        Argentera;1;13;30;18;4;2;68
        Arguello;11;37;74;49;5;9;184
        Bagnasco;32;184;304;342;21;56;939
        Bagnolo Piemonte;249;1212;1994;1692;150;254;5551
        Baldissero d'Alba;39;213;345;316;35;46;994
        Barbaresco;20;125;155;197;29;51;577
        Barge;323;1579;2452;2049;183;352;6937
        Barolo;19;105;179;259;24;60;646
        Bastia Mondovì;17;136;222;188;17;29;609
        Battifollo;6;65;62;68;7;3;211
        Beinette;142;563;1039;1053;127;184;3107
        Bellino;..;27;38;35;5;2;106
        Belvedere Langhe;8;75;127;97;11;19;337
        Bene Vagienna;144;691;1116;1083;122;199;3354
        Benevello;21;90;138;150;16;21;436
        Bergolo;1;16;11;22;3;2;55
        Bernezzo;147;624;1226;1310;173;231;3710
        Bonvicino;1;23;29;31;1;9;94
        Borgo San Dalmazzo;397;1819;3536;4263;438;993;11445
        Borgomale;7;69;131;114;7;25;353
        Bosia;5;42;61;50;3;8;169
        Bossolasco;20;107;213;200;19;40;598
        Boves;296;1691;3073;3082;334;589;9063
        Bra;1041;4886;8652;9414;1006;2149;27147
        Briaglia;9;41;95;109;9;22;285
        Briga Alta;..;6;11;15;..;8;40
        Brondello;27;57;116;60;2;9;271
        Brossasco;32;253;353;289;24;42;993
        Busca;319;1802;3146;3074;348;537;9226
        Camerana;17;138;157;207;17;35;571
        Camo;5;51;59;51;6;6;178
        Canale;199;1062;1718;1765;149;289;5181
        Canosio;2;20;28;23;1;4;78
        Caprauna;1;34;17;36;1;6;95
        Caraglio;222;1136;2115;2160;228;422;6282
        Caramagna Piemonte;101;608;967;914;67;129;2786
        Cardè;44;234;386;331;24;37;1056
        Carrù;146;822;1308;1400;144;227;4046
        Cartignano;3;39;57;47;4;14;164
        Casalgrasso;60;282;453;466;34;45;1340
        Castagnito;93;342;610;754;76;120;1995
        Casteldelfino;2;40;50;42;2;8;144
        Castellar;3;34;63;56;7;16;179
        Castelletto Stura;44;239;448;401;42;59;1233
        Castelletto Uzzone;6;72;97;105;7;15;302
        Castellinaldo d'Alba;30;181;302;281;30;30;854
        Castellino Tanaro;9;72;89;93;5;11;279
        Castelmagno;1;13;27;13;1;2;57
        Castelnuovo di Ceva;6;22;27;39;..;4;98
        Castiglione Falletto;11;111;204;237;24;56;643
        Castiglione Tinella;24;215;229;244;27;36;775
        Castino;16;100;159;142;13;21;451
        Cavallerleone;31;133;223;186;10;41;624
        Cavallermaggiore;171;971;1696;1662;184;311;4995
        Celle di Macra;..;22;25;25;2;7;80
        Centallo;243;1275;2263;2053;208;332;6374
        Ceresole Alba;66;360;692;649;60;95;1922
        Cerretto Langhe;10;103;143;130;12;22;419
        Cervasca;140;788;1477;1714;185;390;4694
        Cervere;70;441;759;640;58;93;2061
        Ceva;245;922;1706;1806;175;360;5214
        Cherasco;302;1496;2793;2938;304;588;8420
        Chiusa di Pesio;126;686;1171;1088;106;206;3383
        Cigliè;7;40;53;53;6;10;169
        Cissone;3;17;26;27;5;2;80
        Clavesana;28;193;255;237;15;25;753
        Corneliano d'Alba;62;397;630;687;77;106;1959
        Cortemilia;67;476;627;775;66;122;2133
        Cossano Belbo;28;255;298;232;27;45;885
        Costigliole Saluzzo;120;615;1079;973;94;144;3025
        Cravanzana;9;72;118;115;10;18;342
        Crissolo;3;37;55;44;1;16;156
        Cuneo;1683;8213;14923;18845;2490;5994;52148
        Demonte;53;399;619;617;54;88;1829
        Diano d'Alba;111;595;1028;1233;120;259;3346
        Dogliani;154;874;1483;1485;139;272;4406
        Dronero;253;1277;2160;2114;222;449;6474
        Elva;5;25;28;20;1;3;82
        Entracque;22;152;270;266;32;62;803
        Envie;72;463;683;507;36;74;1835
        Farigliano;58;360;553;526;45;87;1629
        Faule;19;81;147;155;15;23;440
        Feisoglio;7;82;107;87;5;7;295
        Fossano;774;4315;7171;7655;900;1839;22653
        Frabosa Soprana;21;139;210;277;26;53;726
        Frabosa Sottana;42;269;476;520;44;93;1443
        Frassino;7;62;91;65;10;17;251
        Gaiola;16;113;151;205;31;25;540
        Gambasca;16;67;141;87;6;11;328
        Garessio;95;580;929;1047;84;170;2904
        Genola;80;456;833;816;62;108;2354
        Gorzegno;4;65;104;85;1;7;266
        Gottasecca;3;34;49;49;1;2;137
        Govone;63;382;668;757;88;128;2085
        Grinzane Cavour;61;300;590;697;66;102;1815
        Guarene;107;576;1005;1234;136;246;3303
        Igliano;3;23;15;18;1;3;63
        Isasca;3;26;33;12;1;2;77
        La Morra;85;449;777;940;95;221;2567
        Lagnasco;50;293;444;421;40;71;1318
        Lequio Berria;11;114;157;131;10;18;440
        Lequio Tanaro;23;136;257;221;21;21;678
        Lesegno;29;170;261;261;18;32;771
        Levice;7;58;78;48;5;11;207
        Limone Piemonte;35;264;435;490;56;125;1405
        Lisio;10;38;59;64;4;4;179
        Macra;2;8;19;17;4;3;53
        Magliano Alfieri;66;385;622;697;72;130;1972
        Magliano Alpi;88;421;735;643;62;94;2042
        Mango;40;306;414;373;24;57;1214
        Manta;132;602;1070;1210;164;275;3452
        Marene;123;581;1056;955;102;156;2973
        Margarita;41;286;452;447;47;68;1340
        Marmora;1;17;23;15;..;2;58
        Marsaglia;10;64;63;58;9;5;209
        Martiniana Po;21;180;273;194;11;17;696
        Melle;11;60;89;88;10;15;272
        Moiola;5;38;75;75;6;10;209
        Mombarcaro;6;73;78;75;1;17;250
        Mombasiglio;14;138;184;205;18;19;578
        Monastero di Vasco;38;217;353;468;35;96;1207
        Monasterolo Casotto;1;25;33;19;2;1;81
        Monasterolo di Savigliano;35;239;403;431;48;69;1224
        Monchiero;14;105;185;178;10;30;522
        Mondovì;742;3482;6259;7240;848;2078;20649
        Monesiglio;11;160;198;182;8;44;603
        Monforte d'Alba;58;361;553;650;54;145;1821
        Montà;153;892;1473;1420;137;234;4309
        Montaldo di Mondovì;23;117;182;176;12;24;534
        Montaldo Roero;19;182;270;261;22;32;786
        Montanera;24;137;257;212;27;34;690
        Montelupo Albese;14;83;143;151;23;24;438
        Montemale di Cuneo;6;44;79;64;4;15;212
        Monterosso Grana;13;105;147;168;19;29;481
        Monteu Roero;39;338;514;458;51;74;1473
        Montezemolo;10;51;75;71;5;13;225
        Monticello d'Alba;81;379;729;741;82;119;2130
        Moretta;132;754;1324;1263;101;208;3782
        Morozzo;66;381;648;594;48;87;1824
        Murazzano;35;178;268;230;22;42;775
        Murello;27;204;313;269;11;36;860
        Narzole;139;656;1100;1079;90;148;3211
        Neive;131;631;998;1085;99;195;3138
        Neviglie;14;82;118;113;12;18;357
        Niella Belbo;7;97;134;97;5;10;350
        Niella Tanaro;32;202;304;320;42;44;944
        Novello;37;181;297;306;40;53;914
        Nucetto;12;85;124;139;16;12;388
        Oncino;3;23;24;24;..;3;77
        Ormea;37;319;521;523;37;86;1523
        Ostana;2;13;29;23;4;12;83
        Paesana;77;634;890;818;63;88;2570
        Pagno;10;114;176;179;19;38;536
        Pamparato;11;83;85;88;6;21;293
        Paroldo;5;45;60;63;9;12;194
        Perletto;6;70;80;85;8;9;258
        Perlo;..;32;35;38;2;4;111
        Peveragno;184;975;1683;1720;214;389;5164
        Pezzolo Valle Uzzone;10;88;98;98;5;23;322
        Pianfei;72;383;680;629;53;124;1941
        Piasco;76;578;909;783;89;129;2563
        Pietraporzio;..;25;17;20;3;5;70
        Piobesi d'Alba;38;166;364;525;57;110;1260
        Piozzo;40;194;301;315;23;39;911
        Pocapaglia;119;587;1023;1047;114;171;3061
        Polonghera;40;271;350;321;31;43;1055
        Pontechianale;2;36;59;53;3;7;160
        Pradleves;4;52;86;63;7;11;223
        Prazzo;7;30;68;47;6;8;166
        Priero;18;96;142;154;14;39;463
        Priocca;63;361;598;667;70;87;1846
        Priola;19;147;204;249;9;30;658
        Prunetto;10;99;139;142;5;15;410
        Racconigi;290;1719;3126;3068;307;616;9126
        Revello;147;862;1380;1216;126;201;3932
        Rifreddo;25;212;368;292;16;31;944
        Rittana;4;27;33;39;..;3;105
        Roaschia;..;39;35;33;1;..;107
        Roascio;7;19;21;33;4;7;91
        Robilante;65;446;747;653;80;87;2078
        Roburent;12;102;167;145;7;41;474
        Rocca Cigliè;6;44;40;36;2;5;133
        Rocca de' Baldi;43;333;497;495;54;74;1496
        Roccabruna;43;257;497;496;44;104;1441
        Roccaforte Mondovì;87;442;660;662;48;98;1996
        Roccasparvera;23;123;229;216;38;40;669
        Roccavione;83;487;922;813;70;105;2480
        Rocchetta Belbo;6;31;53;56;4;4;154
        Roddi;52;273;454;569;69;114;1530
        Roddino;13;99;127;114;11;19;382
        Rodello;27;169;292;316;41;63;908
        Rossana;29;179;291;251;19;39;808
        Ruffia;12;75;110;103;9;16;325
        Sale delle Langhe;12;88;169;170;10;31;479
        Sale San Giovanni;3;32;44;65;6;9;159
        Saliceto;31;254;329;453;37;88;1191
        Salmour;19;143;247;204;17;33;662
        Saluzzo;535;2785;4622;5360;611;1629;15541
        Sambuco;2;22;25;26;1;6;82
        Sampeyre;29;183;327;310;25;52;926
        San Benedetto Belbo;3;37;57;47;4;7;154
        San Damiano Macra;15;88;127;132;11;23;395
        San Michele Mondovì;71;387;570;584;53;98;1763
        Sanfrè;93;601;980;909;68;138;2789
        Sanfront;93;532;883;629;48;53;2238
        Santa Vittoria d'Alba;119;419;856;963;80;149;2585
        Sant'Albano Stura;88;390;751;743;74;107;2152
        Santo Stefano Belbo;121;777;1215;1148;115;190;3565
        Santo Stefano Roero;42;297;415;407;45;48;1254
        Savigliano;686;3546;5971;6842;808;2073;19925
        Scagnello;5;46;55;54;2;8;170
        Scarnafigi;70;415;712;594;66;100;1957
        Serralunga d'Alba;20;99;167;185;14;29;513
        Serravalle Langhe;4;59;109;98;1;17;287
        Sinio;19;95;169;152;10;23;468
        Somano;11;76;124;89;2;12;314
        Sommariva del Bosco;219;1146;2107;1888;152;321;5832
        Sommariva Perno;64;538;809;938;74;149;2571
        Stroppo;4;25;34;27;3;9;102
        Tarantasca;54;355;667;668;68;96;1907
        Torre Bormida;3;38;55;54;3;10;163
        Torre Mondovì;13;105;151;152;13;15;448
        Torre San Giorgio;19;178;204;220;11;36;668
        Torresina;6;15;9;14;2;..;46
        Treiso;18;132;226;262;29;53;720
        Trezzo Tinella;14;78;89;91;9;17;298
        Trinità;83;442;646;671;75;106;2023
        Valdieri;24;209;268;275;20;63;859
        Valgrana;22;152;229;256;27;40;725
        Valloriate;2;36;30;31;3;4;106
        Valmala;..;8;20;17;..;1;46
        Venasca;37;276;482;400;36;56;1287
        Verduno;20;83;148;189;17;48;505
        Vernante;32;232;379;336;30;58;1067
        Verzuolo;236;1161;1943;2015;196;364;5915
        Vezza d'Alba;73;438;706;723;52;112;2102
        Vicoforte;91;518;904;1045;108;330;2995
        Vignolo;85;378;677;919;104;209;2372
        Villafalletto;116;635;907;789;74;147;2667
        Villanova Mondovì;186;1016;1744;1862;168;383;5358
        Villanova Solaro;20;179;253;204;10;22;688
        Villar San Costanzo;42;267;507;498;52;82;1448
        Vinadio;14;145;211;161;22;23;576
        Viola;13;94;110;113;2;20;352
        Vottignasco;15;116;170;164;8;13;486
      Asti;8392;37294;64053;68099;6289;14699;198824
        Agliano Terme;70;317;517;455;33;92;1484
        Albugnano;17;69;144;193;13;55;491
        Antignano;29;190;270;322;35;75;921
        Aramengo;22;99;167;196;9;40;533
        Asti;3031;11521;21615;24479;2558;6886;70089
        Azzano d'Asti;12;63;103;129;7;35;349
        Baldichieri d'Asti;53;187;367;338;33;58;1034
        Belveglio;11;55;84;114;6;29;299
        Berzano di San Pietro;17;68;130;129;12;37;392
        Bruno;7;65;89;99;11;23;294
        Bubbio;31;193;242;247;28;40;780
        Buttigliera d'Asti;92;434;732;870;77;152;2356
        Calamandrana;57;300;543;552;65;95;1612
        Calliano Monferrato;51;269;405;377;19;69;1190
        Calosso;55;269;374;365;31;68;1162
        Camerano Casasco;16;88;136;125;13;34;412
        Canelli;441;2020;3188;3227;261;475;9612
        Cantarana;41;152;310;325;32;60;920
        Capriglio;18;52;99;94;11;15;289
        Casorzo Monferrato;26;158;186;181;14;31;596
        Cassinasco;17;122;199;184;15;26;563
        Castagnole delle Lanze;143;691;1155;1140;107;207;3443
        Castagnole Monferrato;40;201;358;412;28;75;1114
        Castel Boglione;21;136;196;182;10;30;575
        Castel Rocchero;15;88;106;120;8;20;357
        Castell'Alfero;89;430;854;893;83;155;2504
        Castellero;7;57;79;98;5;21;267
        Castelletto Molina;7;29;49;50;3;7;145
        Castello di Annone;83;339;639;595;49;104;1808
        Castelnuovo Belbo;39;161;290;247;11;45;792
        Castelnuovo Calcea;32;173;221;210;27;39;702
        Castelnuovo Don Bosco;102;599;947;1053;75;186;2961
        Cellarengo;19;124;218;220;14;41;636
        Celle Enomondo;18;129;135;130;11;23;446
        Cerreto d'Asti;9;52;76;41;8;14;200
        Cerro Tanaro;25;95;188;212;9;37;566
        Cessole;18;97;97;126;7;16;361
        Chiusano d'Asti;4;45;56;70;6;25;206
        Cinaglio;24;92;125;131;8;29;409
        Cisterna d'Asti;42;242;409;390;36;38;1157
        Coazzolo;13;49;85;83;11;23;264
        Cocconato;45;251;435;495;28;93;1347
        Corsione;7;45;57;72;7;17;205
        Cortandone;15;50;97;86;13;33;294
        Cortanze;7;64;73;96;8;12;260
        Cortazzone;23;100;187;198;19;41;568
        Cortiglione;26;98;169;176;21;27;516
        Cossombrato;13;80;142;172;21;38;466
        Costigliole d'Asti;217;1130;1787;1742;148;320;5344
        Cunico;15;104;142;144;6;31;442
        Dusino San Michele;45;171;383;310;28;47;984
        Ferrere;55;291;492;454;40;85;1417
        Fontanile;21;106;150;203;10;27;517
        Frinco;31;155;210;237;20;37;689
        Grana Monferrato;25;133;169;177;22;31;557
        Grazzano Badoglio;17;130;163;190;25;44;569
        Incisa Scapaccino;106;376;677;657;48;104;1967
        Isola d'Asti;94;380;597;655;58;91;1875
        Loazzolo;9;88;88;98;11;19;313
        Maranzana;11;44;81;93;2;16;246
        Maretto;18;64;103;130;19;25;359
        Moasca;12;120;150;143;13;30;468
        Mombaldone;9;48;64;64;4;11;199
        Mombaruzzo;34;214;309;358;27;59;1001
        Mombercelli;90;434;706;648;46;103;2027
        Monale;35;174;318;327;42;37;933
        Monastero Bormida;33;192;246;301;26;66;864
        Moncalvo;123;477;924;916;84;188;2712
        Moncucco Torinese;27;146;256;297;22;80;828
        Mongardino;36;159;237;308;31;68;839
        Montabone;7;87;94;97;9;11;304
        Montafia;19;172;289;303;33;67;883
        Montaldo Scarampi;33;144;252;222;11;31;693
        Montechiaro d'Asti;61;231;416;390;33;72;1202
        Montegrosso d'Asti;98;410;715;742;58;126;2149
        Montemagno Monferrato;37;212;362;357;23;64;1055
        Montiglio Monferrato;51;284;507;523;37;93;1495
        Moransengo;7;34;56;70;3;13;183
        Moransengo-Tonengo;..;..;..;..;..;..;..
        Nizza Monferrato;444;1806;3100;3206;318;645;9518
        Olmo Gentile;2;23;16;25;1;6;73
        Passerano Marmorito;17;66;120;145;10;38;396
        Penango;13;82;144;148;7;33;426
        Piea;14;115;172;200;16;32;548
        Pino d'Asti;3;43;73;76;5;11;211
        Piovà Massaia;19;123;201;185;13;33;574
        Portacomaro;80;353;638;603;66;140;1879
        Quaranti;9;42;53;42;5;7;158
        Refrancore;61;271;494;509;40;93;1468
        Revigliasco d'Asti;27;128;245;263;32;54;749
        Roatto;16;65;112;126;8;32;359
        Robella;20;98;165;131;20;30;464
        Rocca d'Arazzo;25;180;257;300;27;62;851
        Roccaverano;17;96;102;126;6;25;372
        Rocchetta Palafea;11;110;95;94;4;14;328
        Rocchetta Tanaro;61;277;424;451;29;67;1308
        San Damiano d'Asti;335;1403;2638;2482;236;386;7479
        San Giorgio Scarampi;5;33;31;33;1;6;109
        San Martino Alfieri;20;118;186;224;17;54;619
        San Marzano Oliveto;34;202;302;350;36;38;962
        San Paolo Solbrito;47;203;360;396;55;69;1130
        Scurzolengo;12;116;174;174;11;20;507
        Serole;5;33;35;33;2;1;108
        Sessame;12;61;68;85;6;9;241
        Settime;27;113;125;188;15;38;506
        Soglio;2;20;52;50;5;13;142
        Tigliole;53;298;515;571;52;112;1601
        Tonco;17;154;244;273;20;52;759
        Tonengo;11;60;69;77;5;11;233
        Vaglio Serra;10;51;88;75;9;26;259
        Valfenera;93;410;742;805;63;127;2239
        Vesime;27;128;176;175;21;41;568
        Viale;5;36;94;70;2;17;224
        Viarigi;32;182;261;291;21;45;832
        Vigliano d'Asti;17;148;263;251;22;52;753
        Villa San Secondo;18;73;117;108;10;25;349
        Villafranca d'Asti;149;606;915;912;61;149;2792
        Villanova d'Asti;217;931;1715;1823;155;274;5114
        Vinchio;31;124;193;176;5;26;555
      Alessandria;15440;68878;119695;143727;12198;33951;393888
        Acqui Terme;710;3381;5367;6915;589;1713;18674
        Albera Ligure;10;64;79;111;9;12;285
        Alessandria;3654;13701;26085;31515;3001;8684;86639
        Alfiano Natta;37;122;231;265;25;58;738
        Alice Bel Colle;30;163;201;244;21;38;697
        Alluvioni Piovera;69;318;546;579;30;89;1631
        Altavilla Monferrato;15;75;122;166;8;27;413
        Alzano Scrivia;6;65;118;109;6;21;325
        Arquata Scrivia;201;972;1701;2260;200;534;5868
        Avolasca;9;51;73;93;5;25;256
        Balzola;55;270;411;443;27;45;1250
        Basaluzzo;69;351;605;717;46;146;1934
        Bassignana;57;316;547;551;44;88;1602
        Belforte Monferrato;15;73;159;164;17;34;461
        Bergamasco;19;159;199;241;24;43;685
        Berzano di Tortona;3;30;32;60;3;14;142
        Bistagno;66;332;525;628;46;106;1703
        Borghetto di Borbera;53;313;561;716;55;149;1847
        Borgo San Martino;46;244;438;470;26;57;1281
        Borgoratto Alessandrino;19;87;174;189;20;33;522
        Bosco Marengo;94;398;691;825;46;141;2195
        Bosio;45;227;367;370;28;78;1115
        Bozzole;15;64;110;97;14;22;322
        Brignano-Frascata;19;104;133;138;9;25;427
        Cabella Ligure;12;110;129;170;16;44;481
        Camagna Monferrato;14;98;130;179;14;36;471
        Camino;20;130;202;247;28;80;707
        Cantalupo Ligure;20;93;119;171;6;39;448
        Capriata d'Orba;64;291;494;682;64;131;1726
        Carbonara Scrivia;59;152;291;418;35;80;1033
        Carentino;11;53;98;104;11;20;297
        Carezzano;18;82;104;150;15;48;417
        Carpeneto;34;141;264;367;26;77;909
        Carrega Ligure;3;18;26;28;1;8;84
        Carrosio;19;74;152;170;19;24;458
        Cartosio;27;180;218;221;23;34;703
        Casal Cermelli;49;203;365;392;34;93;1135
        Casale Monferrato;1223;5312;9638;11620;1121;2986;31898
        Casaleggio Boiro;9;54;118;144;9;31;365
        Casalnoceto;27;148;282;332;33;87;909
        Casasco;..;26;38;48;4;11;127
        Cassano Spinola;72;344;528;642;39;116;1741
        Cassine;103;489;823;1070;78;169;2732
        Cassinelle;36;163;261;289;19;66;833
        Castellania Coppi;4;17;24;25;..;12;82
        Castellar Guidobono;13;68;105;166;10;18;380
        Castellazzo Bormida;195;739;1340;1434;130;283;4121
        Castelletto d'Erro;4;28;39;49;4;20;144
        Castelletto d'Orba;72;325;587;704;34;126;1848
        Castelletto Merli;8;100;171;119;4;32;434
        Castelletto Monferrato;35;206;392;555;56;155;1399
        Castelnuovo Bormida;19;118;217;229;13;29;625
        Castelnuovo Scrivia;224;946;1575;1630;130;280;4785
        Castelspina;21;80;133;121;15;18;388
        Cavatore;10;52;84;87;8;15;256
        Cella Monte;10;64;134;178;19;67;472
        Cereseto;22;87;104;136;10;26;385
        Cerreto Grue;7;44;80;114;12;31;288
        Cerrina Monferrato;61;247;424;432;25;84;1272
        Coniolo;19;80;106;170;19;29;423
        Conzano;33;153;257;352;35;87;916
        Costa Vescovato;11;64;75;132;5;21;308
        Cremolino;34;156;289;387;33;105;1003
        Cuccaro Monferrato;13;64;90;115;14;16;312
        Denice;9;38;44;60;4;13;168
        Dernice;5;47;43;58;9;17;179
        Fabbrica Curone;12;150;159;222;18;29;590
        Felizzano;103;428;698;679;65;135;2108
        Fraconalto;6;59;80;127;5;30;307
        Francavilla Bisio;20;74;134;186;19;38;471
        Frascaro;19;77;121;144;9;29;399
        Frassinello Monferrato;16;89;143;177;12;31;468
        Frassineto Po;60;249;410;477;22;77;1295
        Fresonara;20;118;197;240;13;43;631
        Frugarolo;78;300;605;630;40;127;1779
        Fubine Monferrato;47;260;453;540;36;138;1474
        Gabiano;38;230;338;372;24;53;1055
        Gamalero;15;139;253;288;22;56;773
        Garbagna;21;129;171;262;12;38;633
        Gavi;148;746;1219;1583;131;389;4215
        Giarole;24;144;226;208;20;31;653
        Gremiasco;8;61;85;111;6;35;306
        Grognardo;8;40;60;98;3;22;231
        Grondona;18;73;121;193;14;43;462
        Guazzora;10;64;99;86;2;12;273
        Isola Sant'Antonio;27;142;192;231;9;36;637
        Lerma;29;147;225;316;24;46;786
        Lu;32;201;285;395;35;76;1024
        Lu e Cuccaro Monferrato;..;..;..;..;..;..;..
        Malvicino;1;15;26;26;1;6;74
        Masio;49;276;381;444;37;82;1269
        Melazzo;42;208;392;458;32;87;1219
        Merana;6;40;52;60;5;8;171
        Mirabello Monferrato;42;273;395;408;31;67;1215
        Molare;81;285;603;724;62;198;1952
        Molino dei Torti;36;127;184;175;5;40;567
        Mombello Monferrato;35;193;311;320;27;54;939
        Momperone;4;42;50;81;8;18;203
        Moncestino;11;35;52;72;7;9;185
        Mongiardino Ligure;5;38;47;56;1;6;152
        Monleale;20;94;147;201;23;54;539
        Montacuto;11;54;90;79;1;14;248
        Montaldeo;9;57;65;87;10;14;242
        Montaldo Bormida;21;119;184;214;18;43;599
        Montecastello;8;54;100;112;5;18;297
        Montechiaro d'Acqui;20;120;163;168;9;31;511
        Montegioco;13;53;71;115;8;21;281
        Montemarzino;11;49;78;98;7;35;277
        Morano sul Po;52;317;449;421;25;47;1311
        Morbello;12;72;120;161;9;31;405
        Mornese;18;131;201;253;21;62;686
        Morsasco;21;103;172;231;16;51;594
        Murisengo;54;273;409;454;25;79;1294
        Novi Ligure;1056;4507;7592;9771;806;2693;26422
        Occimiano;54;247;353;433;41;71;1199
        Odalengo Grande;20;100;135;133;6;19;413
        Odalengo Piccolo;13;47;63;81;7;22;233
        Olivola;4;26;31;33;1;11;106
        Orsara Bormida;12;69;107;144;6;32;370
        Ottiglio;30;124;177;186;19;42;578
        Ovada;376;1854;3164;3839;343;957;10532
        Oviglio;46;253;327;403;34;88;1151
        Ozzano Monferrato;40;258;405;461;54;106;1324
        Paderna;5;39;38;75;5;23;185
        Pareto;14;153;165;145;11;23;511
        Parodi Ligure;19;146;178;223;17;45;628
        Pasturana;41;159;300;494;40;150;1184
        Pecetto di Valenza;38;227;363;373;43;80;1124
        Pietra Marazzi;24;112;235;337;37;114;859
        Pomaro Monferrato;6;73;127;111;6;13;336
        Pontecurone;141;630;1088;1148;83;188;3277
        Pontestura;52;227;449;481;41;73;1323
        Ponti;14;122;157;178;14;38;523
        Ponzano Monferrato;10;46;102;122;6;28;314
        Ponzone;35;199;297;336;20;79;966
        Pozzol Groppo;7;57;77;122;2;23;288
        Pozzolo Formigaro;164;715;1436;1557;124;277;4273
        Prasco;17;88;151;167;17;24;463
        Predosa;74;383;605;619;41;130;1852
        Quargnento;51;222;412;452;37;98;1271
        Quattordio;69;308;476;495;38;98;1484
        Ricaldone;25;118;191;200;13;52;598
        Rivalta Bormida;43;250;420;515;23;81;1332
        Rivarone;14;48;150;122;11;36;381
        Rocca Grimalda;56;214;430;532;38;124;1394
        Roccaforte Ligure;5;31;43;29;2;7;117
        Rocchetta Ligure;10;43;68;63;4;16;203
        Rosignano Monferrato;43;219;381;615;52;134;1444
        Sala Monferrato;9;81;101;97;13;25;326
        Sale;169;679;1262;1323;87;222;3742
        San Cristoforo;16;114;149;215;17;39;550
        San Giorgio Monferrato;31;182;307;464;42;121;1146
        San Salvatore Monferrato;159;796;1274;1337;119;279;3964
        San Sebastiano Curone;29;76;141;212;18;52;528
        Sant'Agata Fossili;12;60;118;146;8;40;383
        Sardigliano;7;86;104;135;11;32;375
        Sarezzano;49;155;314;434;35;94;1080
        Serralunga di Crea;15;97;138;195;17;35;497
        Serravalle Scrivia;254;1002;1787;1932;157;361;5493
        Sezzadio;55;235;353;431;22;73;1168
        Silvano d'Orba;65;281;565;701;48;132;1792
        Solero;55;277;504;553;55;108;1552
        Solonghello;11;38;55;69;9;13;195
        Spigno Monferrato;32;221;298;347;14;52;964
        Spineto Scrivia;14;42;100;145;16;24;341
        Stazzano;66;362;727;872;67;137;2230
        Strevi;102;323;573;623;47;124;1791
        Tagliolo Monferrato;45;253;432;545;47;137;1459
        Tassarolo;12;96;153;246;24;58;589
        Terruggia;29;124;212;323;41;120;849
        Terzo;21;143;253;303;26;61;807
        Ticineto;54;251;428;434;32;65;1263
        Tortona;1025;3974;7459;9501;867;2687;25511
        Treville;5;46;84;93;4;30;262
        Trisobbio;32;117;194;229;17;58;647
        Valenza;627;3265;5838;6140;471;1242;17583
        Valmacca;42;217;307;312;15;53;946
        Vignale Monferrato;26;166;268;333;35;104;932
        Vignole Borbera;61;339;549;788;60;167;1964
        Viguzzolo;115;460;842;1103;95;221;2835
        Villadeati;25;91;130;164;7;38;455
        Villalvernia;38;143;245;318;28;65;837
        Villamiroglio;11;61;100;90;10;18;290
        Villanova Monferrato;61;320;552;630;47;103;1713
        Villaromagnano;29;105;162;258;22;58;634
        Visone;37;199;346;437;41;90;1149
        Volpedo;45;215;297;423;29;114;1123
        Volpeglino;3;23;27;53;1;17;124
        Voltaggio;17;143;182;243;25;57;667
      Biella;5905;34569;54435;52197;5995;11939;165040
        Ailoche;13;81;110;75;7;11;296
        Andorno Micca;128;629;1032;893;102;189;2972
        Benna;52;243;405;319;31;48;1097
        Biella;1536;7317;12503;13973;1800;4515;41642
        Bioglio;30;210;269;260;27;49;845
        Borriana;22;178;304;235;24;45;808
        Brusnengo;76;437;631;604;64;86;1898
        Callabiana;5;21;42;43;3;9;123
        Camandona;6;63;119;108;9;14;318
        Camburzano;32;258;330;359;41;69;1089
        Campiglia Cervo;13;59;134;197;26;43;472
        Candelo;258;1564;2348;2161;236;404;6970
        Caprile;8;48;62;47;4;10;179
        Casapinta;13;87;141;129;13;14;397
        Castelletto Cervo;29;156;315;199;17;29;745
        Cavaglià;102;708;1124;1069;144;199;3345
        Cerreto Castello;21;123;220;164;23;19;569
        Cerrione;89;578;921;828;87;153;2656
        Coggiola;48;484;576;460;44;88;1700
        Cossato;542;3112;4559;4216;464;735;13627
        Crevacuore;52;362;478;430;31;66;1418
        Curino;16;126;154;124;8;20;448
        Donato;9;162;240;202;20;50;683
        Dorzano;19;94;181;165;11;23;493
        Gaglianico;110;744;1200;1094;111;234;3493
        Gifflenga;6;26;42;21;3;7;105
        Graglia;51;335;477;426;45;96;1430
        Lessona;91;543;829;859;103;133;2558
        Magnano;13;67;109;123;13;59;383
        Massazza;38;135;150;144;17;32;516
        Masserano;93;400;704;585;49;111;1942
        Mezzana Mortigliengo;17;129;172;124;13;24;479
        Miagliano;25;118;186;147;14;34;523
        Mongrando;122;803;1257;1050;113;177;3522
        Mosso;49;324;486;438;33;64;1393
        Mottalciata;55;276;440;382;41;56;1249
        Muzzano;19;110;171;174;34;68;575
        Netro;24;246;317;270;21;51;929
        Occhieppo Inferiore;117;783;1238;1140;144;236;3657
        Occhieppo Superiore;76;512;870;824;87;194;2563
        Pettinengo;48;324;520;402;61;88;1443
        Piatto;8;115;172;153;12;26;486
        Piedicavallo;7;22;53;65;4;20;171
        Pollone;56;356;544;679;98;255;1988
        Ponderano;118;765;1189;1102;137;253;3564
        Portula;33;313;413;292;41;51;1143
        Pralungo;72;486;777;700;79;140;2253
        Pray;78;493;700;549;40;95;1954
        Quaregna;52;260;468;407;44;78;1308
        Quaregna Cerreto;..;..;..;..;..;..;..
        Ronco Biellese;58;276;429;438;63;123;1387
        Roppolo;21;180;234;302;31;61;829
        Rosazza;3;9;29;38;1;8;88
        Sagliano Micca;51;264;505;516;65;102;1503
        Sala Biellese;20;116;206;143;25;30;540
        Salussola;66;426;626;536;56;86;1795
        Sandigliano;79;520;930;797;69;122;2517
        Soprana;34;162;207;195;14;27;639
        Sordevolo;46;239;398;408;58;99;1248
        Sostegno;22;121;217;261;32;73;726
        Strona;30;224;343;309;39;64;1008
        Tavigliano;28;169;266;311;30;67;871
        Ternengo;11;61;80;87;10;15;264
        Tollegno;79;476;829;717;80;120;2300
        Torrazzo;6;32;70;62;4;13;187
        Trivero;172;1294;1773;1537;154;260;5190
        Valdengo;84;465;737;732;95;181;2294
        Valdilana;..;..;..;..;..;..;..
        Vallanzengo;3;40;85;59;..;12;199
        Valle Mosso;142;725;1107;831;71;156;3031
        Valle San Nicolao;21;221;328;275;16;45;906
        Veglio;13;110;146;137;8;26;440
        Verrone;44;249;398;356;45;71;1163
        Vigliano Biellese;231;1541;2366;2382;291;444;7254
        Villa del Bosco;13;68;103;100;11;18;313
        Villanova Biellese;6;49;60;48;7;2;172
        Viverone;45;243;424;446;48;114;1320
        Zimone;12;79;116;138;9;23;377
        Zubiena;35;249;424;305;32;48;1092
        Zumaglia;34;180;322;328;42;64;970
      Verbano-Cusio-Ossola;4650;29166;47411;51359;4723;10261;147569
        Antrona Schieranco;16;120;98;144;10;12;400
        Anzola d'Ossola;6;97;128;130;10;12;383
        Arizzano;57;282;545;717;85;205;1890
        Arola;9;44;76;88;7;8;232
        Aurano;..;24;33;39;1;4;101
        Baceno;18;192;247;299;31;50;837
        Bannio Anzino;8;125;144;131;10;22;440
        Baveno;146;802;1374;1747;142;363;4574
        Bee;22;121;200;272;23;59;697
        Belgirate;9;67;136;185;19;66;481
        Beura-Cardezza;41;328;437;459;40;56;1361
        Bognanco;5;57;50;53;3;10;178
        Borgomezzavalle;15;73;88;98;10;10;294
        Brovello-Carpugnino;18;109;237;234;23;44;665
        Calasca-Castiglione;18;176;211;154;15;10;584
        Cambiasca;50;320;486;514;51;76;1497
        Cannero Riviera;25;188;236;312;33;71;865
        Cannobio;152;929;1666;1592;182;250;4770
        Caprezzo;5;32;56;59;5;6;163
        Casale Corte Cerro;94;610;1152;1125;105;152;3238
        Cavaglio-Spoccia;12;65;109;65;3;3;257
        Ceppo Morelli;7;82;120;67;5;10;291
        Cesara;18;138;179;188;13;28;564
        Cossogno;23;115;205;212;21;51;627
        Craveggia;30;140;252;224;26;46;718
        Crevoladossola;119;938;1381;1452;118;220;4228
        Crodo;29;301;413;466;33;58;1300
        Cursolo-Orasso;1;31;24;33;2;1;92
        Domodossola;542;3035;5123;6198;642;1520;17059
        Druogno;28;200;349;318;27;42;963
        Falmenta;..;52;42;21;1;4;120
        Formazza;10;82;98;183;25;20;418
        Germagno;4;36;62;61;1;13;176
        Ghiffa;50;396;607;837;107;210;2207
        Gignese;25;159;313;361;21;83;961
        Gravellona Toce;284;1569;2609;2193;179;334;7168
        Gurro;1;73;71;38;3;2;188
        Intragna;6;22;37;23;1;4;93
        Loreglia;7;79;64;57;4;9;219
        Macugnaga;12;107;165;186;11;35;516
        Madonna del Sasso;17;88;148;120;9;13;395
        Malesco;38;315;475;365;31;55;1279
        Masera;39;288;442;497;42;69;1377
        Massiola;2;39;47;26;1;4;119
        Mergozzo;78;397;613;702;75;162;2026
        Miazzina;9;70;125;128;10;25;367
        Montecrestese;42;316;359;357;33;61;1168
        Montescheno;15;109;91;123;13;15;366
        Nonio;21;146;267;281;29;52;796
        Oggebbio;21;135;265;314;17;58;809
        Omegna;499;2631;4741;4726;407;983;13986
        Ornavasso;98;613;1079;1081;75;189;3134
        Pallanzeno;23;252;335;395;31;38;1074
        Piedimulera;49;334;507;456;32;45;1422
        Pieve Vergonte;72;550;833;805;56;54;2370
        Premeno;15;131;205;277;21;62;711
        Premia;11;115;154;195;14;26;515
        Premosello-Chiovenda;49;437;628;611;52;82;1859
        Quarna Sopra;10;58;71;82;7;17;245
        Quarna Sotto;11;81;117;115;8;26;358
        Re;27;163;241;195;16;27;669
        San Bernardino Verbano;28;241;361;459;39;86;1213
        Santa Maria Maggiore;29;269;392;397;39;78;1204
        Stresa;141;703;1343;1689;126;426;4428
        Toceno;11;159;256;194;16;26;661
        Trarego Viggiona;12;81;134;133;10;13;382
        Trasquera;3;51;57;47;2;5;165
        Trontano;42;344;528;534;58;81;1587
        Valle Cannobina;..;..;..;..;..;..;..
        Valstrona;40;320;452;294;11;24;1141
        Vanzone con San Carlo;9;83;127;130;6;10;365
        Varzo;57;448;661;603;42;75;1885
        Verbania;926;4923;8651;10282;1087;2704;28573
        Vignone;34;149;311;457;44;106;1101
        Villadossola;194;1339;1956;2149;173;287;6098
        Villette;4;68;84;71;7;14;248
        Vogogna;53;408;535;539;39;84;1658
    Valle d'Aosta / Vallée d'Aoste;3943;19138;38645;39404;4553;10710;116392
      Valle d'Aosta / Vallée d'Aoste;3943;19138;38645;39404;4553;10710;116392
        Allein;9;54;71;55;5;9;203
        Antey-Saint-André;20;90;164;203;16;42;534
        Aosta;1223;4986;10022;10347;1375;3842;31794
        Arnad;40;225;434;373;28;69;1169
        Arvier;28;140;297;256;32;59;812
        Avise;14;51;101;95;8;18;287
        Ayas;35;203;370;469;61;108;1245
        Aymavilles;72;345;624;626;84;145;1896
        Bard;7;16;39;37;5;8;112
        Bionaz;10;44;83;61;6;11;215
        Brissogne;26;150;332;303;27;59;897
        Brusson;18;153;269;304;35;65;844
        Challand-Saint-Anselme;20;144;227;222;30;55;698
        Challand-Saint-Victor;12;108;172;188;10;36;526
        Chambave;25;159;281;300;31;69;865
        Chamois;3;17;35;33;3;5;96
        Champdepraz;16;151;259;211;13;30;680
        Champorcher;7;58;117;145;18;39;384
        Charvensod;83;341;799;714;100;146;2183
        Châtillon;143;720;1470;1491;158;321;4302
        Cogne;37;253;428;427;48;123;1316
        Courmayeur;76;426;727;949;118;304;2599
        Donnas;82;447;784;767;79;155;2314
        Doues;15;96;168;134;15;51;478
        Emarèse;6;45;61;68;8;12;200
        Etroubles;14;71;168;158;14;37;461
        Fénis;51;268;592;548;51;107;1617
        Fontainemore;10;93;142;128;14;22;409
        Gaby;7;79;137;150;16;58;446
        Gignod;47;212;533;524;85;150;1550
        Gressan;106;490;1052;1097;113;246;3103
        Gressoney-La-Trinité;9;38;75;110;14;32;278
        Gressoney-Saint-Jean;20;118;215;299;37;74;762
        Hône;32;212;363;381;42;72;1101
        Introd;27;112;185;205;34;42;604
        Issime;17;62;104;143;10;40;376
        Issogne;50;285;473;372;21;47;1247
        Jovençan;19;103;250;256;22;40;688
        La Magdeleine;4;11;41;38;5;7;106
        La Salle;66;293;623;647;57;130;1816
        La Thuile;17;118;231;296;34;67;762
        Lillianes;12;79;130;155;16;26;417
        Montjovet;49;310;599;571;47;106;1682
        Morgex;79;347;657;663;61;143;1950
        Nus;95;428;940;908;93;223;2685
        Ollomont;2;23;55;50;4;16;150
        Oyace;10;43;88;50;6;2;199
        Perloz;13;85;154;138;18;24;432
        Pollein;44;231;555;448;46;90;1414
        Pontboset;4;34;59;52;7;10;166
        Pontey;17;127;291;256;30;37;758
        Pont-Saint-Martin;109;566;1153;1164;107;263;3361
        Pré-Saint-Didier;26;158;294;348;30;85;941
        Quart;120;536;1228;1269;167;341;3660
        Rhêmes-Notre-Dame;2;18;36;23;..;2;81
        Rhêmes-Saint-Georges;3;35;51;69;1;6;165
        Roisan;31;142;311;334;27;99;943
        Saint-Christophe;97;462;1019;1094;130;353;3154
        Saint-Denis;12;54;119;134;7;22;348
        Saint-Marcel;43;202;435;417;49;106;1252
        Saint-Nicolas;12;49;92;89;14;36;291
        Saint-Oyen;3;28;65;48;12;18;174
        Saint-Pierre;98;441;909;1027;134;280;2888
        Saint-Rhémy-en-Bosses;12;48;104;126;13;19;322
        Saint-Vincent;123;646;1388;1444;152;408;4161
        Sarre;158;671;1444;1563;179;459;4473
        Torgnon;14;86;168;170;29;55;520
        Valgrisenche;5;28;66;64;6;13;182
        Valpelline;21;93;205;189;23;40;570
        Valsavarenche;2;28;57;62;5;15;169
        Valtournenche;46;271;689;839;91;174;2109
        Verrayes;33;268;420;347;41;71;1179
        Verrès;94;434;939;730;78;133;2408
        Villeneuve;32;187;413;440;52;89;1213
    Liguria;47465;227083;413353;537336;48371;164402;1438010
      Imperia;8546;32561;65166;68667;5933;16164;197036
        Airole;20;61;114;109;13;28;343
        Apricale;24;89;202;187;11;39;552
        Aquila d'Arroscia;5;27;51;56;4;7;150
        Armo;2;28;31;31;2;8;102
        Aurigo;12;66;110;110;..;11;309
        Badalucco;32;216;353;336;37;67;1040
        Bajardo;14;72;105;111;4;20;325
        Bordighera;400;1485;3120;3411;300;882;9597
        Borghetto d'Arroscia;20;111;125;131;6;14;407
        Borgomaro;29;180;257;271;16;35;788
        Camporosso;246;865;1922;1637;125;216;5010
        Caravonica;11;46;80;102;9;13;261
        Castel Vittorio;21;72;85;72;3;16;269
        Castellaro;46;212;398;406;29;65;1156
        Ceriana;52;237;389;315;21;62;1076
        Cervo;50;161;332;379;39;94;1055
        Cesio;11;59;98;79;7;6;260
        Chiusanico;27;88;165;204;14;43;540
        Chiusavecchia;20;64;163;186;10;27;470
        Cipressa;60;190;365;399;44;77;1135
        Civezza;23;84;185;187;16;50;545
        Cosio d'Arroscia;8;59;59;54;3;6;189
        Costarainera;36;122;253;249;23;55;736
        Diano Arentino;29;109;213;222;18;50;639
        Diano Castello;81;271;714;780;64;166;2075
        Diano Marina;210;903;1824;1891;154;478;5460
        Diano San Pietro;35;179;349;352;33;81;1029
        Dolceacqua;96;314;672;670;39;108;1899
        Dolcedo;71;189;365;460;45;121;1250
        Imperia;1455;5555;11922;14751;1421;4248;39351
        Isolabona;32;115;218;200;15;30;609
        Lucinasco;15;28;92;97;9;20;261
        Mendatica;3;33;43;70;8;12;168
        Molini di Triora;24;115;183;182;20;37;561
        Montalto Carpasio;14;110;163;164;12;32;494
        Montegrosso Pian Latte;5;25;37;43;4;4;118
        Olivetta San Michele;8;31;83;56;4;10;191
        Ospedaletti;117;463;931;1147;94;282;3033
        Perinaldo;27;151;278;247;18;51;771
        Pietrabruna;20;97;158;125;8;20;428
        Pieve di Teco;67;235;372;453;37;87;1251
        Pigna;24;141;318;202;13;39;736
        Pompeiana;45;117;260;274;27;61;783
        Pontedassio;64;376;750;771;61;134;2156
        Pornassio;26;126;193;242;17;37;639
        Prelà;15;87;149;147;14;31;442
        Ranzo;10;109;174;177;12;24;506
        Rezzo;6;72;108;88;4;22;300
        Riva Ligure;156;535;900;859;64;145;2658
        Rocchetta Nervina;13;41;90;80;8;24;255
        San Bartolomeo al Mare;100;528;1005;1024;73;172;2901
        San Biagio della Cima;51;206;461;391;31;50;1190
        San Lorenzo al Mare;50;205;364;426;34;106;1184
        Sanremo;2137;8007;15961;17371;1559;4546;49579
        Santo Stefano al Mare;96;348;643;681;56;151;1974
        Seborga;10;48;89;99;6;24;275
        Soldano;57;167;362;274;21;34;915
        Taggia;645;2231;4551;4381;356;828;12991
        Terzorio;8;43;69;88;5;7;220
        Triora;10;75;123;105;9;21;343
        Vallebona;57;182;418;436;33;79;1205
        Vallecrosia;305;1208;2265;2161;162;389;6490
        Vasia;18;75;95;125;12;52;375
        Ventimiglia;1138;4000;8005;7119;605;1473;22339
        Vessalico;13;55;94;77;4;14;257
        Villa Faraldi;17;69;150;144;11;29;420
      Savona;7951;43939;79888;92479;8274;24689;257219
        Alassio;273;1479;2946;3912;348;1130;10088
        Albenga;841;3823;7096;7636;590;1916;21901
        Albisola Superiore;237;1771;2839;3224;316;1029;9415
        Albissola Marina;111;725;1289;1933;207;771;5036
        Altare;46;400;604;667;45;128;1890
        Andora;227;1211;2249;2504;206;518;6915
        Arnasco;19;121;216;173;12;25;566
        Balestrino;13;96;184;173;13;37;516
        Bardineto;24;147;253;221;18;39;702
        Bergeggi;24;137;262;402;39;181;1044
        Boissano;65;320;768;918;84;179;2333
        Borghetto Santo Spirito;150;1023;1603;1335;90;218;4418
        Borgio Verezzi;61;337;599;718;66;248;2029
        Bormida;7;100;94;119;5;23;348
        Cairo Montenotte;402;2287;3966;4247;312;851;12065
        Calice Ligure;44;276;502;608;47;125;1602
        Calizzano;42;288;456;489;27;80;1382
        Carcare;146;966;1648;1785;164;474;5182
        Casanova Lerrone;24;154;205;237;14;41;674
        Castelbianco;14;55;93;96;9;24;291
        Castelvecchio di Rocca Barbena;3;33;44;48;4;6;138
        Celle Ligure;115;711;1394;1862;190;597;4869
        Cengio;126;682;1073;1030;76;189;3175
        Ceriale;211;970;1705;1777;146;317;5125
        Cisano sul Neva;90;290;596;752;58;141;1926
        Cosseria;23;195;330;364;34;62;1008
        Dego;49;367;667;634;40;87;1844
        Erli;4;48;82;65;6;6;211
        Finale Ligure;280;1677;3310;3959;364;1186;10775
        Garlenda;34;132;354;454;39;121;1133
        Giustenice;36;149;323;328;28;67;931
        Giusvalla;9;105;135;138;5;24;416
        Laigueglia;42;264;479;676;43;158;1662
        Loano;319;1739;3314;3723;301;866;10261
        Magliolo;27;147;287;348;32;78;919
        Mallare;32;262;348;332;20;37;1031
        Massimino;2;20;28;43;4;5;101
        Millesimo;110;605;995;1023;102;244;3079
        Mioglia;12;109;148;170;12;27;477
        Murialdo;20;188;240;275;14;32;769
        Nasino;5;54;44;54;11;11;179
        Noli;70;434;767;905;74;234;2484
        Onzo;4;53;64;63;4;16;204
        Orco Feglino;27;156;270;310;24;63;850
        Ortovero;62;240;483;533;36;87;1440
        Osiglia;19;110;130;143;13;27;441
        Pallare;27;191;277;298;29;44;866
        Piana Crixia;18;143;260;265;16;69;771
        Pietra Ligure;238;1419;2532;2872;275;768;8103
        Plodio;20;106;191;216;18;35;586
        Pontinvrea;25;147;244;280;27;55;777
        Quiliano;213;1233;2138;2332;241;496;6652
        Rialto;17;119;176;174;14;32;532
        Roccavignale;22;150;235;255;18;42;721
        Sassello;45;356;522;577;42;120;1661
        Savona;1719;8473;16226;20438;2130;7201;56187
        Spotorno;97;570;1024;1311;104;328;3434
        Stella;89;493;907;1016;96;199;2800
        Stellanello;21;145;286;241;20;42;755
        Testico;3;44;64;52;3;10;176
        Toirano;95;377;805;911;70;171;2429
        Tovo San Giacomo;64;421;740;895;89;165;2373
        Urbe;22;163;229;225;11;38;688
        Vado Ligure;258;1397;2665;2728;229;483;7760
        Varazze;347;1905;3583;4555;421;1395;12206
        Vendone;3;78;123;118;7;21;350
        Vezzi Portio;12;116;256;299;23;66;772
        Villanova d'Albenga;90;378;846;906;93;173;2486
        Zuccarello;6;63;83;116;8;14;289
      Genova;24031;118512;211404;295848;27110;102726;779631
        Arenzano;274;1383;2594;4278;449;1657;10635
        Avegno;70;372;717;941;75;186;2361
        Bargagli;65;442;849;939;68;124;2487
        Bogliasco;102;485;913;1683;168;751;4101
        Borzonasca;57;449;592;645;37;105;1885
        Busalla;158;864;1575;1946;155;422;5119
        Camogli;122;580;1011;2119;191;906;4928
        Campo Ligure;77;488;770;1032;83;219;2668
        Campomorone;198;1276;1993;2332;169;441;6408
        Carasco;135;604;1087;1294;91;232;3442
        Casarza Ligure;198;1065;1916;2347;201;533;6259
        Casella;94;480;928;1111;82;246;2940
        Castiglione Chiavarese;52;295;444;555;44;107;1497
        Ceranesi;107;654;1127;1321;97;242;3546
        Chiavari;739;3581;6285;10139;981;3944;25669
        Cicagna;116;437;736;772;44;121;2225
        Cogoleto;243;1324;2489;3294;253;858;8460
        Cogorno;164;898;1544;2016;180;459;5261
        Coreglia Ligure;12;45;76;97;8;11;249
        Crocefieschi;13;81;155;192;23;50;513
        Davagna;53;317;609;652;37;105;1773
        Fascia;1;30;13;17;2;2;65
        Favale di Malvaro;6;93;134;152;7;23;415
        Fontanigorda;4;64;81;83;8;10;250
        Genova;16704;78103;141787;201302;19125;76822;533842
        Gorreto;3;30;19;28;1;5;86
        Isola del Cantone;38;281;412;501;43;90;1364
        Lavagna;335;1932;3194;4486;395;1372;11713
        Leivi;60;313;619;941;96;259;2288
        Lorsica;11;108;142;138;8;18;425
        Lumarzo;38;283;509;517;47;62;1456
        Masone;111;630;1107;1255;121;205;3429
        Mele;83;404;709;1036;66;180;2478
        Mezzanego;57;269;479;457;28;81;1371
        Mignanego;101;544;1124;1302;92;221;3384
        Moconesi;71;478;798;765;55;150;2316
        Moneglia;64;469;701;986;79;257;2556
        Montebruno;7;50;70;76;2;5;210
        Montoggio;45;340;657;719;46;109;1916
        Ne;85;430;696;733;31;120;2094
        Neirone;17;171;272;290;26;41;817
        Orero;13;113;163;178;6;31;504
        Pieve Ligure;68;262;510;896;103;481;2320
        Portofino;11;54;114;138;10;40;366
        Propata;2;27;46;49;3;5;131
        Rapallo;826;4140;7555;10735;951;3163;27370
        Recco;236;1297;2346;3631;337;1231;9077
        Rezzoaglio;21;299;264;279;15;38;916
        Ronco Scrivia;142;686;1257;1457;103;332;3976
        Rondanina;..;24;15;24;..;..;63
        Rossiglione;88;554;692;898;75;194;2501
        Rovegno;9;96;146;191;11;30;483
        San Colombano Certenoli;77;428;761;932;66;147;2410
        Santa Margherita Ligure;221;1382;2281;3344;244;1030;8502
        Santo Stefano d'Aveto;25;257;342;361;19;48;1052
        Sant'Olcese;187;963;1674;2000;188;422;5434
        Savignone;94;473;886;1150;93;199;2895
        Serra Riccò;241;1329;2228;2791;183;469;7241
        Sestri Levante;536;2910;4605;6578;595;1880;17103
        Sori;128;618;1014;1431;128;487;3805
        Tiglieto;9;107;152;192;10;45;515
        Torriglia;61;382;683;800;50;139;2115
        Tribogna;16;98;193;214;10;25;555
        Uscio;59;353;644;762;72;130;2019
        Valbrevenna;14;141;229;290;25;47;746
        Vobbia;8;83;140;118;6;19;374
        Zoagli;52;300;536;925;95;349;2257
      La Spezia;6938;32072;56895;80342;7054;20824;204124
        Ameglia;124;693;1089;1625;145;413;4089
        Arcola;337;1489;3023;3847;281;686;9661
        Beverino;92;383;679;847;68;113;2182
        Bolano;259;1181;2068;2755;243;520;7025
        Bonassola;20;148;242;274;26;87;797
        Borghetto di Vara;28;191;267;319;18;51;874
        Brugnato;51;232;376;442;38;69;1208
        Calice al Cornoviglio;28;204;355;368;27;52;1034
        Carro;15;117;148;187;10;30;507
        Carrodano;14;120;136;157;13;24;464
        Castelnuovo Magra;296;1466;2283;2951;240;594;7830
        Deiva Marina;46;233;391;482;45;86;1283
        Follo;192;932;1813;2336;195;388;5855
        Framura;16;120;166;231;16;57;605
        La Spezia;2921;12619;23337;34596;3070;9942;86484
        Lerici;267;1222;2160;3806;388;1545;9388
        Levanto;167;844;1436;1990;163;448;5048
        Maissana;9;136;179;208;11;37;580
        Monterosso al Mare;45;234;347;537;35;130;1326
        Luni;311;1314;2274;3004;263;695;7860
        Pignone;20;106;176;186;12;29;529
        Portovenere;74;509;912;1292;121;417;3325
        Riccò del Golfo di Spezia;117;571;1026;1258;114;243;3329
        Riomaggiore;46;261;313;579;59;145;1402
        Rocchetta di Vara;21;169;199;226;8;28;651
        Santo Stefano di Magra;336;1386;2567;3627;345;799;9060
        Sarzana;694;3014;5593;8012;799;2446;20557
        Sesta Godano;59;278;431;426;26;70;1289
        Varese Ligure;53;448;541;656;36;79;1813
        Vernazza;32;147;244;274;21;51;769
        Vezzano Ligure;233;1189;1969;2693;213;533;6829
        Zignago;16;119;156;153;8;19;471
    Lombardia;348277;1506735;2675789;3336537;351024;1014121;9232483
      Varese;30802;141628;241737;294549;30400;78037;817152
        Agra;11;53;96;131;15;42;347
        Albizzate;173;847;1495;1733;180;391;4818
        Angera;175;843;1455;1890;190;558;5110
        Arcisate;355;1761;2988;3214;302;495;9114
        Arsago Seprio;199;871;1486;1546;117;281;4499
        Azzate;175;658;1132;1629;201;483;4278
        Azzio;28;117;243;255;18;56;717
        Barasso;59;247;410;579;73;218;1585
        Bardello;62;303;476;519;49;90;1499
        Bardello con Malgesso e Bregano;..;..;..;..;..;..;..
        Bedero Valcuvia;19;88;175;254;25;41;601
        Besano;91;459;802;809;72;112;2344
        Besnate;179;966;1510;1844;149;404;5051
        Besozzo;342;1461;2556;2905;314;719;8296
        Biandronno;102;608;995;1016;110;221;3052
        Bisuschio;147;804;1323;1361;125;214;3974
        Bodio Lomnago;61;351;500;755;89;265;2021
        Brebbia;107;618;917;1028;91;205;2965
        Bregano;34;131;245;290;31;57;788
        Brenta;60;299;552;529;65;71;1576
        Brezzo di Bedero;41;143;342;394;50;106;1075
        Brinzio;23;146;220;270;32;72;763
        Brissago-Valtravaglia;40;176;386;412;46;48;1107
        Brunello;21;150;254;347;29;88;889
        Brusimpiano;46;178;348;411;37;64;1084
        Buguggiate;104;524;769;1059;111;322;2889
        Busto Arsizio;2879;13185;21615;27938;2897;8621;77134
        Cadegliano-Viconago;68;388;656;645;47;105;1908
        Cadrezzate;62;301;492;574;78;149;1655
        Cadrezzate con Osmate;..;..;..;..;..;..;..
        Cairate;290;1421;2384;2428;179;403;7104
        Cantello;150;769;1293;1569;172;347;4299
        Caravate;87;450;824;794;66;128;2349
        Cardano al Campo;543;2316;3950;4921;451;1080;13260
        Carnago;220;1165;1914;2145;209;406;6058
        Caronno Pertusella;604;2519;4782;6234;631;1271;16040
        Caronno Varesino;158;935;1445;1578;135;252;4502
        Casale Litta;98;518;746;878;78;170;2487
        Casalzuigno;48;214;417;443;38;81;1240
        Casciago;110;584;801;1240;183;563;3480
        Casorate Sempione;212;921;1576;1982;180;389;5260
        Cassano Magnago;794;3691;6283;6946;689;1310;19712
        Cassano Valcuvia;25;102;204;212;15;34;592
        Castellanza;428;2391;3864;4786;553;1422;13443
        Castello Cabiaglio;18;76;133;190;25;60;502
        Castelseprio;41;222;359;478;48;76;1224
        Castelveccana;54;307;564;681;54;176;1835
        Castiglione Olona;249;1387;2255;2515;228;449;7082
        Castronno;177;905;1433;1740;170;365;4789
        Cavaria con Premezzo;231;984;1670;1853;164;382;5284
        Cazzago Brabbia;25;139;223;269;31;73;759
        Cislago;365;1654;2889;3361;332;745;9344
        Cittiglio;140;675;1162;1220;125;238;3559
        Clivio;64;369;574;632;42;87;1768
        Cocquio-Trevisago;180;899;1407;1448;124;327;4385
        Comabbio;41;180;311;406;43;135;1115
        Comerio;88;355;619;988;124;433;2605
        Cremenaga;36;139;232;259;21;32;719
        Crosio della Valle;13;125;160;187;19;43;547
        Cuasso al Monte;147;494;1094;1214;97;177;3223
        Cugliate-Fabiasco;123;546;980;900;86;117;2752
        Cunardo;96;432;970;949;84;148;2679
        Curiglia con Monteviasco;3;36;52;48;8;7;154
        Cuveglio;125;551;1081;1074;94;161;3086
        Cuvio;67;323;560;496;35;86;1567
        Daverio;101;495;812;1067;116;246;2836
        Dumenza;38;235;475;470;38;89;1344
        Duno;2;9;46;48;6;12;122
        Fagnano Olona;448;2227;3481;3976;378;774;11284
        Ferno;278;1242;2065;2119;184;343;6230
        Ferrera di Varese;18;101;236;224;20;23;622
        Gallarate;2055;7658;13672;17848;1964;6320;49516
        Galliate Lombardo;41;137;209;338;54;132;911
        Gavirate;322;1525;2360;3057;385;965;8613
        Gazzada Schianno;128;775;1209;1564;174;391;4240
        Gemonio;128;443;856;936;111;202;2675
        Gerenzano;380;1578;2839;3781;409;832;9818
        Germignaga;145;600;1186;1281;136;260;3607
        Golasecca;74;519;810;864;73;154;2493
        Gorla Maggiore;168;975;1484;1587;155;285;4654
        Gorla Minore;286;1430;2440;2797;234;495;7681
        Gornate Olona;85;321;663;783;61;123;2035
        Grantola;37;197;433;400;29;43;1137
        Inarzo;32;179;271;364;46;88;980
        Induno Olona;328;1616;2787;3445;383;884;9442
        Ispra;194;828;1351;1744;196;537;4849
        Jerago con Orago;163;866;1463;1742;186;355;4774
        Lavena Ponte Tresa;214;968;1817;1802;161;306;5268
        Laveno-Mombello;288;1520;2490;2778;283;782;8140
        Leggiuno;122;553;1049;1319;135;299;3476
        Lonate Ceppino;187;853;1490;1609;135;284;4557
        Lonate Pozzolo;459;2220;3590;3600;291;564;10723
        Lozza;35;172;329;417;59;140;1151
        Luino;500;2353;4239;4740;491;1054;13376
        Luvinate;27;179;282;468;49;234;1238
        Maccagno con Pino e Veddasca;85;423;707;864;91;213;2382
        Malgesso;45;238;388;364;37;84;1155
        Malnate;591;2655;4721;5416;599;1223;15204
        Marchirolo;140;534;1166;1030;86;138;3093
        Marnate;255;1203;2207;2709;233;598;7204
        Marzio;11;45;93;125;19;23;316
        Masciago Primo;7;41;86;104;14;26;277
        Mercallo;62;313;532;598;58;108;1671
        Mesenzana;55;245;478;501;42;76;1396
        Montegrino Valtravaglia;45;222;426;525;50;77;1344
        Monvalle;58;305;541;663;67;141;1775
        Morazzone;136;777;1162;1403;139;327;3944
        Mornago;195;895;1452;1625;175;273;4615
        Oggiona con Santo Stefano;149;748;1330;1396;135;212;3970
        Olgiate Olona;386;2005;3307;4219;435;1151;11501
        Origgio;246;1276;2061;2789;256;531;7158
        Orino;27;101;228;288;28;70;742
        Osmate;22;74;200;279;41;95;710
        Porto Ceresio;125;517;834;961;88;166;2691
        Porto Valtravaglia;71;363;728;771;71;180;2184
        Rancio Valcuvia;27;167;290;305;23;36;847
        Ranco;44;175;300;440;43;200;1202
        Saltrio;112;575;983;926;87;152;2833
        Samarate;618;3040;4485;5245;490;967;14844
        Sangiano;59;239;463;485;34;89;1369
        Saronno;1319;5174;9044;13219;1610;5609;35974
        Sesto Calende;394;1580;2874;3824;411;1133;10215
        Solbiate Arno;136;673;1072;1484;124;279;3767
        Solbiate Olona;165;970;1619;1783;152;319;5008
        Somma Lombardo;635;2871;5125;5758;557;1144;16089
        Sumirago;225;1121;1753;1982;212;397;5690
        Taino;143;514;944;1269;128;362;3359
        Ternate;102;441;718;827;97;171;2354
        Tradate;621;2757;4935;6269;717;1877;17176
        Travedona-Monate;135;651;1045;1335;143;380;3687
        Tronzano Lago Maggiore;4;28;71;80;8;14;204
        Uboldo;363;1689;3034;3621;312;724;9742
        Valganna;45;227;460;563;51;109;1455
        Varano Borghi;71;394;698;875;79;166;2283
        Varese;2616;11060;19297;27379;3372;11750;75473
        Vedano Olona;255;1302;1964;2483;232;568;6804
        Venegono Inferiore;225;1012;1673;2033;199;499;5641
        Venegono Superiore;249;1126;2020;2485;248;562;6690
        Vergiate;328;1566;2466;2842;231;604;8037
        Viggiù;196;990;1525;1648;159;300;4818
        Vizzola Ticino;15;80;162;210;21;37;524
      Como;19070;97172;161055;202513;21776;50463;552049
        Albavilla;185;1034;1777;2158;236;484;5874
        Albese con Cassano;130;768;1090;1353;186;309;3836
        Albiolo;87;451;784;899;101;168;2489
        Alserio;33;213;344;430;43;100;1163
        Alta Valle Intelvi;78;475;827;1071;85;187;2723
        Alzate Brianza;143;880;1426;1634;159;290;4532
        Anzano del Parco;52;300;500;598;75;142;1667
        Appiano Gentile;229;1291;2059;2621;295;668;7162
        Argegno;18;91;173;239;19;61;600
        Arosio;208;918;1390;1612;154;374;4656
        Asso;129;601;1105;1136;109;199;3279
        Barni;17;106;182;181;12;20;517
        Bellagio;107;638;975;1346;100;265;3429
        Bene Lario;8;78;104;102;7;8;306
        Beregazzo con Figliaro;91;497;727;938;85;131;2469
        Binago;151;798;1473;1582;145;254;4403
        Bizzarone;44;267;478;538;63;95;1483
        Blessagno;11;48;95;88;5;15;262
        Blevio;28;177;273;405;46;158;1087
        Bregnano;235;1033;1871;2196;205;370;5909
        Brenna;66;398;566;741;65;135;1971
        Brienno;4;59;75;122;16;39;314
        Brunate;53;203;400;624;65;235;1579
        Bulgarograsso;128;676;1169;1363;135;218;3688
        Cabiate;229;1210;2149;2467;294;526;6873
        Cadorago;286;1223;2179;2666;275;638;7266
        Caglio;11;86;126;157;14;50;444
        Cagno;73;350;683;643;60;114;1923
        Campione d'Italia;68;245;511;649;70;267;1809
        Cantù;1332;6701;10358;13445;1436;3378;36649
        Canzo;146;910;1445;1673;186;401;4760
        Capiago Intimiano;176;856;1364;1972;225;529;5121
        Carate Urio;20;188;289;414;52;135;1097
        Carbonate;82;488;843;1017;88;226;2744
        Carimate;118;644;1136;1576;181;481;4135
        Carlazzo;103;524;1006;1015;66;112;2825
        Carugo;241;1047;1948;2192;218;449;6094
        Caslino d'Erba;56;316;470;536;59;93;1530
        Casnate con Bernate;143;769;1204;1814;175;495;4599
        Cassina Rizzardi;138;478;871;1128;136;278;3028
        Castelmarte;25;191;398;445;42;82;1183
        Castelnuovo Bozzente;24;141;274;303;26;46;814
        Cavargna;1;73;94;13;1;3;185
        Centro Valle Intelvi;124;566;971;1207;116;213;3197
        Cerano d'Intelvi;18;96;157;193;22;19;505
        Cermenate;283;1639;2606;3093;275;575;8471
        Cernobbio;171;1081;1613;2332;244;808;6249
        Cirimido;76;410;604;676;65;152;1982
        Claino con Osteno;12;119;169;164;13;28;503
        Colonno;16;120;140;162;8;27;472
        Colverde;155;903;1434;1879;200;394;4965
        Como;2671;11606;20214;29408;3828;12346;80072
        Corrido;27;145;268;249;24;28;741
        Cremia;21;168;197;204;15;26;631
        Cucciago;112;624;954;1139;141;239;3208
        Cusino;6;59;68;64;3;5;204
        Dizzasco;16;94;158;252;12;41;573
        Domaso;38;243;415;517;51;114;1377
        Dongo;106;608;903;1218;88;175;3098
        Dosso del Liro;6;80;80;53;..;6;225
        Erba;520;2578;4340;5475;632;1495;15040
        Eupilio;85;430;713;860;101;231;2420
        Faggeto Lario;38;220;307;437;31;93;1126
        Faloppio;154;753;1241;1659;162;266;4235
        Fenegrò;121;526;905;1096;101;218;2967
        Figino Serenza;202;982;1458;1609;213;282;4744
        Fino Mornasco;348;1528;2774;3194;352;728;8922
        Garzeno;23;243;250;169;12;9;706
        Gera Lario;23;148;303;378;29;65;946
        Grandate;84;499;722;984;105;223;2616
        Grandola ed Uniti;45;223;381;476;35;50;1209
        Gravedona ed Uniti;116;778;1156;1443;121;285;3899
        Griante;21;112;172;225;19;51;600
        Guanzate;181;843;1614;1972;236;404;5249
        Inverigo;276;1452;2394;3105;362;774;8362
        Laglio;23;127;210;323;39;129;851
        Laino;10;101;141;185;14;26;477
        Lambrugo;58;386;676;873;87;203;2283
        Lasnigo;13;101;144;136;11;18;423
        Lezzeno;71;450;575;626;58;114;1894
        Limido Comasco;156;578;1043;1307;108;236;3428
        Lipomo;197;972;1509;2090;239;495;5501
        Livo;2;44;53;55;5;3;162
        Locate Varesino;136;667;1191;1453;146;308;3901
        Lomazzo;321;1537;2497;3329;404;831;8918
        Longone al Segrino;46;272;501;668;68;180;1735
        Luisago;74;484;768;910;85;173;2493
        Lurago d'Erba;195;864;1418;1739;206;438;4858
        Lurago Marinone;82;401;745;882;79;175;2363
        Lurate Caccivio;336;1794;2826;3194;302;575;9027
        Magreglio;16;96;165;269;25;53;623
        Mariano Comense;854;4069;6530;8360;860;2014;22686
        Maslianico;92;572;899;1129;119;235;3046
        Menaggio;81;453;849;1112;122;269;2886
        Merone;151;721;1202;1282;125;238;3719
        Moltrasio;37;275;370;562;72;197;1513
        Monguzzo;72;348;665;787;86;184;2142
        Montano Lucino;151;743;1333;1869;204;459;4759
        Montemezzo;4;42;90;69;6;6;217
        Montorfano;79;400;637;899;98;248;2361
        Mozzate;332;1330;2311;2951;318;606;7846
        Musso;21;201;291;325;19;46;903
        Nesso;42;236;325;416;43;61;1123
        Novedrate;71;558;913;873;81;126;2622
        Olgiate Comasco;371;1930;3339;3882;422;792;10736
        Oltrona di San Mamette;80;363;677;858;73;126;2175
        Orsenigo;84;470;752;880;116;217;2518
        Peglio;3;41;57;56;2;6;165
        Pianello del Lario;32;237;278;355;26;60;987
        Pigra;3;52;63;90;9;11;228
        Plesio;16;171;265;262;16;48;778
        Pognana Lario;19;149;205;212;17;41;643
        Ponna;10;66;71;67;2;12;228
        Ponte Lambro;168;760;1246;1377;135;273;3959
        Porlezza;147;795;1429;1630;138;249;4387
        Proserpio;15;137;240;338;40;89;859
        Pusiano;46;207;375;455;55;118;1255
        Rezzago;6;58;80;101;9;13;267
        Rodero;35;175;402;433;53;72;1170
        Ronago;50;279;519;553;56;85;1541
        Rovellasca;255;1263;2088;2635;296;625;7161
        Rovello Porro;212;948;1681;2018;250;444;5552
        Sala Comacina;14;134;127;161;9;36;481
        San Bartolomeo Val Cavargna;19;199;381;262;23;20;904
        San Fermo della Battaglia;243;1150;1960;2723;340;793;7208
        San Nazzaro Val Cavargna;10;91;94;71;7;2;275
        San Siro;49;358;488;626;36;76;1633
        Schignano;23;195;273;295;7;28;821
        Senna Comasco;130;466;904;1113;125;174;2911
        Solbiate;56;475;714;874;87;146;2351
        Solbiate con Cagno;..;..;..;..;..;..;..
        Sorico;30;216;431;399;23;50;1149
        Sormano;14;112;186;232;24;33;601
        Stazzona;12;137;216;169;15;13;562
        Tavernerio;184;918;1541;1992;224;459;5316
        Torno;28;166;286;418;66;108;1072
        Tremezzina;148;909;1364;1837;156;353;4766
        Trezzone;6;57;66;65;5;11;210
        Turate;311;1547;2500;3140;336;737;8570
        Uggiate-Trevano;165;818;1331;1657;180;324;4474
        Uggiate con Ronago;..;..;..;..;..;..;..
        Val Rezzo;7;40;61;32;..;1;141
        Valbrona;85;462;828;849;69;134;2426
        Valmorea;79;466;754;896;86;176;2457
        Valsolda;50;288;407;524;41;100;1409
        Veleso;8;46;75;66;4;10;209
        Veniano;111;503;918;941;117;165;2755
        Vercana;24;180;201;246;14;36;701
        Vertemate con Minoprio;130;745;1249;1299;124;255;3802
        Villa Guardia;262;1237;2123;2700;285;696;7303
        Zelbio;6;29;58;71;6;12;182
      Sondrio;4466;31003;49133;65636;5508;11449;167194
        Albaredo per San Marco;2;102;99;79;..;1;283
        Albosaggia;71;607;804;1143;73;143;2840
        Andalo Valtellino;12;114;140;202;17;25;510
        Aprica;34;258;389;615;48;101;1444
        Ardenno;104;554;892;1193;97;186;3026
        Bema;1;35;45;31;1;5;118
        Berbenno di Valtellina;79;806;1075;1488;152;219;3818
        Bianzone;29;232;347;495;26;62;1191
        Bormio;94;553;1106;1613;135;388;3889
        Buglio in Monte;48;401;632;654;48;61;1843
        Caiolo;38;200;261;419;33;53;1003
        Campodolcino;19;136;270;361;29;51;866
        Caspoggio;21;361;427;420;35;40;1304
        Castello dell'Acqua;19;132;196;205;11;15;578
        Castione Andevenno;47;311;443;531;63;81;1475
        Cedrasco;13;90;111;168;16;15;413
        Cercino;23;135;249;256;20;29;712
        Chiavenna;142;1144;1957;2644;248;620;6755
        Chiesa in Valmalenco;58;567;706;801;56;102;2290
        Chiuro;73;470;630;960;66;145;2344
        Cino;8;76;109;112;4;7;316
        Civo;21;277;325;346;23;40;1032
        Colorina;30;269;401;512;36;45;1293
        Cosio Valtellino;145;993;1573;1923;164;315;5112
        Dazio;12;75;138;154;7;26;412
        Delebio;96;598;851;1113;115;214;2986
        Dubino;129;686;1089;1186;87;153;3330
        Faedo Valtellino;14;125;163;179;12;23;516
        Forcola;23;153;221;290;27;38;752
        Fusine;18;87;171;230;11;28;545
        Gerola Alta;6;41;36;77;1;7;168
        Gordona;49;291;548;744;51;78;1761
        Grosio;82;806;1199;1740;99;171;4095
        Grosotto;43;281;392;635;64;113;1527
        Lanzada;33;313;375;468;14;33;1236
        Livigno;230;741;2158;2333;168;243;5871
        Lovero;16;110;171;246;15;36;594
        Madesimo;11;80;142;189;19;46;487
        Mantello;23;143;215;256;14;34;685
        Mazzo di Valtellina;20;156;297;383;27;42;925
        Mello;28;243;320;259;9;21;879
        Mese;43;268;514;704;56;66;1651
        Montagna in Valtellina;64;552;673;1161;99;250;2799
        Morbegno;317;1993;3218;4371;480;1154;11533
        Novate Mezzola;39;301;601;645;54;88;1727
        Pedesina;1;11;6;13;..;2;33
        Piantedo;41;246;429;451;34;52;1252
        Piateda;46;461;570;767;42;86;1972
        Piuro;34;307;551;744;61;71;1768
        Poggiridenti;46;316;450;713;61;136;1722
        Ponte in Valtellina;46;373;588;856;79;182;2124
        Postalesio;20;121;174;245;24;28;612
        Prata Camportaccio;87;460;867;1118;83;107;2722
        Rasura;7;87;79;93;4;6;276
        Rogolo;19;100;163;195;9;21;506
        Samolaco;77;502;899;1008;57;89;2632
        San Giacomo Filippo;5;85;91;128;8;12;329
        Sernio;5;82;114;191;15;29;436
        Sondalo;101;732;1134;1495;185;176;3823
        Sondrio;514;3122;5045;7990;852;2623;20145
        Spriana;2;15;31;29;..;2;79
        Talamona;109;848;1461;1609;100;169;4296
        Tartano;6;69;56;48;4;6;189
        Teglio;104;930;1242;1579;118;253;4226
        Tirano;220;1404;2241;3486;311;727;8388
        Torre di Santa Maria;10;186;222;234;12;34;697
        Tovo di Sant'Agata;16;108;156;264;21;28;593
        Traona;74;422;889;935;85;117;2520
        Tresivio;39;338;467;762;66;166;1838
        Val Masino;23;215;271;285;23;27;842
        Valdidentro;102;597;1084;1559;144;232;3718
        Valdisotto;116;580;1002;1394;91;140;3323
        Valfurva;44;458;756;931;69;110;2368
        Verceia;32;221;312;392;18;38;1013
        Vervio;8;41;56;84;2;9;200
        Villa di Chiavenna;23;182;271;371;19;24;890
        Villa di Tirano;64;522;781;1139;85;137;2728
      Milano;120121;402667;761141;1119384;128334;465610;2997256
        Abbiategrasso;1309;4773;8161;11261;1160;3246;29909
        Albairate;160;699;1314;1700;164;318;4354
        Arconate;259;1019;1831;2315;197;472;6093
        Arese;645;2106;3964;7203;777;3113;17808
        Arluno;449;1595;3196;4392;418;972;11021
        Assago;287;901;1860;3311;387;1268;8013
        Baranzate;600;1704;3566;3811;318;712;10711
        Bareggio;605;2401;4614;6305;574;1383;15881
        Basiano;129;513;1017;1322;108;259;3347
        Basiglio;242;565;1351;2941;465;1744;7307
        Bellinzago Lombardo;132;487;1026;1404;138;370;3555
        Bernate Ticino;115;549;837;984;98;212;2794
        Besate;75;309;644;700;50;125;1903
        Binasco;258;1025;1965;2650;241;593;6731
        Boffalora sopra Ticino;127;712;1134;1442;111;327;3852
        Bollate;1276;5439;9546;13156;1243;2843;33502
        Bresso;997;3784;6437;9600;890;2768;24476
        Bubbiano;105;293;709;842;68;138;2154
        Buccinasco;892;3115;6295;10241;1091;3145;24778
        Buscate;162;856;1317;1534;117;277;4263
        Bussero;254;1148;1932;3258;372;908;7871
        Busto Garolfo;477;2195;3919;4723;493;982;12788
        Calvignasco;48;156;358;453;30;66;1111
        Cambiago;264;958;1807;2474;243;504;6250
        Canegrate;493;2081;3602;4303;371;827;11676
        Carpiano;173;471;1107;1502;146;288;3686
        Carugate;535;2171;4019;5647;600;1225;14197
        Casarile;150;496;1174;1428;130;284;3661
        Casorezzo;181;822;1535;1948;146;371;5003
        Cassano d'Adda;672;2742;4957;6578;656;1656;17261
        Cassina de' Pecchi;470;1567;3034;5036;546;1960;12612
        Cassinetta di Lugagnano;70;272;490;660;53;162;1706
        Castano Primo;491;1784;3154;3639;329;858;10255
        Cernusco sul Naviglio;1231;4282;7036;11695;1516;5556;31316
        Cerro al Lambro;178;631;1229;1994;186;485;4702
        Cerro Maggiore;606;2497;4221;5100;442;1107;13973
        Cesano Boscone;995;3354;6432;8233;711;1873;21597
        Cesate;527;1856;3854;5243;530;1158;13167
        Cinisello Balsamo;3128;11187;19865;25871;2384;5552;67987
        Cisliano;154;586;1169;1844;163;411;4326
        Cologno Monzese;2001;7266;12249;15948;1576;4166;43205
        Colturano;71;229;589;724;65;172;1850
        Corbetta;667;2531;4583;6612;648;1628;16669
        Cormano;834;3028;5426;7156;645;1585;18674
        Cornaredo;684;2697;5268;7464;687;1754;18554
        Corsico;1345;5232;8968;11535;1057;2829;30966
        Cuggiono;290;1233;2295;2874;240;634;7565
        Cusago;118;400;831;1463;205;753;3769
        Cusano Milanino;661;2713;4387;6671;632;1995;17059
        Dairago;260;963;1692;2220;199;463;5797
        Dresano;116;399;720;1193;100;253;2779
        Gaggiano;344;1334;2328;3215;287;808;8316
        Garbagnate Milanese;1042;3998;7431;9613;927;2246;25256
        Gessate;292;1078;1940;3215;325;1031;7881
        Gorgonzola;698;2467;4819;7397;817;2530;18728
        Grezzago;106;384;913;1043;91;166;2702
        Gudo Visconti;52;207;447;634;41;102;1482
        Inveruno;311;1445;2203;3052;281;704;7995
        Inzago;406;1653;2747;4043;411;1006;10266
        Lacchiarella;347;1299;2513;3093;234;671;8157
        Lainate;979;3761;6603;9051;918;2219;23531
        Legnano;2114;7117;14035;21168;2256;7889;54579
        Liscate;147;530;1119;1502;144;260;3701
        Locate di Triulzi;386;1452;2739;3636;364;776;9352
        Magenta;865;3642;5976;8322;935;2462;22202
        Magnago;305;1493;2570;3208;267;648;8491
        Marcallo con Casone;229;977;1563;2194;199;474;5636
        Masate;122;441;866;1366;118;322;3234
        Mediglia;511;1700;3165;4199;383;961;10918
        Melegnano;688;2568;4361;6323;686;1951;16576
        Melzo;678;2783;4897;6494;619;1515;16985
        Mesero;107;658;1099;1538;134;302;3837
        Milano;50850;143580;283151;459605;64018;289874;1291077
        Morimondo;39;206;291;352;34;80;1002
        Motta Visconti;245;1098;2454;2746;243;551;7337
        Nerviano;553;2667;4765;5946;571;1329;15830
        Nosate;23;127;178;227;20;46;621
        Novate Milanese;638;2789;5033;7399;731;2092;18681
        Noviglio;195;501;1266;1638;151;345;4095
        Opera;469;1839;3339;5077;548;1504;12775
        Ossona;155;654;1288;1523;117;265;4001
        Ozzero;65;233;380;504;52;107;1340
        Paderno Dugnano;1789;6985;12054;17202;1643;3896;43568
        Pantigliate;247;887;1545;2036;207;444;5365
        Parabiago;1023;3961;7122;9969;979;2640;25694
        Paullo;461;1785;3076;3970;311;749;10351
        Pero;428;1579;2993;3924;370;981;10274
        Peschiera Borromeo;790;2589;5106;8749;969;3345;21548
        Pessano con Bornago;305;1290;2458;3445;318;629;8445
        Pieve Emanuele;533;1873;4567;5878;523;1051;14425
        Pioltello;1669;5167;10237;12205;1103;2775;33155
        Pogliano Milanese;307;1184;2376;3042;273;616;7797
        Pozzo d'Adda;218;775;1604;2328;180;456;5561
        Pozzuolo Martesana;303;1190;2315;3060;270;656;7793
        Pregnana Milanese;273;994;1871;2654;253;613;6657
        Rescaldina;474;2235;3831;5068;423;1100;13130
        Rho;1766;6902;12409;18000;1887;5314;46278
        Robecchetto con Induno;196;834;1437;1565;145;277;4454
        Robecco sul Naviglio;226;1031;1759;2485;225;510;6236
        Rodano;159;520;1088;1727;151;540;4185
        Rosate;193;858;1560;2072;197;429;5308
        Rozzano;1710;6518;12158;13804;1198;2695;38082
        San Colombano al Lambro;255;1190;2090;2523;228;611;6896
        San Donato Milanese;1062;3364;6601;11185;1430;6219;29860
        San Giorgio su Legnano;234;1041;1862;2349;223;504;6211
        San Giuliano Milanese;1676;5428;9826;13217;1238;3150;34534
        San Vittore Olona;272;1216;2293;2903;280;714;7678
        San Zenone al Lambro;154;567;1203;1656;133;289;4002
        Santo Stefano Ticino;164;653;1337;1778;176;426;4533
        Sedriano;426;1689;3441;4320;396;871;11143
        Segrate;1222;3762;7430;12651;1449;5947;32461
        Senago;863;3350;6047;7604;641;1311;19816
        Sesto San Giovanni;3166;11231;19628;29460;2951;9073;75509
        Settala;315;1022;2190;2446;209;530;6712
        Settimo Milanese;653;2481;5088;7545;707;1705;18179
        Solaro;544;2034;4211;4743;419;854;12804
        Trezzano Rosa;183;626;1412;1877;175;365;4638
        Trezzano sul Naviglio;728;2627;5622;7667;687;1795;19125
        Trezzo sull'Adda;399;1786;3322;4291;365;931;11094
        Tribiano;118;402;919;1404;134;260;3237
        Truccazzano;237;795;1673;2109;184;361;5358
        Turbigo;254;1229;2099;2339;192;531;6643
        Vanzaghello;208;905;1476;1748;167;370;4874
        Vanzago;329;1262;2233;3350;344;917;8434
        Vaprio d'Adda;367;1147;2341;3180;284;803;8121
        Vermezzo;150;447;1032;1525;132;319;3604
        Vermezzo con Zelo;..;..;..;..;..;..;..
        Vernate;113;447;916;1181;93;289;3038
        Vignate;378;1251;2402;3390;292;784;8496
        Villa Cortese;202;1049;1783;2127;194;346;5701
        Vimodrone;654;2232;4090;5814;649;1947;15386
        Vittuone;343;1270;2383;3239;286;693;8213
        Vizzolo Predabissi;123;512;1050;1497;162;379;3723
        Zelo Surrigone;58;196;481;704;61;158;1658
        Zibido San Giacomo;281;840;1945;2465;205;465;6201
      Bergamo;38148;181917;344882;337210;34048;80765;1016970
        Adrara San Martino;88;400;802;577;61;94;2021
        Adrara San Rocco;33;155;316;220;9;26;759
        Albano Sant'Alessandro;316;1307;2779;2468;210;437;7517
        Albino;567;2933;5671;5557;572;1160;16459
        Algua;20;132;233;197;17;28;627
        Almè;180;1130;1814;1590;183;283;5179
        Almenno San Bartolomeo;204;997;2069;1899;181;370;5719
        Almenno San Salvatore;175;1023;1903;1709;176;332;5318
        Alzano Lombardo;431;2107;4018;4370;436;1115;12476
        Ambivere;63;400;798;709;65;152;2186
        Antegnate;150;569;1110;871;64;122;2886
        Arcene;171;776;1569;1487;156;239;4397
        Ardesio;96;687;1285;955;84;127;3233
        Arzago d'Adda;106;403;902;895;71;129;2505
        Averara;5;45;58;54;2;6;170
        Aviatico;13;102;171;195;17;29;527
        Azzano San Paolo;283;1210;2239;2420;238;567;6957
        Azzone;13;92;149;89;8;18;369
        Bagnatica;173;651;1412;1316;114;276;3942
        Barbata;28;115;247;188;27;28;633
        Bariano;141;788;1420;1228;118;202;3897
        Barzana;66;274;668;603;60;107;1777
        Bedulita;22;143;237;209;19;33;663
        Berbenno;86;476;771;707;58;124;2221
        Bergamo;3729;14408;28437;39338;5245;21009;112165
        Berzo San Fermo;51;260;451;373;28;50;1213
        Bianzano;15;126;226;164;16;22;569
        Blello;3;23;19;18;1;7;71
        Bolgare;243;998;2192;1712;153;264;5561
        Boltiere;247;912;2007;1872;162;318;5517
        Bonate Sopra;362;1349;3044;3129;337;574;8795
        Bonate Sotto;216;1199;2131;1952;210;356;6063
        Borgo di Terzo;40;173;366;368;38;66;1050
        Bossico;37;178;355;260;19;50;899
        Bottanuco;195;935;1765;1491;121;218;4725
        Bracca;12;116;259;215;13;22;637
        Branzi;25;131;244;220;22;29;671
        Brembate;306;1424;2821;2635;206;426;7817
        Brembate di Sopra;290;1425;2364;2408;209;497;7192
        Brignano Gera d'Adda;201;978;1823;1866;188;362;5418
        Brumano;2;22;41;29;4;4;102
        Brusaporto;191;807;1729;1834;167;394;5121
        Calcinate;257;1011;2071;1556;163;274;5331
        Calcio;233;1053;1761;1467;121;241;4875
        Calusco d'Adda;325;1614;2822;2211;203;437;7611
        Calvenzano;127;729;1306;1317;125;293;3897
        Camerata Cornello;8;138;212;183;8;20;569
        Canonica d'Adda;178;725;1338;1380;105;232;3957
        Capizzone;29;245;404;359;39;62;1138
        Capriate San Gervasio;303;1321;2417;2635;221;518;7414
        Caprino Bergamasco;120;550;1046;893;77;167;2852
        Caravaggio;548;2860;4821;5052;473;1179;14932
        Carobbio degli Angeli;208;752;1549;1371;131;236;4247
        Carona;7;73;93;100;6;12;291
        Carvico;172;870;1553;1331;128;234;4287
        Casazza;142;672;1308;1191;124;229;3666
        Casirate d'Adda;135;646;1288;1263;133;239;3703
        Casnigo;96;667;1128;891;88;152;3022
        Cassiglio;4;23;43;35;..;2;106
        Castel Rozzone;93;478;935;858;87;122;2573
        Castelli Calepio;390;1881;3395;2859;244;512;9281
        Castione della Presolana;85;594;1238;1039;89;152;3196
        Castro;33;220;377;445;35;110;1220
        Cavernago;116;389;886;767;62;150;2369
        Cazzano Sant'Andrea;67;316;527;484;35;77;1506
        Cenate Sopra;94;443;814;763;77;149;2340
        Cenate Sotto;139;566;1194;1173;124;254;3450
        Cene;126;773;1545;1220;101;191;3955
        Cerete;47;297;531;504;38;67;1484
        Chignolo d'Isola;123;537;1228;1004;69;133;3093
        Chiuduno;230;1045;2112;1687;165;287;5526
        Cisano Bergamasco;215;1151;2059;1906;165;271;5766
        Ciserano;207;853;1921;1674;136;213;5004
        Cividate al Piano;179;971;1786;1425;131;208;4698
        Clusone;268;1407;2624;2714;281;644;7937
        Colere;28;204;481;283;27;22;1044
        Cologno al Serio;415;1992;3755;3102;303;532;10098
        Colzate;49;323;577;482;35;85;1551
        Comun Nuovo;153;701;1427;1319;115;225;3940
        Corna Imagna;31;161;328;248;27;39;834
        Cornalba;5;70;95;90;11;4;275
        Cortenuova;84;334;745;507;36;57;1763
        Costa di Mezzate;159;517;1162;900;89;154;2981
        Costa Serina;29;184;352;247;17;28;857
        Costa Valle Imagna;13;137;192;176;10;25;552
        Costa Volpino;300;1616;2897;2798;256;533;8399
        Covo;185;767;1300;1122;97;169;3639
        Credaro;162;563;1147;998;78;171;3119
        Curno;213;1249;2141;2368;264;680;6915
        Cusio;7;58;96;58;6;4;229
        Dalmine;772;3638;7196;7767;764;1633;21769
        Dossena;29;200;347;249;18;19;862
        Endine Gaiano;127;616;1141;1070;65;143;3160
        Entratico;70;333;625;620;63;90;1801
        Fara Gera d'Adda;242;1199;2462;2588;264;477;7232
        Fara Olivana con Sola;33;226;443;377;35;51;1164
        Filago;100;577;1060;904;75;121;2836
        Fino del Monte;22;184;353;376;41;72;1048
        Fiorano al Serio;96;560;1052;808;86;154;2756
        Fontanella;194;859;1483;1315;115;212;4177
        Fonteno;18;134;177;192;12;21;554
        Foppolo;5;30;58;71;6;10;180
        Foresto Sparso;114;569;1117;876;60;104;2839
        Fornovo San Giovanni;106;532;1131;1048;99;167;3082
        Fuipiano Valle Imagna;6;49;74;53;10;9;201
        Gandellino;25;226;342;263;21;54;931
        Gandino;175;1136;1835;1534;135;236;5050
        Gandosso;60;289;495;397;41;52;1334
        Gaverina Terme;24;177;302;220;24;43;789
        Gazzaniga;154;987;1682;1492;127;226;4667
        Ghisalba;254;1130;2201;1588;154;223;5549
        Gorlago;202;943;1780;1414;148;236;4722
        Gorle;200;742;1595;2203;280;992;6011
        Gorno;45;333;576;439;27;46;1466
        Grassobbio;223;1098;2113;2022;182;337;5974
        Gromo;30;226;410;372;34;54;1126
        Grone;38;178;295;250;24;36;820
        Grumello del Monte;259;1330;2405;2108;206;420;6728
        Isola di Fondra;4;36;59;57;4;7;167
        Isso;24;114;231;189;14;27;599
        Lallio;121;568;1323;1358;140;277;3787
        Leffe;137;1024;1464;1197;133;204;4159
        Lenna;10;105;193;218;12;22;560
        Levate;118;670;1214;1159;115;178;3453
        Locatello;30;159;272;230;22;31;744
        Lovere;147;795;1412;1731;156;614;4854
        Lurano;109;484;918;850;77;118;2555
        Luzzana;29;154;305;260;25;40;813
        Madone;181;654;1435;1104;79;186;3638
        Mapello;223;1083;2201;2058;205;368;6138
        Martinengo;416;1956;3594;2785;262;506;9518
        Medolago;86;364;823;758;62;104;2196
        Mezzoldo;5;44;56;45;2;2;154
        Misano di Gera d'Adda;85;508;1002;913;78;147;2732
        Moio de' Calvi;9;29;69;76;4;10;197
        Monasterolo del Castello;33;187;393;367;32;56;1068
        Montello;125;513;1112;945;87;165;2946
        Morengo;102;426;837;770;78;108;2320
        Mornico al Serio;115;565;985;783;68;116;2632
        Mozzanica;152;801;1386;1423;123;206;4091
        Mozzo;214;1020;1932;2520;292;914;6891
        Nembro;344;2059;3722;3403;353;717;10598
        Olmo al Brembo;18;111;169;147;5;14;464
        Oltre il Colle;31;180;380;292;15;46;944
        Oltressenda Alta;2;46;39;39;4;10;140
        Oneta;17;136;210;162;12;23;560
        Onore;19;155;306;298;18;44;839
        Orio al Serio;50;280;539;576;53;85;1583
        Ornica;5;46;56;32;4;2;145
        Osio Sopra;179;849;1789;1588;143;218;4766
        Osio Sotto;420;2055;4113;3756;344;665;11353
        Pagazzano;81;388;675;598;52;97;1890
        Paladina;145;685;1282;1220;122;241;3695
        Palazzago;144;719;1491;1340;124;220;4037
        Palosco;219;1137;2024;1443;158;203;5184
        Parre;90;498;1007;739;71;105;2508
        Parzanica;11;96;133;73;7;13;333
        Pedrengo;203;869;1913;1936;218;365;5504
        Peia;58;414;656;443;32;58;1660
        Pianico;58;262;448;424;37;69;1297
        Piario;36;177;384;312;40;54;1003
        Piazza Brembana;25;174;375;458;32;65;1129
        Piazzatorre;7;82;119;134;9;24;375
        Piazzolo;3;23;24;28;3;1;81
        Pognano;69;310;572;385;33;58;1427
        Ponte Nossa;64;340;597;539;38;107;1685
        Ponte San Pietro;444;1827;3430;3537;349;834;10421
        Ponteranica;187;1126;2011;2058;266;659;6307
        Pontida;138;625;1121;917;90;192;3082
        Pontirolo Nuovo;170;863;1729;1448;135;209;4553
        Pradalunga;162;814;1616;1293;148;227;4259
        Predore;54;344;554;597;65;124;1737
        Premolo;22;234;356;360;32;45;1049
        Presezzo;153;801;1500;1559;170;320;4503
        Pumenengo;68;338;613;479;33;41;1571
        Ranica;155;939;1593;1937;235;666;5524
        Ranzanico;42;224;381;398;34;80;1159
        Riva di Solto;15;169;278;290;19;95;865
        Rogno;130;612;1203;1226;84;211;3465
        Romano di Lombardia;804;3538;6253;5902;609;1351;18457
        Roncobello;19;86;133;142;11;26;417
        Roncola;15;140;269;236;21;40;720
        Rota d'Imagna;28;198;289;267;17;36;835
        Rovetta;135;650;1268;1338;146;281;3817
        San Giovanni Bianco;139;904;1638;1497;121;181;4480
        San Paolo d'Argon;203;821;1938;1734;184;316;5195
        San Pellegrino Terme;144;910;1499;1501;116;321;4491
        Santa Brigida;15;130;223;128;9;9;514
        Sant'Omobono Terme;140;712;1329;1099;108;161;3549
        Sarnico;195;1053;1877;2193;244;618;6179
        Scanzorosciate;314;1564;2905;3215;320;845;9162
        Schilpario;25;220;415;352;27;50;1088
        Sedrina;66;500;900;722;56;78;2322
        Selvino;41;360;673;658;52;128;1912
        Seriate;802;3551;7251;8139;878;2224;22844
        Serina;58;399;728;602;51;82;1920
        Solto Collina;56;307;525;573;58;121;1640
        Solza;93;325;694;589;40;95;1835
        Songavazzo;27;129;240;235;18;43;692
        Sorisole;255;1619;2950;2734;300;543;8401
        Sotto il Monte Giovanni XXIII;152;747;1429;1339;140;317;4124
        Sovere;191;949;1622;1647;162;288;4858
        Spinone al Lago;39;174;348;280;28;62;931
        Spirano;210;1015;1974;1607;133;229;5167
        Stezzano;439;1849;3860;4292;460;993;11892
        Strozza;39;211;375;312;20;27;983
        Suisio;164;679;1380;1032;95;145;3495
        Taleggio;14;111;197;162;11;22;517
        Tavernola Bergamasca;57;365;701;617;52;114;1905
        Telgate;252;911;1656;1402;111;194;4525
        Terno d'Isola;308;1140;2640;2492;232;419;7231
        Torre Boldone;274;1286;2378;2843;325;911;8016
        Torre de' Busi;61;388;703;620;55;100;1926
        Torre de' Roveri;84;405;782;743;72;178;2264
        Torre Pallavicina;37;209;373;290;33;41;983
        Trescore Balneario;435;1545;2944;2809;334;702;8768
        Treviglio;1070;4445;7745;9661;1182;3452;27553
        Treviolo;343;1781;3200;3355;378;815;9871
        Ubiale Clanezzo;50;283;492;373;38;43;1279
        Urgnano;356;1702;3442;2801;265;481;9046
        Valbondione;19;210;398;288;20;26;961
        Valbrembo;128;672;1280;1382;171;318;3950
        Val Brembilla;129;890;1599;1139;90;128;3975
        Valgoglio;21;136;215;161;6;16;555
        Valleve;1;25;55;32;2;5;120
        Valnegra;5;39;57;74;4;16;195
        Valtorta;1;83;103;69;..;3;259
        Vedeseta;11;55;69;52;5;6;198
        Verdellino;380;1271;2564;2074;164;348;6801
        Verdello;309;1385;2564;2366;235;458;7316
        Vertova;152;912;1546;1316;134;194;4253
        Viadanica;50;219;379;316;21;50;1034
        Vigano San Martino;61;242;455;370;38;74;1240
        Vigolo;20;116;204;163;15;11;528
        Villa d'Adda;183;821;1472;1376;102;287;4240
        Villa d'Almè;223;1157;2082;2123;219;379;6181
        Villa di Serio;228;1050;2142;2144;204;425;6192
        Villa d'Ogna;57;326;615;587;47;87;1719
        Villongo;380;1376;2653;2291;193;388;7280
        Vilminore di Scalve;33;226;457;509;38;78;1340
        Zandobbio;107;511;972;722;70;119;2501
        Zanica;346;1339;2597;2733;303;545;7862
        Zogno;299;1673;2883;2681;261;418;8215
      Brescia;41701;213390;382349;386707;38972;90406;1153523
        Acquafredda;58;303;530;402;41;70;1404
        Adro;233;1433;2340;2007;173;382;6567
        Agnosine;48;352;597;510;33;57;1597
        Alfianello;76;491;841;654;76;110;2248
        Anfo;17;113;154;137;11;20;452
        Angolo Terme;55;475;776;727;75;95;2203
        Artogne;120;591;1237;1055;85;153;3241
        Azzano Mella;128;483;1045;1076;109;179;3020
        Bagnolo Mella;405;2346;4024;3582;364;685;11405
        Bagolino;118;937;1271;1094;92;149;3661
        Barbariga;83;432;792;668;60;99;2133
        Barghe;41;201;340;397;32;58;1069
        Bassano Bresciano;88;379;740;694;76;123;2099
        Bedizzole;469;1990;3806;3836;334;676;11110
        Berlingo;116;474;966;779;59;103;2496
        Berzo Demo;30;302;518;576;45;76;1546
        Berzo Inferiore;72;428;788;728;95;131;2242
        Bienno;92;763;1125;1177;121;245;3522
        Bione;42;317;484;354;27;37;1261
        Borgo San Giacomo;201;978;1813;1533;105;230;4860
        Borgosatollo;278;1687;2904;2707;296;508;8379
        Borno;53;486;806;855;75;178;2452
        Botticino;287;1876;3287;3282;366;907;10005
        Bovegno;49;518;747;559;43;67;1983
        Bovezzo;212;1150;2148;2576;269;647;7001
        Brandico;63;282;635;447;29;68;1524
        Braone;18;108;192;245;33;37;633
        Breno;132;865;1285;1608;173;404;4467
        Brescia;6320;27874;49863;62750;7877;26877;181560
        Brione;27;131;235;214;21;34;661
        Caino;62;351;690;683;61;91;1937
        Calcinato;498;2242;4344;3746;325;537;11691
        Calvagese della Riviera;114;543;1061;1157;106;209;3189
        Calvisano;318;1525;2863;2449;199;432;7786
        Capo di Ponte;83;449;740;787;61;149;2269
        Capovalle;14;113;100;99;2;9;337
        Capriano del Colle;139;788;1511;1393;132;273;4236
        Capriolo;308;1755;3163;2719;218;374;8537
        Carpenedolo;524;2333;4096;3764;316;621;11653
        Castegnato;307;1334;2721;2622;254;486;7723
        Castel Mella;330;1581;3389;3647;351;658;9955
        Castelcovati;257;1172;2358;1737;138;208;5869
        Castenedolo;373;2065;3575;3476;318;633;10440
        Casto;55;334;649;459;35;42;1574
        Castrezzato;288;1249;2462;2110;175;292;6575
        Cazzago San Martino;383;2072;3757;3082;303;546;10142
        Cedegolo;30;219;311;411;38;67;1076
        Cellatica;144;803;1378;1529;170;540;4563
        Cerveno;20;119;175;259;22;32;626
        Ceto;47;329;582;616;57;86;1716
        Cevo;22;145;278;296;19;51;811
        Chiari;682;3549;5855;5494;603;1235;17418
        Cigole;44;367;487;402;45;81;1426
        Cimbergo;20;112;193;155;10;16;506
        Cividate Camuno;86;495;855;882;75;136;2529
        Coccaglio;323;1517;2837;2502;243;487;7908
        Collebeato;126;770;1215;1470;214;563;4358
        Collio;50;459;770;557;38;69;1943
        Cologne;280;1325;2385;2266;190;348;6794
        Comezzano-Cizzago;142;651;1483;1095;79;132;3581
        Concesio;468;2493;4338;4988;557;1389;14233
        Corte Franca;239;1254;2328;2112;227;437;6596
        Corteno Golgi;46;390;651;603;51;76;1817
        Corzano;57;232;471;439;25;59;1282
        Darfo Boario Terme;511;2594;4673;5096;479;1201;14553
        Dello;212;945;1840;1663;133;281;5073
        Desenzano del Garda;965;4116;7407;9872;1102;3464;26926
        Edolo;124;767;1306;1539;125;294;4154
        Erbusco;285;1486;2772;2482;251;498;7774
        Esine;170;942;1722;1545;143;289;4810
        Fiesse;67;429;741;553;41;70;1901
        Flero;274;1578;2641;2792;277;542;8103
        Gambara;157;940;1453;1395;142;222;4307
        Gardone Riviera;72;405;690;917;76;327;2487
        Gardone Val Trompia;417;2120;3619;3513;309;636;10613
        Gargnano;69;567;820;917;62;221;2655
        Gavardo;412;1954;3677;3871;398;780;11091
        Ghedi;674;3294;5942;5548;551;889;16897
        Gianico;57;418;679;665;60;108;1987
        Gottolengo;163;994;1592;1536;131;213;4629
        Gussago;527;2818;4748;5207;565;1432;15297
        Idro;60;321;589;574;53;113;1710
        Incudine;7;74;110;125;9;21;346
        Irma;1;32;38;45;2;3;121
        Iseo;259;1373;2470;3153;335;881;8470
        Isorella;142;819;1340;1149;93;140;3682
        Lavenone;13;114;193;139;6;20;484
        Leno;493;2433;4576;4165;432;688;12787
        Limone sul Garda;42;196;332;406;24;51;1051
        Lodrino;49;348;563;488;50;65;1563
        Lograto;130;639;1195;1123;104;201;3391
        Lonato del Garda;535;2532;5074;5326;543;1130;15139
        Longhena;9;101;199;181;16;32;538
        Losine;11;108;155;227;21;35;557
        Lozio;13;115;118;117;8;13;384
        Lumezzane;755;4542;7401;6303;512;885;20397
        Maclodio;52;256;534;381;40;57;1319
        Magasa;2;57;31;25;..;5;120
        Mairano;162;550;1107;1025;103;161;3107
        Malegno;55;419;603;598;52;126;1853
        Malonno;73;652;899;1096;77;135;2931
        Manerba del Garda;165;782;1507;1800;151;431;4835
        Manerbio;445;2339;3908;4030;419;871;12012
        Marcheno;146;793;1486;1252;94;184;3955
        Marmentino;12;154;226;193;17;17;619
        Marone;65;545;1041;962;97;204;2914
        Mazzano;444;2055;3885;3862;384;718;11347
        Milzano;74;314;587;518;47;61;1600
        Moniga del Garda;85;351;710;880;105;237;2367
        Monno;13;98;157;185;15;16;484
        Monte Isola;54;364;625;471;36;70;1620
        Monticelli Brusati;133;691;1307;1466;157;395;4149
        Montichiari;946;3995;8029;7952;776;1461;23158
        Montirone;167;860;1738;1510;146;213;4633
        Mura;30;168;265;228;12;16;719
        Muscoline;89;443;802;850;72;167;2421
        Nave;304;2051;3403;3257;309;555;9878
        Niardo;44;307;594;711;67;118;1840
        Nuvolento;145;747;1264;1195;93;178;3621
        Nuvolera;161;779;1501;1412;151;274;4277
        Odolo;73;387;595;557;38;73;1723
        Offlaga;142;749;1374;1167;94;165;3690
        Ome;114;613;1008;917;98;202;2952
        Ono San Pietro;18;176;352;310;20;29;905
        Orzinuovi;409;2100;3762;3809;387;885;11352
        Orzivecchi;85;477;808;737;56;120;2281
        Ospitaletto;486;2287;4696;4188;430;713;12798
        Ossimo;35;277;448;495;47;63;1365
        Padenghe sul Garda;144;662;1169;1551;183;555;4263
        Paderno Franciacorta;121;615;1147;1063;112;270;3328
        Paisco Loveno;5;32;45;76;5;2;165
        Paitone;75;390;732;590;63;100;1949
        Palazzolo sull'Oglio;770;3375;6081;6135;589;1297;18246
        Paratico;148;728;1464;1572;145;327;4384
        Paspardo;9;117;181;207;24;27;565
        Passirano;204;1175;2074;2200;251;544;6448
        Pavone del Mella;81;531;926;803;66;119;2526
        Pertica Alta;14;140;191;137;13;18;512
        Pertica Bassa;14;159;204;155;12;19;563
        Pezzaze;38;333;587;381;20;37;1396
        Pian Camuno;169;741;1587;1435;131;206;4269
        Piancogno;150;807;1463;1507;127;269;4323
        Pisogne;209;1451;2567;2418;277;485;7407
        Polaveno;94;515;887;701;55;82;2334
        Polpenazze del Garda;77;439;710;903;107;227;2463
        Pompiano;150;662;1258;1075;80;179;3404
        Poncarale;163;891;1670;1593;179;272;4767
        Ponte di Legno;50;290;454;644;63;155;1656
        Pontevico;272;1399;2307;1983;217;354;6532
        Pontoglio;272;1382;2206;1897;180;278;6215
        Pozzolengo;125;627;1072;1119;99;207;3247
        Pralboino;92;621;866;856;84;122;2640
        Preseglie;60;328;490;426;40;75;1419
        Prevalle;284;1111;2223;2062;167;280;6127
        Provaglio d'Iseo;269;1249;2318;2165;207;478;6686
        Provaglio Val Sabbia;34;207;312;271;13;28;865
        Puegnago del Garda;102;540;1029;1154;112;222;3159
        Quinzano d'Oglio;198;1208;2176;1751;168;287;5788
        Remedello;141;580;1065;963;99;188;3036
        Rezzato;435;2249;3931;4275;443;989;12320
        Roccafranca;211;806;1698;1285;103;177;4279
        Rodengo Saiano;255;1469;2861;3159;361;742;8847
        Roè Volciano;143;692;1370;1541;129;292;4166
        Roncadelle;326;1575;2845;2956;302;597;8600
        Rovato;698;3072;6121;5439;512;1164;17006
        Rudiano;206;1045;2034;1588;136;191;5199
        Sabbio Chiese;152;703;1252;1209;93;157;3566
        Sale Marasino;83;615;1072;1029;107;204;3109
        Salò;293;1665;2780;3452;416;1250;9855
        San Felice del Benaco;81;566;902;1145;127;368;3187
        San Gervasio Bresciano;112;404;823;768;82;114;2303
        San Paolo;161;731;1518;1316;130;223;4078
        San Zeno Naviglio;137;835;1347;1522;172;321;4334
        Sarezzo;440;2433;4350;4010;387;639;12259
        Saviore dell'Adamello;23;228;276;257;19;26;829
        Sellero;45;271;484;447;24;69;1340
        Seniga;53;337;476;396;30;45;1336
        Serle;117;634;1099;818;60;93;2820
        Sirmione;232;1112;2295;2855;282;654;7430
        Soiano del Lago;51;251;490;675;46;202;1714
        Sonico;36;219;355;452;20;59;1141
        Sulzano;50;311;584;615;62;152;1773
        Tavernole sul Mella;36;294;409;335;34;55;1162
        Temù;25;198;318;403;27;60;1031
        Tignale;36;272;366;392;36;62;1163
        Torbole Casaglia;209;1140;2112;1925;194;290;5869
        Toscolano-Maderno;210;1395;2214;2665;255;580;7318
        Travagliato;486;2521;4503;4028;387;612;12537
        Tremosine sul Garda;59;374;654;693;49;96;1924
        Trenzano;224;1040;1946;1384;143;191;4927
        Treviso Bresciano;14;104;170;175;16;15;493
        Urago d'Oglio;155;784;1211;977;71;145;3342
        Vallio Terme;51;264;490;413;34;56;1307
        Valvestino;4;60;47;49;7;8;175
        Verolanuova;234;1470;2607;2449;272;484;7515
        Verolavecchia;85;724;1294;1102;106;175;3485
        Vestone;174;771;1419;1311;106;157;3936
        Vezza d'Oglio;28;185;419;582;45;78;1337
        Villa Carcina;369;1959;3298;3139;331;608;9704
        Villachiara;46;286;498;401;27;57;1315
        Villanuova sul Clisi;206;1016;1751;1856;170;362;5360
        Vione;14;143;188;223;21;35;624
        Visano;65;325;634;633;46;85;1787
        Vobarno;361;1474;2751;2380;166;288;7420
        Zone;32;230;360;306;23;49;1000
      Pavia;17777;88509;148461;179581;16775;52692;503794
        Alagna;26;159;268;254;26;46;778
        Albaredo Arnaboldi;9;29;74;82;8;19;221
        Albonese;14;141;167;150;12;19;503
        Albuzzano;139;521;1009;1190;120;243;3221
        Arena Po;60;296;433;550;30;83;1452
        Badia Pavese;12;74;105;120;5;22;338
        Bagnaria;19;124;175;254;20;35;627
        Barbianello;24;143;237;300;17;76;797
        Bascapè;43;306;541;583;51;100;1624
        Bastida Pancarana;38;168;281;343;18;84;931
        Battuda;22;77;196;235;23;36;589
        Belgioioso;240;1050;1736;2021;206;466;5718
        Bereguardo;89;441;815;937;68;246;2595
        Borgarello;82;316;647;916;119;390;2470
        Borgo Priolo;46;242;433;478;38;102;1339
        Borgo San Siro;25;194;295;292;23;71;900
        Borgoratto Mormorolo;13;85;92;154;14;22;379
        Bornasco;100;367;834;873;71;189;2434
        Bosnasco;16;119;202;195;7;45;583
        Brallo di Pregola;18;200;140;154;8;22;542
        Breme;29;185;243;205;11;34;707
        Bressana Bottarone;124;599;911;1199;110;261;3203
        Broni;339;1651;2577;3165;232;735;8699
        Calvignano;4;22;23;40;2;12;103
        Campospinoso Albaredo;35;221;294;347;33;64;994
        Candia Lomellina;42;301;479;498;40;86;1446
        Canevino;2;15;22;48;3;5;95
        Canneto Pavese;38;203;373;488;38;129;1268
        Carbonara al Ticino;53;248;392;481;35;137;1346
        Casanova Lonati;11;70;147;149;4;27;408
        Casatisma;27;137;289;282;13;65;812
        Casei Gerola;103;463;703;831;60;151;2311
        Casorate Primo;281;1351;2857;2801;225;485;8000
        Cassolnovo;245;1244;2094;2196;201;406;6386
        Castana;24;151;195;253;25;57;705
        Casteggio;208;1176;1755;2338;190;630;6297
        Castelletto di Branduzzo;40;194;292;353;33;85;996
        Castello d'Agogna;33;194;354;400;34;50;1064
        Castelnovetto;23;125;195;151;11;27;532
        Cava Manara;188;1029;1845;2246;245;664;6216
        Cecima;4;41;50;93;2;19;209
        Ceranova;102;285;676;743;73;116;1995
        Ceretto Lomellina;11;34;68;57;1;5;176
        Cergnago;27;141;229;226;10;41;674
        Certosa di Pavia;209;756;1485;1781;210;513;4954
        Cervesina;38;282;316;413;35;52;1136
        Chignolo Po;134;667;1286;1269;86;208;3649
        Cigognola;47;258;351;442;33;78;1209
        Cilavegna;185;973;1777;1689;133;295;5052
        Codevilla;24;152;262;363;28;93;921
        Colli Verdi;..;..;..;..;..;..;..
        Confienza;52;286;532;522;23;78;1492
        Copiano;51;339;551;522;52;100;1615
        Corana;20;137;261;277;15;48;758
        Cornale e Bastida;30;176;231;272;22;61;792
        Corteolona e Genzone;78;419;774;799;61;161;2291
        Corvino San Quirico;30;202;253;362;17;101;965
        Costa de' Nobili;21;71;126;119;11;12;360
        Cozzo;6;67;135;112;6;26;352
        Cura Carpignano;156;576;1337;1750;221;455;4495
        Dorno;152;877;1390;1489;101;286;4295
        Ferrera Erbognone;40;202;365;346;25;63;1041
        Filighera;23;151;271;277;13;42;776
        Fortunago;5;86;104;111;6;29;341
        Frascarolo;47;278;357;349;14;51;1096
        Galliavola;6;44;64;54;5;10;183
        Gambarana;4;53;68;59;5;6;195
        Gambolò;346;1830;2986;3093;262;583;9099
        Garlasco;319;1859;2891;3080;269;649;9066
        Gerenzago;52;211;446;505;34;53;1300
        Giussago;195;774;1494;1799;162;356;4780
        Godiasco Salice Terme;96;499;834;1193;118;371;3110
        Golferenzo;5;37;46;69;9;20;185
        Gravellona Lomellina;83;483;836;874;77;150;2503
        Gropello Cairoli;130;781;1291;1427;127;326;4081
        Inverno e Monteleone;54;255;419;486;41;106;1361
        Landriano;244;909;1872;2086;167;407;5684
        Langosco;12;71;97;137;7;21;345
        Lardirago;48;211;339;388;25;88;1098
        Linarolo;77;419;788;970;87;217;2557
        Lirio;3;30;38;37;2;9;119
        Lomello;79;405;723;650;56;106;2019
        Lungavilla;79;449;672;848;75;154;2277
        Magherno;63;305;539;546;37;92;1581
        Marcignago;67;401;724;806;62;191;2250
        Marzano;73;234;529;556;40;88;1520
        Mede;251;1195;2110;1934;156;363;6008
        Menconico;12;100;92;116;4;22;346
        Mezzana Bigli;33;239;317;333;23;48;993
        Mezzana Rabattone;9;89;125;182;8;38;451
        Mezzanino;50;242;416;467;33;86;1294
        Miradolo Terme;120;661;1174;1315;91;195;3554
        Montalto Pavese;31;194;247;293;15;48;827
        Montebello della Battaglia;48;260;419;568;50;141;1485
        Montecalvo Versiggia;13;88;135;197;15;43;491
        Montescano;17;73;94;152;15;34;385
        Montesegale;5;70;68;100;5;19;267
        Monticelli Pavese;31;130;230;217;10;38;655
        Montù Beccaria;39;243;448;624;56;138;1547
        Mornico Losana;7;95;162;244;18;55;581
        Mortara;524;2465;4443;4979;451;1272;14132
        Nicorvo;9;61;98;88;3;17;276
        Olevano di Lomellina;26;154;224;208;15;39;666
        Oliva Gessi;3;32;46;57;6;16;160
        Ottobiano;37;207;381;332;18;50;1024
        Palestro;73;382;570;549;49;122;1744
        Pancarana;10;51;75;128;13;14;290
        Parona;87;348;601;576;46;102;1760
        Pavia;1990;8944;15038;22252;3321;15776;67320
        Pietra de' Giorgi;25;141;187;316;23;76;767
        Pieve Albignola;30;178;268;267;21;48;811
        Pieve del Cairo;72;444;603;535;35;112;1800
        Pieve Porto Morone;74;481;830;896;59;151;2490
        Pinarolo Po;50;335;467;594;40;106;1592
        Pizzale;21;131;199;249;16;47;663
        Ponte Nizza;23;141;197;309;22;60;751
        Portalbera;46;227;420;570;43;79;1384
        Rea;10;82;125;138;14;16;385
        Redavalle;40;184;272;375;18;85;974
        Retorbido;52;225;427;543;43;146;1435
        Rivanazzano Terme;139;732;1361;1993;184;510;4919
        Robbio;219;1185;1616;1958;141;356;5474
        Robecco Pavese;12;98;156;179;9;56;510
        Rocca de' Giorgi;2;12;15;29;3;7;67
        Rocca Susella;4;47;42;98;2;16;209
        Rognano;25;54;164;256;20;50;569
        Romagnese;27;205;194;186;14;29;655
        Roncaro;56;178;431;561;59;106;1391
        Rosasco;22;142;177;164;13;32;550
        Rovescala;28;185;231;285;14;67;810
        Ruino;12;158;197;238;14;49;668
        San Cipriano Po;20;71;141;167;8;25;431
        San Damiano al Colle;15;125;169;248;17;39;613
        San Genesio ed Uniti;89;540;936;1389;156;555;3664
        San Giorgio di Lomellina;33;204;360;348;20;47;1012
        San Martino Siccomario;186;829;1462;2180;232;932;5820
        San Zenone al Po;14;88;176;185;12;45;520
        Sannazzaro de' Burgondi;207;1103;1614;1695;99;291;5009
        Santa Cristina e Bissone;55;396;606;597;40;108;1802
        Santa Giuletta;37;301;461;535;48;116;1497
        Santa Margherita di Staffora;15;138;101;169;10;35;468
        Santa Maria della Versa;74;424;656;785;50;154;2143
        Sant'Alessio con Vialone;30;109;261;336;26;92;854
        Sant'Angelo Lomellina;24;146;253;255;8;38;723
        Sartirana Lomellina;56;366;484;481;38;94;1519
        Scaldasole;26;167;279;295;10;54;831
        Semiana;2;42;74;65;4;11;198
        Silvano Pietra;16;130;188;221;16;41;612
        Siziano;232;884;1703;2105;190;463;5577
        Sommo;31;187;300;408;44;113;1082
        Spessa;26;100;157;199;13;26;521
        Stradella;344;1786;3027;4289;367;1101;10914
        Suardi;20;139;207;179;15;21;580
        Torrazza Coste;49;255;402;624;50;136;1516
        Torre Beretti e Castellaro;22;115;232;131;9;29;537
        Torre d'Arese;39;145;299;305;13;39;840
        Torre de' Negri;9;74;103;97;9;14;306
        Torre d'Isola;55;235;475;748;130;577;2220
        Torrevecchia Pia;110;499;1140;1162;76;196;3182
        Torricella Verzate;23;164;216;304;13;58;778
        Travacò Siccomario;102;546;1019;1499;215;685;4066
        Trivolzio;82;314;662;727;69;193;2047
        Tromello;124;675;1188;1164;99;224;3473
        Trovo;46;145;326;338;24;54;933
        Val di Nizza;18;146;179;192;19;35;588
        Valeggio;4;62;69;55;3;7;200
        Valle Lomellina;77;408;750;637;44;99;2015
        Valle Salimbene;34;260;435;493;50;122;1393
        Valverde;7;65;77;75;13;28;265
        Varzi;87;582;815;1188;85;236;2993
        Velezzo Lomellina;..;14;39;28;3;6;90
        Vellezzo Bellini;117;482;1017;1104;96;207;3023
        Verretto;12;74;118;126;2;19;351
        Verrua Po;37;235;379;419;35;74;1179
        Vidigulfo;260;929;1875;2217;179;367;5826
        Vigevano;2344;11018;16903;20483;1940;5487;58173
        Villa Biscossi;2;13;26;14;1;8;64
        Villanova d'Ardenghi;26;146;233;231;26;52;714
        Villanterio;142;519;1054;1077;86;219;3097
        Vistarino;67;245;480;486;38;85;1400
        Voghera;1192;5940;9762;14144;1275;4202;36514
        Volpara;4;16;32;57;2;12;123
        Zavattarello;20;231;278;324;19;69;941
        Zeccone;68;259;507;581;49;98;1562
        Zeme;45;198;331;323;23;40;960
        Zenevredo;14;83;137;174;10;23;441
        Zerbo;16;103;128;110;7;21;384
        Zerbolò;55;291;559;504;34;141;1583
        Zinasco;96;528;926;1072;92;198;2911
      Cremona;11659;61446;96754;120306;12174;27971;330310
        Acquanegra Cremonese;36;273;322;387;29;52;1099
        Agnadello;141;596;1246;1277;110;178;3548
        Annicco;69;433;605;621;63;104;1895
        Azzanello;13;108;209;207;20;31;587
        Bagnolo Cremasco;157;887;1444;1595;147;229;4458
        Bonemerse;43;228;348;561;75;121;1376
        Bordolano;30;124;179;179;13;26;551
        Ca' d'Andrea;17;101;120;104;9;15;366
        Calvatone;30;270;365;341;34;57;1096
        Camisano;45;231;396;395;34;59;1159
        Campagnola Cremasca;29;98;183;253;21;55;638
        Capergnanica;67;345;568;765;82;170;1997
        Cappella Cantone;13;95;178;174;13;27;500
        Cappella de' Picenardi;17;86;126;106;6;20;361
        Capralba;68;429;774;741;68;85;2164
        Casalbuttano ed Uniti;132;822;1056;1219;107;221;3557
        Casale Cremasco-Vidolasco;51;356;550;603;42;92;1694
        Casaletto Ceredano;29;208;312;431;41;48;1068
        Casaletto di Sopra;19;108;173;160;11;17;487
        Casaletto Vaprio;68;283;572;576;48;92;1638
        Casalmaggiore;566;2472;4283;5043;528;1265;14156
        Casalmorano;57;310;493;530;44;69;1503
        Castel Gabbiano;12;76;134;146;17;17;402
        Casteldidone;21;110;145;198;13;43;529
        Castelleone;322;1632;2528;3195;321;687;8685
        Castelverde;206;894;1464;2040;243;358;5205
        Castelvisconti;11;56;92;95;12;20;286
        Cella Dati;17;93;153;170;12;25;470
        Chieve;61;394;708;725;58;120;2066
        Cicognolo;36;174;283;276;25;53;847
        Cingia de' Botti;41;290;350;347;35;73;1135
        Corte de' Cortesi con Cignone;37;199;364;286;29;59;973
        Corte de' Frati;50;291;387;429;39;66;1262
        Credera Rubbiano;42;313;459;526;48;92;1479
        Crema;972;5206;7811;12202;1433;4366;31989
        Cremona;2121;10554;16666;25868;3035;9058;67301
        Cremosano;53;293;479;570;67;111;1572
        Crotta d'Adda;27;153;173;201;16;27;597
        Cumignano sul Naviglio;14;95;125;143;9;19;404
        Derovere;14;72;73;89;7;33;288
        Dovera;129;738;1136;1212;95;189;3498
        Drizzona;21;104;168;188;17;37;535
        Fiesco;48;199;348;405;48;47;1095
        Formigara;42;242;307;317;23;47;977
        Gabbioneta-Binanuova;29;192;252;257;24;46;800
        Gadesco-Pieve Delmona;64;336;547;691;55;76;1769
        Genivolta;41;271;320;375;28;47;1081
        Gerre de' Caprioli;42;168;320;527;66;103;1225
        Gombito;18;130;198;188;18;26;578
        Grontardo;63;292;402;486;55;72;1369
        Grumello Cremonese ed Uniti;51;364;512;584;53;76;1640
        Gussola;102;554;848;801;63;139;2506
        Isola Dovarese;44;291;303;361;43;57;1099
        Izano;67;349;560;712;67;109;1864
        Madignano;72;473;820;1014;71;180;2630
        Malagnino;55;230;356;628;91;159;1519
        Martignana di Po;79;317;609;641;66;131;1841
        Monte Cremasco;94;363;719;742;59;99;2076
        Montodine;72;430;790;824;85;106;2306
        Moscazzano;11;162;229;229;24;39;694
        Motta Baluffi;30;167;297;255;30;48;827
        Offanengo;173;1100;1754;1882;218;372;5499
        Olmeneta;28;185;238;345;30;49;874
        Ostiano;114;588;885;833;58;142;2620
        Paderno Ponchielli;41;277;418;453;39;76;1303
        Palazzo Pignano;119;711;1223;1270;84;156;3562
        Pandino;297;1586;2526;3076;254;483;8221
        Persico Dosimo;99;547;856;1236;143;211;3090
        Pescarolo ed Uniti;69;266;451;515;41;77;1418
        Pessina Cremonese;18;134;216;167;22;36;593
        Piadena;147;650;1013;1036;97;200;3142
        Piadena Drizzona;..;..;..;..;..;..;..
        Pianengo;76;401;705;856;91;163;2291
        Pieranica;34;192;369;354;26;55;1030
        Pieve d'Olmi;38;251;343;441;43;67;1182
        Pieve San Giacomo;68;303;427;508;38;99;1442
        Pizzighettone;215;1285;1731;2178;204;405;6018
        Pozzaglio ed Uniti;34;245;423;527;40;68;1336
        Quintano;29;132;295;317;28;36;836
        Ricengo;66;238;537;605;41;78;1564
        Ripalta Arpina;32;199;296;313;32;48;920
        Ripalta Cremasca;101;531;897;1201;139;238;3107
        Ripalta Guerina;14;85;137;194;19;40;489
        Rivarolo del Re ed Uniti;82;355;579;619;63;111;1808
        Rivolta d'Adda;269;1391;2433;2529;244;522;7388
        Robecco d'Oglio;87;475;705;692;68;119;2145
        Romanengo;85;555;943;986;101;162;2831
        Salvirola;34;232;359;370;28;38;1061
        San Bassano;74;457;659;652;74;120;2036
        San Daniele Po;53;308;355;444;28;77;1265
        San Giovanni in Croce;73;277;556;625;52;135;1717
        San Martino del Lago;7;81;129;143;9;25;393
        Scandolara Ravara;52;322;394;385;35;57;1245
        Scandolara Ripa d'Oglio;14;127;157;151;14;26;488
        Sergnano;123;589;1014;1232;116;185;3259
        Sesto ed Uniti;97;546;845;1161;108;201;2958
        Solarolo Rainerio;39;190;266;301;32;41;869
        Soncino;217;1425;2198;2420;223;523;7005
        Soresina;325;1619;2342;2833;260;604;7982
        Sospiro;220;681;804;923;98;163;2888
        Spinadesco;51;274;417;545;50;52;1388
        Spineda;34;135;189;176;16;16;566
        Spino d'Adda;242;1100;1997;2351;192;394;6274
        Stagno Lombardo;56;278;417;500;43;116;1410
        Ticengo;10;81;127;147;12;19;396
        Torlino Vimercati;16;75;131;176;14;30;442
        Tornata;13;98;145;119;19;32;426
        Torre de' Picenardi;62;310;506;550;59;90;1576
        Torricella del Pizzo;21;139;192;161;11;21;545
        Trescore Cremasco;97;504;837;941;69;142;2590
        Trigolo;56;340;450;558;60;105;1569
        Vaiano Cremasco;92;699;1189;1184;88;160;3412
        Vailate;148;765;1390;1488;116;248;4155
        Vescovato;154;776;1079;1208;136;223;3575
        Volongo;14;114;171;137;9;19;464
        Voltido;10;102;111;91;6;10;330
      Mantova;16906;71023;114164;132549;12370;29943;376954
        Acquanegra sul Chiese;102;563;941;852;83;124;2665
        Asola;405;1810;2972;3134;306;633;9259
        Bagnolo San Vito;247;990;1635;1981;150;341;5343
        Bigarello;77;333;606;655;64;126;1861
        Borgo Mantovano;197;1039;1517;1812;171;388;5124
        Borgo Virgilio;571;2251;3996;4997;480;1061;13356
        Borgocarbonara;..;..;..;..;..;..;..
        Borgofranco sul Po;42;170;223;218;14;28;695
        Bozzolo;161;742;1188;1252;139;277;3759
        Canneto sull'Oglio;177;863;1348;1337;108;190;4022
        Carbonara di Po;53;255;338;428;25;70;1167
        Casalmoro;107;393;760;652;39;82;2033
        Casaloldo;121;487;896;732;49;117;2402
        Casalromano;64;289;532;420;34;61;1400
        Castel d'Ario;220;814;1409;1407;105;271;4225
        Castel Goffredo;611;2189;3911;3699;323;595;11327
        Castelbelforte;135;608;934;986;94;128;2884
        Castellucchio;200;937;1484;1701;144;297;4763
        Castiglione delle Stiviere;1029;3544;6950;7549;707;1610;21389
        Cavriana;152;769;1181;1143;98;198;3539
        Ceresara;98;493;805;811;65;105;2376
        Commessaggio;42;254;310;318;33;74;1031
        Curtatone;527;2204;3683;5324;607;1359;13702
        Dosolo;154;645;965;1104;75;182;3124
        Gazoldo degli Ippoliti;125;529;896;925;73;161;2709
        Gazzuolo;93;471;627;699;65;142;2097
        Goito;480;1867;3028;3217;274;509;9375
        Gonzaga;372;1510;2589;2882;229;592;8174
        Guidizzolo;259;1079;1827;1786;153;275;5379
        Magnacavallo;74;309;462;463;32;70;1410
        Mantova;1731;7009;11117;16275;1934;7449;45515
        Marcaria;251;1293;1979;2031;180;323;6057
        Mariana Mantovana;33;134;254;217;15;33;685
        Marmirolo;355;1473;2260;2360;225;485;7158
        Medole;174;734;1282;1251;90;224;3755
        Moglia;231;1023;1559;1741;156;318;5027
        Monzambano;187;835;1421;1616;149;313;4520
        Motteggiana;120;428;730;858;61;113;2309
        Ostiglia;269;1145;1719;2270;199;561;6163
        Pegognaga;297;1229;2047;2303;191;419;6485
        Piubega;71;354;548;504;34;69;1579
        Poggio Rusco;306;1109;1859;2132;198;487;6091
        Pomponesco;80;326;484;553;54;71;1567
        Ponti sul Mincio;93;419;658;785;76;158;2189
        Porto Mantovano;556;2598;4346;5798;581;1305;15183
        Quingentole;54;239;332;353;25;62;1065
        Quistello;240;1207;1465;1762;127;334;5135
        Redondesco;55;280;364;381;34;62;1176
        Rivarolo Mantovano;102;501;671;811;84;164;2331
        Rodigo;203;1021;1556;1633;156;277;4845
        Roncoferraro;290;1417;1945;2182;195;386;6415
        Roverbella;396;1630;2530;2628;232;435;7850
        Sabbioneta;142;815;1196;1325;126;261;3865
        San Benedetto Po;282;1376;1985;2227;189;420;6479
        San Giacomo delle Segnate;73;312;441;479;44;90;1438
        San Giorgio Bigarello;358;1485;2627;3484;322;728;9003
        San Giovanni del Dosso;56;217;370;377;32;56;1107
        San Martino dall'Argine;68;406;492;498;42;92;1598
        Schivenoglia;54;283;311;326;36;69;1079
        Sermide e Felonica;314;1329;1765;2559;242;574;6781
        Serravalle a Po;48;336;407;482;36;51;1359
        Solferino;100;468;735;907;81;179;2470
        Sustinente;81;394;560;643;61;130;1869
        Suzzara;1040;3670;5903;6827;545;1380;19365
        Viadana;918;3298;5507;6457;594;1280;18054
        Villimpenta;105;470;618;668;63;93;2016
        Volta Mantovana;284;1360;2115;2365;227;431;6781
      Lecco;10509;54943;92497;112448;11829;27835;310060
        Abbadia Lariana;81;472;870;1146;111;296;2975
        Airuno;96;480;821;964;99;161;2621
        Annone di Brianza;79;421;643;755;96;127;2121
        Ballabio;133;546;1230;1375;114;264;3662
        Barzago;67;441;733;752;73;136;2201
        Barzanò;140;832;1381;1795;178;386;4712
        Barzio;32;217;371;447;38;106;1210
        Bellano;77;560;911;1075;114;287;3024
        Bosisio Parini;124;516;1029;1120;121;232;3141
        Brivio;163;863;1350;1425;146;311;4258
        Bulciago;114;559;880;869;75;158;2654
        Calco;164;741;1469;1926;202;465;4966
        Calolziocorte;532;2528;4236;4286;439;756;12777
        Carenno;44;274;441;446;48;92;1345
        Casargo;29;170;255;261;15;40;770
        Casatenovo;385;1972;3398;4485;501;1156;11897
        Cassago Brianza;139;733;1299;1428;131;238;3968
        Cassina Valsassina;10;100;153;173;12;32;480
        Castello di Brianza;78;430;787;818;88;173;2374
        Cernusco Lombardone;111;521;1002;1365;159;400;3558
        Cesana Brianza;70;443;719;735;81;124;2171
        Civate;128;659;1090;1314;121;242;3553
        Colico;243;1108;2169;2875;270;599;7264
        Colle Brianza;41;283;498;586;70;108;1585
        Cortenova;35;240;381;380;23;46;1105
        Costa Masnaga;160;870;1353;1497;167;304;4350
        Crandola Valsassina;10;46;91;68;8;15;238
        Cremella;56;295;487;577;52;137;1603
        Cremeno;51;207;473;615;59;112;1517
        Dervio;74;479;700;929;81;165;2427
        Dolzago;85;453;757;797;94;134;2319
        Dorio;6;61;104;108;6;16;300
        Ello;35;188;355;435;50;87;1149
        Erve;21;156;239;220;20;21;677
        Esino Lario;19;155;216;264;16;40;709
        Galbiate;249;1502;2213;2867;314;763;7908
        Garbagnate Monastero;82;423;825;767;79;123;2298
        Garlate;78;495;726;906;87;207;2499
        Imbersago;72;361;622;849;95;278;2277
        Introbio;64;348;565;676;55;112;1819
        La Valletta Brianza;151;778;1320;1603;148;310;4309
        Lecco;1385;7203;11761;16247;1998;6372;44965
        Lierna;54;301;601;772;65;177;1969
        Lomagna;158;692;1258;1827;211;460;4604
        Malgrate;147;634;1148;1419;194;469;4011
        Mandello del Lario;281;1624;2839;3614;366;904;9627
        Margno;8;53;143;110;7;25;345
        Merate;459;2137;3590;5003;543;1754;13485
        Missaglia;259;1444;2277;3044;298;659;7981
        Moggio;13;111;145;142;16;35;462
        Molteno;126;655;1116;1109;90;163;3259
        Monte Marenzo;57;317;638;593;53;108;1765
        Montevecchia;55;358;607;978;134;329;2461
        Monticello Brianza;116;794;1055;1406;141;288;3799
        Morterone;1;11;8;8;1;2;31
        Nibionno;155;688;1110;1091;121;158;3323
        Oggiono;319;1517;2443;2844;300;711;8134
        Olgiate Molgora;231;974;1721;2179;272;529;5906
        Olginate;263;1363;2163;2161;190;347;6485
        Oliveto Lario;39;205;336;443;40;86;1149
        Osnago;128;737;1289;1622;155;436;4366
        Paderno d'Adda;138;609;1028;1273;108;320;3476
        Pagnona;7;109;129;76;4;7;332
        Parlasco;6;22;58;40;..;3;128
        Pasturo;59;377;574;651;57;81;1799
        Perledo;40;196;231;299;21;73;860
        Pescate;64;310;623;811;77;174;2059
        Premana;71;431;828;598;55;69;2052
        Primaluna;80;386;759;693;50;79;2046
        Robbiate;222;944;1682;2143;227;523;5740
        Rogeno;106;530;914;998;104;202;2854
        Santa Maria Hoè;63;361;575;737;86;166;1988
        Sirone;75;419;705;730;75;99;2102
        Sirtori;83;441;713;1019;90;253;2599
        Sueglio;3;27;61;53;3;9;156
        Suello;52;335;494;556;53;115;1605
        Taceno;17;89;181;179;10;16;492
        Valgreghentino;116;662;980;1090;115;192;3155
        Valmadrera;377;2004;3184;3761;440;784;10550
        Valvarrone;15;134;165;169;15;22;520
        Varenna;16;106;200;260;29;80;691
        Vendrogno;3;76;87;88;8;16;278
        Vercurago;75;507;766;950;88;239;2624
        Verderio;168;796;1596;1994;193;391;5138
        Viganò;73;330;562;699;75;159;1898
      Lodi;7914;35482;62427;79019;7129;16886;208856
        Abbadia Cerreto;10;56;85;89;4;16;260
        Bertonico;42;239;285;360;32;62;1020
        Boffalora d'Adda;65;266;518;595;55;99;1597
        Borghetto Lodigiano;152;722;1270;1438;130;236;3948
        Borgo San Giovanni;89;353;676;873;63;122;2176
        Brembio;110;512;756;884;73;148;2482
        Casaletto Lodigiano;101;402;877;1015;77;158;2630
        Casalmaiocco;103;430;843;1162;99;201;2838
        Casalpusterlengo;508;2431;4092;5377;479;1079;13965
        Caselle Landi;59;326;442;536;36;69;1468
        Caselle Lurani;108;436;981;1001;46;116;2687
        Castelgerundo;57;281;421;487;43;78;1366
        Castelnuovo Bocca d'Adda;47;296;437;575;48;87;1490
        Castiglione d'Adda;123;894;1322;1568;158;256;4320
        Castiraga Vidardo;114;369;826;966;79;173;2527
        Cavenago d'Adda;66;417;625;748;60;92;2007
        Cervignano d'Adda;78;308;646;789;63;93;1977
        Codogno;531;2450;3968;5344;511;1445;14249
        Comazzo;72;300;721;798;50;104;2044
        Cornegliano Laudense;92;408;799;1020;116;250;2684
        Corno Giovine;35;200;318;382;32;78;1044
        Cornovecchio;11;51;68;66;..;3;199
        Corte Palasio;49;237;431;568;53;77;1415
        Crespiatica;89;349;754;707;45;93;2036
        Fombio;82;351;630;852;76;143;2133
        Galgagnano;45;161;380;470;29;67;1152
        Graffignana;84;462;730;882;62;170;2390
        Guardamiglio;90;461;739;893;90;167;2440
        Livraga;91;461;729;844;57;107;2288
        Lodi;1445;5853;10388;15906;1884;5922;41397
        Lodi Vecchio;281;1350;2209;2469;179;354;6841
        Maccastorna;2;11;16;22;2;5;58
        Mairago;62;209;386;505;37;77;1276
        Maleo;101;622;833;1088;87;163;2892
        Marudo;64;235;542;596;49;87;1573
        Massalengo;124;656;1265;1562;124;234;3965
        Meleti;19;97;144;138;16;23;437
        Merlino;58;223;539;601;52;89;1562
        Montanaso Lombardo;80;332;555;831;72;204;2074
        Mulazzano;214;901;1743;1981;168;269;5276
        Orio Litta;64;397;601;678;47;101;1887
        Ospedaletto Lodigiano;93;334;589;615;51;110;1792
        Ossago Lodigiano;58;250;388;497;34;79;1306
        Pieve Fissiraga;57;239;524;601;60;121;1602
        Salerano sul Lambro;72;448;865;870;65;112;2430
        San Fiorano;65;273;489;682;65;127;1701
        San Martino in Strada;130;589;968;1407;126;230;3449
        San Rocco al Porto;127;562;976;1204;82;213;3164
        Sant'Angelo Lodigiano;506;2125;3893;4370;342;851;12087
        Santo Stefano Lodigiano;64;324;549;645;62;110;1753
        Secugnago;64;316;528;709;73;82;1772
        Senna Lodigiana;75;388;557;578;39;78;1715
        Somaglia;156;676;1089;1247;106;190;3463
        Sordio;114;501;941;1197;104;218;3075
        Tavazzano con Villavesco;213;906;1675;2102;176;306;5378
        Terranova dei Passerini;31;180;267;288;28;48;842
        Turano Lodigiano;75;272;440;528;33;87;1434
        Valera Fratta;65;244;530;580;45;53;1517
        Villanova del Sillaro;73;268;569;551;45;119;1625
        Zelo Buon Persico;264;1075;2005;2686;214;438;6681
      Monza e della Brianza;29206;127557;221192;306637;31709;82064;798365
        Agrate Brianza;526;2138;3826;5565;545;1345;13944
        Aicurzio;62;320;575;740;83;164;1944
        Albiate;192;908;1643;2333;220;538;5833
        Arcore;578;2613;4233;6396;744;1938;16501
        Barlassina;261;1122;1776;2497;225;514;6395
        Bellusco;279;1142;1976;2513;247;580;6736
        Bernareggio;340;1377;2843;4194;396;912;10062
        Besana in Brianza;507;2267;4084;5566;577;1407;14408
        Biassono;341;1691;2845;4485;556;1327;11244
        Bovisio-Masciago;564;2424;4557;6074;586;1264;15468
        Briosco;183;1012;1644;2113;215;437;5604
        Brugherio;1169;5101;8707;12735;1213;3082;32007
        Burago di Molgora;139;648;1057;1612;157;321;3934
        Busnago;242;983;1874;2395;197;419;6110
        Camparada;84;263;537;811;85;208;1987
        Caponago;183;811;1375;1857;139;358;4722
        Carate Brianza;558;2668;4554;6138;647;1706;16270
        Carnate;237;1020;1802;2671;291;765;6786
        Cavenago di Brianza;251;993;2002;2628;241;534;6649
        Ceriano Laghetto;228;1065;1827;2297;208;449;6073
        Cesano Maderno;1360;5991;10389;13087;1240;2642;34707
        Cogliate;272;1342;2486;2943;285;510;7837
        Concorezzo;545;2323;3928;5604;581;1396;14377
        Cornate d'Adda;397;1763;3120;3521;325;674;9799
        Correzzana;98;326;692;1128;112;308;2663
        Desio;1466;6028;10700;14884;1562;3550;38190
        Giussano;855;4140;6938;8936;947;1916;23731
        Lazzate;260;1342;2320;2567;234;437;7160
        Lentate sul Seveso;570;2794;4581;5145;485;982;14555
        Lesmo;287;1003;2013;3213;343;955;7813
        Limbiate;1473;5713;10456;11385;933;1587;31546
        Lissone;1469;6162;11011;16229;1952;4689;41512
        Macherio;243;1328;1947;2547;240;583;6888
        Meda;772;3752;6110;7978;730;1934;21274
        Mezzago;171;735;1339;1419;133;239;4036
        Misinto;174;833;1562;1928;176;323;4995
        Monza;3951;15772;27337;43501;5078;19519;115158
        Muggiò;817;3776;6213;8650;723;1537;21715
        Nova Milanese;942;3631;6255;8300;769;1686;21581
        Ornago;172;708;1264;1936;189;353;4622
        Renate;153;620;1140;1358;148;297;3715
        Roncello;140;563;1229;1721;184;282;4118
        Ronco Briantino;104;476;938;1280;161;253;3211
        Seregno;1505;6628;10784;15969;1779;4794;41458
        Seveso;777;3563;6115;8075;803;1741;21074
        Sovico;299;1282;2209;2894;291;649;7624
        Sulbiate;131;611;1218;1486;147;323;3915
        Triuggio;242;1343;2263;3172;279;699;7997
        Usmate Velate;324;1370;2665;3704;414;1011;9488
        Varedo;434;2198;3539;4767;492;1005;12435
        Vedano al Lambro;221;957;1604;2590;360;1269;7001
        Veduggio con Colzano;143;773;1316;1393;147;229;4001
        Verano Brianza;278;1504;2522;3180;342;606;8431
        Villasanta;399;2061;3276;5093;540;1623;12991
        Vimercate;842;3586;5982;9442;1019;3200;24070
  Nord-est;423813;1797594;3029285;3990064;406588;1105754;10753098
    Trentino Alto Adige / Südtirol;31230;147075;251750;418557;40178;91234;980023
    Provincia Autonoma Bolzano / Bozen;16638;72325;123583;211838;18115;38492;480990
      Bolzano / Bozen;16638;72325;123583;211838;18115;38492;480990
        Aldino/Aldein;46;272;372;731;32;69;1522
        Andriano/Andrian;34;136;242;422;40;58;932
        Anterivo/Altrei;18;80;76;166;9;13;362
        Appiano sulla strada del vino/Eppan an der Weinstraße;447;1823;3260;6120;607;1164;13420
        Avelengo/Hafling;27;98;170;365;13;37;710
        Badia/Abtei;98;544;906;1332;120;242;3242
        Barbiano/Barbian;56;267;386;731;34;70;1543
        Bolzano/Bozen;3522;13205;23862;41164;4832;12243;98827
        Braies/Prags;17;101;157;296;15;19;605
        Brennero/Brenner;80;327;602;821;63;116;2008
        Bressanone/Brixen;719;2604;5141;8689;908;2158;20218
        Bronzolo/Branzoll;79;380;646;1144;104;162;2514
        Brunico/Bruneck;480;2095;3897;6607;613;1609;15301
        Caines/Kuens;16;64;74;189;10;16;369
        Caldaro sulla strada del vino/Kaltern an der Weinstraße;222;1032;1859;3378;256;520;7266
        Campo di Trens/Freienfeld;87;360;676;1122;58;112;2415
        Campo Tures/Sand in Taufers;194;847;1432;2082;117;290;4961
        Castelbello-Ciardes/Kastelbell-Tschars;63;414;550;935;41;81;2083
        Castelrotto/Kastelruth;207;1037;1523;2843;214;386;6209
        Cermes/Tscherms;46;183;355;642;51;88;1364
        Chienes/Kiens;77;416;666;1213;72;150;2593
        Chiusa/Klausen;145;833;1320;1947;131;289;4665
        Cornedo all'Isarco/Karneid;115;513;848;1407;87;139;3109
        Cortaccia sulla strada del vino/Kurtatsch an der Weinstraße;75;337;469;996;62;106;2045
        Cortina sulla strada del vino/Kurtinig an der Weinstraße;24;94;125;304;18;38;602
        Corvara in Badia/Corvara;37;204;325;552;44;80;1241
        Curon Venosta/Graun im Vinschgau;73;342;593;981;52;88;2128
        Dobbiaco/Toblach;106;391;781;1435;99;212;3023
        Egna/Neumarkt;181;751;1204;2214;175;388;4913
        Falzes/Pfalzen;91;365;680;1123;88;186;2532
        Fiè allo Sciliar/Völs am Schlern;125;520;889;1349;107;218;3208
        Fortezza/Franzensfeste;44;143;258;341;21;53;860
        Funes/Villnöß;88;440;639;1012;64;94;2337
        Gais/Gais;109;508;831;1315;81;150;2994
        Gargazzone/Gargazon;51;245;374;713;57;132;1572
        Glorenza/Glurns;25;135;172;388;24;57;801
        La Valle/Wengen;41;204;292;608;38;64;1247
        Laces/Latsch;161;701;1279;2237;123;222;4722
        Lagundo/Algund;132;607;1173;2010;199;376;4496
        Laion/Lajen;96;414;669;1117;51;105;2452
        Laives/Leifers;600;2376;4410;7318;718;1096;16517
        Lana/Lana;396;1605;2831;5128;415;764;11138
        Lasa/Laas;143;649;908;1619;105;163;3587
        Lauregno/Laurein;8;76;91;140;6;4;324
        Luson/Lüsen;48;273;356;613;37;51;1378
        Magrè sulla strada del vino/Margreid an der Weinstraße;54;175;320;510;26;60;1145
        Malles Venosta/Mals;135;697;1318;2132;154;238;4673
        Marebbe/Enneberg;85;448;734;1174;96;185;2722
        Marlengo/Marling;75;362;630;1175;87;180;2509
        Martello/Martell;19;156;255;309;13;13;765
        Meltina/Mölten;66;245;409;682;53;72;1527
        Merano/Meran;1265;5224;9241;15734;1661;4034;37157
        Monguelfo-Tesido/Welsberg-Taisten;91;445;721;1183;83;144;2666
        Montagna sulla Strada del Vino/Montan an der Weinstraße;47;223;338;767;58;92;1525
        Moso in Passiria/Moos In Passeier;72;431;530;730;43;42;1848
        Nalles/Nals;50;264;391;884;85;139;1813
        Naturno/Naturns;170;874;1398;2448;162;256;5307
        Naz-Sciaves/Natz-Schabs;93;319;716;1350;112;240;2829
        Nova Levante/Welschnofen;44;255;490;848;49;124;1809
        Nova Ponente/Deutschnofen;117;527;817;1793;120;202;3576
        Ora/Auer;125;483;820;1645;146;235;3454
        Ortisei/St. Ulrich;155;663;1125;2059;130;329;4461
        Parcines/Partschins;118;610;976;1442;103;167;3416
        Perca/Percha;48;179;374;671;49;98;1419
        Plaus/Plaus;22;85;195;322;13;24;660
        Ponte Gardena/Waidbruck;6;29;55;79;3;10;182
        Postal/Burgstall;61;219;413;822;66;128;1708
        Prato allo Stelvio/Prad am Stilfserjoch;107;440;839;1580;99;172;3236
        Predoi/Prettau;16;120;145;208;15;18;522
        Proves/Proveis;6;41;57;123;4;12;243
        Racines/Ratschings;121;681;1273;1687;100;166;4028
        Rasun-Anterselva/Rasen-Antholz;87;454;798;1128;78;125;2669
        Renon/Ritten;255;1036;1807;3315;256;517;7185
        Rifiano/Riffian;51;218;313;581;31;63;1257
        Rio di Pusteria/Mühlbach;132;433;763;1208;72;147;2754
        Rodengo/Rodeneck;31;184;310;524;28;45;1122
        Salorno sulla strada del vino/Salurn an der Weinstraße;155;554;900;1441;118;222;3389
        San Candido/Innichen;107;455;877;1325;107;197;3068
        San Genesio Atesino/Jenesien;94;493;757;1189;106;175;2814
        San Leonardo in Passiria/St. Leonhard in Passeier;110;624;887;1366;74;114;3175
        San Lorenzo di Sebato/St. Lorenzen;117;569;980;1511;117;213;3507
        San Martino in Badia/St. Martin in Thurn;31;288;415;727;66;90;1615
        San Martino in Passiria/St. Martin in Passeier;107;560;800;1277;64;87;2895
        San Pancrazio/St. Pankraz;58;305;399;602;27;52;1443
        Santa Cristina Valgardena/St. Christina in Gröden;54;241;473;860;58;112;1797
        Sarentino/Sarntal;235;1359;1583;2814;168;238;6397
        Scena/Schenna;87;489;689;1169;70;125;2629
        Selva dei Molini/Mühlwald;44;270;432;500;30;36;1311
        Selva di Val Gardena/Wolkenstein in Gröden;65;287;646;1173;84;163;2418
        Senales/Schnals;38;221;300;504;21;36;1120
        Senale-San Felice/Unsere Liebe Frau im Walde-St. Felix;22;121;201;321;20;19;704
        Sesto/Sexten;43;295;560;716;49;83;1746
        Silandro/Schlanders;178;833;1367;2628;191;341;5538
        Sluderno/Schluderns;41;296;388;807;44;64;1640
        Stelvio/Stilfs;29;192;297;450;22;53;1041
        Terento/Terenten;49;286;540;611;45;75;1606
        Terlano/Terlan;154;577;967;1800;171;398;4066
        Termeno sulla strada del vino/Tramin an der Weinstraße;95;516;818;1401;100;171;3100
        Tesimo/Tisens;47;343;502;762;49;104;1807
        Tires/Tiers;29;112;189;509;25;45;909
        Tirolo/Tirol;75;339;562;1033;71;146;2225
        Trodena nel parco naturale/Truden im Naturpark;40;154;212;430;31;67;934
        Tubre/Taufers im Münstertal;30;160;227;392;26;24;859
        Ultimo/Ulten;87;520;670;1140;61;92;2569
        Vadena/Pfatten;35;126;271;428;39;57;956
        Val di Vizze/Pfitsch;103;425;699;1250;83;177;2736
        Valdaora/Olang;96;417;789;1261;108;169;2839
        Valle Aurina/Ahrntal;223;967;1543;2362;125;197;5417
        Valle di Casies/Gsies;81;357;515;958;50;69;2030
        Vandoies/Vintl;118;477;843;1356;89;114;2996
        Varna/Vahrn;151;569;1049;1893;178;341;4181
        Velturno/Feldthurns;88;448;584;1227;95;155;2597
        Verano/Vöran;31;134;212;422;24;36;858
        Villabassa/Niederdorf;54;210;380;680;34;67;1425
        Villandro/Villanders;53;350;417;790;46;67;1723
        Vipiteno/Sterzing;215;861;1718;2792;229;554;6368
    Provincia Autonoma Trento;14592;74750;128167;206719;22063;52742;499033
      Trento;14592;74750;128167;206719;22063;52742;499033
        Ala;263;1249;2142;3480;316;532;7981
        Albiano;41;276;403;507;57;69;1353
        Aldeno;80;352;852;1218;142;291;2935
        Altavalle;38;287;433;612;53;67;1490
        Altopiano della Vigolana;104;647;1051;2039;263;555;4658
        Amblar-Don;9;81;140;194;15;34;473
        Andalo;26;153;245;479;35;67;1005
        Arco;478;2222;4328;6930;701;1639;16297
        Avio;122;556;1130;1610;121;196;3735
        Baselga di Pinè;139;706;1140;1995;213;434;4627
        Bedollo;26;252;347;624;40;70;1359
        Besenello;77;381;610;994;110;216;2388
        Bieno;9;70;121;172;5;25;401
        Bleggio Superiore;43;269;391;600;43;89;1434
        Bocenago;4;49;107;171;14;25;370
        Bondone;17;144;185;234;13;25;618
        Borgo Chiese;54;382;508;753;69;98;1864
        Borgo d'Anaunia;..;..;..;..;..;..;..
        Borgo Lares;16;117;164;287;20;62;666
        Borgo Valsugana;184;976;1749;2685;283;566;6443
        Brentonico;127;616;912;1549;166;305;3674
        Bresimo;5;52;69;99;6;8;238
        Brez;23;137;169;271;21;47;668
        Caderzone Terme;18;117;178;242;24;45;624
        Cagnò;8;46;80;147;11;17;309
        Calceranica al Lago;37;201;298;528;65;113;1241
        Caldes;36;177;269;443;27;53;1005
        Caldonazzo;105;452;829;1522;175;382;3465
        Calliano;74;213;416;795;89;167;1754
        Campitello di Fassa;18;111;199;284;28;45;684
        Campodenno;37;234;368;543;58;94;1334
        Canal San Bovo;23;286;359;584;43;65;1359
        Canazei;50;267;513;716;70;127;1743
        Capriana;16;114;157;228;19;17;551
        Carano;29;167;271;421;37;83;1008
        Carisolo;29;152;230;350;35;73;869
        Carzano;23;69;130;193;21;27;463
        Castel Condino;5;44;74;78;2;8;211
        Castel Ivano;98;476;866;1350;119;180;3089
        Castelfondo;12;107;149;239;15;34;555
        Castello Tesino;16;239;306;484;41;68;1152
        Castello-Molina di Fiemme;49;385;654;821;84;146;2139
        Castelnuovo;27;137;256;434;48;62;963
        Cavalese;118;579;1086;1537;140;358;3817
        Cavareno;33;152;241;454;44;86;1010
        Cavedago;8;90;121;220;13;48;500
        Cavedine;67;456;766;1175;114;182;2760
        Cavizzana;9;31;64;108;5;11;228
        Cembra Lisignago;67;421;571;857;64;108;2088
        Cimone;16;114;194;246;18;47;635
        Cinte Tesino;8;62;106;137;6;12;331
        Cis;5;52;94;120;9;13;292
        Civezzano;109;539;941;1477;171;415;3651
        Cles;162;945;1720;2580;339;685;6431
        Cloz;25;114;148;251;26;53;616
        Comano Terme;85;454;677;1138;91;228;2673
        Commezzadura;18;180;253;402;30;34;917
        Contà;35;250;329;555;44;91;1304
        Croviana;17;91;171;289;22;50;640
        Daiano;18;103;157;269;29;34;610
        Dambel;10;87;84;168;17;28;394
        Denno;29;194;325;430;43;104;1124
        Dimaro Folgarida;59;312;547;848;77;124;1967
        Drena;19;74;143;246;21;37;540
        Dro;160;628;1259;1982;177;319;4524
        Faedo;12;99;167;257;20;40;595
        Fai della Paganella;20;159;216;336;39;80;849
        Fiavè;27;167;259;437;38;72;1000
        Fierozzo;12;109;138;156;11;14;439
        Folgaria;68;481;734;1311;125;273;2992
        Fondo;35;278;343;549;49;78;1331
        Fornace;40;181;328;545;45;66;1205
        Frassilongo;6;92;86;117;7;21;329
        Garniga Terme;6;81;118;143;11;29;388
        Giovo;58;407;626;945;104;177;2317
        Giustino;13;100;158;318;33;53;675
        Grigno;45;438;570;830;79;82;2044
        Imer;15;192;279;487;39;72;1084
        Isera;72;366;582;1084;112;258;2474
        Lavarone;28;143;292;517;45;80;1104
        Lavis;266;1213;2223;3415;389;716;8221
        Ledro;138;855;1278;2124;183;347;4925
        Levico Terme;250;1059;1902;3127;356;755;7449
        Livo;21;150;234;283;22;46;756
        Lona-Lases;37;125;228;306;26;51;773
        Luserna;5;56;56;92;12;18;239
        Madruzzo;86;390;714;1148;116;205;2658
        Malé;60;385;530;821;67;187;2048
        Malosco;16;55;101;174;12;37;395
        Massimeno;1;19;32;66;2;9;129
        Mazzin;17;90;141;220;14;40;522
        Mezzana;18;133;219;378;31;44;823
        Mezzano;35;257;371;677;46;105;1491
        Mezzocorona;156;796;1320;2007;236;504;5018
        Mezzolombardo;219;1002;1800;2683;264;562;6528
        Moena;65;377;663;1094;89;201;2488
        Molveno;21;172;279;463;40;72;1047
        Mori;255;1453;2341;4008;380;713;9150
        Nago-Torbole;72;396;639;1126;100;265;2598
        Nave San Rocco;35;195;400;510;54;78;1272
        Nogaredo;47;306;415;860;98;179;1905
        Nomi;36;253;313;508;57;91;1258
        Novaledo;32;158;305;413;32;49;989
        Novella;..;..;..;..;..;..;..
        Ospedaletto;19;141;196;306;31;45;738
        Ossana;25;119;181;358;23;84;790
        Palù del Fersina;1;31;60;51;7;11;160
        Panchià;19;113;258;321;31;31;773
        Peio;37;302;427;789;59;106;1719
        Pellizzano;15;136;182;303;37;50;723
        Pelugo;10;46;111;145;12;29;352
        Pergine Valsugana;678;2847;5005;8217;888;2035;19670
        Pieve di Bono-Prezzo;41;248;360;562;44;77;1332
        Pieve Tesino;17;122;168;257;13;42;619
        Pinzolo;78;446;697;1238;116;280;2854
        Pomarolo;79;339;578;951;101;214;2262
        Porte di Rendena;53;265;427;713;50;138;1645
        Predaia;186;940;1647;2554;246;473;6045
        Predazzo;105;636;1248;1760;142;309;4200
        Primiero San Martino di Castrozza;115;780;1252;2229;191;451;5018
        Rabbi;33;244;324;511;63;88;1263
        Revò;24;156;312;527;51;99;1168
        Riva del Garda;485;2327;4426;6636;648;1754;16276
        Romallo;11;95;132;257;18;54;567
        Romeno;48;200;361;541;56;96;1301
        Roncegno Terme;91;466;688;1115;103;180;2643
        Ronchi Valsugana;3;74;105;189;16;24;410
        Ronzo-Chienis;22;185;241;370;34;50;902
        Ronzone;16;63;94;167;22;31;393
        Roverè della Luna;46;294;434;627;40;104;1544
        Rovereto;1105;5055;8753;14986;1793;4960;36651
        Ruffrè-Mendola;5;70;100;178;13;26;392
        Rumo;25;155;199;299;29;37;744
        Sagron Mis;2;34;44;72;8;14;173
        Samone;15;95;135;221;14;34;514
        San Lorenzo Dorsino;41;273;390;626;50;86;1465
        San Michele all'Adige;92;395;739;1296;118;253;2892
        Sant'Orsola Terme;26;172;248;466;43;87;1041
        Sanzeno;22;137;228;339;35;82;843
        Sarnonico;26;118;184;319;24;59;730
        Scurelle;45;203;348;562;59;79;1296
        Segonzano;38;270;354;568;64;70;1363
        Sella Giudicarie;77;476;705;1201;87;150;2696
        San Giovanni di Fassa-Sèn Jan;105;467;900;1421;111;230;3234
        Sfruz;16;56;84;131;19;33;339
        Soraga di Fassa;19;97;195;280;29;35;655
        Sover;18;169;243;290;18;37;775
        Spiazzo;46;186;314;476;49;108;1178
        Spormaggiore;25;180;298;504;54;92;1153
        Sporminore;16;123;187;274;21;37;658
        Stenico;31;155;296;466;43;89;1080
        Storo;152;776;1245;1641;166;221;4201
        Strembo;18;94;149;205;7;50;523
        Telve;54;304;480;777;67;145;1827
        Telve di Sopra;10;103;142;250;20;27;552
        Tenna;25;138;231;402;50;115;961
        Tenno;53;287;472;781;65;153;1810
        Terragnolo;12;149;186;284;16;35;682
        Terre d'Adige;..;..;..;..;..;..;..
        Terzolas;15;91;147;266;27;44;589
        Tesero;76;432;827;1095;98;156;2684
        Tione di Trento;98;438;922;1337;114;385;3294
        Ton;35;233;325;512;45;62;1211
        Torcegno;17;105;194;287;26;29;658
        Trambileno;38;213;313;597;57;118;1336
        Trento;3219;13630;25884;42951;5873;18732;110288
        Tre Ville;34;197;299;589;48;124;1291
        Valdaone;35;227;300;455;45;46;1107
        Valfloriana;5;98;140;166;13;28;450
        Vallarsa;29;256;324;538;53;70;1270
        Vallelaghi;138;765;1171;1968;221;412;4675
        Varena;21;140;236;316;22;54;789
        Vermiglio;50;264;453;798;60;80;1705
        Vignola-Falesina;8;20;42;68;6;15;159
        Villa Lagarina;95;542;875;1434;175;345;3465
        Ville d'Anaunia;120;761;1174;1872;210;393;4530
        Ville di Fiemme;..;..;..;..;..;..;..
        Volano;84;436;690;1186;133;284;2813
        Zambana;52;240;435;657;68;102;1553
        Ziano di Fiemme;32;237;468;705;63;111;1616
    Veneto;172768;792781;1315113;1645667;169787;423535;4519651
      Verona;29446;146066;238835;319648;33179;82110;849283
        Affi;75;315;663;895;74;143;2165
        Albaredo d'Adige;176;1015;1527;1732;134;245;4829
        Angiari;90;398;543;799;99;165;2094
        Arcole;218;1112;1863;2005;204;332;5734
        Badia Calavena;73;495;726;890;83;104;2371
        Bardolino;184;1197;1767;2570;270;676;6663
        Belfiore;120;581;910;998;98;176;2882
        Bevilacqua;52;331;481;576;47;67;1554
        Bonavigo;65;379;593;637;43;93;1810
        Boschi Sant'Anna;51;294;432;433;42;50;1302
        Bosco Chiesanuova;104;644;985;1232;94;198;3257
        Bovolone;603;2870;4701;5202;414;883;14673
        Brentino Belluno;50;207;464;466;42;36;1265
        Brenzone sul Garda;66;401;648;919;67;173;2274
        Bussolengo;674;3083;5379;7219;785;1476;18615
        Buttapietra;239;1114;1891;2424;246;456;6370
        Caldiero;268;1153;2077;2840;247;521;7104
        Caprino Veronese;281;1409;2259;3068;265;626;7907
        Casaleone;199;1265;1692;1612;141;273;5181
        Castagnaro;117;845;1087;1122;97;167;3435
        Castel d'Azzano;397;1911;3385;4199;369;708;10968
        Castelnuovo del Garda;439;2018;3513;4737;424;841;11971
        Cavaion Veronese;186;859;1575;2210;198;379;5405
        Cazzano di Tramigna;47;308;412;483;48;84;1382
        Cerea;573;3184;4659;5465;515;967;15362
        Cerro Veronese;61;351;767;879;64;157;2279
        Cologna Veneta;287;1455;2280;2926;264;567;7778
        Colognola ai Colli;273;1392;2267;2988;282;628;7829
        Concamarise;45;216;320;343;21;42;987
        Costermano sul Garda;120;528;953;1420;156;294;3471
        Dolcè;98;467;765;839;63;111;2342
        Erbè;73;349;540;629;58;72;1720
        Erbezzo;16;177;214;273;16;29;724
        Ferrara di Monte Baldo;6;47;77;106;6;25;266
        Fumane;125;637;1060;1497;171;333;3822
        Garda;128;605;1057;1431;144;391;3755
        Gazzo Veronese;193;1126;1700;1567;114;188;4888
        Grezzana;371;1966;2982;3589;383;728;10018
        Illasi;138;928;1422;1805;183;302;4777
        Isola della Scala;383;1919;3264;3991;317;715;10588
        Isola Rizza;120;609;951;1024;100;124;2927
        Lavagno;286;1077;2086;3157;328;728;7661
        Lazise;249;1131;1866;2479;210;577;6512
        Legnago;799;4318;6517;8407;904;2395;23339
        Malcesine;119;600;987;1357;102;257;3420
        Marano di Valpolicella;100;521;824;1071;155;271;2942
        Mezzane di Sotto;92;431;584;847;114;232;2299
        Minerbe;151;878;1312;1511;146;246;4244
        Montecchia di Crosara;137;829;1357;1306;125;179;3932
        Monteforte d'Alpone;363;1514;2551;2745;274;574;8021
        Mozzecane;276;1125;2087;2799;268;458;7012
        Negrar di Valpolicella;501;2390;4123;5996;766;1983;15758
        Nogara;298;1444;2455;2875;218;500;7790
        Nogarole Rocca;154;627;1151;1128;104;191;3355
        Oppeano;367;1670;2866;3295;303;467;8968
        Palù;49;264;356;398;26;49;1142
        Pastrengo;115;471;826;1127;96;230;2865
        Pescantina;548;2381;4263;6341;727;1365;15624
        Peschiera del Garda;326;1517;2643;3950;409;1094;9938
        Povegliano Veronese;194;1258;1981;2620;208;421;6682
        Pressana;99;477;737;823;62;116;2314
        Rivoli Veronese;80;403;618;776;63;100;2040
        Roncà;122;719;1192;1128;114;178;3452
        Ronco all'Adige;201;1195;1801;1855;139;299;5490
        Roverchiara;111;519;854;744;78;112;2418
        Roverè Veronese;75;384;674;643;41;98;1914
        Roveredo di Guà;58;255;450;512;50;101;1425
        Salizzole;145;771;1146;1226;79;120;3487
        San Bonifacio;773;3207;5597;6934;695;1633;18838
        San Giovanni Ilarione;169;988;1594;1525;131;205;4611
        San Giovanni Lupatoto;867;4217;6507;8649;891;1800;22930
        San Martino Buon Albergo;524;2475;3916;5408;580;1164;14067
        San Mauro di Saline;15;113;182;162;23;18;512
        San Pietro di Morubio;121;628;877;890;68;121;2704
        San Pietro in Cariano;339;1993;2980;4658;579;1326;11875
        San Zeno di Montagna;43;215;340;522;37;134;1291
        Sanguinetto;152;818;1059;1407;105;203;3744
        Sant'Ambrogio di Valpolicella;411;1931;3013;4173;417;887;10831
        Sant'Anna d'Alfaedo;75;455;694;859;100;137;2319
        Selva di Progno;26;199;279;281;20;26;831
        Soave;215;1038;1829;2527;246;628;6483
        Sommacampagna;485;2521;4016;5096;492;964;13573
        Sona;531;2671;4658;6472;683;1227;16242
        Sorgà;109;578;942;946;83;137;2794
        Terrazzo;92;466;588;686;45;105;1981
        Torri del Benaco;93;476;714;1134;91;316;2824
        Tregnago;148;915;1327;1594;171;309;4464
        Trevenzuolo;108;496;873;817;55;142;2490
        Valeggio sul Mincio;523;2329;4026;5485;542;1090;13993
        Velo Veronese;25;168;240;236;17;19;705
        Verona;7333;35761;58550;90913;11075;36583;240215
        Veronella;183;765;1469;1692;134;224;4466
        Vestenanova;87;513;779;763;104;96;2341
        Vigasio;335;1537;2798;3616;317;597;9199
        Villa Bartolomea;207;1068;1639;1913;179;342;5347
        Villafranca di Verona;1027;5126;8467;12214;1232;2646;30711
        Zevio;476;2227;4251;5391;456;921;13722
        Zimella;161;853;1484;1542;120;233;4392
      Vicenza;25607;140822;241784;288926;29179;64791;791109
        Agugliaro;45;218;388;519;39;66;1275
        Albettone;55;345;689;654;47;96;1886
        Alonte;42;206;466;604;65;110;1493
        Altavilla Vicentina;347;1755;3307;4388;400;777;10973
        Altissimo;90;381;754;662;57;72;2016
        Arcugnano;198;1217;2096;2718;278;681;7187
        Arsiero;80;609;924;1043;62;175;2893
        Arzignano;852;4260;7519;8356;808;1560;23354
        Asiago;165;936;1733;2439;189;534;5995
        Asigliano Veneto;26;162;243;297;27;36;791
        Barbarano Mossano;198;1250;1965;1988;196;280;5876
        Bassano del Grappa;1221;6423;10802;14298;1823;5188;39754
        Bolzano Vicentino;220;1074;1864;2131;245;394;5927
        Breganze;254;1491;2303;3010;296;597;7949
        Brendola;189;1288;1939;2107;199;389;6110
        Bressanvido;108;581;883;1093;100;140;2905
        Brogliano;129;603;1220;1316;130;204;3601
        Caldogno;335;1771;3141;3921;404;848;10419
        Caltrano;78;444;736;848;94;115;2315
        Calvene;53;286;395;381;41;68;1223
        Camisano Vicentino;351;1716;3070;3861;397;699;10094
        Campiglia dei Berici;58;285;506;572;46;93;1560
        Campolongo sul Brenta;24;164;207;263;26;55;738
        Carrè;109;566;1087;1230;110;233;3335
        Cartigliano;132;644;1283;1139;99;222;3519
        Cassola;422;2141;4215;4988;530;1073;13368
        Castegnero;80;485;899;995;87;133;2679
        Castelgomberto;178;1052;1852;2030;180;316;5607
        Chiampo;474;2415;4210;3723;317;474;11613
        Chiuppano;56;457;735;889;60;135;2332
        Cismon del Grappa;23;212;257;295;21;50;858
        Cogollo del Cengio;69;532;955;1182;86;170;2993
        Colceresa;..;..;..;..;..;..;..
        Conco;45;432;730;673;51;99;2029
        Cornedo Vicentino;377;2090;3488;4074;361;675;11064
        Costabissara;228;1113;1971;2700;285;675;6971
        Creazzo;345;1794;3014;3960;400;902;10414
        Crespadoro;43;234;478;366;28;44;1193
        Dueville;404;2539;3988;4641;454;807;12832
        Enego;35;340;546;511;41;60;1533
        Fara Vicentino;101;702;1126;1209;102;177;3417
        Foza;22;137;249;202;13;17;640
        Gallio;53;414;750;854;53;127;2251
        Gambellara;104;601;1057;1013;115;163;3053
        Gambugliano;26;130;277;269;23;45;769
        Grisignano di Zocco;111;768;1310;1397;117;229;3931
        Grumolo delle Abbadesse;115;655;1115;1233;112;214;3443
        Isola Vicentina;292;1714;3003;3420;331;579;9337
        Laghi;7;33;34;41;2;5;122
        Lastebasse;8;44;62;65;4;5;188
        Longare;184;1080;1528;1865;166;381;5203
        Lonigo;523;2505;4439;5382;603;1245;14696
        Lugo di Vicenza;102;695;1107;1228;103;170;3405
        Lusiana;72;486;802;857;52;136;2404
        Lusiana Conco;..;..;..;..;..;..;..
        Malo;440;2321;4403;4937;502;857;13459
        Marano Vicentino;299;1597;2798;3264;300;553;8810
        Marostica;374;2347;3935;4652;513;1168;12989
        Mason Vicentino;101;610;1046;1199;108;173;3237
        Molvena;60;481;781;867;77;122;2387
        Monte di Malo;70;485;881;937;83;134;2590
        Montebello Vicentino;232;1110;1931;2078;206;355;5911
        Montecchio Maggiore;757;3838;6847;7815;716;1322;21294
        Montecchio Precalcino;149;907;1517;1640;189;265;4665
        Montegalda;90;607;986;1148;99;207;3137
        Montegaldella;52;307;556;598;41;94;1648
        Monteviale;82;377;759;985;99;338;2640
        Monticello Conte Otto;253;1441;2351;3119;315;742;8221
        Montorso Vicentino;113;595;972;931;73;103;2786
        Mussolente;218;1228;2326;2506;242;459;6978
        Nanto;102;517;949;1045;93;141;2847
        Nogarole Vicentino;46;209;393;372;34;26;1080
        Nove;150;946;1540;1579;158;273;4645
        Noventa Vicentina;276;1441;2605;3108;282;583;8295
        Orgiano;97;611;906;1025;80;125;2844
        Pedemonte;17;220;225;208;8;17;695
        Pianezze;55;404;612;721;55;132;1979
        Piovene Rocchette;244;1354;2431;2882;226;460;7597
        Pojana Maggiore;141;787;1293;1411;134;213;3979
        Posina;18;122;170;195;7;23;535
        Pove del Grappa;107;468;872;1045;132;311;2935
        Pozzoleone;73;520;979;832;68;124;2596
        Quinto Vicentino;183;933;1633;1947;218;375;5289
        Recoaro Terme;155;1256;1892;2204;164;235;5906
        Roana;102;619;1130;1629;154;309;3942
        Romano d'Ezzelino;420;2228;4360;4708;476;978;13169
        Rosà;537;2424;4339;4618;437;835;13189
        Rossano Veneto;249;1461;2427;2551;247;459;7394
        Rotzo;19;93;186;226;32;44;600
        Salcedo;20;221;327;323;21;30;942
        San Nazario;67;279;487;529;62;81;1504
        San Pietro Mussolino;58;309;507;453;35;48;1409
        San Vito di Leguzzano;101;617;1065;1227;118;228;3356
        Sandrigo;259;1552;2463;2712;268;501;7755
        Santorso;151;1018;1680;1890;202;387;5328
        Sarcedo;144;953;1537;1774;174;314;4896
        Sarego;234;1068;2037;2136;188;345;6007
        Schiavon;59;476;800;879;71;138;2423
        Schio;1162;6200;10343;13570;1519;3518;36312
        Solagna;51;322;582;604;73;112;1744
        Sossano;129;832;1279;1375;113;198;3925
        Sovizzo;215;1147;1971;2702;254;644;6932
        Sovizzo;..;..;..;..;..;..;..
        Tezze sul Brenta;406;2000;4112;4077;417;606;11618
        Thiene;767;3553;6229;8238;935;2185;21906
        Tonezza del Cimone;12;86;123;234;18;22;495
        Torrebelvicino;163;909;1835;2091;177;312;5486
        Torri di Quartesolo;357;1875;3317;4054;386;823;10812
        Trissino;279;1649;2609;2813;227;418;7994
        Val Liona;98;544;996;954;90;153;2835
        Valbrenta;..;..;..;..;..;..;..
        Valdagno;716;4637;6898;8801;866;1902;23820
        Valdastico;42;289;396;386;23;47;1183
        Valli del Pasubio;97;659;956;1029;66;92;2897
        Valstagna;62;361;503;540;45;107;1618
        Velo d'Astico;58;426;706;828;47;107;2171
        Vicenza;3055;15530;26299;38015;4546;14753;102198
        Villaga;59;341;671;574;53;91;1789
        Villaverla;209;984;1866;2047;196;339;5641
        Zanè;184;1086;1870;2254;246;438;6077
        Zermeghedo;44;211;458;443;36;59;1251
        Zovencedo;21;146;242;249;25;33;716
        Zugliano;194;1212;1880;2260;248;475;6268
      Belluno;5651;35304;50958;74660;6754;15935;189262
        Agordo;111;628;1007;1648;141;326;3861
        Alano di Piave;104;529;766;909;94;157;2558
        Alleghe;35;226;311;441;30;79;1122
        Alpago;207;1209;1735;2538;214;497;6400
        Arsiè;60;464;547;830;67;142;2110
        Auronzo di Cadore;96;598;921;1222;87;176;3099
        Belluno;867;5138;7635;13543;1571;4616;33370
        Borca di Cadore;14;101;216;329;24;75;759
        Borgo Valbelluna;..;..;..;..;..;..;..
        Calalzo di Cadore;37;341;508;749;68;146;1848
        Canale d'Agordo;22;221;276;439;30;59;1047
        Cencenighe Agordino;33;261;357;451;32;50;1183
        Cesiomaggiore;117;781;1031;1420;134;201;3683
        Chies d'Alpago;36;282;358;474;34;65;1249
        Cibiana di Cadore;13;107;93;127;10;21;371
        Colle Santa Lucia;8;66;126;123;8;16;347
        Comelico Superiore;61;448;570;777;44;105;2005
        Cortina d'Ampezzo;122;799;1534;2204;188;657;5503
        Danta di Cadore;13;102;124;159;15;13;426
        Domegge di Cadore;64;456;559;875;66;159;2179
        Falcade;54;366;459;701;53;124;1757
        Feltre;622;3185;4966;7475;829;2023;19099
        Fonzaso;84;604;897;1166;72;137;2960
        Gosaldo;20;139;148;214;9;30;560
        La Valle Agordina;30;192;281;422;36;61;1021
        Lamon;97;621;709;1001;83;145;2656
        Lentiai;98;584;802;1014;72;145;2714
        Limana;154;833;1248;2036;201;398;4870
        Livinallongo del Col di Lana;40;243;397;442;33;59;1214
        Longarone;136;1034;1538;1860;117;219;4904
        Lorenzago di Cadore;12;82;151;229;25;21;520
        Lozzo di Cadore;28;285;403;440;34;69;1259
        Mel;194;1203;1524;2062;157;353;5492
        Ospitale di Cadore;7;69;77;98;3;3;257
        Pedavena;128;837;1029;1565;178;401;4138
        Perarolo di Cadore;15;67;99;125;7;21;334
        Pieve di Cadore;88;582;933;1412;130;363;3508
        Ponte nelle Alpi;226;1374;2048;3138;286;518;7589
        Quero Vas;97;636;952;970;80;138;2873
        Rivamonte Agordino;14;106;156;245;18;38;577
        Rocca Pietore;23;264;366;403;22;64;1142
        San Gregorio nelle Alpi;56;279;405;617;50;103;1509
        San Nicolò di Comelico;3;47;125;151;12;26;364
        San Pietro di Cadore;50;381;484;518;26;52;1510
        San Tomaso Agordino;17;147;172;230;6;17;589
        San Vito di Cadore;55;246;506;666;81;202;1755
        Santa Giustina;197;1229;1679;2493;239;460;6296
        Santo Stefano di Cadore;58;477;698;914;63;118;2328
        Sedico;309;1699;2550;3857;326;674;9414
        Selva di Cadore;9;99;143;183;11;26;471
        Seren del Grappa;86;455;643;909;58;145;2295
        Setteville;..;..;..;..;..;..;..
        Sospirolo;94;604;830;1123;67;183;2900
        Soverzene;4;85;93;152;13;20;367
        Sovramonte;33;293;359;511;49;77;1322
        Taibon Agordino;59;345;434;663;52;66;1619
        Tambre;35;274;356;464;42;78;1249
        Trichiana;173;857;1219;1803;132;254;4438
        Val di Zoldo;91;640;875;1023;82;197;2907
        Vallada Agordina;19;93;102;188;14;40;456
        Valle di Cadore;55;367;505;678;40;123;1767
        Vigo di Cadore;29;262;363;544;42;86;1325
        Vodo Cadore;20;141;240;324;22;54;800
        Voltago Agordino;14;164;249;327;19;38;810
        Zoppè di Cadore;..;59;77;52;9;10;207
      Treviso;30999;145189;234063;303033;30586;70973;814842
        Altivole;229;1174;2203;2156;225;314;6300
        Arcade;149;718;1304;1519;133;264;4086
        Asolo;338;1293;2722;3071;297;583;8303
        Borso del Grappa;237;886;1728;1944;212;394;5401
        Breda di Piave;279;1345;2240;2692;249;394;7199
        Caerano di San Marco;301;1442;2317;2514;252;442;7268
        Cappella Maggiore;159;856;1131;1747;153;334;4379
        Carbonera;378;1737;2919;3973;415;959;10380
        Casale sul Sile;514;2046;3374;4573;425;828;11759
        Casier;385;1524;2579;4162;506;1200;10355
        Castelcucco;87;389;635;747;79;133;2070
        Castelfranco Veneto;1142;5123;8444;11437;1277;3725;31147
        Castello di Godego;242;1118;2023;2423;277;482;6564
        Cavaso del Tomba;108;514;801;967;74;164;2628
        Cessalto;173;665;1070;1248;100;193;3449
        Chiarano;162;631;1008;1321;96;166;3383
        Cimadolmo;151;605;965;1156;88;156;3120
        Cison di Valmarino;117;462;717;897;70;156;2418
        Codognè;184;1009;1459;1803;164;242;4860
        Colle Umberto;170;882;1303;1777;186;370;4688
        Conegliano;1166;5239;8204;12324;1422;4307;32661
        Cordignano;247;1336;1901;2511;202;318;6514
        Cornuda;231;1007;1753;2118;215;395;5719
        Crespano del Grappa;174;810;1257;1504;112;292;4149
        Crocetta del Montello;216;1169;1732;1930;167;341;5555
        Farra di Soligo;317;1657;2391;2805;257;489;7915
        Follina;153;695;1055;1251;101;259;3514
        Fontanelle;199;1151;1605;1928;169;230;5282
        Fonte;234;959;1741;1878;164;323;5298
        Fregona;102;558;735;1036;108;178;2717
        Gaiarine;209;1307;1693;1912;155;280;5555
        Giavera del Montello;188;854;1571;1687;152;273;4725
        Godega di Sant'Urbano;227;1182;1655;2008;177;341;5590
        Gorgo al Monticano;138;774;1227;1347;99;185;3769
        Istrana;323;1376;2593;3218;312;494;8316
        Loria;348;1524;2848;2994;245;383;8341
        Mansuè;196;888;1371;1708;135;186;4483
        Mareno di Piave;351;1755;2516;3398;289;515;8824
        Maser;190;1051;1477;1609;154;238;4718
        Maserada sul Piave;334;1548;2725;3210;279;473;8568
        Meduna di Livenza;117;538;870;993;66;127;2711
        Miane;115;636;883;1086;105;195;3020
        Mogliano Veneto;942;4056;6365;10025;1044;3378;25808
        Monastier di Treviso;169;783;1172;1533;122;224;4002
        Monfumo;33;265;380;454;35;74;1241
        Montebelluna;1115;4960;8311;10541;1135;2868;28930
        Morgano;160;740;1196;1537;148;256;4037
        Moriago della Battaglia;125;569;867;817;67;113;2557
        Motta di Livenza;401;1756;2927;3781;364;679;9908
        Nervesa della Battaglia;237;1359;1930;2137;169;334;6166
        Oderzo;736;3189;4864;7285;726;1978;18778
        Ormelle;156;820;1247;1524;148;229;4124
        Orsago;132;752;999;1380;96;226;3585
        Paderno del Grappa;77;332;610;769;74;135;1996
        Paese;729;3204;5780;7752;818;1594;19877
        Pederobba;303;1241;2168;2431;234;415;6791
        Pieve del Grappa;..;..;..;..;..;..;..
        Pieve di Soligo;434;2046;3323;3916;424;807;10949
        Ponte di Piave;347;1379;2307;2777;272;507;7589
        Ponzano Veneto;409;1832;3237;4512;504;1230;11724
        Portobuffolè;24;159;195;253;29;30;690
        Possagno;90;351;650;736;65;126;2018
        Povegliano;179;806;1378;1818;196;330;4706
        Preganziol;519;2372;4218;6316;729;1699;15853
        Quinto di Treviso;315;1692;2816;3354;335;620;9132
        Refrontolo;58;334;510;530;51;107;1590
        Resana;320;1478;2783;3207;309;492;8587
        Revine Lago;53;383;612;739;65;126;1978
        Riese Pio X;340;1570;3380;3761;353;556;9960
        Roncade;549;2761;3916;4901;443;864;13433
        Salgareda;279;1117;1899;2343;173;344;6154
        San Biagio di Callalta;486;2348;3670;4292;419;692;11906
        San Fior;266;1198;1884;2412;215;435;6409
        San Pietro di Feletto;170;990;1275;1782;219;462;4898
        San Polo di Piave;182;901;1377;1673;161;242;4535
        San Vendemiano;332;1771;2525;3550;352;692;9221
        San Zenone degli Ezzelini;279;1232;2307;2307;207;323;6654
        Santa Lucia di Piave;369;1605;2422;3042;302;539;8279
        Sarmede;90;564;860;1102;78;141;2835
        Segusino;78;408;509;622;62;82;1761
        Sernaglia della Battaglia;257;1237;1796;1923;150;305;5666
        Silea;343;1710;2536;3495;399;889;9372
        Spresiano;511;1916;3392;4171;368;677;11035
        Susegana;412;2112;3345;3949;354;676;10847
        Tarzo;169;895;1224;1402;111;230;4031
        Trevignano;423;1854;3167;3521;325;550;9840
        Treviso;2522;11222;18307;29701;3783;13800;79335
        Valdobbiadene;340;1887;2916;3374;358;638;9513
        Vazzola;289;1339;1967;2302;186;314;6396
        Vedelago;636;2805;4973;5475;501;768;15158
        Vidor;129;715;1066;1178;107;175;3369
        Villorba;556;3044;4518;6236;595;1574;16523
        Vittorio Veneto;834;4703;6670;10085;1073;2777;26142
        Volpago del Montello;342;1859;2928;3320;335;557;9340
        Zenson di Piave;63;306;538;592;52;78;1628
        Zero Branco;414;1837;3116;3827;390;702;10285
      Venezia;35893;138812;235158;280791;28454;73145;792252
        Annone Veneto;217;634;1193;1213;85;188;3530
        Campagna Lupia;328;1326;2314;2239;193;317;6715
        Campolongo Maggiore;473;1842;3453;3261;284;493;9805
        Camponogara;541;2251;4178;4200;347;611;12127
        Caorle;624;2044;3773;3553;251;582;10826
        Cavallino-Treporti;599;2564;4402;4143;322;558;12588
        Cavarzere;810;2856;4163;3951;368;690;12836
        Ceggia;278;930;1730;2157;182;317;5594
        Chioggia;2338;8922;16074;14060;1483;2926;45803
        Cinto Caomaggiore;139;598;931;1079;87;154;2987
        Cona;154;582;980;908;83;137;2844
        Concordia Sagittaria;510;1977;2929;3221;335;651;9621
        Dolo;606;2406;4130;4966;543;1410;14059
        Eraclea;680;2465;3945;3622;302;445;11459
        Fiesso d'Artico;349;1459;2238;2710;286;585;7626
        Fossalta di Piave;165;700;1259;1355;138;231;3847
        Fossalta di Portogruaro;290;1082;1628;2120;203;409;5732
        Fossò;300;1260;2078;2188;205;403;6434
        Gruaro;131;495;803;942;71;165;2606
        Jesolo;1186;4160;7419;9012;823;1727;24326
        Marcon;611;2403;4461;6496;636;1267;15873
        Martellago;861;3467;5659;7645;770;1574;19975
        Meolo;281;1151;1823;2115;186;330;5886
        Mira;1577;6774;10703;12970;1208;2572;35803
        Mirano;973;4509;6677;9438;1141;2840;25578
        Musile di Piave;586;1971;3295;3720;362;683;10616
        Noale;618;2575;4262;5541;588;1351;14934
        Noventa di Piave;291;1050;1932;2380;231;486;6369
        Pianiga;476;1870;3462;4140;442;922;11312
        Portogruaro;980;3854;6249;8446;931;2589;23049
        Pramaggiore;215;718;1416;1562;141;193;4244
        Quarto d'Altino;355;1339;2371;2675;237;477;7454
        Salzano;520;2112;3653;4479;461;804;12029
        San Donà di Piave;1652;6022;10928;14600;1686;4115;39003
        San Michele al Tagliamento;606;2287;3509;3847;294;629;11172
        Santa Maria di Sala;731;2757;5238;6032;525;951;16233
        San Stino di Livenza;633;2119;3852;4279;348;666;11896
        Scorzè;734;3105;5204;6477;668;1277;17465
        Spinea;1125;4224;7172;9758;1008;2279;25566
        Stra;340;1414;2162;2375;239;603;7133
        Teglio Veneto;89;390;602;825;68;147;2120
        Torre di Mosto;244;786;1434;1587;113;245;4409
        Venezia;10220;39532;66409;85429;9279;32650;243518
        Vigonovo;460;1836;3070;3080;306;499;9250
      Padova;34128;145273;246268;304018;34455;99907;864048
        Abano Terme;642;2956;5020;6828;766;2278;18490
        Agna;165;635;1045;934;80;157;3016
        Albignasego;844;3665;6052;8416;1128;3218;23323
        Anguillara Veneta;236;863;1447;1254;104;147;4050
        Arquà Petrarca;69;340;452;604;66;170;1701
        Arre;76;363;680;671;57;137;1984
        Arzergrande;194;841;1434;1517;149;272;4407
        Bagnoli di Sopra;146;644;1101;1037;107;211;3246
        Baone;101;488;761;1068;118;370;2905
        Barbona;28;122;218;180;15;30;593
        Battaglia Terme;141;602;1105;1356;133;336;3673
        Boara Pisani;90;504;706;796;60;138;2294
        Borgo Veneto;266;1118;2194;2335;184;381;6478
        Borgoricco;365;1389;2587;2946;265;553;8105
        Bovolenta;137;580;1047;1128;99;202;3193
        Brugine;269;1171;2245;2225;253;384;6547
        Cadoneghe;578;2625;4224;5477;588;1583;15074
        Campo San Martino;214;1030;1609;1893;187;326;5259
        Campodarsego;568;2375;4064;4942;509;972;13430
        Campodoro;99;389;811;907;96;145;2447
        Camposampiero;421;1748;3298;3975;460;1050;10950
        Candiana;75;418;750;726;62;125;2155
        Carceri;57;264;454;512;63;91;1440
        Carmignano di Brenta;256;1289;2316;2391;247;440;6938
        Cartura;187;864;1442;1426;119;232;4270
        Casale di Scodosia;209;899;1594;1360;126;206;4393
        Casalserugo;189;962;1681;1754;166;328;5080
        Castelbaldo;60;308;496;447;37;54;1401
        Cervarese Santa Croce;233;949;1763;1831;180;335;5291
        Cinto Euganeo;69;416;557;583;66;155;1846
        Cittadella;600;3189;5382;6567;809;1963;18509
        Codevigo;278;1143;2087;1964;171;273;5916
        Conselve;423;1761;2842;3233;363;751;9373
        Correzzola;261;988;1725;1534;121;225;4854
        Curtarolo;235;1257;2099;2477;199;392;6658
        Due Carrare;315;1403;2591;3151;298;631;8389
        Este;543;2720;4019;5425;639;1938;15284
        Fontaniva;309;1438;2451;2422;229;489;7337
        Galliera Veneta;237;1197;2039;2402;221;467;6562
        Galzignano Terme;169;832;1271;1366;165;278;4080
        Gazzo;170;662;1285;1430;126;222;3894
        Grantorto;203;825;1413;1424;109;184;4158
        Granze;71;305;635;652;43;117;1823
        Legnaro;350;1475;2495;2898;327;695;8239
        Limena;281;1183;2034;2692;338;692;7219
        Loreggia;288;1080;2248;2500;273;489;6878
        Lozzo Atestino;109;572;930;1031;91;145;2877
        Maserà di Padova;354;1485;2744;3047;281;556;8466
        Masi;63;305;533;580;51;82;1614
        Massanzago;239;819;1803;2088;198;355;5500
        Megliadino San Vitale;73;287;602;613;47;106;1727
        Merlara;112;540;833;822;68;119;2494
        Mestrino;395;1642;3157;3878;379;836;10286
        Monselice;650;2994;4528;5862;648;1708;16390
        Montagnana;337;1626;2459;3004;273;696;8394
        Montegrotto Terme;388;1875;2976;3993;421;1165;10817
        Noventa Padovana;448;1630;2679;3889;441;1435;10521
        Ospedaletto Euganeo;206;972;1729;1794;185;339;5225
        Padova;7004;26650;43281;66225;9613;43081;195853
        Pernumia;164;673;1084;1229;122;257;3529
        Piacenza d'Adige;57;277;409;374;35;50;1202
        Piazzola sul Brenta;393;2053;3168;3571;332;707;10224
        Piombino Dese;398;1544;2804;3116;300;567;8728
        Piove di Sacco;846;3269;5552;6392;695;1624;18378
        Polverara;118;484;963;1100;144;225;3034
        Ponso;95;416;701;753;76;167;2207
        Ponte San Nicolò;474;2078;3477;4483;550;1581;12642
        Pontelongo;150;724;1114;1143;104;205;3440
        Pozzonovo;145;610;1016;1179;123;233;3306
        Rovolon;179;827;1493;1496;126;326;4447
        Rubano;716;2295;3934;5600;677;1807;15028
        Saccolongo;164;818;1445;1566;164;368;4524
        San Giorgio delle Pertiche;392;1632;2779;3457;304;667;9230
        San Giorgio in Bosco;221;1023;1924;2037;220;348;5772
        San Martino di Lupari;478;2196;3625;4346;421;893;11959
        San Pietro in Gu;163;831;1392;1355;130;257;4128
        San Pietro Viminario;110;489;888;1010;89;215;2800
        Santa Caterina d'Este;..;..;..;..;..;..;..
        Santa Giustina in Colle;276;1160;2053;2431;265;491;6675
        Sant'Angelo di Piove di Sacco;297;1285;2315;2192;216;432;6736
        Sant'Elena;112;363;738;859;78;142;2292
        Sant'Urbano;74;410;577;642;45;105;1853
        Saonara;393;1649;2945;3396;377;873;9632
        Selvazzano Dentro;764;3328;5456;7849;975;2858;21228
        Solesino;364;1408;2185;2053;151;330;6491
        Stanghella;169;787;1265;1233;119;246;3819
        Teolo;319;1394;2368;3100;321;950;8452
        Terrassa Padovana;83;444;820;894;89;131;2460
        Tombolo;321;1398;2347;2768;282;548;7664
        Torreglia;212;1070;1716;2058;197;473;5726
        Trebaseleghe;489;2080;3905;4267;408;629;11777
        Tribano;184;801;1300;1396;129;264;4073
        Urbana;67;378;653;650;74;118;1940
        Veggiano;183;676;1368;1622;117;322;4288
        Vescovana;69;301;462;605;79;132;1648
        Vighizzolo d'Este;30;147;270;312;28;62;849
        Vigodarzere;424;2072;3582;4436;480;1109;12102
        Vigonza;864;3554;6070;7564;937;2076;21065
        Villa del Conte;227;896;1664;1761;162;331;5040
        Villa Estense;89;426;617;735;60;135;2061
        Villafranca Padovana;386;1623;2970;3510;378;720;9586
        Villanova di Camposampiero;243;1068;1860;1956;172;318;5617
        Vo';135;652;982;1051;95;166;3080
      Rovigo;11045;41316;68048;74591;7182;16675;218855
        Adria;897;3224;5394;6199;707;1646;18066
        Ariano nel Polesine;243;922;1353;1230;69;176;3992
        Arquà Polesine;104;481;738;921;73;180;2496
        Badia Polesine;448;1723;3079;3360;294;649;9552
        Bagnolo di Po;80;270;346;346;26;69;1136
        Bergantino;94;514;743;841;54;120;2364
        Bosaro;74;259;451;480;35;73;1371
        Calto;38;129;194;230;17;52;660
        Canaro;110;541;831;877;62;122;2543
        Canda;53;153;288;275;18;39;826
        Castelguglielmo;68;300;440;473;38;78;1396
        Castelmassa;200;687;1016;1417;128;305;3752
        Castelnovo Bariano;143;534;676;917;76;137;2481
        Ceneselli;88;319;488;493;46;78;1511
        Ceregnano;165;598;1103;1110;126;199;3301
        Corbola;147;465;725;685;65;94;2180
        Costa di Rovigo;129;476;720;793;65;156;2339
        Crespino;96;401;527;542;44;88;1697
        Ficarolo;175;512;632;732;41;136;2228
        Fiesso Umbertiano;174;724;1148;1300;127;234;3707
        Frassinelle Polesine;72;301;449;427;44;64;1357
        Fratta Polesine;106;523;814;764;65;157;2429
        Gaiba;43;230;281;277;29;71;931
        Gavello;79;293;497;457;33;73;1432
        Giacciano con Baruchella;103;392;607;676;52;113;1942
        Guarda Veneta;44;216;344;343;26;71;1044
        Lendinara;577;2120;3521;3657;318;656;10848
        Loreo;187;688;1129;1033;73;131;3240
        Lusia;166;634;1231;963;73;145;3211
        Melara;73;339;534;556;52;96;1650
        Occhiobello;442;1851;3246;4078;408;950;10974
        Papozze;86;333;439;425;39;65;1386
        Pettorazza Grimani;69;318;525;451;39;55;1457
        Pincara;48;230;361;343;34;51;1067
        Polesella;155;660;1128;1352;116;235;3646
        Pontecchio Polesine;101;304;575;779;79;166;2002
        Porto Tolle;666;1996;3199;2719;175;285;9039
        Porto Viro;742;2713;4660;4204;385;606;13309
        Rosolina;362;1197;2005;1944;172;297;5977
        Rovigo;1921;7145;12594;17129;2103;6231;47123
        Salara;60;231;301;342;26;76;1036
        San Bellino;40;205;321;338;25;63;992
        San Martino di Venezze;211;726;1306;1104;108;173;3628
        Stienta;123;617;955;972;83;216;2966
        Taglio di Po;466;1568;2605;2425;197;345;7606
        Trecenta;128;596;738;820;64;157;2503
        Villadose;227;914;1511;1588;146;282;4668
        Villamarzana;57;215;334;367;39;78;1089
        Villanova del Ghebbo;97;357;667;580;51;117;1868
        Villanova Marchesana;71;177;284;262;19;24;837
    Friuli-Venezia Giulia;34767;174156;323402;436890;41688;117464;1128367
      Udine;15122;86117;134037;193422;17452;48325;494474
        Aiello del Friuli;75;418;595;782;70;154;2094
        Amaro;17;128;222;346;17;61;791
        Ampezzo;31;233;234;371;19;37;925
        Aquileia;108;631;932;1119;75;230;3095
        Arta Terme;52;354;601;784;53;125;1969
        Artegna;78;464;745;1071;92;222;2671
        Attimis;47;306;469;638;57;108;1625
        Bagnaria Arsa;106;666;1006;1176;81;236;3270
        Basiliano;172;968;1399;1831;162;350;4882
        Bertiolo;67;533;643;787;76;118;2224
        Bicinicco;61;365;509;641;43;98;1717
        Bordano;24;142;237;239;15;39;696
        Buja;192;1061;1667;2518;193;449;6080
        Buttrio;128;656;987;1489;133;358;3751
        Camino al Tagliamento;38;306;462;566;52;82;1506
        Campoformido;191;1129;1854;2801;301;909;7184
        Campolongo Tapogliano;28;187;334;428;30;89;1095
        Carlino;98;574;857;958;65;107;2659
        Cassacco;82;477;738;1127;84;217;2724
        Castions di Strada;111;737;1076;1284;77;189;3474
        Cavazzo Carnico;34;153;245;411;37;62;942
        Cercivento;14;124;199;256;18;24;635
        Cervignano del Friuli;385;1989;3539;5171;383;1210;12677
        Chiopris-Viscone;25;123;191;207;17;33;596
        Chiusaforte;20;123;185;235;13;34;610
        Cividale del Friuli;283;1643;2803;4249;407;1085;10469
        Codroipo;494;2612;4026;5750;539;1366;14786
        Colloredo di Monte Albano;84;411;539;779;48;184;2045
        Comeglians;15;96;135;175;11;23;455
        Corno di Rosazzo;73;607;888;1142;87;168;2964
        Coseano;49;455;556;767;56;142;2025
        Dignano;61;534;600;775;71;124;2164
        Dogna;3;45;39;60;4;5;156
        Drenchia;3;36;24;37;1;1;102
        Enemonzo;43;223;369;510;35;75;1254
        Faedis;75;510;777;1031;96;198;2687
        Fagagna;154;1052;1470;2278;209;592;5755
        Fiumicello Villa Vicentina;173;1168;1770;2269;158;402;5938
        Flaibano;31;230;297;389;24;72;1043
        Forgaria nel Friuli;47;322;483;671;37;85;1645
        Forni Avoltri;11;114;164;216;13;21;538
        Forni di Sopra;17;193;241;360;19;48;878
        Forni di Sotto;24;137;169;187;13;18;548
        Gemona del Friuli;309;1820;2732;4101;401;812;10175
        Gonars;145;966;1300;1629;111;228;4379
        Grimacco;7;71;96;124;7;14;319
        Latisana;452;2199;3675;4840;399;936;12500
        Lauco;22;177;185;268;7;16;675
        Lestizza;125;708;1041;1321;116;205;3515
        Lignano Sabbiadoro;204;993;1705;2603;207;604;6316
        Lusevera;16;152;170;218;12;31;599
        Magnano in Riviera;74;411;584;894;60;154;2176
        Majano;183;1070;1562;2155;180;355;5504
        Malborghetto Valbruna;20;123;264;351;30;66;854
        Manzano;198;1286;1795;2163;161;320;5923
        Marano Lagunare;81;404;527;549;47;79;1687
        Martignacco;221;1127;1541;2468;268;755;6379
        Mereto di Tomba;81;557;669;891;84;175;2457
        Moggio Udinese;33;316;440;620;52;123;1584
        Moimacco;44;249;430;631;68;126;1547
        Montenars;16;95;138;186;14;36;485
        Mortegliano;141;891;1253;1768;151;332;4536
        Moruzzo;64;409;568;811;83;375;2310
        Muzzana del Turgnano;92;510;667;889;49;125;2332
        Nimis;88;500;797;893;79;151;2508
        Osoppo;74;455;811;1091;77;171;2679
        Ovaro;46;401;452;766;44;85;1794
        Pagnacco;137;720;1110;1870;190;684;4710
        Palazzolo dello Stella;112;657;865;911;58;141;2744
        Palmanova;187;857;1350;1867;180;499;4940
        Paluzza;44;451;625;733;32;113;1998
        Pasian di Prato;237;1302;2176;3610;405;1057;8787
        Paularo;77;557;824;837;37;75;2406
        Pavia di Udine;176;974;1479;2040;168;365;5201
        Pocenia;82;521;739;820;55;105;2322
        Pontebba;38;267;387;516;28;70;1305
        Porpetto;70;532;752;873;72;123;2422
        Povoletto;151;1007;1358;2021;171;369;5076
        Pozzuolo del Friuli;221;1213;1848;2386;211;537;6416
        Pradamano;99;546;841;1356;133;351;3325
        Prato Carnico;32;204;234;315;17;51;853
        Precenicco;58;303;411;511;37;55;1375
        Premariacco;121;666;1089;1536;124;281;3817
        Preone;8;56;49;88;10;15;226
        Prepotto;19;160;210;255;20;53;716
        Pulfero;29;206;217;351;14;40;857
        Ragogna;80;514;776;1081;74;143;2667
        Ravascletto;11;104;134;206;16;15;486
        Raveo;9;79;104;194;21;25;432
        Reana del Rojale;135;809;1196;1918;152;370;4579
        Remanzacco;167;930;1482;2367;207;493;5645
        Resia;35;238;298;311;22;29;933
        Resiutta;11;74;77;92;4;12;270
        Rigolato;14;89;104;175;11;12;405
        Rive d'Arcano;59;474;635;881;71;162;2282
        Rivignano Teor;191;1278;1825;2081;181;305;5861
        Ronchis;64;374;573;710;50;120;1891
        Ruda;72;527;754;1063;71;200;2686
        San Daniele del Friuli;214;1268;2040;2993;300;718;7533
        San Giorgio di Nogaro;221;1347;2050;2624;215;481;6937
        San Giovanni al Natisone;213;1109;1751;2182;143;290;5687
        San Leonardo;22;155;273;460;35;75;1020
        San Pietro al Natisone;61;286;515;898;89;163;2012
        San Vito al Torre;37;240;386;425;34;62;1184
        San Vito di Fagagna;54;301;452;589;46;108;1550
        Santa Maria la Longa;129;431;565;854;63;135;2176
        Sappada;35;220;329;504;41;81;1210
        Sauris;13;77;99;158;6;16;369
        Savogna;9;92;111;130;3;16;361
        Sedegliano;129;769;964;1361;90;191;3503
        Socchieve;25;173;223;381;21;35;858
        Stregna;16;56;89;138;7;14;320
        Sutrio;28;241;329;481;37;58;1174
        Taipana;20;129;164;215;13;34;575
        Talmassons;111;806;1147;1367;101;188;3720
        Tarcento;260;1426;2237;3389;293;733;8337
        Tarvisio;116;562;1235;1670;109;317;4009
        Tavagnacco;373;2009;3409;5546;649;1800;13785
        Terzo d'Aquileia;106;487;781;991;77;174;2615
        Tolmezzo;252;1495;2483;3962;404;979;9575
        Torreano;74;375;557;798;66;103;1973
        Torviscosa;108;565;854;950;57;95;2629
        Trasaghis;62;427;607;814;64;92;2066
        Treppo Grande;50;320;413;666;44;125;1618
        Treppo Ligosullo;26;162;217;224;13;21;663
        Tricesimo;217;1139;1829;2880;264;777;7106
        Trivignano Udinese;47;325;429;567;46;104;1518
        Udine;2544;11660;21856;36677;4316;16541;93593
        Varmo;75;518;783;955;83;162;2576
        Venzone;54;359;535;749;68;85;1849
        Verzegnis;29;155;219;353;25;54;834
        Villa Santina;64;390;550;874;61;124;2062
        Visco;14;122;199;320;16;58;728
        Zuglio;11;112;168;203;17;28;539
      Gorizia;3692;16659;40034;51605;4523;12393;128906
        Capriva del Friuli;45;225;490;633;52;144;1589
        Cormons;186;979;2069;2728;237;544;6743
        Doberdò del Lago-Doberdob;22;186;410;516;41;123;1298
        Dolegna del Collio;10;57;102;122;13;21;325
        Farra d'Isonzo;37;199;492;657;49;142;1576
        Fogliano Redipuglia;96;405;936;1097;90;185;2807
        Gorizia;846;3462;9162;12989;1276;3996;31731
        Gradisca d'Isonzo;150;711;1756;2544;231;643;6034
        Grado;210;975;2589;2987;256;675;7692
        Mariano del Friuli;29;188;481;573;39;103;1413
        Medea;32;127;282;366;35;57;898
        Monfalcone;933;3354;8349;9835;782;2426;25679
        Moraro;20;113;226;261;27;41;688
        Mossa;25;194;466;598;60;119;1461
        Romans d'Isonzo;75;530;1071;1443;120;257;3495
        Ronchi dei Legionari;306;1374;3471;4541;417;952;11060
        Sagrado;45;259;641;823;83;208;2058
        San Canzian d'Isonzo;161;917;1902;2252;148;391;5771
        San Floriano del Collio-Števerjan;12;133;228;249;31;65;718
        San Lorenzo Isontino;36;202;444;597;53;133;1465
        San Pier d'Isonzo;61;285;579;760;60;123;1868
        Savogna d'Isonzo-Sovodnje ob Soci;37;228;509;632;41;112;1559
        Staranzano;191;895;2059;2706;256;632;6738
        Turriaco;77;367;838;1108;80;200;2669
        Villesse;51;297;485;589;47;103;1571
      Trieste;5595;22474;68567;80511;9075;31727;217948
        Duino Aurisina-Devin Nabrežina;187;792;2356;3129;346;1142;7951
        Monrupino-Repentabor;30;90;257;299;31;100;806
        Muggia;321;1484;4449;4650;381;997;12280
        San Dorligo della Valle-Dolina;122;650;1952;2038;201;409;5372
        Sgonico-Zgonik;40;183;584;769;79;249;1903
        Trieste;4896;19275;58970;69627;8038;28830;189636
      Pordenone;10358;48907;80765;111352;10638;25020;287039
        Andreis;14;66;71;74;3;12;240
        Arba;49;224;357;465;32;66;1193
        Aviano;264;1454;2329;3322;310;647;8324
        Azzano Decimo;565;2443;4194;5536;521;931;14189
        Barcis;4;58;83;72;2;11;230
        Brugnera;353;1701;2585;3125;257;469;8489
        Budoia;87;339;616;972;76;259;2349
        Caneva;226;1240;1675;2197;205;377;5920
        Casarsa della Delizia;291;1252;2246;3093;288;553;7723
        Castelnovo del Friuli;27;153;246;321;22;45;814
        Cavasso Nuovo;51;282;434;535;49;64;1414
        Chions;195;854;1468;1817;160;249;4741
        Cimolais;6;80;112;118;7;16;339
        Claut;25;189;269;345;20;27;875
        Clauzetto;15;84;113;133;15;15;375
        Cordenons;538;2708;4624;6445;671;1593;16579
        Cordovado;92;488;651;993;87;218;2529
        Erto e Casso;10;69;120;128;12;13;352
        Fanna;54;262;448;537;45;94;1440
        Fiume Veneto;372;1834;3009;4350;400;766;10731
        Fontanafredda;440;1884;3186;4456;432;880;11278
        Frisanco;12;112;172;219;21;40;575
        Maniago;391;1834;3274;4217;365;751;10831
        Meduno;45;310;417;562;37;89;1459
        Montereale Valcellina;138;774;1193;1561;137;222;4025
        Morsano al Tagliamento;104;608;835;852;56;114;2569
        Pasiano di Pordenone;300;1366;2188;2526;207;400;6986
        Pinzano al Tagliamento;63;291;396;534;41;77;1401
        Polcenigo;96;547;805;1137;111;237;2933
        Porcia;470;2447;3844;5439;549;1294;14042
        Pordenone;1615;6662;11775;18594;2115;7065;47825
        Prata di Pordenone;349;1437;2350;2825;224;453;7638
        Pravisdomini;145;548;1089;1150;78;138;3148
        Roveredo in Piano;188;820;1445;2230;240;623;5545
        Sacile;628;3039;5036;7126;726;1735;18290
        San Giorgio della Richinvelda;174;841;1326;1595;119;226;4280
        San Martino al Tagliamento;69;260;371;503;51;85;1337
        San Quirino;111;716;1155;1485;133;322;3922
        San Vito al Tagliamento;479;2144;3881;5521;594;1321;13939
        Sequals;73;366;612;814;59;131;2055
        Sesto al Reghena;237;1035;1646;2360;194;380;5851
        Spilimbergo;380;1901;3083;4351;420;971;11105
        Tramonti di Sopra;10;83;75;109;3;11;290
        Tramonti di Sotto;8;77;92;140;15;17;349
        Travesio;61;346;462;646;43;90;1648
        Vajont;62;237;524;579;32;63;1497
        Valvasone Arzene;129;635;1078;1474;142;224;3681
        Vito d'Asio;24;133;222;260;13;37;689
        Vivaro;47;229;350;453;35;79;1192
        Zoppola;275;1448;2240;3059;268;523;7813
    Emilia-Romagna;185048;683582;1139021;1488950;154936;473521;4125057
      Piacenza;10115;46529;72623;100230;9402;26485;265384
        Agazzano;66;383;483;726;67;170;1894
        Alseno;161;812;1301;1665;115;277;4331
        Alta Val Tidone;78;700;794;1027;83;191;2871
        Besenzone;42;172;284;328;21;68;915
        Bettola;100;628;804;880;56;129;2597
        Bobbio;128;780;857;1320;96;232;3412
        Borgonovo Val Tidone;297;1347;2070;2847;244;505;7309
        Cadeo;215;1048;1714;1998;185;383;5542
        Calendasco;85;414;665;852;73;155;2244
        Caorso;189;948;1300;1592;129;266;4424
        Carpaneto Piacentino;254;1402;1984;2691;229;495;7055
        Castel San Giovanni;491;2160;3785;4867;383;964;12648
        Castell'Arquato;141;769;1195;1649;138;410;4300
        Castelvetro Piacentino;191;983;1398;1884;144;355;4955
        Cerignale;2;31;35;45;..;4;116
        Coli;36;244;227;256;15;49;826
        Corte Brugnatella;24;158;163;195;10;22;572
        Cortemaggiore;176;803;1300;1540;120;309;4247
        Farini;38;402;317;327;13;50;1147
        Ferriere;38;367;304;356;22;71;1158
        Fiorenzuola d'Arda;611;2432;3952;4967;503;1410;13875
        Gazzola;66;319;475;782;68;257;1967
        Gossolengo;201;724;1320;2160;255;603;5263
        Gragnano Trebbiense;150;711;1193;1587;146;333;4118
        Gropparello;76;500;617;712;56;152;2112
        Lugagnano Val d'Arda;119;794;1086;1346;104;216;3665
        Monticelli d'Ongina;187;1067;1331;1777;138;334;4833
        Morfasso;29;261;287;291;15;45;927
        Ottone;16;150;129;152;9;28;484
        Piacenza;3702;14150;24201;36363;4040;13461;95917
        Pianello Val Tidone;79;418;573;768;65;158;2061
        Piozzano;10;122;160;219;14;62;586
        Podenzano;281;1479;2291;3342;291;672;8355
        Ponte dell'Olio;154;875;1382;1635;149;273;4467
        Pontenure;272;1137;1694;2281;191;423;5997
        Rivergaro;239;1091;1710;2616;213;651;6520
        Rottofreno;418;1736;3276;4448;400;822;11100
        San Giorgio Piacentino;209;997;1522;1951;177;380;5236
        San Pietro in Cerro;28;179;240;277;18;50;792
        Sarmato;114;486;816;983;74;147;2620
        Travo;60;373;494;816;63;210;2015
        Vernasca;68;452;554;695;53;133;1953
        Vigolzone;127;738;1204;1469;111;281;3929
        Villanova sull'Arda;61;333;462;618;45;104;1623
        Zerba;3;22;22;21;2;3;73
        Ziano Piacentino;84;439;656;914;62;178;2333
      Parma;16569;66996;114066;151525;15585;52968;417707
        Albareto;69;383;605;775;48;137;2017
        Bardi;102;510;597;688;38;127;2061
        Bedonia;108;679;925;1158;66;206;3141
        Berceto;74;390;595;663;44;148;1913
        Bore;20;235;214;172;7;38;686
        Borgo Val di Taro;234;1215;1780;2431;218;574;6451
        Busseto;321;1286;1844;2241;188;473;6352
        Calestano;78;407;601;685;28;136;1934
        Collecchio;593;2241;3539;5157;509;1414;13452
        Colorno;346;1335;2740;3001;221;658;8300
        Compiano;45;209;320;378;19;60;1031
        Corniglio;73;459;541;566;24;94;1757
        Felino;365;1447;2443;3060;263;743;8320
        Fidenza;999;3986;6761;9293;957;2681;24676
        Fontanellato;279;1165;1923;2403;195;513;6478
        Fontevivo;195;895;1639;1853;156;377;5115
        Fornovo di Taro;268;1116;1634;1944;165;413;5539
        Langhirano;439;1662;3076;3328;275;739;9519
        Lesignano de' Bagni;173;684;1431;1698;178;451;4614
        Medesano;410;1912;3078;3684;307;648;10039
        Mezzani;139;517;1007;1018;59;182;2922
        Monchio delle Corti;25;220;273;289;16;35;858
        Montechiarugolo;401;1687;2875;3845;353;1044;10204
        Neviano degli Arduini;128;711;1055;1153;88;216;3351
        Noceto;482;1877;3454;4461;450;1125;11848
        Palanzano;37;235;347;357;21;53;1050
        Parma;6923;25174;44139;65688;8236;33171;183329
        Pellegrino Parmense;36;228;348;277;18;54;960
        Polesine Zibello;121;572;994;1060;71;151;2969
        Roccabianca;109;603;817;929;71;181;2709
        Sala Baganza;217;899;1534;1877;167;527;5219
        Salsomaggiore Terme;630;2839;5450;6724;597;1664;17903
        San Secondo Parmense;252;873;1578;1898;167;412;5179
        Sissa Trecasali;288;1370;2195;2579;226;521;7179
        Solignano;62;341;504;587;39;93;1625
        Soragna;178;812;1396;1643;135;278;4441
        Sorbolo;364;1515;2655;3197;277;734;8741
        Sorbolo Mezzani;..;..;..;..;..;..;..
        Terenzo;36;230;359;383;31;79;1118
        Tizzano Val Parma;79;421;642;650;48;117;1956
        Tornolo;29;216;292;303;25;50;915
        Torrile;325;1087;2184;2619;216;524;6953
        Traversetolo;366;1472;2487;3350;271;878;8822
        Valmozzola;17;128;156;157;16;29;503
        Varano de' Melegari;85;451;704;948;66;183;2437
        Varsi;50;306;338;365;20;42;1121
      Reggio nell'Emilia;21478;84050;143530;177361;16796;43323;486537
        Albinea;288;1325;2073;3068;348;1102;8204
        Bagnolo in Piano;419;1763;2755;3024;288;605;8853
        Baiso;179;660;947;1026;80;121;3013
        Bibbiano;414;1727;2969;3299;266;647;9322
        Boretto;241;881;1553;1712;126;365;4877
        Brescello;250;942;1695;1813;126;307;5133
        Cadelbosco di Sopra;440;1750;3235;3397;274;580;9674
        Campagnola Emilia;275;974;1634;1792;132;328;5135
        Campegine;220;925;1484;1767;119;245;4760
        Canossa;166;675;1098;1200;98;201;3436
        Carpineti;168;732;1100;1383;122;250;3755
        Casalgrande;818;3178;5708;6267;494;881;17345
        Casina;197;830;1183;1550;132;294;4185
        Castellarano;564;2230;4454;5451;438;881;14017
        Castelnovo di Sotto;363;1482;2550;2705;206;458;7763
        Castelnovo ne' Monti;415;1687;2653;3844;342;789;9730
        Cavriago;412;1663;2776;3284;268;655;9058
        Correggio;1116;4062;6650;8356;931;2123;23236
        Fabbrico;333;1127;1917;2089;176;361;6002
        Gattatico;254;979;1632;1915;165;349;5293
        Gualtieri;281;1074;1937;2150;168;357;5966
        Guastalla;593;2431;4052;4980;460;1236;13752
        Luzzara;417;1785;2498;2731;224;492;8147
        Montecchio Emilia;404;1670;2739;3638;338;864;9652
        Novellara;632;2333;3756;4488;356;855;12420
        Poviglio;314;1235;2040;2335;193;431;6547
        Quattro Castella;521;2280;3329;4625;463;1057;12274
        Reggio nell'Emilia;6451;23080;43204;57938;6364;19637;156674
        Reggiolo;395;1570;2809;2857;222;485;8336
        Rio Saliceto;237;1086;1871;1895;166;291;5544
        Rolo;202;685;1135;1285;119;253;3679
        Rubiera;617;2360;3890;5113;453;1179;13612
        San Martino in Rio;326;1303;2232;2789;220;532;7402
        San Polo d'Enza;236;1059;1784;2031;182;401;5693
        Sant'Ilario d'Enza;475;1831;3069;3738;354;811;10277
        Scandiano;992;4284;7148;8574;853;1749;23599
        Toano;208;876;1295;1429;83;159;4049
        Ventasso;158;955;1094;1409;104;212;3932
        Vetto;71;400;470;615;53;104;1713
        Vezzano sul Crostolo;182;737;1151;1448;117;285;3920
        Viano;113;546;971;1177;101;199;3107
        Villa Minozzo;124;885;994;1178;75;195;3451
      Modena;29392;113167;184109;234896;22488;66448;650499
        Bastiglia;183;675;1151;1436;111;299;3854
        Bomporto;446;1478;2851;3469;286;607;9137
        Campogalliano;376;1451;2375;2901;281;654;8038
        Camposanto;140;534;917;1054;82;175;2901
        Carpi;3046;11688;19054;24222;2314;6132;66455
        Castelfranco Emilia;1469;4981;9342;10955;952;2370;30068
        Castelnuovo Rangone;599;2220;3757;5195;498;1472;13741
        Castelvetro di Modena;472;1875;3151;3665;330;823;10315
        Cavezzo;333;1360;1893;2231;183;455;6455
        Concordia sulla Secchia;377;1615;2380;2612;221;505;7710
        Fanano;95;498;795;1103;78;201;2769
        Finale Emilia;676;2539;4077;5270;427;1136;14125
        Fiorano Modenese;801;2951;4972;5489;498;943;15653
        Fiumalbo;41;214;334;445;29;78;1141
        Formigine;1240;5273;8868;11626;1302;3173;31482
        Frassinoro;75;430;525;658;40;73;1800
        Guiglia;169;698;1122;1332;95;225;3641
        Lama Mocogno;107;600;720;899;62;136;2524
        Maranello;727;2925;4907;5867;514;1194;16133
        Marano sul Panaro;255;852;1501;1719;125;315;4767
        Medolla;263;1071;1676;2094;192;496;5792
        Mirandola;1004;4147;6054;8021;723;2171;22120
        Modena;7160;26884;42932;61878;7365;27998;174217
        Montecreto;44;189;260;309;22;55;879
        Montefiorino;98;471;513;766;42;127;2016
        Montese;136;692;953;1075;76;178;3109
        Nonantola;715;2646;4374;5290;476;1132;14632
        Novi di Modena;505;1938;2943;3115;237;527;9265
        Palagano;64;465;583;722;46;132;2012
        Pavullo nel Frignano;723;2809;4868;6126;541;1344;16409
        Pievepelago;81;346;666;839;61;181;2173
        Polinago;88;378;461;495;31;64;1517
        Prignano sulla Secchia;169;698;1038;1248;100;195;3448
        Ravarino;247;1019;1686;2150;157;392;5651
        Riolunato;19;147;182;242;21;42;653
        San Cesario sul Panaro;269;1032;1751;2229;183;512;5976
        San Felice sul Panaro;499;1759;2817;3858;277;819;10027
        San Possidonio;186;664;1050;1069;90;225;3283
        San Prospero;259;975;1764;1936;174;325;5432
        Sassuolo;1746;6776;11029;13456;1167;3066;37240
        Savignano sul Panaro;405;1633;2675;3061;231;533;8537
        Serramazzoni;363;1354;2523;2809;215;521;7784
        Sestola;87;427;686;901;63;184;2346
        Soliera;701;2773;4281;5095;416;1022;14287
        Spilamberto;573;2192;3489;4084;347;932;11616
        Vignola;1159;4047;6834;8347;705;2040;23130
        Zocca;204;781;1336;1539;107;273;4239
      Bologna;38323;142359;239822;337131;40251;144275;942159
        Alto Reno Terme;264;1132;2008;2297;203;561;6465
        Anzola dell'Emilia;505;2049;3299;4093;362;982;11290
        Argelato;383;1532;2564;3495;317;853;9143
        Baricella;322;1137;2075;2283;196;476;6489
        Bentivoglio;238;889;1543;1909;179;444;5202
        Bologna;13070;46532;78140;124310;18887;84326;365265
        Borgo Tossignano;133;509;951;1128;82;207;3009
        Budrio;760;2825;4584;6171;640;1800;16779
        Calderara di Reno;509;1992;3533;4723;450;1109;12316
        Camugnano;69;383;536;614;38;105;1744
        Casalecchio di Reno;1413;5555;8229;11852;1411;5118;33577
        Casalfiumanese;157;631;970;1088;103;258;3207
        Castel d'Aiano;72;390;555;612;41;115;1784
        Castel del Rio;59;228;334;398;31;97;1147
        Castel di Casio;139;564;984;1196;103;249;3235
        Castel Guelfo di Bologna;179;648;1236;1584;139;322;4107
        Castel Maggiore;649;2656;4466;6493;703;1987;16953
        Castel San Pietro Terme;866;3399;5259;7112;723;2004;19363
        Castello d'Argile;274;984;1874;2269;192;459;6051
        Castenaso;624;2286;3565;5344;658;1808;14285
        Castiglione dei Pepoli;224;1062;1581;1870;163;310;5208
        Crevalcore;657;2097;3583;4789;398;999;12522
        Dozza;281;996;1813;2245;221;492;6047
        Fontanelice;97;375;562;615;50;103;1801
        Gaggio Montano;204;844;1509;1497;138;284;4476
        Galliera;243;892;1682;1790;140;342;5087
        Granarolo dell'Emilia;462;1649;2980;4292;446;1285;11114
        Grizzana Morandi;153;656;1161;1288;111;244;3613
        Imola;2743;10169;16638;24942;2811;7868;65171
        Lizzano in Belvedere;82;379;629;741;65;169;2065
        Loiano;159;583;1265;1475;151;360;3992
        Malalbergo;373;1515;2708;2947;229;617;8389
        Marzabotto;273;1072;1892;2294;219;563;6313
        Medicina;791;2676;4529;5594;526;1234;15349
        Minerbio;360;1395;2478;3077;245;706;8260
        Molinella;753;2567;4508;5165;412;965;14370
        Monghidoro;146;651;1112;1238;89;264;3498
        Monte San Pietro;410;1554;2985;3875;364;1025;10212
        Monterenzio;201;845;1758;2194;180;534;5711
        Monzuno;244;998;1891;2129;208;457;5925
        Mordano;209;745;1288;1602;133;306;4283
        Ozzano dell'Emilia;573;2073;3484;4773;548;1404;12854
        Pianoro;676;2675;4376;5913;654;2040;16333
        Pieve di Cento;275;1167;1794;2355;293;619;6503
        Sala Bolognese;345;1276;2393;2958;233;580;7784
        San Benedetto Val di Sambro;148;728;1287;1446;82;237;3928
        San Giorgio di Piano;374;1306;2320;3068;337;802;8207
        San Giovanni in Persiceto;1122;4241;7099;9755;958;2699;25873
        San Lazzaro di Savena;1184;4483;7052;10840;1449;5136;30144
        San Pietro in Casale;504;1813;3329;4317;416;1013;11391
        Sant'Agata Bolognese;317;1157;2123;2514;225;504;6839
        Sasso Marconi;592;2338;3652;5123;467;1654;13826
        Valsamoggia;1382;4858;8655;10554;946;2545;28939
        Vergato;332;1356;2267;2477;199;483;7113
        Zola Predosa;752;2851;4740;6415;695;2155;17608
      Ferrara;16230;62082;91425;110244;10982;33507;324469
        Argenta;1120;4027;5932;6581;533;1432;19625
        Berra;287;1091;1428;1362;88;205;4460
        Bondeno;710;2727;3814;4631;391;988;13260
        Cento;1526;5614;9588;11759;1154;3014;32653
        Codigoro;701;2440;3643;3409;298;611;11101
        Comacchio;1219;4413;7189;6381;444;1114;20759
        Copparo;822;3471;4451;5056;435;1079;15313
        Ferrara;5063;20193;29585;44443;5429;20346;125059
        Fiscaglia;523;1993;2693;2569;190;376;8344
        Formignana;122;544;808;834;78;146;2532
        Goro;237;907;1451;743;47;79;3464
        Jolanda di Savoia;202;642;841;798;48;117;2648
        Lagosanto;257;995;1615;1337;86;190;4478
        Masi Torello;121;479;601;747;56;172;2176
        Mesola;465;1539;2262;1756;143;217;6382
        Ostellato;375;1399;1750;1744;123;224;5615
        Poggio Renatico;459;1627;2764;3162;277;627;8916
        Portomaggiore;626;2381;3118;3698;308;673;10804
        Riva del Po;..;..;..;..;..;..;..
        Ro;188;689;950;929;84;179;3019
        Terre del Reno;442;1839;2744;3231;300;635;9191
        Tresigallo;236;872;1262;1382;123;240;4113
        Tresignana;..;..;..;..;..;..;..
        Vigarano Mainarda;357;1387;1965;2519;237;590;7055
        Voghiera;172;817;973;1176;112;253;3502
      Ravenna;19297;59084;99058;134663;12257;36949;361308
        Alfonsine;683;2168;3309;3867;283;738;11047
        Bagnacavallo;990;2711;4184;5702;497;1484;15567
        Bagnara di Romagna;131;343;666;842;69;159;2210
        Brisighella;400;1341;2031;2448;177;561;6958
        Casola Valsenio;136;445;748;830;52;145;2355
        Castel Bolognese;460;1445;2570;3205;314;781;8775
        Cervia;1333;4421;7330;10360;848;2564;26856
        Conselice;589;1682;2817;3065;203;574;8929
        Cotignola;430;1189;1853;2502;240;602;6815
        Faenza;2834;8478;13902;19956;2039;6479;53688
        Fusignano;483;1483;2239;2596;224;521;7546
        Lugo;1630;4954;7832;11056;999;3199;29669
        Massa Lombarda;650;1597;2770;3552;259;685;9513
        Ravenna;7232;22779;40136;55998;5332;16601;148077
        Riolo Terme;256;919;1648;1894;154;357;5227
        Russi;663;1913;3117;4222;344;973;11232
        Sant'Agata sul Santerno;157;415;733;1065;98;215;2683
        Solarolo;241;801;1175;1505;127;313;4161
      Forlì-Cesena;17962;62252;107178;128053;13701;36591;365736
        Bagno di Romagna;288;982;1611;2013;161;402;5456
        Bertinoro;474;1723;3065;3641;346;792;10041
        Borghi;137;401;962;891;80;140;2611
        Castrocaro Terme e Terra del Sole;267;978;1738;2148;202;554;5887
        Cesena;4214;15308;24574;31867;3700;10877;90540
        Cesenatico;1109;4138;7188;8851;856;2037;24178
        Civitella di Romagna;219;631;1188;1084;71;197;3390
        Dovadola;77;255;494;520;43;89;1477
        Forlì;5148;17799;29565;38750;4535;13720;109516
        Forlimpopoli;613;2205;3560;4332;445;1051;12206
        Galeata;120;428;669;798;55;155;2225
        Gambettola;550;1767;3225;3326;345;626;9838
        Gatteo;449;1405;2880;2831;290;530;8384
        Longiano;347;1142;2189;2195;226;459;6558
        Meldola;509;1671;2939;3054;299;655;9125
        Mercato Saraceno;370;1037;2065;2312;167;412;6363
        Modigliana;217;771;1445;1327;131;273;4164
        Montiano;92;292;499;534;62;134;1613
        Portico e San Benedetto;44;147;242;212;19;48;712
        Predappio;289;1127;1928;1913;161;364;5781
        Premilcuore;42;151;246;222;17;44;722
        Rocca San Casciano;76;316;597;570;59;117;1735
        Roncofreddo;130;530;1068;1099;102;206;3135
        San Mauro Pascoli;598;1902;3655;3749;386;702;10992
        Santa Sofia;224;652;1237;1311;114;266;3803
        Sarsina;182;626;1036;1080;94;207;3225
        Savignano sul Rubicone;860;2764;5427;5558;573;1206;16387
        Sogliano al Rubicone;161;534;983;952;97;169;2895
        Tredozio;56;218;357;356;22;70;1079
        Verghereto;102;354;549;559;44;90;1698
      Rimini;15684;47063;87212;114849;13475;32976;311258
        Bellaria-Igea Marina;930;2736;5334;6626;694;1459;17778
        Casteldelci;17;96;104;115;9;17;358
        Cattolica;705;2358;4391;5991;673;1772;15890
        Coriano;485;1444;3044;3617;390;711;9690
        Gemmano;67;174;350;375;31;64;1061
        Maiolo;48;160;215;267;28;45;763
        Misano Adriatico;638;1907;3619;4558;504;1048;12273
        Mondaino;72;227;401;431;42;118;1290
        Montecopiolo;..;..;..;..;..;..;..
        Montefiore Conca;93;308;670;761;71;156;2058
        Montegridolfo;42;165;321;321;33;56;937
        Montescudo-Monte Colombo;307;803;2043;2373;209;446;6181
        Morciano di Romagna;311;926;2103;2342;277;548;6507
        Novafeltria;333;1116;2014;2355;262;567;6647
        Pennabilli;110;477;839;879;105;180;2589
        Poggio Torriana;300;754;1502;1698;179;323;4755
        Riccione;1665;5293;8800;12183;1392;3402;32734
        Rimini;6796;19714;35567;51335;6624;17943;137978
        Saludecio;142;427;951;993;95;193;2800
        San Clemente;254;670;1653;1919;180;339;5014
        San Giovanni in Marignano;468;1419;2570;3178;317;751;8702
        San Leo;158;469;843;908;90;169;2636
        Sant'Agata Feltria;107;344;628;718;68;109;1974
        Santarcangelo di Romagna;1103;3347;6054;7279;859;1782;20423
        Sassofeltrio;..;..;..;..;..;..;..
        Talamello;58;163;331;363;27;66;1007
        Verucchio;478;1570;2867;3265;320;714;9213
  Centro;470404;1708986;2965325;4048037;434169;1373163;11000083
    Toscana;148702;618333;1004251;1179611;124631;367260;3442786
      Massa-Carrara;6106;31424;52086;68850;5896;16554;180916
        Aulla;361;1800;3005;3941;298;689;10093
        Bagnone;66;387;463;641;37;135;1729
        Carrara;1877;9277;16419;22192;1919;6042;57725
        Casola in Lunigiana;40;228;240;357;38;56;958
        Comano;17;168;202;212;15;47;661
        Filattiera;71;439;541;818;69;181;2118
        Fivizzano;232;1726;1995;2627;208;448;7235
        Fosdinovo;149;800;1330;1580;135;374;4368
        Licciana Nardi;147;819;1331;1764;136;329;4525
        Massa;2160;10539;18623;24036;2212;6114;63683
        Montignoso;333;1625;2968;3585;292;789;9591
        Mulazzo;82;506;641;861;60;103;2253
        Podenzana;58;350;645;734;49;124;1959
        Pontremoli;233;1295;1673;2758;233;619;6810
        Tresana;70;407;569;641;42;104;1832
        Villafranca in Lunigiana;161;740;1178;1816;139;356;4390
        Zeri;50;319;265;289;17;46;986
      Lucca;11892;65712;111164;123840;11482;33862;357951
        Altopascio;636;2687;5134;4529;353;764;14102
        Bagni di Lucca;200;1246;2009;1713;117;291;5575
        Barga;305;1726;2891;3151;290;738;9100
        Borgo a Mozzano;205;1450;2345;2090;160;356;6605
        Camaiore;1037;5698;9645;9866;866;2642;29754
        Camporgiano;66;453;614;682;55;145;2015
        Capannori;1522;8498;13243;14276;1327;3138;42002
        Careggine;9;188;188;95;6;20;506
        Castelnuovo di Garfagnana;171;1032;1806;1825;157;472;5462
        Castiglione di Garfagnana;49;391;529;533;43;109;1654
        Coreglia Antelminelli;168;1048;1712;1572;118;225;4843
        Fabbriche di Vergemoli;24;250;281;186;19;31;791
        Forte dei Marmi;192;1141;1799;2493;227;928;6780
        Fosciandora;16;131;172;178;11;45;553
        Gallicano;132;733;1216;1138;91;168;3478
        Lucca;2500;12931;22333;30397;3285;10984;82429
        Massarosa;699;3990;7126;6538;554;1315;20222
        Minucciano;47;495;662;600;28;73;1905
        Molazzana;30;230;309;323;34;68;993
        Montecarlo;151;850;1297;1386;119;321;4124
        Pescaglia;93;780;1130;1043;75;156;3277
        Piazza al Serchio;71;489;731;716;55;116;2178
        Pietrasanta;684;3931;6534;7701;662;2207;21718
        Pieve Fosciana;71;451;736;820;72;186;2336
        Porcari;335;1610;2689;2761;237;459;8091
        San Romano in Garfagnana;43;275;404;464;34;95;1315
        Seravezza;371;2348;3915;4221;345;863;12062
        Sillano Giuncugnano;32;222;345;321;28;49;997
        Stazzema;93;689;1005;845;67;115;2813
        Vagli Sotto;31;206;344;251;19;36;886
        Viareggio;1829;8860;17122;20316;1959;6625;56710
        Villa Basilica;44;396;487;437;39;51;1454
        Villa Collemandina;37;289;413;375;34;74;1221
      Pistoia;11468;55160;86042;88203;8273;21598;270743
        Abetone Cutigliano;70;458;577;665;51;101;1922
        Agliana;782;3671;5805;4832;472;795;16356
        Buggiano;342;1587;2676;2808;265;615;8293
        Chiesina Uzzanese;195;878;1545;1267;96;218;4197
        Lamporecchio;350;1574;2286;2145;184;376;6914
        Larciano;269;1367;2071;1758;152;286;5903
        Marliana;122;596;956;966;74;218;2931
        Massa e Cozzile;303;1418;2204;2601;216;560;7301
        Monsummano Terme;886;4326;6953;5873;498;1113;19648
        Montale;501;2359;3415;2975;239;548;10037
        Montecatini-Terme;755;2995;5324;6564;648;2160;18444
        Pescia;730;3615;5713;5943;580;1507;18088
        Pieve a Nievole;374;1752;2823;2846;241;561;8595
        Pistoia;3270;16189;24406;28703;2970;9004;84542
        Ponte Buggianese;419;1827;2757;2573;207;458;8240
        Quarrata;1131;5340;8465;7359;617;1390;24301
        Sambuca Pistoiese;63;316;517;471;24;74;1464
        Serravalle Pistoiese;431;2158;3512;3551;358;768;10778
        Uzzano;180;903;1655;1838;174;430;5179
        San Marcello Piteglio;296;1832;2385;2468;211;418;7610
      Firenze;40164;158654;255602;314858;36286;122383;927945
        Bagno a Ripoli;972;4284;6204;8247;901;3303;23910
        Barberino di Mugello;502;1785;3238;3424;322;668;9938
        Barberino Tavarnelle;..;..;..;..;..;..;..
        Barberino Val d'Elsa;176;690;1163;1411;163;424;4027
        Borgo San Lorenzo;679;2942;5026;5976;656;1414;16693
        Calenzano;677;3267;4808;5829;589;1424;16593
        Campi Bisenzio;2279;8179;14039;13590;1255;2746;42087
        Capraia e Limite;320;1338;2240;2353;288;631;7169
        Castelfiorentino;894;3479;5205;4810;446;1102;15934
        Cerreto Guidi;505;2328;3249;3086;288;655;10110
        Certaldo;802;3042;4860;4558;474;1109;14845
        Dicomano;241;1031;1700;1691;148;317;5128
        Empoli;2180;8434;13192;14969;1778;4768;45320
        Fiesole;512;2214;3041;4567;584;2139;13057
        Figline e Incisa Valdarno;1008;4065;6564;7359;827;2059;21881
        Firenze;12945;47266;80228;119422;15710;68907;344476
        Firenzuola;189;921;1421;1375;110;226;4242
        Fucecchio;1204;4468;6850;6677;644;1454;21297
        Gambassi Terme;214;872;1490;1482;128;329;4513
        Greve in Chianti;570;2308;3910;4431;445;1124;12787
        Impruneta;521;2454;3643;4720;561;1643;13541
        Lastra a Signa;881;3635;6001;5961;576;1394;18447
        Londa;77;291;622;593;60;151;1794
        Marradi;113;604;928;953;73;204;2875
        Montaione;199;686;1071;1050;102;264;3371
        Montelupo Fiorentino;675;2626;4078;4238;446;1104;13166
        Montespertoli;530;2208;3989;4097;429;1122;12373
        Palazzuolo sul Senio;48;236;343;357;19;61;1063
        Pelago;336;1393;2236;2334;226;598;7123
        Pontassieve;883;3784;5494;6563;691;1750;19164
        Reggello;679;2874;4653;5312;549;1257;15323
        Rignano sull'Arno;350;1316;2408;2824;296;832;8025
        Rufina;282;1350;2186;2225;200;487;6729
        San Casciano in Val di Pesa;731;3070;4439;5393;581;1636;15849
        San Godenzo;55;198;313;383;29;73;1050
        Scandicci;2041;9365;13561;16297;1778;4397;47437
        Scarperia e San Piero;446;1937;3649;4008;407;842;11288
        Sesto Fiorentino;1982;8071;12083;15847;1832;5508;45322
        Signa;888;3254;5637;5402;489;1252;16922
        Tavarnelle Val di Pesa;352;1387;2174;2361;265;601;7140
        Vaglia;162;715;1184;1799;215;736;4810
        Vicchio;377;1380;2323;2596;242;590;7507
        Vinci;693;2914;4165;4293;469;1086;13619
      Livorno;13068;51372;93072;112829;11075;29509;310924
        Bibbona;131;581;1014;977;86;183;2972
        Campiglia Marittima;612;2412;3809;4112;345;815;12105
        Campo nell'Elba;181;729;1545;1470;134;314;4372
        Capoliveri;126;566;1139;1429;97;332;3688
        Capraia Isola;4;37;118;166;11;48;384
        Castagneto Carducci;462;1622;2685;2699;213;511;8192
        Cecina;1162;4463;7580;9557;882;2330;25973
        Collesalvetti;774;2681;4936;5561;524;916;15391
        Livorno;5810;22480;42692;53811;5788;16146;146726
        Marciana;74;362;676;670;73;155;2010
        Marciana Marina;71;318;603;639;64;141;1836
        Piombino;1337;5506;9681;11145;990;2780;31437
        Porto Azzurro;106;506;1269;1204;94;254;3432
        Portoferraio;431;1745;3460;4124;372;1008;11139
        Rio;120;470;983;1176;86;246;3080
        Rosignano Marittimo;1243;4992;8033;10700;1028;2587;28581
        San Vincenzo;260;1235;1756;2299;203;545;6298
        Sassetta;21;81;137;156;17;28;440
        Suvereto;145;587;958;937;70;172;2868
      Pisa;16885;69679;107625;130220;15163;47818;387388
        Bientina;324;1425;2315;2661;286;610;7620
        Buti;208;1116;1631;1711;150;393;5207
        Calci;210;935;1427;2027;276;998;5872
        Calcinaia;516;2073;3276;4067;489;1040;11460
        Capannoli;280;1162;1747;1989;198;455;5830
        Casale Marittimo;47;171;294;355;33;123;1023
        Casciana Terme Lari;530;2229;3603;3893;378;920;11553
        Cascina;1762;7407;11224;14434;1687;4707;41219
        Castelfranco di Sotto;673;2707;4185;3703;303;670;12240
        Castellina Marittima;85;314;601;611;46;130;1786
        Castelnuovo di Val di Cecina;141;414;603;644;56;128;1986
        Chianni;49;294;390;408;36;103;1280
        Crespina Lorenzana;220;953;1589;1722;157;397;5037
        Fauglia;150;622;1001;1240;141;284;3438
        Guardistallo;58;197;327;395;44;113;1133
        Lajatico;60;314;348;399;38;79;1237
        Montecatini Val di Cecina;91;367;477;473;49;105;1562
        Montescudaio;80;312;548;757;72;178;1947
        Monteverdi Marittimo;44;131;224;233;18;55;704
        Montopoli in Val d'Arno;514;2232;3357;3245;281;626;10255
        Orciano Pisano;33;120;184;195;13;32;577
        Palaia;197;903;1268;1413;125;335;4240
        Peccioli;239;1018;1280;1380;162;327;4405
        Pisa;2946;11345;18400;28107;4267;19174;84239
        Pomarance;250;1184;1596;1739;155;350;5274
        Ponsacco;752;2594;4270;4829;514;1217;14175
        Pontedera;1196;4609;7291;9443;1069;3045;26652
        Riparbella;79;310;447;526;42;112;1515
        San Giuliano Terme;1086;4891;7456;9794;1236;4320;28782
        San Miniato;1242;5525;7660;8374;831;2054;25686
        Santa Croce sull'Arno;805;2659;4451;3944;380;819;13058
        Santa Luce;73;304;488;492;53;128;1537
        Santa Maria a Monte;588;2575;4068;3689;345;726;11991
        Terricciola;182;891;1322;1357;121;297;4169
        Vecchiano;442;2162;3354;3878;408;950;11194
        Vicopisano;317;1458;2234;2714;312;858;7893
        Volterra;418;1760;2693;3384;395;962;9612
      Arezzo;13903;55846;93546;112111;11838;29452;316695
        Anghiari;210;974;1484;1868;183;443;5161
        Arezzo;3654;14386;25056;33202;3935;11428;91660
        Badia Tedalda;50;217;299;336;30;72;1004
        Bibbiena;434;1973;3187;4097;422;943;11055
        Bucine;466;1944;3068;2947;280;569;9274
        Capolona;204;901;1703;1704;181;311;5004
        Caprese Michelangelo;50;283;388;466;48;89;1324
        Castel Focognano;120;610;879;1054;91;165;2919
        Castel San Niccolò;130;533;818;779;66;154;2479
        Castelfranco Piandiscò;443;1638;2982;3096;327;644;9128
        Castiglion Fibocchi;93;378;613;677;51;147;1959
        Castiglion Fiorentino;544;2119;3693;4308;436;1003;12102
        Cavriglia;359;1521;2891;3106;315;628;8820
        Chitignano;44;186;251;290;22;60;853
        Chiusi della Verna;70;385;539;691;63;118;1865
        Civitella in Val di Chiana;369;1589;2748;2792;308;573;8379
        Cortona;1020;3503;5723;7471;735;1918;20369
        Foiano della Chiana;445;1571;2793;2973;242;588;8612
        Laterina Pergine Valdarno;290;1239;2153;1879;200;380;6140
        Loro Ciuffenna;254;997;1642;1948;227;400;5468
        Lucignano;172;616;979;1140;108;271;3285
        Marciano della Chiana;137;575;1079;1059;102;202;3154
        Monte San Savino;423;1502;2623;2701;278;561;8087
        Montemignaio;20;127;162;177;16;25;526
        Monterchi;78;341;469;567;62;125;1642
        Montevarchi;1041;4074;6568;7715;818;1905;22120
        Ortignano Raggiolo;34;150;222;302;16;76;799
        Pieve Santo Stefano;133;497;845;1098;99;235;2907
        Poppi;234;1037;1598;2110;196;506;5679
        Pratovecchio Stia;209;949;1490;1995;223;489;5355
        San Giovanni Valdarno;698;2918;4651;5300;550;1518;15635
        Sansepolcro;606;2399;3741;5693;580;1459;14477
        Sestino;65;271;407;354;34;69;1200
        Subbiano;250;1083;1916;2053;215;417;5934
        Talla;42;201;284;325;29;76;957
        Terranuova Bracciolini;513;2162;3606;3840;355;888;11363
      Siena;12588;44501;65714;83725;10427;30245;247197
        Abbadia San Salvatore;318;1185;1840;1891;199;479;5912
        Asciano;357;1223;1910;2129;253;591;6462
        Buonconvento;158;549;901;920;123;243;2893
        Casole d'Elsa;190;687;1038;1163;121;304;3502
        Castellina in Chianti;131;472;694;908;95;255;2554
        Castelnuovo Berardenga;369;1182;2038;2895;446;1318;8247
        Castiglione d'Orcia;142;489;626;650;68;153;2127
        Cetona;173;544;662;815;77;192;2462
        Chianciano Terme;345;1204;1648;2478;240;699;6613
        Chiusdino;116;313;486;581;63;127;1686
        Chiusi;431;1527;2065;2850;279;689;7840
        Colle di Val d'Elsa;988;3502;5911;6690;807;1926;19823
        Gaiole in Chianti;119;466;748;843;83;208;2466
        Montalcino;339;1103;1530;1776;186;435;5369
        Montepulciano;785;2577;3287;4469;499;1279;12896
        Monteriggioni;419;1384;2214;3030;514;1573;9134
        Monteroni d'Arbia;417;1445;2339;2679;363;892;8134
        Monticiano;88;279;418;480;46;110;1419
        Murlo;112;385;648;753;77;250;2223
        Piancastagnaio;217;789;1193;1310;123;234;3865
        Pienza;94;382;501;711;75;189;1952
        Poggibonsi;1373;5402;7829;8667;997;2438;26705
        Radda in Chianti;58;273;468;504;49;101;1452
        Radicofani;67;207;366;322;12;37;1011
        Radicondoli;25;173;269;276;41;77;861
        Rapolano Terme;291;934;1392;1599;195;481;4892
        San Casciano dei Bagni;100;355;398;452;55;139;1498
        San Gimignano;350;1272;2199;2397;280;626;7123
        San Quirico d'Orcia;147;472;708;821;92;189;2428
        Sarteano;290;914;1141;1469;159;352;4324
        Siena;2007;7386;10257;17579;2723;10852;50803
        Sinalunga;663;2278;3356;3896;424;986;11602
        Sovicille;387;1490;2383;3206;442;1215;9122
        Torrita di Siena;464;1394;1951;2138;188;499;6633
        Trequanda;59;268;305;384;38;112;1164
      Grosseto;9110;38809;61339;71740;6789;19032;206817
        Arcidosso;189;736;1150;1462;145;299;3980
        Campagnatico;110;492;755;651;62;141;2211
        Capalbio;194;708;1217;1224;97;271;3710
        Castel del Piano;200;835;1291;1578;138;398;4439
        Castell'Azzara;75;367;353;446;26;88;1354
        Castiglione della Pescaia;286;1371;2019;2219;202;669;6765
        Cinigiano;145;562;773;630;50;150;2310
        Civitella Paganico;158;638;901;895;83;187;2862
        Follonica;777;3789;5874;7118;678;1965;20199
        Gavorrano;376;1608;2766;2534;206;485;7973
        Grosseto;3090;12145;21373;28125;2929;8667;76329
        Isola del Giglio;49;252;400;476;40;107;1323
        Magliano in Toscana;146;809;1040;941;81;250;3267
        Manciano;354;1417;2075;2200;180;554;6779
        Massa Marittima;387;1601;2358;2507;245;694;7791
        Monte Argentario;521;2177;3292;4100;343;896;11327
        Monterotondo Marittimo;70;262;419;378;24;69;1221
        Montieri;66;246;351;313;30;75;1079
        Orbetello;499;2590;4090;4968;433;1191;13770
        Pitigliano;190;715;1021;1251;129;260;3565
        Roccalbegna;50;225;303;266;25;53;921
        Roccastrada;441;1922;2777;2602;230;473;8444
        Santa Fiora;112;467;727;833;80;188;2405
        Scansano;213;925;1303;1265;108;286;4098
        Scarlino;168;685;1174;1199;111;292;3629
        Seggiano;53;191;294;289;20;73;919
        Semproniano;55;256;298;306;23;72;1009
        Sorano;138;824;949;970;76;182;3138
      Prato;13520;47177;78063;73238;7404;16809;236210
        Cantagallo;166;640;1067;820;72;132;2895
        Carmignano;676;2505;4774;4305;412;870;13542
        Montemurlo;1043;4046;6119;4780;469;818;17273
        Poggio a Caiano;502;1804;2988;2923;295;725;9237
        Prato;10380;34823;58016;55809;5738;13370;178134
        Vaiano;458;2033;3050;2959;292;644;9435
        Vernio;297;1326;2051;1644;127;250;5694
    Umbria;38327;134630;205004;308651;31146;94809;812566
      Perugia;29045;99906;149877;228271;23040;71841;601978
        Assisi;1290;4276;6395;9994;1006;2925;25885
        Bastia Umbra;995;3346;5283;7568;747;1810;19747
        Bettona;208;675;1155;1418;132;321;3908
        Bevagna;228;732;1251;1776;166;445;4597
        Campello sul Clitunno;106;378;583;854;65;205;2191
        Cannara;220;682;1056;1571;125;309;3962
        Cascia;120;484;881;1121;107;212;2925
        Castel Ritaldi;173;515;820;1089;99;259;2955
        Castiglione del Lago;731;2609;3510;5197;489;1191;13727
        Cerreto di Spoleto;52;195;326;325;26;57;981
        Citerna;134;554;894;1211;108;216;3116
        Città della Pieve;365;1361;1847;2743;239;604;7158
        Città di Castello;1542;5610;8951;14640;1389;3850;35982
        Collazzone;159;596;853;1128;93;298;3127
        Corciano;877;2703;4815;7273;791;2753;19211
        Costacciaro;50;257;279;416;37;67;1105
        Deruta;449;1590;2398;3165;315;852;8768
        Foligno;2357;7770;11951;21102;2138;6367;51684
        Fossato di Vico;117;446;681;923;86;168;2419
        Fratta Todina;89;334;409;641;64;195;1731
        Giano dell'Umbria;195;670;860;1460;113;220;3517
        Gualdo Cattaneo;380;1093;1377;2082;155;394;5481
        Gualdo Tadino;747;2518;3219;5661;496;1213;13854
        Gubbio;1651;5315;6905;11603;1202;2987;29663
        Lisciano Niccone;40;96;160;195;20;45;556
        Magione;700;2477;3939;4931;439;1208;13692
        Marsciano;924;2965;4347;6247;619;1691;16792
        Massa Martana;187;595;866;1318;101;323;3389
        Monte Castello di Vibio;92;253;353;523;53;142;1416
        Monte Santa Maria Tiberina;50;202;290;412;35;86;1074
        Montefalco;274;984;1358;1959;183;379;5137
        Monteleone di Spoleto;22;105;204;204;9;18;562
        Montone;95;254;401;574;61;128;1512
        Nocera Umbra;282;1042;1281;2188;160;369;5321
        Norcia;195;808;1288;1696;158;316;4460
        Paciano;40;165;252;322;44;96;918
        Panicale;278;1051;1405;1883;184;400;5200
        Passignano sul Trasimeno;254;743;1476;1937;186;525;5120
        Perugia;6436;22647;35203;54568;6726;27183;152763
        Piegaro;195;650;944;1168;105;253;3314
        Pietralunga;98;364;558;729;49;122;1920
        Poggiodomo;1;32;31;24;3;4;94
        Preci;35;141;199;231;15;38;659
        San Giustino;495;1685;2740;4211;301;855;10286
        Sant'Anatolia di Narco;21;117;145;186;20;38;527
        Scheggia e Pascelupo;83;282;353;465;21;55;1259
        Scheggino;15;76;138;162;15;31;437
        Sellano;43;233;287;340;33;56;992
        Sigillo;108;471;548;851;90;158;2226
        Spello;393;1335;1910;3233;259;795;7924
        Spoleto;1675;6215;8980;13592;1232;3563;35257
        Todi;764;2810;3575;5421;474;1656;14699
        Torgiano;286;967;1654;2129;209;664;5908
        Trevi;409;1412;2037;2848;238;642;7586
        Tuoro sul Trasimeno;189;622;1055;1246;97;337;3545
        Umbertide;855;2449;3922;5808;569;1453;15054
        Valfabbrica;187;638;873;1115;91;199;3102
        Vallo di Nera;15;67;99;126;11;18;336
        Valtopina;81;251;313;474;48;82;1247
      Terni;9282;34724;55128;80381;8106;22968;210588
        Acquasparta;232;813;1144;1602;125;384;4300
        Allerona;99;343;463;574;60;104;1643
        Alviano;54;269;468;486;36;56;1369
        Amelia;542;1790;2884;4049;435;1035;10734
        Arrone;115;445;746;989;73;187;2555
        Attigliano;100;316;497;747;65;146;1869
        Avigliano Umbro;107;437;638;826;77;199;2284
        Baschi;122;502;686;905;76;206;2495
        Calvi dell'Umbria;85;333;464;589;57;147;1674
        Castel Giorgio;97;401;570;675;74;176;1993
        Castel Viscardo;136;563;760;935;86;204;2684
        Fabro;149;542;740;932;55;149;2566
        Ferentillo;77;321;514;650;41;109;1711
        Ficulle;71;287;396;566;57;119;1495
        Giove;102;327;500;658;55;126;1768
        Guardea;58;322;489;608;53;151;1681
        Lugnano in Teverina;68;312;396;457;37;88;1358
        Montecastrilli;229;809;1388;1694;147;365;4632
        Montecchio;72;280;490;562;40;112;1556
        Montefranco;39;187;346;466;35;103;1176
        Montegabbione;61;270;272;370;39;87;1099
        Monteleone d'Orvieto;56;317;344;476;48;115;1355
        Narni;793;3218;5023;6631;617;1464;17745
        Orvieto;896;3276;4723;7114;765;2339;19113
        Otricoli;97;357;483;591;52;112;1692
        Parrano;25;113;120;174;15;31;478
        Penna in Teverina;47;185;288;376;37;84;1016
        Polino;14;50;65;71;6;10;216
        Porano;74;276;487;697;68;204;1806
        San Gemini;229;765;1099;1773;194;520;4578
        San Venanzo;119;417;564;748;71;200;2119
        Stroncone;203;728;1222;1708;168;363;4391
        Terni;4116;15156;25862;40684;4344;13275;103437
    Marche;70200;250514;383403;495464;56120;155970;1411671
      Pesaro e Urbino;16177;55968;92306;118254;12844;36340;331889
        Acqualagna;222;753;1166;1464;139;307;4051
        Apecchio;93;365;448;633;53;102;1693
        Auditore;80;255;468;462;38;99;1401
        Belforte all'Isauro;44;125;214;222;19;45;668
        Borgo Pace;38;131;165;145;12;45;536
        Cagli;422;1451;2091;3007;242;694;7906
        Cantiano;126;423;518;789;54;142;2052
        Carpegna;76;281;482;515;67;120;1539
        Cartoceto;360;1319;2293;2595;217;480;7264
        Colli al Metauro;604;1934;3328;3993;406;872;11137
        Fano;2513;8751;13515;20939;2532;7885;56135
        Fermignano;367;1322;2150;2729;302;821;7690
        Fossombrone;500;1565;2427;3095;315;867;8768
        Fratte Rosa;49;196;291;254;39;59;888
        Frontino;11;62;77;83;10;13;256
        Frontone;61;231;363;432;41;71;1198
        Gabicce Mare;236;975;1558;1952;167;433;5320
        Gradara;203;642;1396;1691;160;351;4443
        Isola del Piano;31;101;164;168;17;50;530
        Lunano;108;263;423;426;46;68;1333
        Macerata Feltria;107;340;589;611;62;151;1860
        Mercatello sul Metauro;50;273;379;405;32;97;1235
        Mercatino Conca;61;158;309;325;35;80;968
        Mombaroccio;102;358;591;678;53;153;1935
        Mondavio;166;700;1104;1189;135;319;3612
        Mondolfo;691;2358;3983;4690;475;1068;13264
        Monte Cerignone;28;137;200;192;15;47;618
        Monte Grimano Terme;59;221;313;343;22;71;1028
        Monte Porzio;129;460;839;893;100;166;2587
        Montecalvo in Foglia;143;487;846;832;81;135;2524
        Monteciccardo;93;223;510;566;53;91;1536
        Montecopiolo;57;245;310;314;32;55;1012
        Montefelcino;132;484;744;831;78;138;2407
        Montelabbate;304;1020;2213;2217;196;420;6370
        Peglio;24;98;194;250;27;47;639
        Pergola;306;1129;1660;2025;197;510;5827
        Pesaro;3774;13752;22271;32197;3947;12617;88558
        Petriano;161;495;865;816;52;164;2553
        Piandimeleto;115;367;635;622;49;127;1914
        Pietrarubbia;32;143;199;178;10;33;595
        Piobbico;98;307;495;672;61;150;1783
        San Costanzo;243;771;1300;1520;145;335;4314
        San Lorenzo in Campo;183;672;968;1003;79;211;3115
        Sant'Angelo in Vado;194;610;1167;1311;154;309;3744
        Sant'Ippolito;77;264;461;445;49;85;1380
        Sassocorvaro;193;570;972;984;105;276;3098
        Sassocorvaro Auditore;..;..;..;..;..;..;..
        Sassofeltrio;71;237;446;440;30;69;1292
        Serra Sant'Abbondio;54;196;295;293;26;57;921
        Tavoleto;48;161;262;276;18;51;815
        Tavullia;369;1118;2533;2557;195;476;7247
        Terre Roveresche;285;989;1575;1619;155;307;4930
        Urbania;342;1066;1852;2378;252;575;6465
        Urbino;592;2087;3043;4298;644;2626;13290
        Vallefoglia;753;2332;4657;4694;408;802;13645
      Ancona;19284;77690;110150;158769;18571;51010;435472
        Agugliano;182;784;1180;1636;228;431;4440
        Ancona;3659;14007;21173;34950;4128;14722;92638
        Arcevia;251;1005;1194;1387;134;274;4245
        Barbara;62;281;362;409;46;82;1242
        Belvedere Ostrense;94;484;585;629;66;155;2013
        Camerano;287;1237;1772;2458;269;626;6649
        Camerata Picena;96;363;591;968;106;207;2330
        Castelbellino;201;812;1199;1746;225;354;4537
        Castelfidardo;862;3078;4982;6037;633;1298;16889
        Castelleone di Suasa;84;323;468;482;63;74;1494
        Castelplanio;162;709;928;1109;105;266;3279
        Cerreto d'Esi;176;630;973;1212;100;269;3360
        Chiaravalle;608;2574;3557;5043;548;1418;13748
        Corinaldo;218;949;1333;1603;177;331;4611
        Cupramontana;238;997;1130;1370;163;377;4274
        Fabriano;1255;4978;6903;10745;1202;3397;28480
        Falconara Marittima;1002;4269;6033;9051;1015;2874;24243
        Filottrano;447;1939;2781;2609;281;541;8597
        Genga;68;339;430;588;48;154;1627
        Jesi;1615;6505;8834;13095;1689;5066;36804
        Loreto;588;2126;3049;4529;495;1186;11972
        Maiolati Spontini;275;1192;1563;1983;236;492;5740
        Mergo;50;188;268;327;39;76;947
        Monsano;142;536;797;1124;130;371;3100
        Monte Roberto;121;512;800;966;109;267;2775
        Monte San Vito;282;1127;1700;2400;270;570;6348
        Montecarotto;104;407;448;622;58;148;1787
        Montemarciano;352;1597;2344;3538;445;905;9179
        Morro d'Alba;76;358;490;571;68;169;1731
        Numana;132;540;821;1427;162;494;3575
        Offagna;90;330;458;708;89;192;1867
        Osimo;1529;5729;8188;11517;1439;3498;31899
        Ostra;316;1197;1801;2083;255;500;6151
        Ostra Vetere;154;745;883;980;112;186;3059
        Poggio San Marcello;24;143;165;208;26;49;615
        Polverigi;193;678;1093;1559;197;427;4146
        Rosora;91;382;494;598;59;141;1765
        San Marcello;85;332;488;668;93;175;1841
        San Paolo di Jesi;35;191;215;315;29;73;858
        Santa Maria Nuova;197;829;1200;1228;125;254;3833
        Sassoferrato;333;1384;1810;2372;188;542;6629
        Senigallia;1624;7223;9442;15336;1990;5828;41443
        Serra de' Conti;191;710;921;1220;126;255;3422
        Serra San Quirico;129;598;703;848;93;185;2556
        Sirolo;154;587;844;1478;180;483;3726
        Staffolo;123;453;570;648;73;160;2026
        Trecastelli;328;1337;2190;2393;263;471;6982
      Macerata;14954;54721;80697;96849;10900;32177;290298
        Apiro;133;450;564;634;63;203;2047
        Appignano;252;818;1258;1104;134;287;3852
        Belforte del Chienti;103;313;466;618;54;167;1720
        Bolognola;4;21;48;43;4;12;132
        Caldarola;75;269;421;561;63;179;1567
        Camerino;256;963;1260;2258;296;1458;6489
        Camporotondo di Fiastrone;28;102;146;151;14;45;486
        Castelraimondo;216;695;1138;1534;137;446;4165
        Castelsantangelo sul Nera;12;56;74;89;4;14;249
        Cessapalombo;20;109;133;137;13;34;446
        Cingoli;577;2018;2823;2856;320;726;9318
        Civitanova Marche;1926;6577;10600;13707;1618;4579;39006
        Colmurano;54;252;318;353;35;107;1119
        Corridonia;719;2866;4223;4494;474;1206;13982
        Esanatoglia;106;379;529;648;62;122;1846
        Fiastra;34;137;164;223;23;45;626
        Fiuminata;48;246;348;441;53;114;1250
        Gagliole;30;86;168;215;20;45;564
        Gualdo;34;181;201;202;27;77;721
        Loro Piceno;159;504;650;624;63;190;2190
        Macerata;1636;6201;8679;13044;1683;7108;38350
        Matelica;431;1598;2479;3329;320;785;8941
        Mogliano;232;952;1249;1256;147;410;4246
        Monte Cavallo;3;42;43;29;..;1;118
        Monte San Giusto;506;1638;2306;1903;208;480;7040
        Monte San Martino;37;131;222;213;25;53;681
        Montecassiano;343;1252;2064;2092;223;590;6564
        Montecosaro;378;1217;1867;2271;248;546;6527
        Montefano;188;681;1014;963;99;208;3153
        Montelupone;192;700;959;992;119;288;3249
        Morrovalle;563;2029;2908;2835;270;604;9208
        Muccia;42;148;210;309;21;85;814
        Penna San Giovanni;45;208;234;362;17;101;967
        Petriolo;112;377;581;483;55;156;1763
        Pieve Torina;72;273;414;400;31;92;1282
        Pioraco;39;195;273;366;40;91;1003
        Poggio San Vicino;15;71;61;70;7;10;234
        Pollenza;303;1257;1750;1904;253;562;6028
        Porto Recanati;513;1674;3093;4065;470;1281;11094
        Potenza Picena;790;2726;4358;4947;590;1271;14682
        Recanati;972;3594;5487;6464;806;2241;19564
        Ripe San Ginesio;45;173;218;249;24;64;773
        San Ginesio;177;713;772;1061;104;291;3117
        San Severino Marche;590;2296;2994;4049;426;1185;11538
        Sant'Angelo in Pontano;72;287;369;401;36;105;1269
        Sarnano;137;543;762;1088;117;305;2951
        Sefro;31;80;134;114;14;22;395
        Serrapetrona;51;159;228;306;25;86;855
        Serravalle di Chienti;36;211;300;337;29;61;973
        Tolentino;862;3390;5157;5823;620;1870;17720
        Treia;542;1897;2635;2600;256;748;8678
        Urbisaglia;119;489;712;787;83;224;2413
        Ussita;19;71;111;143;9;41;393
        Valfornace;40;200;256;354;22;61;932
        Visso;39;215;271;354;29;100;1008
      Ascoli Piceno;9640;31201;51280;71777;7850;21619;193366
        Acquasanta Terme;134;565;764;863;79;150;2554
        Acquaviva Picena;169;556;1074;1253;119;310;3481
        Appignano del Tronto;79;357;475;553;29;126;1619
        Arquata del Tronto;53;229;342;346;33;51;1054
        Ascoli Piceno;1952;6694;10362;17912;2011;6263;45194
        Carassai;63;204;291;272;38;101;968
        Castel di Lama;433;1260;2174;2926;326;681;7800
        Castignano;142;460;745;883;97;228;2555
        Castorano;144;433;645;712;86;152;2172
        Colli del Tronto;152;525;917;1315;147;314;3369
        Comunanza;146;498;896;1006;90;185;2820
        Cossignano;58;201;273;264;33;72;900
        Cupra Marittima;298;900;1311;1749;211;551;5019
        Folignano;320;1263;2294;3486;353;777;8493
        Force;67;233;410;379;40;67;1196
        Grottammare;751;2230;3731;5626;661;1849;14848
        Maltignano;108;344;653;822;95;173;2194
        Massignano;108;295;462;488;44;144;1539
        Monsampolo del Tronto;252;691;1408;1454;142;304;4251
        Montalto delle Marche;125;395;545;634;88;156;1943
        Montedinove;28;92;140;168;10;47;485
        Montefiore dell'Aso;108;423;570;590;65;165;1920
        Montegallo;24;113;140;128;15;35;455
        Montemonaco;27;114;156;183;23;27;529
        Monteprandone;643;2006;3702;4072;423;792;11636
        Offida;322;827;1342;1555;164;456;4666
        Palmiano;11;37;69;50;6;7;180
        Ripatransone;201;694;1177;1312;168;381;3930
        Roccafluvione;94;345;592;651;56;83;1821
        Rotella;54;173;240;255;28;62;811
        San Benedetto del Tronto;2091;6596;10820;16724;1873;6248;44352
        Spinetoli;368;1094;2025;2483;230;532;6731
        Venarotta;118;357;539;666;70;131;1881
      Fermo;10146;30934;48971;49816;5956;14824;160646
        Altidona;178;486;946;1102;121;337;3169
        Amandola;179;589;958;1151;142;286;3305
        Belmonte Piceno;30;144;199;153;20;37;583
        Campofilone;115;322;508;613;56;155;1768
        Falerone;214;626;956;939;97;230;3061
        Fermo;2003;5986;9531;11384;1497;4143;34543
        Francavilla d'Ete;68;202;282;236;24;67;878
        Grottazzolina;207;583;957;967;106;249;3068
        Lapedona;63;234;305;351;35;128;1115
        Magliano di Tenna;87;263;423;397;51;102;1323
        Massa Fermana;79;214;267;227;25;57;868
        Monsampietro Morico;38;137;206;152;14;39;586
        Montappone;182;343;461;397;41;137;1560
        Monte Giberto;45;154;226;229;25;56;735
        Monte Rinaldo;15;96;120;74;17;18;340
        Monte San Pietrangeli;176;477;740;630;77;131;2230
        Monte Urano;591;1631;2683;1950;238;414;7507
        Monte Vidon Combatte;26;80;124;115;16;34;395
        Monte Vidon Corrado;45;141;178;187;21;76;648
        Montefalcone Appennino;24;74;94;131;15;43;381
        Montefortino;58;223;324;357;41;77;1079
        Montegiorgio;416;1222;2026;1810;220;533;6227
        Montegranaro;877;2688;4030;3302;322;658;11877
        Monteleone di Fermo;19;78;119;102;8;29;355
        Montelparo;44;161;186;229;18;75;713
        Monterubbiano;135;401;617;611;60;212;2035
        Montottone;37;217;244;275;35;59;866
        Moresco;36;105;147;157;21;59;525
        Ortezzano;31;147;211;224;28;64;705
        Pedaso;153;393;802;925;100;248;2620
        Petritoli;152;439;627;706;76;176;2175
        Ponzano di Fermo;93;272;556;447;60;117;1545
        Porto San Giorgio;706;2263;3774;5174;718;2323;14957
        Porto Sant'Elpidio;1475;4533;7609;7291;891;1840;23638
        Rapagnano;119;376;596;521;62;151;1824
        Santa Vittoria in Matenano;72;238;386;408;35;98;1235
        Sant'Elpidio a Mare;1073;3422;5196;4628;496;1054;15868
        Servigliano;141;414;675;678;77;175;2159
        Smerillo;18;68;97;105;11;30;329
        Torre San Patrizio;128;498;588;485;42;110;1851
    Lazio;213175;705510;1372668;2064311;222272;755125;5333060
      Viterbo;13891;47705;88441;102069;11487;26863;290455
        Acquapendente;281;887;1553;1666;210;469;5065
        Arlena di Castro;51;161;258;268;24;42;803
        Bagnoregio;149;639;909;1233;113;305;3347
        Barbarano Romano;45;157;300;374;47;79;1002
        Bassano in Teverina;71;219;370;398;26;87;1171
        Bassano Romano;201;711;1404;1585;171;305;4377
        Blera;150;562;965;908;111;208;2904
        Bolsena;191;703;1090;1237;141;338;3700
        Bomarzo;69;292;494;564;66;120;1605
        Calcata;34;124;279;292;40;62;831
        Canepina;137;550;952;820;114;216;2788
        Canino;344;1030;1659;1483;122;269;4906
        Capodimonte;62;267;404;624;66;165;1588
        Capranica;277;853;1981;2186;229;477;6003
        Caprarola;223;894;1660;1623;180;351;4931
        Carbognano;76;312;597;614;75;127;1801
        Castel Sant'Elia;106;359;818;847;75;144;2347
        Castiglione in Teverina;125;437;682;682;70;132;2127
        Celleno;54;231;367;429;46;80;1207
        Cellere;55;248;348;351;22;67;1090
        Civita Castellana;745;2575;4529;5136;544;1161;14689
        Civitella d'Agliano;69;289;469;477;47;116;1467
        Corchiano;166;587;1176;1145;104;197;3374
        Fabrica di Roma;330;1145;2557;2786;261;482;7561
        Faleria;97;338;612;710;77;130;1963
        Farnese;68;319;453;409;44;96;1389
        Gallese;150;488;859;846;73;173;2589
        Gradoli;77;292;369;404;34;85;1261
        Graffignano;115;406;682;692;71;121;2086
        Grotte di Castro;159;514;755;767;72;195;2461
        Ischia di Castro;123;422;738;638;73;120;2113
        Latera;46;158;236;258;30;57;784
        Lubriano;41;172;262;253;37;70;833
        Marta;178;555;959;1089;138;246;3164
        Montalto di Castro;450;1581;2701;2693;248;501;8173
        Monte Romano;83;348;576;621;77;101;1806
        Montefiascone;683;2083;3541;4210;566;1225;12307
        Monterosi;166;495;1239;1643;162;366;4070
        Nepi;393;1240;2702;2988;286;700;8309
        Onano;68;211;324;262;20;36;921
        Oriolo Romano;129;451;1091;1298;138;341;3447
        Orte;410;1300;2206;3341;338;913;8508
        Piansano;94;351;604;605;83;147;1884
        Proceno;27;122;157;178;17;38;539
        Ronciglione;340;1213;2403;2862;341;693;7852
        San Lorenzo Nuovo;96;367;668;616;72;146;1964
        Soriano nel Cimino;427;1368;2507;2467;227;590;7585
        Sutri;238;835;1868;2335;219;623;6117
        Tarquinia;645;2383;4608;5451;600;1368;15054
        Tessennano;18;70;84;95;13;20;300
        Tuscania;375;1283;2412;2725;264;636;7693
        Valentano;139;391;838;966;96;237;2666
        Vallerano;111;445;731;752;104;205;2347
        Vasanello;182;646;1144;1256;147;290;3665
        Vejano;114;344;673;709;77;141;2057
        Vetralla;566;2020;4023;4526;455;1015;12604
        Vignanello;263;821;1331;1322;127;276;4140
        Villa San Giovanni in Tuscia;50;207;370;405;39;105;1175
        Viterbo;2538;8624;16557;22154;2978;8372;61222
        Vitorchiano;225;614;1346;1802;244;492;4723
      Rieti;5809;24049;39958;54756;5667;13540;143779
        Accumoli;25;136;186;175;13;35;569
        Amatrice;98;474;656;858;62;136;2284
        Antrodoco;89;373;663;931;89;174;2318
        Ascrea;13;48;67;77;5;13;223
        Belmonte in Sabina;28;134;168;218;14;43;605
        Borbona;26;106;162;226;21;40;581
        Borgo Velino;29;150;242;362;39;77;898
        Borgorose;178;719;1308;1525;103;256;4088
        Cantalice;105;426;704;868;117;194;2414
        Cantalupo in Sabina;62;275;493;566;50;103;1549
        Casaprota;30;138;213;240;24;36;681
        Casperia;48;204;312;437;37;114;1152
        Castel di Tora;6;50;86;96;4;14;256
        Castel Sant'Angelo;56;203;308;418;49;72;1106
        Castelnuovo di Farfa;56;145;275;358;37;88;958
        Cittaducale;238;1048;1741;2481;262;510;6279
        Cittareale;14;120;136;125;12;20;427
        Collalto Sabino;16;74;110;137;18;34;388
        Colle di Tora;11;74;112;118;8;14;336
        Collegiove;6;30;43;51;9;12;150
        Collevecchio;69;289;473;463;38;110;1441
        Colli sul Velino;29;80;153;164;16;20;462
        Concerviano;10;64;69;80;10;19;252
        Configni;35;130;164;175;12;37;553
        Contigliano;156;565;890;1375;155;337;3478
        Cottanello;18;121;145;155;23;29;491
        Fara in Sabina;543;1908;3731;4736;460;1097;12474
        Fiamignano;55;237;360;467;39;69;1225
        Forano;129;459;911;1071;100;169;2839
        Frasso Sabino;29;104;188;258;31;53;663
        Greccio;50;292;324;558;64;127;1414
        Labro;18;55;83;131;20;30;336
        Leonessa;60;431;703;785;53;147;2177
        Longone Sabino;22;150;159;149;17;35;532
        Magliano Sabina;151;633;1074;1227;111;227;3422
        Marcetelli;1;25;12;18;5;6;67
        Micigliano;6;24;35;38;7;6;115
        Mompeo;19;92;130;173;12;32;458
        Montasola;12;89;107;120;9;18;355
        Monte San Giovanni in Sabina;26;146;203;216;16;31;638
        Montebuono;32;147;285;278;14;56;812
        Monteleone Sabino;41;222;353;399;40;75;1130
        Montenero Sabino;16;54;74;94;10;22;270
        Montopoli di Sabina;173;605;1142;1469;121;295;3805
        Morro Reatino;13;101;95;92;7;15;323
        Nespolo;4;38;61;71;4;15;192
        Orvinio;16;66;101;139;7;35;364
        Paganico Sabino;12;31;38;63;6;12;162
        Pescorocchiano;93;417;619;615;54;87;1884
        Petrella Salto;39;219;329;379;23;63;1052
        Poggio Bustone;82;354;597;679;75;109;1894
        Poggio Catino;44;198;330;463;47;95;1176
        Poggio Mirteto;220;860;1587;2322;231;547;5766
        Poggio Moiano;111;447;800;967;85;215;2625
        Poggio Nativo;104;398;721;883;91;150;2347
        Poggio San Lorenzo;15;79;144;191;25;37;491
        Posta;20;132;180;221;15;26;593
        Pozzaglia Sabina;21;91;83;100;4;16;315
        Rieti;1615;6242;10203;17624;2200;6049;43933
        Rivodutri;49;205;313;404;50;91;1111
        Rocca Sinibalda;28;157;211;259;18;58;731
        Roccantica;13;100;149;178;19;44;503
        Salisano;16;105;124;191;20;30;485
        Scandriglia;107;461;894;1063;80;223;2828
        Selci;48;199;307;361;22;67;1003
        Stimigliano;83;332;677;767;64;151;2073
        Tarano;59;246;462;422;35;88;1312
        Toffia;38;168;296;366;30;64;961
        Torri in Sabina;48;239;309;404;41;97;1137
        Torricella in Sabina;44;201;386;478;45;96;1250
        Turania;7;31;76;74;5;15;208
        Vacone;21;46;62;76;5;13;223
        Varco Sabino;8;42;56;48;8;4;166
      Roma;143941;474653;962985;1555457;168348;628607;3933990
        Affile;41;246;403;538;56;86;1370
        Agosta;72;263;439;669;51;87;1579
        Albano Laziale;1460;4963;9919;14567;1499;4171;36578
        Allumiere;137;640;1190;1362;112;242;3682
        Anguillara Sabazia;691;2233;4830;7198;740;1864;17555
        Anticoli Corrado;27;124;225;321;28;61;785
        Anzio;1913;6073;13089;19487;1809;5120;47490
        Arcinazzo Romano;45;212;350;490;42;106;1245
        Ardea;1850;5831;13976;18158;1429;3248;44491
        Ariccia;672;2313;4625;6730;686;2048;17074
        Arsoli;48;221;374;569;44;122;1377
        Artena;556;2128;4049;4749;366;804;12651
        Bellegra;107;506;853;926;77;140;2608
        Bracciano;628;2190;4285;7425;828;2220;17575
        Camerata Nuova;18;87;132;156;9;23;425
        Campagnano di Roma;419;1213;2863;4397;392;1041;10323
        Canale Monterano;131;527;1154;1535;150;331;3827
        Canterano;16;54;80;142;10;23;324
        Capena;409;1164;2764;4082;330;837;9586
        Capranica Prenestina;7;49;104;127;6;24;316
        Carpineto Romano;159;769;1115;1424;154;378;3999
        Casape;40;95;212;245;21;39;650
        Castel Gandolfo;295;1003;2133;3333;347;960;8071
        Castel Madama;285;946;1959;2646;264;549;6648
        Castel San Pietro Romano;23;111;224;319;29;87;792
        Castelnuovo di Porto;286;924;2128;3167;296;914;7715
        Cave;401;1453;3072;3848;312;714;9799
        Cerreto Laziale;35;132;307;405;38;85;1002
        Cervara di Roma;13;61;120;173;13;31;411
        Cerveteri;1290;4389;9951;14344;1222;3115;34311
        Ciampino;1221;4408;8872;14644;1519;4330;34994
        Ciciliano;44;199;357;488;28;90;1206
        Cineto Romano;23;114;177;206;17;29;565
        Civitavecchia;1801;6618;12871;19744;1927;4910;47870
        Civitella San Paolo;97;254;508;705;81;164;1808
        Colleferro;723;2596;4859;8156;949;2299;19582
        Colonna;148;542;1031;1642;144;363;3869
        Fiano Romano;564;1716;3962;5835;467;1221;13765
        Filacciano;14;66;129;152;11;38;410
        Fiumicino;2892;9078;20140;27813;2483;6025;68431
        Fonte Nuova;1208;3760;8415;11543;1018;2230;28174
        Formello;494;1265;2954;4895;529;1700;11837
        Frascati;796;2612;4898;8024;906;3121;20357
        Gallicano nel Lazio;236;848;1804;2206;179;410;5681
        Gavignano;58;287;515;681;72;148;1760
        Genazzano;232;960;1573;1974;195;436;5368
        Genzano di Roma;828;2918;5947;8497;893;2325;21408
        Gerano;49;241;369;387;34;73;1153
        Gorga;25;121;171;250;21;68;656
        Grottaferrata;617;2066;4062;7637;829;3440;18650
        Guidonia Montecelio;3245;10420;22697;32773;3220;7044;79398
        Jenne;17;69;102;110;3;26;327
        Labico;241;746;1819;2317;218;473;5813
        Ladispoli;1475;4675;10556;15149;1408;3303;36564
        Lanuvio;528;1777;3841;4595;456;947;12144
        Lariano;546;1948;4021;4473;400;773;12161
        Licenza;42;172;290;289;19;33;845
        Magliano Romano;63;164;452;502;48;119;1348
        Mandela;41;136;209;356;26;70;838
        Manziana;237;818;1816;2993;329;936;7128
        Marano Equo;25;106;198;296;24;65;714
        Marcellina;274;960;2046;2433;216;416;6344
        Marino;1599;4823;10474;16859;1717;4696;40168
        Mazzano Romano;98;364;923;1120;78;191;2773
        Mentana;932;2788;6347;8602;813;1745;21226
        Monte Compatri;405;1309;3094;4451;423;1137;10818
        Monte Porzio Catone;265;930;1779;3208;347;1436;7965
        Monteflavio;32;217;362;446;39;95;1191
        Montelanico;73;307;556;762;81;152;1930
        Montelibretti;193;854;1370;1785;191;421;4814
        Monterotondo;1447;4722;9747;15038;1642;4374;36969
        Montorio Romano;72;310;634;602;53;114;1785
        Moricone;85;398;694;875;73;188;2313
        Morlupo;293;956;1996;3243;315;828;7630
        Nazzano;50;207;416;459;40;111;1283
        Nemi;79;225;429;700;72;243;1748
        Nerola;70;273;542;719;62;137;1803
        Nettuno;1725;6347;13135;17475;1721;4050;44453
        Olevano Romano;230;1060;1923;2246;189;517;6165
        Palestrina;802;2800;5868;8192;727;1834;20222
        Palombara Sabina;476;1698;3576;4700;385;898;11733
        Percile;9;45;69;71;3;9;206
        Pisoniano;26;124;230;257;19;47;703
        Poli;97;379;683;774;52;93;2078
        Pomezia;2062;6909;15617;23490;2296;5334;55708
        Ponzano Romano;43;161;302;413;25;92;1036
        Riano;382;1207;2565;3835;382;1006;9376
        Rignano Flaminio;363;1174;2619;3899;339;885;9279
        Riofreddo;23;114;208;270;29;44;688
        Rocca Canterano;8;15;52;70;8;19;172
        Rocca di Cave;11;95;95;121;2;18;341
        Rocca di Papa;548;1966;4497;6113;633;1695;15452
        Rocca Priora;381;1395;3123;4505;424;1081;10909
        Rocca Santo Stefano;31;153;310;322;25;53;894
        Roccagiovine;3;40;93;87;1;14;237
        Roiate;28;123;233;200;28;35;646
        Roma;91576;295391;588052;1019256;116900;497083;2608257
        Roviano;55;224;334;486;49;104;1250
        Sacrofano;250;765;1665;2948;274;988;6889
        Sambuci;30;141;276;296;22;42;807
        San Cesareo;604;1889;4442;5691;440;1044;14109
        San Gregorio da Sassola;62;249;423;508;44;90;1375
        San Polo dei Cavalieri;68;361;793;1012;110;228;2572
        San Vito Romano;104;538;903;1155;114;199;3011
        Santa Marinella;580;2170;4403;6914;665;2188;16919
        Sant'Angelo Romano;176;563;1332;1889;140;344;4444
        Sant'Oreste;141;570;1005;1299;118;211;3343
        Saracinesco;5;24;54;65;3;13;164
        Segni;352;1344;2227;3413;357;850;8542
        Subiaco;281;1313;2093;3349;380;781;8197
        Tivoli;1963;6733;13774;20021;2104;5434;50028
        Tolfa;161;781;1401;1751;158;376;4627
        Torrita Tiberina;32;162;254;409;34;99;989
        Trevignano Romano;170;644;1312;2209;222;737;5293
        Vallepietra;22;63;104;58;1;5;252
        Vallinfreda;7;51;69;123;9;27;285
        Valmontone;616;2187;4253;5348;434;1008;13846
        Velletri;2037;7546;14220;18447;1875;4642;48767
        Vicovaro;144;547;1205;1295;105;223;3519
        Vivaro Romano;4;24;49;66;..;9;152
        Zagarolo;691;2315;5211;6260;534;1201;16212
      Latina;26505;82090;157480;185739;20208;46656;518678
        Aprilia;3528;10315;21779;24078;2260;4158;66118
        Bassiano;88;295;447;451;40;84;1405
        Campodimele;35;100;191;181;17;31;554
        Castelforte;198;575;1220;1465;162;350;3969
        Cisterna di Latina;1841;5705;11042;11113;1024;1893;32617
        Cori;485;1636;3293;3458;333;731;9935
        Fondi;1980;5822;11556;11932;1388;2969;35646
        Formia;1488;4957;8982;13410;1601;4551;34989
        Gaeta;729;2482;4350;7864;914;2672;19011
        Itri;472;1293;2788;3751;437;950;9691
        Latina;5193;16229;31655;44579;5213;13892;116759
        Lenola;210;716;1153;1286;150;324;3838
        Maenza;186;510;1003;852;98;161;2810
        Minturno;764;2641;5166;6905;803;1822;18101
        Monte San Biagio;451;1204;2042;1640;164;237;5737
        Norma;217;679;1232;1142;120;192;3582
        Pontinia;769;2629;4708;4277;344;648;13375
        Ponza;171;494;975;1125;83;205;3053
        Priverno;732;2355;4162;4155;475;924;12802
        Prossedi;57;247;412;316;31;54;1116
        Rocca Massima;53;223;332;330;42;56;1036
        Roccagorga;241;763;1277;1293;201;236;4009
        Roccasecca dei Volsci;62;224;369;318;36;57;1065
        Sabaudia;951;2840;5818;6314;618;1470;18011
        San Felice Circeo;466;1658;2845;2928;271;687;8854
        Santi Cosma e Damiano;339;996;1985;2297;201;484;6301
        Sermoneta;439;1467;2733;3127;392;759;8916
        Sezze;1355;3900;7318;6957;773;1434;21736
        Sonnino;483;1336;2550;1993;193;283;6836
        Sperlonga;177;527;790;1091;116;340;3041
        Spigno Saturnia;130;431;757;1004;122;219;2663
        Terracina;2189;6757;12339;13829;1560;3727;40400
        Ventotene;29;88;216;282;29;59;702
      Frosinone;23030;77013;123804;166290;16562;39459;446158
        Acquafondata;9;44;90;75;11;12;241
        Acuto;66;297;558;650;53;101;1725
        Alatri;1317;4636;7970;9154;820;1753;25649
        Alvito;152;436;603;947;101;237;2474
        Amaseno;276;795;1246;1329;107;195;3946
        Anagni;1063;3444;5617;7360;602;1456;19541
        Aquino;257;817;1323;1764;174;435;4769
        Arce;248;805;1284;2138;212;500;5187
        Arnara;110;446;575;783;54;116;2084
        Arpino;314;1135;1358;2747;273;738;6565
        Atina;201;610;1093;1466;148;425;3942
        Ausonia;115;393;681;868;82;182;2321
        Belmonte Castello;36;145;171;264;16;28;659
        Boville Ernica;474;1687;2582;2398;257;431;7828
        Broccostella;122;439;686;974;120;206;2546
        Campoli Appennino;101;321;404;544;75;113;1557
        Casalattico;38;114;156;136;16;28;487
        Casalvieri;132;467;685;867;82;188;2421
        Cassino;1449;4722;7955;12966;1564;4955;33610
        Castelliri;135;572;829;1208;100;255;3098
        Castelnuovo Parano;38;155;210;317;28;48;796
        Castro dei Volsci;249;837;1291;1554;150;300;4380
        Castrocielo;233;586;1024;1323;150;302;3617
        Ceccano;985;3624;5807;8031;853;1535;20834
        Ceprano;367;1285;2193;3127;283;643;7896
        Cervaro;348;1111;1866;2939;302;696;7261
        Colfelice;90;280;510;673;50;108;1710
        Colle San Magno;45;130;153;228;24;35;615
        Collepardo;42;176;259;326;16;29;847
        Coreno Ausonio;98;231;333;592;57;164;1474
        Esperia;187;634;1042;1304;126;256;3548
        Falvaterra;25;94;144;196;17;24;500
        Ferentino;976;3124;5374;7082;606;1496;18658
        Filettino;27;91;175;162;16;22;493
        Fiuggi;403;1487;2828;3755;377;908;9758
        Fontana Liri;119;402;598;1091;97;332;2639
        Fontechiari;49;214;316;461;46;106;1192
        Frosinone;1874;6113;10293;16384;1720;5529;41911
        Fumone;154;466;580;632;42;66;1940
        Gallinaro;69;217;305;428;45;113;1176
        Giuliano di Roma;108;403;671;791;76;147;2196
        Guarcino;83;269;441;513;30;110;1445
        Isola del Liri;477;1721;2465;4259;411;1177;10510
        Monte San Giovanni Campano;697;2145;3334;4124;381;857;11538
        Morolo;162;541;838;1184;86;177;2988
        Paliano;436;1308;2303;2718;231;455;7450
        Pastena;74;292;348;463;43;72;1291
        Patrica;124;528;801;1129;110;198;2890
        Pescosolido;58;292;386;494;51;104;1384
        Picinisco;66;210;311;367;34;88;1076
        Pico;124;501;774;946;93;180;2617
        Piedimonte San Germano;314;860;1660;2191;248;433;5705
        Piglio;271;763;1326;1518;139;232;4248
        Pignataro Interamna;132;399;647;825;77;179;2259
        Pofi;234;880;1192;1194;94;191;3784
        Pontecorvo;610;1931;3338;4375;538;1023;11813
        Posta Fibreno;64;211;225;385;38;119;1042
        Ripi;300;966;1350;1634;152;340;4741
        Rocca d'Arce;59;163;208;328;38;70;866
        Roccasecca;359;1099;1808;2704;262;612;6844
        San Biagio Saracinisco;21;78;92;84;5;13;292
        San Donato Val di Comino;75;297;529;697;73;194;1864
        San Giorgio a Liri;158;421;793;1064;131;297;2864
        San Giovanni Incarico;160;577;916;1092;110;194;3049
        San Vittore del Lazio;126;366;733;848;87;167;2326
        Sant'Ambrogio sul Garigliano;41;153;239;347;33;81;893
        Sant'Andrea del Garigliano;95;251;393;455;45;77;1315
        Sant'Apollinare;68;272;429;698;72;168;1707
        Sant'Elia Fiumerapido;328;952;1605;1982;217;417;5501
        Santopadre;94;228;263;512;44;87;1228
        Serrone;142;538;828;1014;72;178;2771
        Settefrati;45;107;196;260;20;54;682
        Sgurgola;142;455;759;813;59;104;2331
        Sora;1145;4098;5832;9167;1101;2586;23929
        Strangolagalli;134;476;744;692;54;95;2194
        Supino;228;736;1356;1638;136;301;4395
        Terelle;27;105;82;92;9;20;335
        Torre Cajetani;62;237;416;444;31;64;1254
        Torrice;264;796;1198;1513;178;392;4341
        Trevi nel Lazio;91;256;583;609;70;124;1732
        Trivigliano;63;312;489;547;30;77;1517
        Vallecorsa;158;593;683;705;74;173;2386
        Vallemaio;61;171;255;311;23;44;865
        Vallerotonda;90;299;438;477;49;78;1430
        Veroli;1045;3626;5806;6130;571;1154;18332
        Vicalvi;33;128;160;284;31;62;697
        Vico nel Lazio;97;369;699;630;77;116;1987
        Villa Latina;53;258;292;351;32;107;1093
        Villa Santa Lucia;133;413;756;872;81;138;2393
        Villa Santo Stefano;91;330;565;493;43;61;1582
        Viticuso;22;59;94;96;8;13;291
  Sud;794850;2209486;3910847;4182595;396175;1245987;12739938
    Abruzzo;61387;195054;322955;442476;47485;138886;1208243
      L'Aquila;10775;43268;72664;104755;11553;33641;276655
        Acciano;17;71;72;111;11;19;301
        Aielli;44;240;354;526;50;129;1343
        Alfedena;24;125;206;380;37;125;897
        Anversa degli Abruzzi;7;67;78;116;9;24;301
        Ateleta;40;233;283;396;28;78;1058
        Avezzano;1446;5140;9603;14880;1715;5605;38389
        Balsorano;195;618;972;1056;87;152;3080
        Barete;27;127;178;224;17;52;624
        Barisciano;63;246;474;637;69;125;1613
        Barrea;19;157;202;228;19;43;668
        Bisegna;10;72;55;55;6;7;205
        Bugnara;39;180;287;393;35;80;1014
        Cagnano Amiterno;54;301;335;421;33;38;1182
        Calascio;3;31;38;45;3;12;132
        Campo di Giove;26;131;173;307;37;93;767
        Campotosto;14;127;144;159;9;29;482
        Canistro;57;185;257;347;28;49;922
        Cansano;23;54;42;83;7;28;237
        Capestrano;39;187;215;307;16;66;829
        Capistrello;224;1010;1350;1643;192;356;4774
        Capitignano;33;145;161;216;19;31;605
        Caporciano;9;37;56;77;6;22;206
        Cappadocia;22;102;171;205;11;30;541
        Carapelle Calvisio;1;10;15;38;4;8;76
        Carsoli;221;835;1605;1880;138;291;4968
        Castel del Monte;17;93;99;144;20;32;404
        Castel di Ieri;9;54;72;116;16;28;295
        Castel di Sangro;230;784;1591;2564;300;806;6273
        Castellafiume;49;225;404;271;21;41;1011
        Castelvecchio Calvisio;2;32;39;50;..;5;128
        Castelvecchio Subequo;42;227;238;266;21;70;863
        Celano;560;1676;2951;3482;377;874;9918
        Cerchio;57;289;449;507;50;104;1456
        Civita d'Antino;44;207;317;326;32;39;965
        Civitella Alfedena;5;45;81;90;18;38;277
        Civitella Roveto;117;512;960;1037;97;190;2913
        Cocullo;5;61;55;69;3;15;208
        Collarmele;25;170;217;304;28;69;813
        Collelongo;39;229;274;424;40;107;1113
        Collepietro;11;59;41;82;3;16;212
        Corfinio;36;156;270;388;32;79;961
        Fagnano Alto;10;61;85;159;20;37;372
        Fontecchio;12;66;92;104;9;30;313
        Fossa;25;93;179;250;31;79;657
        Gagliano Aterno;8;49;63;82;6;28;235
        Gioia dei Marsi;97;340;478;598;54;131;1697
        Goriano Sicoli;13;107;145;188;23;32;508
        Introdacqua;70;321;494;752;81;232;1949
        L'Aquila;2071;7932;14382;25321;3403;11712;64820
        Lecce nei Marsi;102;271;458;484;71;106;1492
        Luco dei Marsi;312;1036;1794;1773;208;333;5455
        Lucoli;29;164;234;342;33;87;888
        Magliano de' Marsi;124;558;1006;1254;107;297;3345
        Massa d'Albe;49;197;324;548;52;195;1365
        Molina Aterno;16;75;77;140;16;31;355
        Montereale;90;462;647;802;88;154;2242
        Morino;55;291;441;425;40;66;1318
        Navelli;15;100;141;189;18;40;503
        Ocre;41;138;254;423;50;155;1061
        Ofena;13;87;143;153;8;28;432
        Opi;18;67;103;138;18;39;383
        Oricola;50;180;390;423;33;82;1158
        Ortona dei Marsi;27;142;116;125;12;41;463
        Ortucchio;65;333;526;570;56;90;1639
        Ovindoli;38;196;266;423;48;142;1113
        Pacentro;45;216;326;362;35;92;1076
        Pereto;20;117;178;240;22;42;619
        Pescasseroli;70;339;571;787;64;219;2050
        Pescina;187;664;1082;1299;139;296;3667
        Pescocostanzo;34;207;239;438;35;134;1087
        Pettorano sul Gizio;50;221;402;503;58;130;1363
        Pizzoli;173;559;1118;1610;134;431;4025
        Poggio Picenze;38;144;258;395;37;98;969
        Prata d'Ansidonia;17;87;119;158;11;58;450
        Pratola Peligna;274;1114;1932;2641;245;657;6862
        Prezza;37;198;255;323;25;63;901
        Raiano;100;406;716;935;108;262;2527
        Rivisondoli;27;91;157;242;28;108;653
        Rocca di Botte;26;124;262;325;15;41;793
        Rocca di Cambio;12;64;105;181;19;59;440
        Rocca di Mezzo;40;231;314;560;52;180;1377
        Rocca Pia;4;32;44;65;4;22;170
        Roccacasale;20;114;205;211;28;34;612
        Roccaraso;56;212;402;650;56;165;1541
        San Benedetto dei Marsi;192;609;1035;1286;138;305;3565
        San Benedetto in Perillis;5;36;17;29;1;11;99
        San Demetrio ne' Vestini;55;241;487;731;63;179;1755
        San Pio delle Camere;18;81;215;215;22;60;611
        San Vincenzo Valle Roveto;125;447;666;723;56;132;2149
        Sante Marie;41;255;314;393;24;62;1089
        Sant'Eusanio Forconese;12;57;86;155;14;34;358
        Santo Stefano di Sessanio;2;22;22;43;7;12;108
        Scanno;70;382;443;613;61;125;1694
        Scontrone;18;112;152;208;24;35;549
        Scoppito;129;401;750;1437;198;495;3410
        Scurcola Marsicana;90;444;721;995;94;256;2599
        Secinaro;12;72;109;125;5;5;328
        Sulmona;706;3286;5473;8669;966;3107;22207
        Tagliacozzo;256;999;1815;2346;215;611;6241
        Tione degli Abruzzi;7;48;82;95;10;26;268
        Tornimparte;102;505;764;1124;132;226;2851
        Trasacco;342;993;1724;1910;185;410;5562
        Villa Santa Lucia degli Abruzzi;6;22;21;33;..;11;93
        Villa Sant'Angelo;18;57;110;151;21;48;405
        Villalago;15;120;126;225;12;35;533
        Villavallelonga;25;164;281;294;21;49;834
        Villetta Barrea;23;116;159;219;18;55;590
        Vittorito;25;149;192;301;27;94;788
      Teramo;15927;45759;84020;98910;10518;28394;283527
        Alba Adriatica;669;1845;3359;4009;458;1152;11491
        Ancarano;84;336;564;546;81;134;1744
        Arsita;65;146;250;224;20;59;763
        Atri;557;1656;2895;3295;346;986;9734
        Basciano;117;354;771;711;97;146;2195
        Bellante;406;1108;2141;2155;219;436;6465
        Bisenti;148;319;617;517;37;88;1726
        Campli;369;1174;2158;2152;214;420;6487
        Canzano;104;291;571;551;66;119;1702
        Castel Castagna;33;87;149;139;9;18;434
        Castellalto;393;1156;2296;2347;242;454;6888
        Castelli;77;167;319;337;28;81;1009
        Castiglione Messer Raimondo;162;386;718;596;55;125;2042
        Castilenti;82;263;467;421;36;82;1351
        Cellino Attanasio;160;480;815;600;70;121;2246
        Cermignano;140;336;542;381;36;68;1503
        Civitella del Tronto;285;800;1484;1469;138;316;4491
        Colledara;109;309;675;701;72;128;1994
        Colonnella;222;541;1206;1077;117;250;3412
        Controguerra;143;437;716;642;66;160;2164
        Corropoli;300;806;1391;1573;177;396;4643
        Cortino;41;130;200;178;15;30;594
        Crognaleto;63;236;364;401;23;57;1144
        Fano Adriano;17;42;61;109;12;31;272
        Giulianova;1096;3384;5713;7798;862;2763;21615
        Isola del Gran Sasso d'Italia;262;766;1409;1388;136;320;4281
        Martinsicuro;852;2337;4863;4912;475;1160;14599
        Montefino;66;181;323;291;29;46;936
        Montorio al Vomano;431;1224;2247;2563;227;593;7285
        Morro d'Oro;242;586;1059;1083;115;222;3306
        Mosciano Sant'Angelo;508;1511;2680;2910;307;646;8562
        Nereto;266;800;1433;1738;168;481;4885
        Notaresco;359;1077;2007;2006;180;422;6051
        Penna Sant'Andrea;94;267;510;574;54;115;1614
        Pietracamela;3;40;69;96;10;27;245
        Pineto;816;2364;4154;4728;455;1293;13809
        Rocca Santa Maria;43;111;147;131;17;29;477
        Roseto degli Abruzzi;1320;3582;6653;8654;933;2577;23718
        Sant'Egidio alla Vibrata;458;1533;2890;3111;288;670;8949
        Sant'Omero;317;880;1507;1635;153;364;4856
        Silvi;747;2275;4225;5272;485;1322;14326
        Teramo;2401;6730;12498;18874;2333;7811;50647
        Torano Nuovo;76;311;391;484;45;134;1441
        Torricella Sicura;124;387;762;848;83;214;2418
        Tortoreto;553;1586;3035;4051;483;1193;10901
        Tossicia;79;226;377;422;33;103;1240
        Valle Castellana;70;198;342;213;15;34;872
      Pescara;14006;44807;74867;109397;11439;39398;293912
        Abbateggio;24;63;105;128;10;18;348
        Alanno;170;565;885;1242;116;239;3216
        Bolognano;56;176;304;361;33;72;1002
        Brittoli;2;68;128;54;2;4;258
        Bussi sul Tirino;90;423;641;885;75;220;2334
        Cappelle sul Tavo;186;626;1147;1295;116;253;3623
        Caramanico Terme;118;331;527;650;50;129;1805
        Carpineto della Nora;43;124;182;183;17;29;578
        Castiglione a Casauria;44;133;200;271;20;68;736
        Catignano;83;253;391;419;34;67;1246
        Cepagatti;531;1587;2754;3759;407;847;9885
        Città Sant'Angelo;757;2209;3773;5033;491;1372;13634
        Civitaquana;69;227;348;405;30;70;1149
        Civitella Casanova;120;365;542;483;35;82;1627
        Collecorvino;356;1002;1774;1883;178;327;5520
        Corvara;10;70;63;59;7;15;224
        Cugnoli;63;282;424;463;32;81;1344
        Elice;96;354;504;490;56;95;1594
        Farindola;97;323;454;374;34;71;1352
        Lettomanoppello;158;484;847;971;69;112;2641
        Loreto Aprutino;359;1269;2067;2386;227;529;6836
        Manoppello;314;1108;1760;2425;244;515;6366
        Montebello di Bertona;62;217;228;273;28;69;877
        Montesilvano;2267;6606;12507;18892;1900;6254;48425
        Moscufo;161;484;843;1106;114;238;2946
        Nocciano;87;292;556;587;50;107;1679
        Penne;587;1947;3229;4090;446;1108;11407
        Pescara;4617;15160;24222;41617;4816;21707;112138
        Pescosansonesco;18;98;167;152;6;19;459
        Pianella;446;1385;2280;2806;266;685;7867
        Picciano;87;237;389;386;37;81;1217
        Pietranico;17;106;133;154;14;26;450
        Popoli Terme;186;687;1264;1834;184;494;4648
        Roccamorice;47;153;255;322;39;61;876
        Rosciano;201;599;1077;1326;116;288;3607
        Salle;23;51;60;107;9;29;279
        San Valentino in Abruzzo Citeriore;84;297;511;687;55;133;1766
        Sant'Eufemia a Maiella;10;66;70;79;10;17;252
        Scafa;139;584;964;1318;103;221;3329
        Serramonacesca;46;110;136;184;9;26;511
        Spoltore;819;2461;4258;6726;722;2019;17004
        Tocco da Casauria;96;390;657;870;80;232;2325
        Torre de' Passeri;143;462;729;1063;105;281;2781
        Turrivalignani;46;161;241;290;17;36;791
        Vicoli;28;62;104;126;9;26;355
        Villa Celiera;45;155;168;187;23;27;605
      Chieti;20680;61221;91406;129416;13975;37453;354149
        Altino;180;529;736;1069;97;175;2785
        Archi;166;412;541;678;60;112;1968
        Ari;73;238;288;324;42;75;1039
        Arielli;74;254;276;327;40;73;1044
        Atessa;640;1776;2684;3602;305;758;9764
        Bomba;30;123;216;274;22;57;722
        Borrello;18;83;84;109;10;12;316
        Bucchianico;340;891;1310;1596;187;348;4670
        Canosa Sannita;87;282;326;415;39;98;1247
        Carpineto Sinello;56;128;161;135;13;24;516
        Carunchio;50;131;192;182;22;27;604
        Casacanditella;86;232;329;393;50;78;1168
        Casalanguida;80;200;257;237;29;40;843
        Casalbordino;349;1036;1620;1958;180;435;5577
        Casalincontrada;169;508;712;1080;124;234;2827
        Casoli;352;988;1262;1924;177;478;5181
        Castel Frentano;243;716;1008;1492;152;319;3928
        Castelguidone;28;89;99;93;14;21;344
        Castiglione Messer Marino;175;429;399;443;55;97;1597
        Celenza sul Trigno;72;169;260;257;31;56;845
        Chieti;2266;7115;10922;17810;2281;6983;47376
        Civitaluparella;19;62;115;87;6;16;305
        Civitella Messer Raimondo;52;151;158;288;33;77;759
        Colledimacine;19;49;46;48;3;11;176
        Colledimezzo;22;135;108;142;17;25;449
        Crecchio;185;583;650;883;85;211;2597
        Cupello;282;959;1332;1496;123;271;4462
        Dogliola;25;76;106;90;6;11;313
        Fallo;8;34;37;41;5;6;131
        Fara Filiorum Petri;118;319;501;654;67;163;1822
        Fara San Martino;62;233;298;487;68;120;1267
        Filetto;67;196;224;285;27;70;869
        Fossacesia;325;980;1583;2100;185;500;5673
        Fraine;36;73;103;67;6;8;293
        Francavilla al Mare;1045;3112;5344;8797;1188;3644;23129
        Fresagrandinaria;70;183;264;308;17;41;882
        Frisa;111;319;453;551;55;122;1610
        Furci;78;201;231;256;35;55;855
        Gamberale;17;60;66;105;10;18;276
        Gessopalena;84;254;291;510;30;131;1300
        Gissi;172;478;730;864;86;197;2526
        Giuliano Teatino;95;224;312;351;42;71;1095
        Guardiagrele;495;1441;1933;3153;359;869;8250
        Guilmi;37;102;106;110;11;18;384
        Lama dei Peligni;68;207;266;451;42;96;1129
        Lanciano;1616;4968;7804;12105;1391;4380;32263
        Lentella;45;139;211;214;16;28;653
        Lettopalena;16;69;87;117;13;20;322
        Liscia;52;171;204;176;15;26;644
        Miglianico;278;858;1267;1518;154;328;4402
        Montazzoli;48;247;293;223;20;42;872
        Montebello sul Sangro;6;32;19;16;2;1;76
        Monteferrante;12;35;33;32;..;3;115
        Montelapiano;4;22;22;26;1;4;79
        Montenerodomo;47;121;168;212;17;29;594
        Monteodorisio;186;452;713;689;60;110;2210
        Mozzagrogna;126;363;621;802;80;218;2209
        Orsogna;200;653;911;1331;115;285;3495
        Ortona;1164;3411;4877;8331;880;2345;21007
        Paglieta;282;741;1181;1346;109;261;3920
        Palena;72;179;351;479;45;91;1216
        Palmoli;57;219;259;254;17;32;838
        Palombaro;50;195;247;332;23;80;926
        Pennadomo;28;56;50;78;6;9;227
        Pennapiedimonte;25;117;99;147;10;25;423
        Perano;86;296;413;514;51;93;1451
        Pietraferrazzana;5;19;29;50;2;7;112
        Pizzoferrato;63;203;259;370;30;59;983
        Poggiofiorito;54;177;198;271;21;67;788
        Pollutri;139;477;573;628;76;152;2045
        Pretoro;39;136;253;314;36;70;847
        Quadri;45;151;175;273;28;65;737
        Rapino;73;249;273;446;44;103;1188
        Ripa Teatina;251;687;1039;1256;132;328;3692
        Rocca San Giovanni;125;389;636;763;67;159;2139
        Roccamontepiano;104;335;458;515;54;103;1569
        Roccascalegna;71;225;292;408;33;83;1112
        Roccaspinalveti;132;333;390;286;17;45;1203
        Roio del Sangro;10;20;21;28;2;9;90
        Rosello;15;69;40;67;12;13;216
        San Buono;62;221;293;246;25;36;883
        San Giovanni Lipioni;10;63;27;39;2;9;150
        San Giovanni Teatino;656;1804;3295;4964;547;1271;12535
        San Martino sulla Marrucina;48;143;226;327;32;70;846
        San Salvo;1080;3209;5384;6635;594;1360;18262
        San Vito Chietino;249;792;1206;1961;157;480;4845
        Santa Maria Imbaro;97;260;589;672;71;144;1833
        Sant'Eusanio del Sangro;140;431;617;769;66;151;2173
        Scerni;247;636;800;936;99;224;2940
        Schiavi di Abruzzo;149;254;153;142;11;44;753
        Taranta Peligna;27;69;76;112;11;41;336
        Tollo;270;708;1007;1266;128;289;3667
        Torino di Sangro;224;544;764;1005;101;211;2848
        Tornareccio;109;330;472;544;55;99;1609
        Torrebruna;86;211;179;221;20;47;764
        Torrevecchia Teatina;234;676;1136;1318;159;282;3805
        Torricella Peligna;95;297;318;387;30;90;1217
        Treglio;85;209;424;574;56;177;1523
        Tufillo;28;91;105;114;12;13;363
        Vacri;75;291;487;489;43;125;1510
        Vasto;1870;5549;9333;14054;1601;5098;37504
        Villa Santa Maria;71;188;333;486;33;82;1193
        Villalfonsina;67;203;237;291;29;46;873
        Villamagna;155;472;548;736;83;147;2141
    Molise;15495;50253;78801;97079;11180;31485;284292
      Campobasso;11332;35856;58442;69556;7868;22638;205691
        Acquaviva Collecroce;56;144;167;185;20;34;606
        Baranello;149;502;736;791;82;208;2468
        Bojano;336;1111;2147;2590;295;817;7296
        Bonefro;89;267;387;376;44;101;1263
        Busso;65;243;328;372;45;95;1147
        Campobasso;1775;5838;10619;17236;2157;7876;45501
        Campochiaro;37;97;194;197;19;38;582
        Campodipietra;139;345;718;811;76;203;2291
        Campolieto;53;189;257;223;30;52;804
        Campomarino;356;1268;2261;2458;238;555;7136
        Casacalenda;152;443;584;598;61;131;1969
        Casalciprano;38;100;156;135;10;42;480
        Castelbottaccio;22;105;60;55;6;19;267
        Castellino del Biferno;47;120;173;137;11;31;519
        Castelmauro;168;304;426;358;40;64;1359
        Castropignano;45;193;292;243;32;76;881
        Cercemaggiore;227;748;1230;933;76;195;3409
        Cercepiccola;29;164;178;195;15;26;607
        Civitacampomarano;25;135;90;56;5;23;334
        Colle d'Anchise;27;162;202;242;23;65;721
        Colletorto;116;413;495;517;57;139;1737
        Duronia;35;101;127;103;14;18;398
        Ferrazzano;123;413;639;1128;146;561;3010
        Fossalto;76;299;397;350;32;53;1207
        Gambatesa;90;341;396;376;51;91;1345
        Gildone;59;162;258;190;25;36;730
        Guardialfiera;84;211;290;285;27;52;949
        Guardiaregia;29;129;253;237;10;43;701
        Guglionesi;282;877;1455;1575;189;481;4858
        Jelsi;87;339;512;514;54;121;1626
        Larino;332;1000;1839;2138;266;739;6312
        Limosano;52;144;234;192;26;48;696
        Lucito;57;160;169;155;17;43;601
        Lupara;49;115;125;110;12;28;439
        Macchia Valfortore;52;118;158;135;13;29;505
        Mafalda;100;241;330;323;33;56;1082
        Matrice;38;194;334;325;36;69;996
        Mirabello Sannitico;132;307;518;695;77;201;1929
        Molise;18;40;47;51;3;5;163
        Monacilioni;46;100;141;122;13;24;446
        Montagano;56;186;281;354;39;86;1002
        Montecilfone;98;300;391;361;42;74;1265
        Montefalcone nel Sannio;116;322;415;438;43;94;1427
        Montelongo;24;72;90;84;17;43;330
        Montemitro;19;87;101;94;9;18;328
        Montenero di Bisaccia;403;1168;1838;1986;181;414;5990
        Montorio nei Frentani;20;74;117;121;17;34;383
        Morrone del Sannio;59;151;160;127;11;33;540
        Oratino;76;169;379;656;74;215;1569
        Palata;135;384;484;434;32;93;1562
        Petacciato;182;601;1096;1232;88;246;3444
        Petrella Tifernina;98;225;257;339;39;93;1051
        Pietracatella;88;236;418;365;27;60;1194
        Pietracupa;13;55;64;60;3;21;216
        Portocannone;128;435;745;709;69;166;2252
        Provvidenti;11;23;34;30;1;7;106
        Riccia;346;968;1362;1462;222;400;4759
        Ripabottoni;37;123;151;129;19;19;478
        Ripalimosani;146;415;788;1097;126;310;2881
        Roccavivara;71;159;209;211;24;43;717
        Rotello;64;206;354;419;38;58;1139
        Salcito;50;134;245;164;10;13;616
        San Biase;26;52;34;33;7;6;158
        San Felice del Molise;42;145;176;165;21;32;581
        San Giacomo degli Schiavoni;50;186;351;510;59;135;1291
        San Giovanni in Galdo;34;116;158;159;18;41;526
        San Giuliano del Sannio;46;183;306;305;22;70;932
        San Giuliano di Puglia;57;209;333;267;33;71;969
        San Martino in Pensilis;256;859;1527;1266;144;317;4369
        San Massimo;24;145;211;310;19;69;778
        San Polo Matese;24;80;119;165;18;35;441
        Santa Croce di Magliano;269;821;1450;1078;123;317;4058
        Sant'Angelo Limosano;24;85;109;81;8;13;320
        Sant'Elia a Pianisi;130;378;440;482;53;115;1598
        Sepino;89;375;630;481;44;123;1742
        Spinete;89;278;336;354;38;85;1180
        Tavenna;78;207;166;149;15;41;655
        Termoli;1235;4499;8331;11309;1321;4209;30903
        Torella del Sannio;54;176;215;191;16;36;688
        Toro;80;277;391;386;50;95;1278
        Trivento;439;993;1373;1138;121;228;4292
        Tufara;73;189;263;251;22;42;840
        Ururi;139;442;707;811;79;235;2412
        Vinchiaturo;144;493;919;1087;124;296;3061
      Isernia;4163;14397;20359;27523;3313;8847;78601
        Acquaviva d'Isernia;20;86;89;136;18;36;385
        Agnone;245;804;1165;1719;170;574;4677
        Bagnoli del Trigno;62;150;202;184;12;29;638
        Belmonte del Sannio;78;220;144;184;8;31;665
        Cantalupo nel Sannio;35;146;191;242;30;65;709
        Capracotta;44;162;199;296;24;107;831
        Carovilli;61;237;299;466;51;117;1231
        Carpinone;45;207;312;343;44;91;1042
        Castel del Giudice;14;61;70;96;20;30;291
        Castel San Vincenzo;23;95;134;163;9;44;468
        Castelpetroso;84;310;451;486;58;121;1510
        Castelpizzuto;13;37;57;38;1;9;154
        Castelverrino;5;27;20;39;6;5;102
        Cerro al Volturno;75;280;286;423;34;84;1182
        Chiauci;13;44;48;69;12;18;203
        Civitanova del Sannio;58;210;222;306;14;61;870
        Colli a Volturno;53;213;299;512;66;115;1257
        Conca Casale;18;43;55;33;3;13;165
        Filignano;23;126;144;191;33;62;579
        Forlì del Sannio;60;121;151;224;26;64;646
        Fornelli;112;301;535;589;58;121;1716
        Frosolone;235;629;860;827;95;225;2870
        Isernia;794;3039;4733;7254;879;3159;19857
        Longano;60;111;222;162;19;26;599
        Macchia d'Isernia;45;164;273;370;54;84;990
        Macchiagodena;115;398;580;477;50;87;1707
        Miranda;44;236;249;280;43;83;935
        Montaquila;134;421;599;767;98;202;2218
        Montenero Val Cocchiara;23;101;131;158;17;58;488
        Monteroduni;71;374;528;706;97;244;2020
        Pesche;55;236;336;577;81;212;1496
        Pescolanciano;25;177;248;270;28;41;789
        Pescopennataro;10;51;42;94;9;34;240
        Pettoranello del Molise;24;75;106;148;15;46;414
        Pietrabbondante;37;177;166;250;21;39;690
        Pizzone;11;66;66;119;12;32;306
        Poggio Sannita;71;185;152;156;14;25;602
        Pozzilli;99;364;529;764;113;212;2081
        Rionero Sannitico;67;191;282;364;36;99;1039
        Roccamandolfi;61;184;262;294;35;61;897
        Roccasicura;35;91;150;158;22;41;496
        Rocchetta a Volturno;51;170;261;424;45;104;1055
        San Pietro Avellana;27;98;129;173;21;30;478
        Santa Maria del Molise;34;130;173;228;25;48;638
        Sant'Agapito;53;240;341;480;63;138;1315
        Sant'Angelo del Pesco;22;93;79;117;4;24;339
        Sant'Elena Sannita;21;74;85;77;5;20;282
        Scapoli;40;138;180;219;22;37;636
        Sessano del Molise;31;149;219;221;23;61;702
        Sesto Campano;161;458;602;615;91;192;2118
        Vastogirardi;22;131;139;265;22;68;647
        Venafro;545;1571;2570;3773;558;1320;10336
    Campania;313140;880336;1706802;1713589;153616;506357;5273840
      Caserta;51779;135025;282348;269941;24906;74621;838619
        Ailano;72;240;412;399;36;103;1261
        Alife;422;1085;2157;2486;199;520;6869
        Alvignano;332;731;1261;1556;125;320;4324
        Arienzo;325;857;1696;1539;151;291;4858
        Aversa;2727;7306;14948;14797;1633;6276;47687
        Baia e Latina;145;327;612;678;53;149;1964
        Bellona;305;886;1909;1781;165;407;5452
        Caianello;114;284;491;653;50;144;1735
        Caiazzo;319;834;1409;1804;162;482;5009
        Calvi Risorta;323;821;1640;1857;158;451;5250
        Camigliano;83;282;606;685;46;130;1832
        Cancello ed Arnone;430;892;1891;1565;124;308;5210
        Capodrise;477;1333;2938;3276;300;797;9121
        Capriati a Volturno;79;225;465;445;52;134;1400
        Capua;867;2425;5128;6148;533;1794;16893
        Carinaro;399;1012;2322;1982;188;420;6323
        Carinola;495;1261;2353;2124;168;516;6916
        Casagiove;662;1861;3641;4594;431;1367;12556
        Casal di Principe;1447;3483;7654;5272;478;1239;19572
        Casaluce;619;1603;3477;2485;192;517;8892
        Casapesenna;599;1283;2427;1573;151;392;6423
        Casapulla;393;1218;2401;2741;276;713;7741
        Caserta;3001;8594;16703;25580;2930;12929;69735
        Castel Campagnano;108;241;440;471;42;107;1409
        Castel di Sasso;70;218;339;312;29;75;1043
        Castel Morrone;235;592;1176;1073;104;286;3465
        Castel Volturno;1942;3978;8771;6666;446;1252;23055
        Castello del Matese;67;193;464;469;50;108;1350
        Cellole;491;1187;2515;2457;206;498;7354
        Cervino;329;840;1784;1298;131;199;4581
        Cesa;495;1389;3210;2437;236;505;8271
        Ciorlano;43;70;122;124;7;17;383
        Conca della Campania;85;224;351;358;29;76;1123
        Curti;390;1043;2009;2182;223;567;6413
        Dragoni;119;281;616;666;71;170;1923
        Falciano del Massico;223;593;1203;965;80;209;3273
        Fontegreca;48;122;227;242;32;55;726
        Formicola;95;235;408;438;37;117;1330
        Francolise;285;752;1677;1295;106;237;4351
        Frignano;536;1399;3174;2358;197;508;8171
        Gallo Matese;37;112;182;164;7;35;536
        Galluccio;104;363;707;598;57;141;1970
        Giano Vetusto;49;105;161;204;22;65;605
        Gioia Sannitica;264;615;1082;1011;85;208;3264
        Grazzanise;454;1053;2439;1943;174;334;6397
        Gricignano di Aversa;676;1802;4475;3100;247;607;10907
        Letino;46;133;233;191;18;33;653
        Liberi;65;216;337;335;33;70;1056
        Lusciano;859;2303;5284;4181;456;1090;14173
        Macerata Campania;537;1598;3436;3060;221;558;9410
        Maddaloni;2219;5780;13165;10407;901;2466;34937
        Marcianise;1938;5542;12612;11774;1134;2800;35800
        Marzano Appio;125;385;609;725;57;171;2072
        Mignano Monte Lungo;162;528;1003;954;71;163;2879
        Mondragone;2151;4809;9016;7543;667;1857;26041
        Orta di Atella;1632;3722;9883;6999;549;1211;23995
        Parete;687;1799;3694;3303;304;882;10669
        Pastorano;164;470;972;897;73;214;2790
        Piana di Monte Verna;132;462;651;703;55;152;2154
        Piedimonte Matese;513;1553;2917;3651;329;1084;10046
        Pietramelara;245;762;1354;1441;124;354;4279
        Pietravairano;153;417;759;997;91;254;2670
        Pignataro Maggiore;354;907;1639;1838;174;473;5384
        Pontelatone;78;293;489;480;43;137;1520
        Portico di Caserta;374;1064;2410;2441;185;580;7054
        Prata Sannita;106;233;488;401;47;83;1358
        Pratella;102;297;512;412;38;91;1452
        Presenzano;127;270;563;554;54;97;1665
        Raviscanina;76;207;364;410;35;100;1192
        Recale;333;1093;2444;2463;197;505;7035
        Riardo;141;395;658;735;67;160;2155
        Rocca d'Evandro;204;520;1013;844;86;223;2890
        Roccamonfina;166;556;979;1093;100;245;3139
        Roccaromana;55;147;251;253;24;50;780
        Rocchetta e Croce;22;78;128;150;11;23;412
        Ruviano;140;304;433;530;57;138;1601
        San Cipriano d'Aversa;923;2249;4668;3453;308;866;12466
        San Felice a Cancello;1115;2782;5885;4498;415;922;15617
        San Gregorio Matese;76;162;303;270;16;53;880
        San Marcellino;905;2041;4845;3721;313;853;12677
        San Marco Evangelista;387;1015;2031;1968;158;425;5982
        San Nicola la Strada;1097;2838;5754;7881;780;2358;20708
        San Pietro Infine;40;144;284;281;28;61;837
        San Potito Sannitico;104;323;504;665;61;161;1817
        San Prisco;606;1758;3728;3716;361;1022;11189
        San Tammaro;270;769;1792;1785;139;354;5108
        Santa Maria a Vico;729;2168;4196;4204;387;1131;12814
        Santa Maria Capua Vetere;1542;4494;8828;10095;951;4112;30021
        Santa Maria la Fossa;150;405;977;721;68;128;2448
        Sant'Angelo d'Alife;133;340;608;760;51;152;2044
        Sant'Arpino;806;2216;5148;4003;351;831;13355
        Sessa Aurunca;1296;3516;6437;6412;491;1520;19671
        Sparanise;442;1039;2107;2436;218;520;6762
        Succivo;469;1236;2879;2422;236;521;7763
        Teano;693;1885;3712;3829;317;818;11254
        Teverola;771;2087;4927;4000;369;821;12974
        Tora e Piccilli;55;160;243;247;17;80;801
        Trentola Ducenta;1109;2700;6304;5556;501;1457;17626
        Vairano Patenora;360;971;1860;2123;203;521;6038
        Valle Agricola;85;198;244;202;23;39;791
        Valle di Maddaloni;134;406;874;796;98;192;2500
        Villa di Briano;482;1093;2259;1895;171;491;6391
        Villa Literno;961;2028;4367;2884;260;584;11084
        Vitulazio;358;920;2226;2514;201;598;6817
      Benevento;18280;40968;70933;90592;7931;27888;256591
        Airola;554;1046;1967;2941;266;908;7681
        Amorosi;192;388;645;958;77;302;2562
        Apice;439;882;1573;1701;136;381;5111
        Apollosa;196;389;718;832;91;220;2445
        Arpaia;105;267;569;682;50;157;1830
        Arpaise;48;104;177;261;22;106;718
        Baselice;261;439;591;674;53;138;2156
        Benevento;2891;7460;13393;20543;1940;8667;54892
        Bonea;105;225;373;414;36;96;1248
        Bucciano;138;331;610;633;52;134;1898
        Buonalbergo;133;307;465;480;35;142;1561
        Calvi;130;378;651;901;83;258;2400
        Campolattaro;79;161;235;329;35;111;950
        Campoli del Monte Taburno;162;260;457;485;36;124;1524
        Casalduni;100;289;358;385;28;58;1217
        Castelfranco in Miscano;50;146;286;248;24;57;811
        Castelpagano;111;358;465;332;21;67;1353
        Castelpoto;109;233;319;376;23;67;1126
        Castelvenere;176;361;663;956;87;264;2507
        Castelvetere in Val Fortore;158;267;302;277;16;72;1092
        Cautano;150;301;566;623;60;161;1861
        Ceppaloni;199;483;801;1154;104;369;3110
        Cerreto Sannita;229;572;952;1261;107;434;3554
        Circello;170;426;589;722;63;197;2167
        Colle Sannita;165;411;625;706;62;173;2142
        Cusano Mutri;318;699;1212;1181;73;219;3702
        Dugenta;201;439;790;845;69;212;2555
        Durazzano;170;347;684;600;44;141;1986
        Faicchio;332;559;1018;1087;95;253;3343
        Foglianise;178;476;852;1119;108;304;3037
        Foiano di Val Fortore;128;265;363;428;43;96;1322
        Forchia;55;189;392;379;24;67;1106
        Fragneto l'Abate;100;208;274;291;19;70;961
        Fragneto Monforte;124;292;480;595;54;132;1677
        Frasso Telesino;148;342;570;730;68;180;2038
        Ginestra degli Schiavoni;52;85;155;109;10;28;439
        Guardia Sanframondi;361;807;1367;1481;154;393;4563
        Limatola;311;602;1214;1329;102;259;3816
        Melizzano;109;301;452;580;63;194;1699
        Moiano;340;563;1128;1272;92;340;3733
        Molinara;128;284;410;465;53;141;1481
        Montefalcone di Val Fortore;160;244;378;457;36;100;1375
        Montesarchio;796;1802;3507;4622;388;1238;12352
        Morcone;331;953;1220;1470;145;411;4529
        Paduli;350;680;1014;1174;87;278;3581
        Pago Veiano;224;389;783;693;54;112;2254
        Pannarano;123;288;649;687;47;144;1937
        Paolisi;124;231;529;687;55;250;1875
        Paupisi;156;263;475;488;39;120;1540
        Pesco Sannita;150;329;534;622;35;138;1807
        Pietraroja;35;132;155;145;7;22;496
        Pietrelcina;207;446;756;1027;80;298;2814
        Ponte;155;400;647;839;84;216;2341
        Pontelandolfo;151;340;511;774;58;201;2035
        Puglianello;91;205;386;436;32;120;1269
        Reino;90;250;283;358;27;88;1096
        San Bartolomeo in Galdo;471;835;1228;1306;114;395;4348
        San Giorgio del Sannio;453;1173;2203;3594;341;1401;9164
        San Giorgio La Molara;276;562;857;779;81;168;2723
        San Leucio del Sannio;189;436;836;1080;82;255;2878
        San Lorenzello;127;350;526;808;54;204;2069
        San Lorenzo Maggiore;145;315;607;668;59;134;1927
        San Lupo;60;111;167;275;25;84;722
        San Marco dei Cavoti;310;550;811;967;95;307;3040
        San Martino Sannita;65;191;309;438;36;115;1154
        San Nazzaro;50;125;199;309;21;100;804
        San Nicola Manfredi;189;466;868;1300;121;464;3407
        San Salvatore Telesino;258;533;1027;1447;111;357;3733
        Santa Croce del Sannio;60;141;230;283;31;84;829
        Sant'Agata de' Goti;769;1758;3219;3275;309;832;10161
        Sant'Angelo a Cupolo;208;549;1030;1615;130;481;4012
        Sant'Arcangelo Trimonte;60;105;117;184;10;43;519
        Sassinoro;52;132;167;164;23;52;590
        Solopaca;276;575;992;1151;115;398;3506
        Telese Terme;430;905;1756;2716;257;995;7059
        Tocco Caudio;130;314;483;404;15;69;1415
        Torrecuso;253;523;953;1070;76;268;3142
        Vitulano;205;432;817;924;77;260;2714
      Napoli;151398;489379;942025;870843;77551;256880;2788075
        Acerra;3349;9174;19562;15963;1399;3539;52986
        Afragola;4030;11969;21761;14970;1142;3144;57016
        Agerola;417;1363;2224;2299;206;453;6962
        Anacapri;341;1119;2159;2135;131;540;6424
        Arzano;1680;6188;11884;8895;702;1593;30942
        Bacoli;1189;4439;7889;7804;754;2053;24126
        Barano d'Ischia;468;1534;2896;3319;269;746;9232
        Boscoreale;1572;4725;9044;7464;579;1581;24964
        Boscotrecase;507;1717;2985;3049;250;742;9250
        Brusciano;815;2619;5382;4555;389;963;14721
        Caivano;2253;6861;13537;8816;661;1639;33766
        Calvizzano;620;2053;4177;3459;328;688;11324
        Camposano;280;848;1633;1551;156;413;4879
        Capri;338;1066;2071;2299;157;761;6692
        Carbonara di Nola;113;352;774;701;66;191;2196
        Cardito;1277;3895;7527;5680;458;1178;20014
        Casalnuovo di Napoli;2067;7505;16265;14231;1201;2494;43762
        Casamarciano;124;461;970;1072;72;328;3027
        Casamicciola Terme;321;1040;2186;2916;224;710;7396
        Casandrino;851;2338;4856;3456;300;655;12454
        Casavatore;847;3170;6583;5061;410;933;17002
        Casola di Napoli;232;696;1346;919;60;141;3394
        Casoria;3385;12639;24935;21597;1822;4405;68782
        Castellammare di Stabia;3032;10207;19205;19538;1816;5776;59573
        Castello di Cisterna;396;1256;2462;2243;178;494;7028
        Cercola;769;2783;5450;5175;525;1250;15951
        Cicciano;658;2023;3929;3820;350;939;11719
        Cimitile;308;1015;1904;2287;198;754;6464
        Comiziano;101;269;471;538;52;174;1605
        Crispano;685;2195;4445;3024;241;500;11090
        Ercolano;2966;9494;16181;14103;1204;3581;47527
        Forio;779;2335;4755;6085;431;1649;16033
        Frattamaggiore;1573;4911;8815;7991;770;2681;26741
        Frattaminore;886;2830;5710;3932;357;733;14447
        Giugliano in Campania;6199;17806;37934;33997;2896;7563;106394
        Gragnano;1386;4507;8725;8523;735;2276;26151
        Grumo Nevano;1163;3256;5935;4525;410;1018;16306
        Ischia;819;2810;5223;6563;557;2020;17991
        Lacco Ameno;219;690;1213;1655;140;432;4347
        Lettere;367;1051;2217;1557;117;290;5599
        Liveri;91;239;432;483;42;172;1459
        Marano di Napoli;2673;9030;18626;17303;1662;3910;53202
        Mariglianella;347;1241;2232;2350;234;615;7018
        Marigliano;1373;4188;8071;9196;851;2872;26551
        Massa di Somma;250;918;1801;1411;115;259;4754
        Massa Lubrense;749;2332;4074;4348;318;918;12738
        Melito di Napoli;1687;5935;13122;9265;741;1673;32423
        Meta;305;1011;1832;3000;236;899;7283
        Monte di Procida;639;2271;3661;3797;366;896;11630
        Mugnano di Napoli;1440;5390;11649;10000;942;2126;31546
        Napoli;46403;152166;287942;263568;24210;103983;878272
        Nola;1572;4991;9496;10403;1026;3921;31409
        Ottaviano;1133;3648;7195;7009;588;1961;21534
        Palma Campania;1190;2340;5124;4724;421;1394;15193
        Piano di Sorrento;511;1767;2973;4769;393;1441;11854
        Pimonte;326;972;2247;1465;137;244;5391
        Poggiomarino;1181;3489;6744;6281;490;1312;19496
        Pollena Trocchia;561;1981;4162;3954;396;1097;12151
        Pomigliano d'Arco;1731;6044;11083;12602;1306;3869;36635
        Pompei;1152;3969;7001;7933;777;2262;23092
        Portici;2295;8043;13584;17473;1729;6907;50030
        Pozzuoli;3872;12806;24810;23198;2089;6672;73447
        Procida;488;1451;2130;4200;313;1047;9628
        Qualiano;1363;4466;9386;6240;483;996;22934
        Quarto;1794;6029;12309;11827;979;2362;35299
        Roccarainola;361;1171;2200;1949;154;501;6335
        San Gennaro Vesuviano;785;1721;3374;3466;316;1001;10663
        San Giorgio a Cremano;1882;6822;11934;14437;1381;4463;40918
        San Giuseppe Vesuviano;2089;4922;9430;8373;719;2348;27881
        San Paolo Bel Sito;139;485;878;1109;117;424;3151
        San Sebastiano al Vesuvio;370;1255;2316;2878;316;1065;8199
        San Vitaliano;269;933;1834;1996;179;564;5774
        Santa Maria la Carità;610;2030;3795;3265;292;625;10617
        Sant'Agnello;388;1288;2057;3273;276;1021;8302
        Sant'Anastasia;1285;4147;8119;8105;736;2214;24605
        Sant'Antimo;1935;5800;11837;8164;672;1812;30218
        Sant'Antonio Abate;1025;3376;6796;5141;522;968;17828
        Saviano;829;2463;4826;4787;464;1311;14679
        Scisciano;284;841;1647;1998;189;627;5586
        Serrara Fontana;135;463;937;1059;50;230;2873
        Somma Vesuviana;1770;5464;10413;10320;881;2698;31545
        Sorrento;679;2212;4033;5721;513;1932;15090
        Striano;515;1409;2908;2324;171;446;7773
        Terzigno;1127;2995;6004;4867;403;983;16378
        Torre Annunziata;2074;6662;12956;11957;1003;3333;37985
        Torre del Greco;4073;14688;25807;23873;2160;6029;76630
        Trecase;396;1333;2394;2822;285;876;8106
        Tufino;187;568;1101;1097;87;249;3289
        Vico Equense;986;3167;5540;6731;596;1774;18793
        Villaricca;1383;4654;10114;8738;757;1956;27602
        Visciano;253;741;1485;1161;114;298;4051
        Volla;1071;3851;8397;6675;653;1311;21958
      Avellino;26408;59754;105975;140393;12678;40710;385917
        Aiello del Sabato;208;533;1064;1387;127;385;3703
        Altavilla Irpina;243;570;1149;1425;109;299;3794
        Andretta;153;352;443;601;52;120;1721
        Aquilonia;160;264;437;538;61;102;1562
        Ariano Irpino;1708;3442;5401;7146;630;1992;20319
        Atripalda;503;1425;2780;3917;354;1108;10086
        Avella;501;1057;2206;2432;218;617;7031
        Avellino;2400;5960;11144;19140;2069;9706;50418
        Bagnoli Irpino;171;438;934;1103;81;246;2973
        Baiano;275;620;1151;1549;155;512;4260
        Bisaccia;341;657;862;1204;129;307;3498
        Bonito;161;375;700;768;51;146;2200
        Cairano;29;77;71;85;12;16;290
        Calabritto;219;410;607;706;51;187;2180
        Calitri;351;719;1002;1653;157;381;4263
        Candida;70;168;341;344;42;72;1036
        Caposele;211;517;963;1057;103;285;3135
        Capriglia Irpina;148;330;567;875;80;206;2206
        Carife;135;221;371;408;46;111;1292
        Casalbore;145;265;552;542;40;81;1625
        Cassano Irpino;67;150;262;292;25;55;851
        Castel Baronia;67;190;286;373;37;75;1028
        Castelfranci;188;329;529;578;56;146;1825
        Castelvetere sul Calore;104;266;392;540;46;139;1487
        Cervinara;538;1270;2428;3232;253;900;8620
        Cesinali;118;334;688;942;95;235;2412
        Chianche;28;67;125;178;11;51;459
        Chiusano di San Domenico;164;345;632;703;58;145;2047
        Contrada;171;457;944;931;67;196;2765
        Conza della Campania;126;212;306;458;39;100;1241
        Domicella;116;240;519;584;67;118;1644
        Flumeri;248;467;702;916;72;222;2626
        Fontanarosa;190;479;724;1023;89;333;2838
        Forino;326;808;1710;1624;138;328;4934
        Frigento;278;559;954;1206;103;285;3384
        Gesualdo;200;539;775;1243;116;375;3247
        Greci;71;143;168;184;9;42;617
        Grottaminarda;523;1141;1956;2822;204;738;7383
        Grottolella;90;248;496;684;63;186;1767
        Guardia Lombardi;156;307;416;489;51;131;1550
        Lacedonia;142;281;507;827;101;235;2092
        Lapio;82;248;405;492;51;138;1416
        Lauro;170;437;821;1192;141;411;3171
        Lioni;413;979;1499;2093;159;555;5698
        Luogosano;54;188;286;411;46;92;1077
        Manocalzati;214;443;792;1133;83;270;2935
        Marzano di Nola;80;234;427;579;46;162;1527
        Melito Irpino;143;375;548;552;45;92;1755
        Mercogliano;569;1365;2732;4562;455;1658;11340
        Mirabella Eclano;456;1221;1892;2558;174;663;6963
        Montaguto;51;76;102;121;4;33;387
        Montecalvo Irpino;371;608;971;1080;96;203;3329
        Montefalcione;212;550;875;1064;88;235;3024
        Monteforte Irpino;556;1278;2727;4281;376;1325;10543
        Montefredane;110;317;563;829;53;184;2056
        Montefusco;105;206;326;421;42;132;1232
        Montella;571;1191;1956;2488;246;634;7086
        Montemarano;252;485;737;874;69;153;2569
        Montemiletto;311;799;1336;1803;161;491;4901
        Monteverde;63;127;202;257;22;41;712
        Montoro;1162;2765;5871;5785;485;1269;17337
        Morra De Sanctis;123;262;293;379;21;61;1139
        Moschiano;118;231;544;460;28;93;1473
        Mugnano del Cardinale;270;658;1428;1818;162;492;4828
        Nusco;348;647;1124;1236;100;276;3731
        Ospedaletto d'Alpinolo;108;267;498;757;65;224;1919
        Pago del Vallo di Lauro;88;206;535;611;50;152;1642
        Parolise;42;115;155;211;31;64;618
        Paternopoli;171;394;522;794;57;215;2153
        Petruro Irpino;18;61;75;98;6;19;277
        Pietradefusi;154;361;533;766;85;237;2135
        Pietrastornina;107;237;398;518;38;89;1386
        Prata di Principato Ultra;198;376;824;1020;76;236;2729
        Pratola Serra;218;519;943;1290;133;351;3454
        Quadrelle;89;246;468;684;44;179;1710
        Quindici;125;257;546;626;44;135;1732
        Rocca San Felice;71;151;207;274;24;59;786
        Roccabascerana;113;350;611;870;65;161;2170
        Rotondi;225;489;915;1199;103;378;3308
        Salza Irpina;36;112;173;266;23;88;698
        San Mango sul Calore;80;200;293;405;27;93;1098
        San Martino Valle Caudina;282;678;1232;1744;134;388;4458
        San Michele di Serino;157;361;616;916;85;197;2332
        San Nicola Baronia;56;111;175;271;29;75;717
        San Potito Ultra;99;238;384;532;56;166;1475
        San Sossio Baronia;126;291;443;497;29;111;1497
        Santa Lucia di Serino;104;238;388;429;30;96;1285
        Santa Paolina;70;207;325;417;45;113;1177
        Sant'Andrea di Conza;146;214;309;484;61;174;1388
        Sant'Angelo a Scala;44;107;211;257;11;48;678
        Sant'Angelo all'Esca;61;144;178;253;31;72;739
        Sant'Angelo dei Lombardi;351;646;1160;1338;118;296;3909
        Santo Stefano del Sole;125;312;565;703;71;178;1954
        Savignano Irpino;98;205;294;332;17;80;1026
        Scampitella;151;197;288;349;35;87;1107
        Senerchia;72;126;240;273;23;54;787
        Serino;501;1172;2040;2098;191;423;6424
        Sirignano;108;318;724;1047;72;297;2566
        Solofra;714;1789;3319;4277;365;830;11294
        Sorbo Serpico;39;90;158;186;22;54;548
        Sperone;200;512;953;1309;129;329;3431
        Sturno;189;437;743;1020;70;280;2738
        Summonte;57;201;388;566;53;158;1422
        Taurano;89;247;475;458;33;96;1398
        Taurasi;144;327;516;825;86;232;2130
        Teora;119;233;373;490;49;118;1382
        Torella dei Lombardi;164;389;584;615;50;115;1916
        Torre Le Nocelle;94;198;356;401;34;96;1179
        Torrioni;43;101;177;137;13;22;493
        Trevico;89;152;238;283;29;69;860
        Tufo;51;143;227;284;28;65;798
        Vallata;252;377;703;785;90;259;2465
        Vallesaccarda;123;228;321;396;44;102;1214
        Venticano;172;328;554;836;83;336;2309
        Villamaina;55;143;245;311;32;91;877
        Villanova del Battista;148;297;464;470;34;94;1507
        Volturara Irpina;299;567;920;925;82;181;2974
        Zungoli;129;175;280;320;31;75;1010
      Salerno;65276;155211;305521;341821;30551;106259;1004638
        Acerno;187;400;881;848;55;125;2496
        Agropoli;1145;2645;5393;7636;678;2694;20190
        Albanella;485;1018;1924;1906;150;416;5898
        Alfano;76;148;341;262;29;48;904
        Altavilla Silentina;609;1140;2141;2014;157;462;6521
        Amalfi;257;700;1273;1786;133;490;4637
        Angri;1760;4437;9772;10630;1057;2965;30621
        Aquara;126;227;450;418;49;94;1363
        Ascea;406;946;1522;1910;145;560;5489
        Atena Lucana;198;342;656;750;76;175;2197
        Atrani;34;127;207;301;13;88;770
        Auletta;195;378;728;654;47;114;2116
        Baronissi;795;2246;4368;5607;586;1953;15555
        Battipaglia;2985;6806;13388;17214;1413;4954;46759
        Bellizzi;854;1961;4130;4215;286;847;12292
        Bellosguardo;57;132;201;253;27;72;742
        Bracigliano;351;706;1743;1588;161;398;4945
        Buccino;424;866;1401;1393;123;370;4576
        Buonabitacolo;157;418;777;744;71;161;2327
        Caggiano;197;497;737;789;64;190;2473
        Calvanico;85;226;454;443;31;116;1355
        Camerota;510;1201;2250;2009;167;491;6627
        Campagna;1175;2329;5174;5258;463;1123;15521
        Campora;44;78;82;101;12;53;370
        Cannalonga;87;178;289;279;30;76;939
        Capaccio Paestum;1822;3292;6560;7224;597;1808;21302
        Casal Velino;336;768;1464;1755;137;490;4949
        Casalbuono;88;201;310;367;27;68;1060
        Casaletto Spartano;175;296;403;328;26;64;1292
        Caselle in Pittari;197;328;526;554;52;129;1786
        Castel San Giorgio;652;1783;3850;4373;420;1206;12284
        Castel San Lorenzo;158;425;694;654;80;182;2193
        Castelcivita;179;330;450;454;31;107;1550
        Castellabate;467;1275;2421;2985;254;828;8229
        Castelnuovo Cilento;149;414;825;877;64;217;2546
        Castelnuovo di Conza;53;106;189;179;11;23;561
        Castiglione del Genovesi;65;204;468;376;24;62;1199
        Cava de' Tirreni;2674;7700;14459;15999;1576;5362;47770
        Celle di Bulgheria;115;330;575;547;56;90;1712
        Centola;295;802;1490;1660;117;373;4737
        Ceraso;183;369;670;717;56;182;2177
        Cetara;151;386;582;632;43;174;1968
        Cicerale;133;191;366;326;21;83;1120
        Colliano;321;526;1150;1051;65;152;3265
        Conca dei Marini;43;114;177;211;16;73;634
        Controne;59;157;221;246;14;85;782
        Contursi Terme;192;435;887;1140;94;277;3024
        Corbara;143;372;797;737;73;180;2302
        Corleto Monforte;52;97;115;176;21;51;512
        Cuccaro Vetere;25;104;165;160;20;59;533
        Eboli;2902;5297;11302;12033;1040;3283;35857
        Felitto;89;223;318;388;37;104;1159
        Fisciano;745;1939;3722;4287;444;1556;12691
        Furore;36;122;200;258;21;50;687
        Futani;90;208;290;347;34;95;1062
        Giffoni Sei Casali;274;742;1467;1631;147;419;4680
        Giffoni Valle Piana;762;1798;3947;3360;240;735;10842
        Gioi;83;228;299;397;41;106;1153
        Giungano;87;206;359;416;35;95;1197
        Ispani;49;130;245;342;32;125;923
        Laureana Cilento;59;181;354;377;24;100;1095
        Laurino;108;234;354;504;49;99;1348
        Laurito;44;126;228;225;18;94;735
        Laviano;96;222;429;415;32;67;1261
        Lustra;71;196;364;295;13;35;973
        Magliano Vetere;75;129;166;196;18;47;631
        Maiori;366;824;1436;1917;148;498;5188
        Mercato San Severino;1203;3134;6554;6609;578;2044;20122
        Minori;139;421;713;939;57;257;2526
        Moio della Civitella;128;278;441;601;63;242;1752
        Montano Antilia;156;388;606;518;35;121;1823
        Monte San Giacomo;163;293;423;415;30;104;1427
        Montecorice;160;384;706;913;80;241;2484
        Montecorvino Pugliano;529;1386;3092;3833;262;754;9856
        Montecorvino Rovella;825;1830;3925;3551;289;762;11182
        Monteforte Cilento;37;99;182;135;13;42;508
        Montesano sulla Marcellana;542;1054;1981;1935;137;386;6034
        Morigerati;59;110;206;189;16;30;610
        Nocera Inferiore;2428;6097;12726;14353;1479;4847;41930
        Nocera Superiore;1128;3428;7280;7737;668;1873;22113
        Novi Velia;131;272;658;726;75;216;2078
        Ogliastro Cilento;137;321;631;736;63;196;2084
        Olevano sul Tusciano;431;1013;2147;1987;141;407;6125
        Oliveto Citra;278;550;1110;1177;109;227;3449
        Omignano;142;243;513;474;34;93;1498
        Orria;98;207;273;318;20;85;1000
        Ottati;58;105;171;194;13;39;580
        Padula;388;826;1624;1558;127;390;4912
        Pagani;1949;5367;10967;10252;893;2806;32234
        Palomonte;327;580;1263;1117;78;216;3579
        Pellezzano;539;1430;2684;3530;381;1362;9926
        Perdifumo;107;262;478;588;54;157;1643
        Perito;54;143;272;278;30;58;835
        Pertosa;29;127;188;231;21;44;640
        Petina;81;179;384;301;26;65;1036
        Piaggine;95;222;330;411;43;119;1220
        Pisciotta;163;454;653;836;67;262;2435
        Polla;360;835;1438;1616;134;485;4868
        Pollica;146;391;546;767;52;259;2161
        Pontecagnano Faiano;1576;3693;7396;8354;704;2174;23896
        Positano;202;588;1095;1328;94;285;3591
        Postiglione;184;329;691;581;32;115;1932
        Praiano;132;344;550;687;49;130;1892
        Prignano Cilento;65;161;313;336;22;91;988
        Ravello;131;393;699;841;61;217;2342
        Ricigliano;118;230;308;309;27;76;1068
        Roccadaspide;548;1105;2072;2061;190;552;6528
        Roccagloriosa;127;283;573;435;30;96;1544
        Roccapiemonte;493;1227;2498;2834;291;924;8267
        Rofrano;131;255;515;377;20;81;1378
        Romagnano al Monte;33;56;112;118;10;25;354
        Roscigno;63;145;191;218;13;39;669
        Rutino;39;117;262;266;11;51;746
        Sacco;41;113;122;133;8;31;448
        Sala Consilina;769;1845;3477;4022;319;1026;11457
        Salento;107;275;557;640;32;167;1778
        Salerno;5852;15913;28470;43686;4646;25153;123720
        Salvitelle;48;115;163;131;8;31;496
        San Cipriano Picentino;342;931;1846;2128;206;531;5984
        San Giovanni a Piro;276;571;1145;1106;87;272;3456
        San Gregorio Magno;392;769;1185;1155;121;272;3894
        San Mango Piemonte;118;350;795;884;76;242;2465
        San Marzano sul Sarno;803;1545;3591;2709;256;642;9546
        San Mauro Cilento;40;181;203;288;32;75;819
        San Mauro la Bruca;40;110;159;167;12;37;525
        San Pietro al Tanagro;97;244;471;527;56;146;1540
        San Rufo;124;269;578;478;25;72;1546
        San Valentino Torio;753;1520;3794;2882;250;560;9758
        Santa Marina;235;509;900;992;69;225;2930
        Sant'Angelo a Fasanella;65;110;147;129;8;71;530
        Sant'Arsenio;171;407;703;889;107;304;2581
        Sant'Egidio del Monte Albino;540;1302;3025;2429;222;537;8054
        Santomenna;59;78;125;111;7;18;398
        Sanza;199;437;836;666;75;169;2382
        Sapri;350;868;1694;2349;205;747;6212
        Sarno;2284;4568;9900;8840;720;2154;28465
        Sassano;386;813;1475;1412;101;339;4526
        Scafati;2549;6918;14363;16038;1358;4059;45284
        Scala;103;265;491;429;40;97;1425
        Serramezzana;22;57;94;76;5;30;284
        Serre;252;553;1291;1154;81;253;3583
        Sessa Cilento;92;215;360;382;31;100;1180
        Siano;542;1319;2753;3166;263;854;8897
        Sicignano degli Alburni;281;549;1015;1024;63;194;3126
        Stella Cilento;59;126;169;220;19;51;644
        Stio;58;141;231;238;37;72;776
        Teggiano;622;1324;2234;2175;166;659;7180
        Torchiara;80;245;472;626;46;214;1683
        Torraca;83;188;400;383;25;75;1154
        Torre Orsaia;162;317;592;672;45;149;1936
        Tortorella;49;99;149;130;8;31;466
        Tramonti;288;684;1385;1151;87;195;3790
        Trentinara;148;226;515;488;47;84;1508
        Valle dell'Angelo;17;44;57;79;5;22;224
        Vallo della Lucania;399;985;2016;2824;341;1193;7757
        Valva;103;258;528;482;34;90;1494
        Vibonati;178;467;850;1144;87;371;3096
        Vietri sul Mare;391;1081;2191;2506;211;744;7124
    Puglia;238975;691395;1162485;1145198;109211;337285;3684548
      Foggia;37317;109547;182397;170324;18547;46880;565011
        Accadia;158;388;684;658;55;179;2122
        Alberona;80;213;266;228;28;60;874
        Anzano di Puglia;124;226;374;316;35;57;1131
        Apricena;827;2654;3862;3271;371;880;11864
        Ascoli Satriano;391;1083;2049;1588;151;339;5600
        Biccari;165;487;793;798;86;189;2517
        Bovino;219;641;789;1018;107;236;3009
        Cagnano Varano;558;1647;2174;1554;177;325;6434
        Candela;172;465;815;871;65;122;2509
        Carapelle;473;1227;2400;1545;128;207;5980
        Carlantino;91;192;308;224;20;48;883
        Carpino;389;878;1283;964;82;227;3823
        Casalnuovo Monterotaro;103;326;422;380;35;99;1365
        Casalvecchio di Puglia;110;420;576;418;55;112;1691
        Castelluccio dei Sauri;130;353;686;589;57;104;1918
        Castelluccio Valmaggiore;85;217;409;339;39;68;1157
        Castelnuovo della Daunia;79;293;403;393;32;89;1289
        Celenza Valfortore;134;313;459;386;35;91;1418
        Celle di San Vito;10;37;59;40;4;5;155
        Cerignola;3254;10806;17958;14049;1265;3143;50475
        Chieuti;121;324;533;438;41;82;1539
        Deliceto;265;678;1047;1095;100;225;3409
        Faeto;39;114;195;169;20;37;574
        Foggia;7430;22857;41073;47260;5059;15653;139331
        Ischitella;388;876;1373;1030;111;237;4014
        Isole Tremiti;21;78;122;155;15;47;437
        Lesina;462;1332;1808;1588;173;460;5823
        Lucera;1876;5432;9493;9712;950;2749;30212
        Manfredonia;3537;10056;16354;15811;1760;4171;51688
        Mattinata;445;1121;1823;1700;162;423;5674
        Monte Sant'Angelo;885;2264;3389;3228;493;948;11207
        Monteleone di Puglia;77;175;322;266;30;70;940
        Motta Montecorvino;53;156;156;234;15;44;658
        Ordona;213;508;973;668;61;96;2518
        Orsara di Puglia;233;498;801;737;53;161;2482
        Orta Nova;1011;3238;5592;4720;411;814;15786
        Panni;76;181;202;214;15;31;719
        Peschici;303;835;1422;1129;98;201;3987
        Pietramontecorvino;163;489;830;707;69;172;2429
        Poggio Imperiale;203;633;724;671;66;123;2419
        Rignano Garganico;134;414;619;492;59;141;1858
        Rocchetta Sant'Antonio;149;302;521;596;49;69;1686
        Rodi Garganico;240;652;1184;920;100;224;3319
        Roseto Valfortore;89;248;340;220;29;50;976
        San Giovanni Rotondo;1321;4060;7123;8169;1397;2782;24851
        San Marco in Lamis;818;2310;3902;3485;612;1115;12241
        San Marco la Catola;67;209;309;247;23;54;909
        San Nicandro Garganico;1164;3052;4522;3725;444;993;13900
        San Paolo di Civitate;382;1104;1885;1458;120;305;5252
        San Severo;2959;9896;15854;12395;1321;3798;46223
        Sant'Agata di Puglia;164;334;496;585;49;109;1736
        Serracapriola;272;783;1263;975;95;189;3576
        Stornara;367;1089;2086;1291;101;197;5130
        Stornarella;318;969;1663;1335;157;247;4688
        Torremaggiore;1124;3362;5163;4162;527;1125;15463
        Troia;433;1158;1887;2182;264;553;6477
        Vico del Gargano;549;1478;2414;1836;210;493;6979
        Vieste;937;2268;4359;3858;361;905;12687
        Volturara Appula;40;100;109;124;8;13;394
        Volturino;134;354;515;431;30;92;1556
        Zapponeta;308;702;1186;682;67;106;3050
      Bari;64020;210317;340479;371304;34573;122154;1142847
        Acquaviva delle Fonti;994;3424;5210;6400;819;1964;18810
        Adelfia;947;2738;4794;5267;492;1244;15482
        Alberobello;648;1916;2931;3308;295;869;9967
        Altamura;4026;12502;20317;19380;1910;5557;63691
        Bari;15275;50470;80790;95139;8812;44708;295193
        Binetto;94;324;661;717;70;146;2011
        Bitetto;570;1879;3239;3843;336;1003;10870
        Bitonto;2723;9378;16074;14403;1443;4619;48640
        Bitritto;508;1538;2988;3798;353;1137;10322
        Capurso;803;2739;4392;4587;351;1119;13991
        Casamassima;1059;3106;5420;6077;514;1562;17738
        Cassano delle Murge;744;2198;4240;4671;430;1209;13491
        Castellana Grotte;954;3316;5323;6025;592;1624;17833
        Cellamare;248;837;1784;1879;145;356;5248
        Conversano;1284;4404;6840;7964;837;2588;23917
        Corato;2388;8683;13767;14204;1202;3721;43965
        Gioia del Colle;1465;4814;7587;8185;770;2540;25361
        Giovinazzo;884;3283;5059;6428;654;1924;18232
        Gravina in Puglia;2509;7039;12918;12341;1222;3471;39500
        Grumo Appula;717;2164;3981;3550;303;797;11512
        Locorotondo;876;2454;4406;3987;346;987;13056
        Modugno;1840;6386;11262;11822;920;2688;34917
        Mola di Bari;1449;4366;6606;7973;680;2234;23308
        Molfetta;3461;11048;14384;17657;1594;6009;54153
        Monopoli;2586;8457;13138;14873;1284;4316;44653
        Noci;994;3605;4899;5780;562;1716;17556
        Noicattaro;1222;4394;7561;7746;721;2393;24037
        Palo del Colle;1162;3629;6615;5978;470;1415;19268
        Poggiorsini;79;256;453;438;40;94;1359
        Polignano a Mare;1034;3237;5011;5195;524;1371;16371
        Putignano;1286;4923;7193;7854;770;2366;24392
        Rutigliano;1015;3526;5428;5154;508;1335;16966
        Ruvo di Puglia;1296;4615;7266;7193;717;2039;23125
        Sammichele di Bari;349;1129;1612;1997;192;603;5882
        Sannicandro di Bari;476;1582;2872;3018;286;708;8942
        Santeramo in Colle;1482;4445;7933;7832;761;1670;24123
        Terlizzi;1187;4403;7846;7982;781;2156;24355
        Toritto;458;1484;2436;2487;185;573;7623
        Triggiano;1331;4573;7166;8300;801;2515;24686
        Turi;726;2199;3485;4075;390;1111;11985
        Valenzano;874;2858;4593;5801;493;1697;16316
      Taranto;31626;98131;175604;164308;14614;42460;526741
        Avetrana;490;1375;2122;1630;133;344;6093
        Carosino;345;1125;2022;2131;171;490;6284
        Castellaneta;955;2857;4862;5120;424;1291;15507
        Crispiano;739;2400;4271;3797;296;737;12239
        Faggiano;222;737;1190;842;59;139;3188
        Fragagnano;317;1027;1656;1376;115;280;4771
        Ginosa;1382;3648;6678;6596;586;1321;20211
        Grottaglie;1789;5357;9771;8836;957;2507;29217
        Laterza;957;2651;4463;4308;404;1007;13789
        Leporano;308;1140;2404;2646;244;664;7406
        Lizzano;579;1763;3675;2405;208;464;9094
        Manduria;1874;5741;9613;8167;748;2271;28412
        Martina Franca;2621;8472;14402;13692;1325;4194;44706
        Maruggio;368;945;1634;1432;125;425;4929
        Massafra;1958;5318;10482;8849;743;2195;29545
        Monteiasi;290;1099;1730;1565;131;264;5078
        Montemesola;285;728;1242;988;85;162;3489
        Monteparano;121;451;776;651;49;136;2182
        Mottola;1027;2975;4925;4322;402;1004;14655
        Palagianello;504;1386;2606;2092;162;305;7055
        Palagiano;914;2833;5326;4330;379;934;14715
        Pulsano;583;2064;3671;3187;290;722;10517
        Roccaforzata;97;344;609;482;34;81;1647
        San Giorgio Ionico;750;2395;4454;4564;412;988;13562
        San Marzano di San Giuseppe;615;1561;3316;2269;200;359;8320
        Sava;1161;3108;5086;3842;385;872;14454
        Statte;852;2682;4768;3360;252;602;12515
        Taranto;9222;31069;56467;59798;5207;17482;179244
        Torricella;304;884;1386;1032;89;222;3917
      Brindisi;27494;65237;118843;111694;10104;27498;360870
        Brindisi;4793;13213;23991;27793;2278;7142;79209
        Carovigno;1317;2800;5524;4725;397;939;15701
        Ceglie Messapica;1619;3663;5962;5050;511;1301;18105
        Cellino San Marco;528;1216;2029;1746;131;338;5987
        Cisternino;774;2072;3097;3631;339;824;10736
        Erchie;683;1536;2907;2117;245;407;7895
        Fasano;2800;6643;12091;11424;897;2468;36323
        Francavilla Fontana;2285;5733;12084;9471;912;2424;32908
        Latiano;1146;2465;4731;3646;378;804;13170
        Mesagne;1983;4476;7745;7421;708;1945;24278
        Oria;1058;2463;5087;3912;362;948;13829
        Ostuni;2023;5097;8521;9263;931;3047;28881
        San Donaci;607;1163;1798;1759;149;476;5952
        San Michele Salentino;587;1109;2193;1522;116;269;5796
        San Pancrazio Salentino;768;1717;2957;2773;284;640;9138
        San Pietro Vernotico;1055;2423;3905;3883;307;980;12553
        San Vito dei Normanni;1464;3265;5905;5110;497;1273;17513
        Torchiarolo;450;898;1674;1507;122;303;4953
        Torre Santa Susanna;865;1697;3547;2611;309;579;9607
        Villa Castelli;690;1590;3098;2334;232;392;8336
      Lecce;53955;134714;220948;227731;21925;73225;732498
        Acquarica del Capo;384;859;1530;1109;110;264;4255
        Alessano;415;1176;1808;1863;188;493;5942
        Alezio;382;944;1564;1714;136;436;5175
        Alliste;535;1189;2219;1701;133;382;6159
        Andrano;285;826;1324;1405;180;419;4438
        Aradeo;672;1783;2877;2396;203;594;8524
        Arnesano;292;682;1089;1191;90;381;3723
        Bagnolo del Salento;169;370;515;504;38;109;1705
        Botrugno;230;534;694;750;86;223;2517
        Calimera;427;1233;1626;2101;210;797;6394
        Campi Salentina;689;1644;2856;2896;302;1061;9447
        Cannole;159;374;484;442;29;91;1579
        Caprarica di Lecce;178;484;643;676;59;195;2235
        Carmiano;870;2120;3351;3388;344;946;11019
        Carpignano Salentino;295;744;1089;1001;85;261;3475
        Casarano;1392;3443;5887;5647;517;1521;18406
        Castri di Lecce;188;513;923;796;57;193;2670
        Castrignano de' Greci;272;765;1154;1070;112;251;3624
        Castrignano del Capo;434;982;1408;1479;147;479;4929
        Castro;140;504;647;735;66;180;2272
        Cavallino;642;1595;3176;4161;392;1582;11548
        Collepasso;490;1145;1717;1705;143;340;5539
        Copertino;1879;4451;6660;6625;646;1633;21893
        Corigliano d'Otranto;414;1015;1507;1773;162;487;5357
        Corsano;333;900;1614;1493;188;443;4971
        Cursi;281;730;1283;1136;124;243;3796
        Cutrofiano;637;1829;2469;2427;250;640;8252
        Diso;183;598;738;920;97;266;2802
        Gagliano del Capo;415;924;1568;1383;146;368;4804
        Galatina;1540;4684;6806;8151;832;2665;24677
        Galatone;1089;2474;4528;4587;385;1103;14166
        Gallipoli;1133;3196;5643;6500;572;2026;19070
        Giuggianello;72;239;339;325;30;102;1107
        Giurdignano;152;385;586;534;39;87;1782
        Guagnano;490;1162;1556;1475;122;486;5291
        Lecce;4972;11905;20338;29305;3274;17140;86933
        Lequile;514;1401;2457;2526;222;690;7809
        Leverano;1220;2623;4215;3546;330;916;12847
        Lizzanello;742;1858;3454;3383;287;981;10704
        Maglie;639;2129;3322;4621;443;1950;13103
        Martano;737;1693;2501;2415;234;682;8261
        Martignano;110;298;433;490;42;135;1507
        Matino;949;2083;3338;3117;261;762;10510
        Melendugno;641;1761;3015;2817;263;811;9307
        Melissano;598;1358;2227;1715;158;414;6469
        Melpignano;167;395;655;615;50;178;2059
        Miggiano;276;674;1024;887;127;250;3237
        Minervino di Lecce;280;754;986;1043;89;221;3373
        Monteroni di Lecce;944;2402;4319;3679;346;1152;12841
        Montesano Salentino;177;420;824;717;86;218;2442
        Morciano di Leuca;281;684;873;852;101;232;3022
        Muro Leccese;363;869;1367;1459;134;392;4582
        Nardò;1996;5209;9012;9001;831;2693;28740
        Neviano;452;958;1514;1507;118;309;4857
        Nociglia;164;403;644;666;64;178;2119
        Novoli;579;1427;2028;2275;231;858;7397
        Ortelle;156;416;671;716;76;194;2229
        Otranto;337;950;1669;1790;188;552;5486
        Palmariggi;99;348;422;394;31;77;1371
        Parabita;627;1552;2433;2761;241;676;8289
        Patù;138;304;519;447;44;119;1570
        Poggiardo;362;1017;1591;1853;211;527;5561
        Porto Cesareo;428;1016;2014;1688;137;454;5737
        Presicce;485;946;1511;1382;133;365;4822
        Presicce-Acquarica;..;..;..;..;..;..;..
        Racale;819;1903;3409;2863;262;807;10062
        Ruffano;801;1835;3102;2419;187;507;8850
        Salice Salentino;680;1571;2334;2190;228;594;7596
        Salve;401;951;1223;1261;108;363;4306
        San Cassiano;121;396;542;576;65;182;1881
        San Cesario di Lecce;451;1303;2195;2426;234;840;7448
        San Donato di Lecce;455;1005;1657;1556;142;411;5226
        San Pietro in Lama;234;654;977;1015;53;272;3205
        Sanarica;83;320;380;422;39;106;1349
        Sannicola;428;1091;1673;1647;123;464;5425
        Santa Cesarea Terme;220;574;705;908;91;288;2785
        Scorrano;489;1174;2072;1898;192;553;6377
        Seclì;147;350;532;568;48;125;1770
        Sogliano Cavour;284;726;1153;1127;111;316;3717
        Soleto;339;897;1448;1631;158;539;5011
        Specchia;302;819;1431;1371;142;330;4394
        Spongano;226;640;988;1123;122;258;3356
        Squinzano;976;2547;4264;3814;309;1096;13004
        Sternatia;136;386;538;689;69;283;2101
        Supersano;355;783;1483;1038;88;222;3969
        Surano;130;338;414;447;55;113;1497
        Surbo;891;2337;4653;4306;349;967;13503
        Taurisano;948;1995;3839;3118;263;551;10712
        Taviano;906;2161;3532;3213;290;886;10988
        Tiggiano;155;499;821;802;95;240;2612
        Trepuzzi;931;2449;4085;4111;354;1230;13159
        Tricase;911;2646;4687;5278;651;1895;16067
        Tuglie;405;884;1445;1571;125;362;4792
        Ugento;969;2044;3884;3372;297;778;11343
        Uggiano la Chiesa;336;841;1280;1212;116;293;4078
        Veglie;1221;2533;4366;3509;356;811;12795
        Vernole;492;1368;2067;1962;189;494;6572
        Zollino;129;354;527;571;52;188;1821
      Barletta-Andria-Trani;24564;73449;124214;99838;9449;25068;356581
        Andria;6367;19865;34088;23075;2088;5143;90625
        Barletta;5625;17485;29092;24562;2519;6848;86130
        Bisceglie;3636;9860;16962;14594;1505;3818;50374
        Canosa di Puglia;1840;5827;9343;7972;652;1716;27350
        Margherita di Savoia;791;2311;3464;3186;281;730;10762
        Minervino Murge;645;1666;2881;2256;197;490;8134
        San Ferdinando di Puglia;1014;2739;4574;3419;328;672;12744
        Spinazzola;380;1065;1899;1996;163;417;5919
        Trani;3157;9769;17079;15583;1440;4415;51442
        Trinitapoli;1111;2863;4834;3196;277;820;13101
    Basilicata;37394;89641;145035;180878;18273;50464;521684
      Potenza;25143;59105;93014;117090;12123;32616;339090
        Abriola;149;279;428;347;46;69;1316
        Acerenza;201;366;673;702;74;174;2190
        Albano di Lucania;76;221;398;463;53;86;1297
        Anzi;138;311;509;463;36;85;1541
        Armento;58;99;176;191;10;29;563
        Atella;300;606;1121;1170;110;244;3550
        Avigliano;681;1635;3114;3686;409;801;10325
        Balvano;215;312;572;453;46;89;1687
        Banzi;98;246;384;391;41;80;1240
        Baragiano;219;416;735;765;64;221;2419
        Barile;217;396;646;1014;98;214;2583
        Bella;480;944;1437;1331;120;290;4602
        Brienza;310;752;1026;1209;130;274;3701
        Brindisi Montagna;71;145;249;279;23;55;822
        Calvello;169;340;525;511;62;134;1740
        Calvera;39;95;113;99;6;11;363
        Campomaggiore;56;112;284;220;15;47;734
        Cancellara;90;259;297;399;38;112;1195
        Carbone;75;157;149;159;10;21;571
        Castelgrande;72;200;266;232;20;60;849
        Castelluccio Inferiore;114;393;472;695;67;150;1891
        Castelluccio Superiore;70;129;230;216;19;46;710
        Castelmezzano;75;193;210;205;17;34;734
        Castelsaraceno;149;235;354;371;41;93;1243
        Castronuovo di Sant'Andrea;142;229;297;227;16;64;974
        Cersosimo;54;136;123;190;16;66;585
        Chiaromonte;149;361;525;599;54;110;1797
        Corleto Perticara;199;472;685;759;70;182;2366
        Episcopia;100;290;342;421;35;91;1278
        Fardella;60;106;173;168;15;44;566
        Filiano;211;471;829;901;101;181;2694
        Forenza;180;408;632;512;53;74;1858
        Francavilla in Sinni;349;726;1164;1297;89;226;3851
        Gallicchio;58;166;218;266;31;75;814
        Genzano di Lucania;379;1044;1458;1689;172;487;5228
        Ginestra;67;139;227;205;14;29;681
        Grumento Nova;127;309;399;551;38;123;1547
        Guardia Perticara;42;111;166;155;14;35;522
        Lagonegro;262;636;1246;1818;260;674;4896
        Latronico;332;897;936;1431;166;380;4142
        Laurenzana;131;343;482;475;53;138;1621
        Lauria;991;2104;2956;4182;459;1030;11722
        Lavello;847;2039;3833;4320;352;927;12317
        Maratea;238;722;1287;1769;176;525;4716
        Marsico Nuovo;361;737;937;1246;159;372;3812
        Marsicovetere;318;755;1341;1836;249;550;5049
        Maschito;142;348;527;422;31;62;1532
        Melfi;996;2408;4349;6323;529;1363;15968
        Missanello;55;90;172;166;11;38;532
        Moliterno;293;669;888;1248;119;386;3603
        Montemilone;114;335;475;445;31;58;1458
        Montemurro;107;204;353;347;43;75;1129
        Muro Lucano;511;1050;1524;1418;132;353;4987
        Nemoli;91;235;374;464;57;125;1346
        Noepoli;87;179;198;228;22;61;775
        Oppido Lucano;238;596;977;1196;112;347;3464
        Palazzo San Gervasio;327;738;1444;1568;118;284;4478
        Paterno;266;603;899;963;92;217;3040
        Pescopagano;113;314;396;611;85;188;1706
        Picerno;441;1120;1547;1705;156;415;5383
        Pietragalla;273;619;1047;1308;141;321;3708
        Pietrapertosa;90;212;306;266;8;28;910
        Pignola;379;969;1786;2302;241;673;6349
        Potenza;3182;8770;13844;23526;2881;10167;62370
        Rapolla;272;688;1287;1320;110;241;3918
        Rapone;105;166;237;298;22;54;882
        Rionero in Vulture;762;1750;3237;4401;539;1264;11952
        Ripacandida;141;275;486;533;49;101;1585
        Rivello;158;470;736;835;102;204;2505
        Roccanova;156;272;398;416;42;100;1384
        Rotonda;253;667;864;1092;84;252;3211
        Ruoti;316;738;990;944;73;168;3229
        Ruvo del Monte;127;189;296;300;23;46;980
        San Chirico Nuovo;120;240;305;417;55;96;1233
        San Chirico Raparo;121;219;256;284;24;72;976
        San Costantino Albanese;77;167;109;222;20;46;641
        San Fele;374;548;730;792;74;192;2709
        San Martino d'Agri;87;148;207;189;24;42;697
        San Paolo Albanese;33;51;56;63;6;26;235
        San Severino Lucano;134;301;355;498;33;127;1447
        Sant'Angelo Le Fratte;119;273;401;361;25;93;1272
        Sant'Arcangelo;482;1156;1805;1801;167;457;5867
        Sarconi;120;229;346;490;36;102;1322
        Sasso di Castalda;62;148;212;253;23;58;755
        Satriano di Lucania;155;403;615;708;92;188;2161
        Savoia di Lucania;107;199;284;319;38;65;1012
        Senise;469;1161;1936;2132;193;533;6422
        Spinoso;85;270;392;488;39;71;1345
        Teana;49;111;165;154;19;45;542
        Terranova di Pollino;114;190;316;351;27;83;1081
        Tito;426;1119;1821;2436;223;574;6599
        Tolve;253;540;849;1007;87;223;2958
        Tramutola;199;501;721;980;123;294;2818
        Trecchina;143;447;624;663;63;153;2093
        Trivigno;49;122;174;190;20;53;608
        Vaglio Basilicata;149;371;438;661;52;186;1857
        Venosa;775;1870;3210;3682;397;851;10784
        Vietri di Potenza;224;506;831;786;76;165;2588
        Viggianello;325;643;710;815;90;180;2762
        Viggiano;182;465;891;1124;103;255;3020
      Matera;12251;30536;52021;63788;6151;17848;182594
        Accettura;181;352;543;474;29;76;1655
        Aliano;121;193;259;261;22;53;909
        Bernalda;789;2060;3383;3698;329;868;11127
        Calciano;47;153;210;205;20;39;674
        Cirigliano;37;71;87;97;5;18;315
        Colobraro;95;225;344;362;31;70;1126
        Craco;73;138;217;162;17;29;635
        Ferrandina;520;1382;2077;3006;246;649;7880
        Garaguso;92;175;340;286;18;42;953
        Gorgoglione;94;156;311;257;20;34;872
        Grassano;341;763;1367;1692;170;355;4687
        Grottole;136;422;725;617;48;105;2053
        Irsina;427;866;1464;1247;134;337;4475
        Matera;2866;7781;13972;21549;2292;7697;56157
        Miglionico;146;457;675;789;62;178;2307
        Montalbano Jonico;444;1171;1990;2133;190;602;6529
        Montescaglioso;666;1572;2852;2892;268;686;8935
        Nova Siri;459;1038;1682;2207;221;610;6216
        Oliveto Lucano;34;111;128;85;10;19;386
        Pisticci;1030;2655;4829;5443;477;1463;15897
        Policoro;970;2560;4676;5849;525;1680;16259
        Pomarico;332;748;1292;1155;79;176;3782
        Rotondella;229;496;643;819;62;158;2407
        Salandra;177;520;734;873;56;156;2514
        San Giorgio Lucano;122;230;319;291;23;91;1076
        San Mauro Forte;133;293;451;368;32;66;1343
        Scanzano Jonico;525;1191;2470;2138;177;353;6853
        Stigliano;323;758;896;1356;144;336;3812
        Tricarico;349;885;1338;1533;256;459;4819
        Tursi;380;874;1363;1480;147;336;4579
        Valsinni;115;244;386;466;42;109;1362
    Calabria;128459;302807;494769;603377;56410;181510;1767331
      Cosenza;50717;111158;171481;223039;19128;69887;645409
        Acquaformosa;92;226;317;293;17;76;1021
        Acquappesa;115;320;435;605;45;151;1671
        Acri;1841;3632;5019;6096;565;1733;18885
        Aiello Calabro;136;309;480;481;28;98;1532
        Aieta;105;153;230;181;15;35;718
        Albidona;205;251;312;319;38;72;1197
        Alessandria del Carretto;70;93;110;103;7;21;404
        Altilia;47;118;208;218;13;45;648
        Altomonte;403;760;1239;1210;92;232;3935
        Amantea;831;2043;3202;5077;467;1339;12958
        Amendolara;246;503;720;914;81;262;2725
        Aprigliano;179;486;738;848;58;208;2517
        Belmonte Calabro;150;358;450;572;56;151;1736
        Belsito;80;159;252;293;20;58;862
        Belvedere Marittimo;685;1597;2234;2878;266;836;8496
        Bianchi;107;223;380;394;25;64;1192
        Bisignano;923;1707;2729;3020;234;644;9256
        Bocchigliero;207;211;284;397;20;67;1186
        Bonifati;248;528;704;830;52;212;2574
        Buonvicino;225;469;643;591;44;100;2071
        Calopezzati;108;256;344;408;25;118;1258
        Caloveto;140;260;337;305;19;40;1101
        Campana;291;286;401;484;23;96;1581
        Canna;71;155;180;211;14;37;667
        Cariati;686;1268;2074;2337;222;667;7253
        Carolei;218;513;779;1087;84;400;3080
        Carpanzano;13;66;57;69;4;18;227
        Casali del Manco;593;1392;2225;3640;322;1025;9195
        Cassano all'Ionio;1491;3080;4595;5277;364;1181;15986
        Castiglione Cosentino;185;432;774;969;79;256;2695
        Castrolibero;440;1122;1664;3619;314;1720;8878
        Castroregio;40;58;57;86;3;16;259
        Castrovillari;1253;3267;4985;7596;642;2588;20329
        Celico;198;448;779;897;70;211;2603
        Cellara;45;63;122;176;18;42;466
        Cerchiara di Calabria;232;498;610;627;39;159;2165
        Cerisano;186;458;745;1033;92;309;2823
        Cervicati;74;168;269;206;12;35;764
        Cerzeto;106;251;361;402;30;65;1214
        Cetraro;765;1826;2474;3042;249;732;9087
        Civita;82;197;207;279;20;66;851
        Cleto;120;216;385;341;28;63;1152
        Colosimi;76;185;394;383;32;77;1147
        Corigliano-Rossano;5955;12630;20298;22286;1846;6052;69067
        Cosenza;3506;8433;13497;22228;2074;11721;61459
        Cropalati;86;201;273;327;16;60;963
        Crosia;821;1576;2814;2918;211;531;8871
        Diamante;324;761;1150;1829;166;606;4835
        Dipignano;246;635;1127;1478;134;417;4036
        Domanico;73;193;272;249;18;67;871
        Fagnano Castello;355;726;903;1127;71;312;3494
        Falconara Albanese;114;252;357;450;28;103;1304
        Figline Vegliaturo;55;144;309;398;31;135;1072
        Firmo;162;390;587;576;40;114;1868
        Fiumefreddo Bruzio;255;590;655;921;91;183;2694
        Francavilla Marittima;226;526;732;908;61;174;2626
        Frascineto;137;387;477;658;52;191;1902
        Fuscaldo;559;1389;1860;2777;203;601;7387
        Grimaldi;90;280;453;518;37;143;1521
        Grisolia;213;398;708;605;50;110;2083
        Guardia Piemontese;115;332;423;652;55;155;1732
        Lago;198;402;715;756;56;181;2308
        Laino Borgo;194;381;538;476;37;108;1734
        Laino Castello;95;175;246;187;16;20;739
        Lappano;43;125;215;335;27;101;846
        Lattarico;281;734;1152;1117;93;212;3589
        Longobardi;176;488;633;688;48;112;2145
        Longobucco;326;611;765;833;73;167;2774
        Lungro;170;422;587;806;66;197;2248
        Luzzi;856;1723;2490;2638;200;525;8430
        Maierà;127;270;282;373;28;64;1144
        Malito;58;135;208;232;20;65;718
        Malvito;157;309;573;482;27;90;1638
        Mandatoriccio;257;444;680;840;80;196;2496
        Mangone;93;293;424;631;54;184;1678
        Marano Marchesato;160;407;831;1215;99;369;3081
        Marano Principato;166;420;692;1129;87;337;2831
        Marzi;59;138;246;323;32;95;892
        Mendicino;459;1125;2006;3378;357;1250;8575
        Mongrassano;130;341;444;453;21;72;1461
        Montalto Uffugo;1170;2722;4573;6572;652;2304;17992
        Montegiordano;161;310;422;593;36;171;1693
        Morano Calabro;366;814;1089;1364;126;340;4098
        Mormanno;279;505;684;935;80;268;2750
        Mottafollone;115;192;316;374;34;110;1141
        Nocara;33;74;112;107;10;18;353
        Oriolo;225;414;423;651;57;177;1947
        Orsomarso;120;253;345;370;22;52;1162
        Paludi;112;196;289;278;25;69;969
        Panettieri;17;47;78;122;10;30;304
        Paola;877;2199;3308;5848;460;1859;14551
        Papasidero;82;142;222;162;10;33;650
        Parenti;160;331;685;667;49;105;1997
        Paterno Calabro;103;246;371;414;42;91;1266
        Pedivigliano;81;151;224;245;17;45;763
        Piane Crati;74;189;348;466;56;182;1314
        Pietrafitta;77;202;320;441;35;99;1174
        Pietrapaola;110;195;291;317;29;59;1000
        Plataci;107;153;179;204;17;27;687
        Praia a Mare;348;939;1626;2348;184;743;6188
        Rende;1648;3748;5940;12020;1540;7671;32566
        Rocca Imperiale;267;609;953;985;64;177;3055
        Roggiano Gravina;579;1278;2034;1952;180;501;6523
        Rogliano;333;910;1406;1904;177;624;5354
        Rose;425;692;1221;1287;70;256;3951
        Roseto Capo Spulico;159;299;479;590;50;176;1752
        Rota Greca;90;211;296;334;25;51;1007
        Rovito;207;448;700;1101;87;362;2905
        San Basile;85;208;221;301;31;115;960
        San Benedetto Ullano;112;303;417;421;25;86;1364
        San Cosmo Albanese;69;104;131;187;19;46;556
        San Demetrio Corone;314;656;851;964;73;313;3170
        San Donato di Ninea;131;297;388;307;18;59;1199
        San Fili;163;460;637;864;53;246;2422
        San Giorgio Albanese;175;262;341;400;32;96;1304
        San Giovanni in Fiore;1171;2401;4238;5834;587;1389;15620
        San Lorenzo Bellizzi;85;127;175;144;11;20;561
        San Lorenzo del Vallo;288;656;996;820;56;145;2960
        San Lucido;382;1007;1469;1969;167;430;5424
        San Marco Argentano;543;1265;1967;2212;165;506;6658
        San Martino di Finita;82;180;274;316;22;74;947
        San Nicola Arcella;114;272;544;599;48;154;1730
        San Pietro in Amantea;51;104;142;135;14;24;469
        San Pietro in Guarano;215;582;830;1245;84;337;3293
        San Sosti;157;381;598;654;41;164;1994
        San Vincenzo La Costa;144;378;558;664;47;148;1938
        Sangineto;99;234;309;403;33;115;1192
        Santa Caterina Albanese;107;262;336;292;27;57;1080
        Santa Domenica Talao;98;242;380;302;25;65;1111
        Santa Maria del Cedro;378;734;1367;1630;131;331;4570
        Santa Sofia d'Epiro;273;478;637;709;53;145;2295
        Sant'Agata di Esaro;174;329;594;448;47;90;1682
        Santo Stefano di Rogliano;102;238;410;567;48;167;1532
        Saracena;383;698;1068;977;84;252;3462
        Scala Coeli;140;198;247;235;18;44;881
        Scalea;637;1652;3118;3584;283;897;10171
        Scigliano;95;234;300;425;18;72;1144
        Serra d'Aiello;37;87;150;159;25;35;493
        Spezzano Albanese;584;1195;1788;2040;171;619;6397
        Spezzano della Sila;273;665;1035;1661;115;452;4200
        Tarsia;202;355;582;567;30;96;1831
        Terranova da Sibari;477;847;1291;1407;112;308;4441
        Terravecchia;103;171;195;165;10;27;671
        Torano Castello;334;725;1141;1471;111;386;4168
        Tortora;378;979;1697;1908;143;479;5583
        Trebisacce;573;1278;1963;3145;280;1097;8336
        Vaccarizzo Albanese;114;180;261;344;25;85;1009
        Verbicaro;346;595;828;765;58;109;2701
        Villapiana;445;934;1327;1673;145;450;4973
        Zumpano;161;356;635;899;56;222;2328
      Catanzaro;22956;54286;89299;112446;12522;34217;325725
        Albi;55;176;255;263;29;57;835
        Amaroni;191;340;516;456;50;94;1647
        Amato;50;160;241;212;22;54;738
        Andali;82;155;161;215;16;30;659
        Argusto;38;90;168;129;14;29;468
        Badolato;231;460;713;954;92;259;2709
        Belcastro;135;238;446;301;29;39;1187
        Borgia;469;1058;2065;2373;266;612;6842
        Botricello;374;851;1437;1504;157;343;4665
        Caraffa di Catanzaro;138;287;584;533;54;92;1687
        Cardinale;188;357;631;545;47;136;1903
        Carlopoli;142;286;338;476;62;107;1410
        Catanzaro;4105;11359;19379;31258;3739;11757;81596
        Cenadi;33;111;154;147;8;36;488
        Centrache;32;93;112;86;5;12;340
        Cerva;96;233;380;282;26;48;1064
        Chiaravalle Centrale;476;1032;1512;1498;168;390;5075
        Cicala;69;154;257;306;25;53;864
        Conflenti;124;298;368;393;31;69;1283
        Cortale;175;361;516;612;75;178;1917
        Cropani;319;753;1351;1380;134;328;4265
        Curinga;505;1169;1767;2054;203;475;6172
        Davoli;346;813;1431;1795;166;465;5016
        Decollatura;204;497;713;1077;105;256;2851
        Falerna;288;591;952;1267;132;276;3505
        Feroleto Antico;153;377;565;607;68;100;1870
        Fossato Serralta;38;107;162;181;15;31;533
        Gagliato;40;81;117;135;11;37;420
        Gasperina;165;446;630;548;55;94;1938
        Gimigliano;243;610;966;849;101;188;2956
        Girifalco;431;965;1363;1782;248;578;5366
        Gizzeria;448;805;1357;1446;159;350;4565
        Guardavalle;372;770;1298;1190;121;282;4033
        Isca sullo Ionio;139;259;401;491;47;118;1455
        Jacurso;38;145;146;152;22;63;566
        Lamezia Terme;4508;10129;17456;21548;2360;6893;62893
        Magisano;81;205;322;360;38;79;1084
        Maida;341;769;1312;1269;112;308;4110
        Marcedusa;44;102;132;82;3;18;380
        Marcellinara;135;316;557;659;89;240;1996
        Martirano;84;195;240;237;22;31;808
        Martirano Lombardo;91;267;309;265;21;58;1011
        Miglierina;54;158;206;192;15;50;675
        Montauro;92;225;360;585;76;267;1604
        Montepaone;324;754;1175;1779;243;712;4986
        Motta Santa Lucia;61;155;242;245;15;52;769
        Nocera Terinese;406;640;1403;1533;126;268;4376
        Olivadi;38;103;151;161;12;29;494
        Palermiti;92;256;350;293;29;61;1080
        Pentone;123;384;549;591;68;162;1877
        Petrizzi;78;199;309;309;40;103;1038
        Petronà;221;484;800;654;92;128;2377
        Pianopoli;157;402;662;867;91;188;2366
        Platania;164;447;610;559;42;114;1936
        San Floro;62;114;178;228;30;50;661
        San Mango d'Aquino;106;232;399;508;54;92;1391
        San Pietro a Maida;332;672;1138;1184;107;244;3675
        San Pietro Apostolo;127;318;499;466;55;96;1560
        San Sostene;106;251;365;402;39;91;1253
        San Vito sullo Ionio;140;321;465;473;44;128;1571
        Santa Caterina dello Ionio;171;383;608;594;59;159;1973
        Sant'Andrea Apostolo dello Ionio;143;291;471;609;60;151;1724
        Satriano;210;491;811;1147;130;387;3176
        Sellia;57;92;156;134;20;31;489
        Sellia Marina;512;1184;1971;2445;246;572;6930
        Serrastretta;209;558;837;950;85;174;2812
        Sersale;336;738;1403;1244;175;296;4192
        Settingiano;157;434;702;1059;107;312;2771
        Simeri Crichi;300;674;1282;1476;169;331;4231
        Sorbo San Basile;65;126;250;249;19;22;730
        Soverato;399;1143;1655;3174;399;1560;8329
        Soveria Mannelli;152;434;759;987;117;308;2756
        Soveria Simeri;149;318;401;396;54;105;1423
        Squillace;193;511;838;1207;153;386;3287
        Stalettì;160;368;551;756;88;271;2193
        Taverna;162;411;735;840;94;175;2417
        Tiriolo;269;711;1087;1080;128;241;3516
        Torre di Ruggiero;104;194;329;222;12;46;906
        Vallefiorita;181;339;413;466;48;92;1539
        Zagarise;135;307;407;476;41;106;1472
      Reggio di Calabria;31017;82356;140834;171588;15913;52260;493968
        Africo;189;395;843;1043;76;153;2699
        Agnana Calabra;39;124;144;148;9;21;485
        Anoia;126;387;656;604;51;149;1972
        Antonimina;74;208;463;339;32;73;1187
        Ardore;320;813;1300;1506;126;399;4464
        Bagaladi;84;192;239;306;28;58;907
        Bagnara Calabra;617;1767;2932;2921;190;596;9021
        Benestare;178;442;881;604;48;119;2272
        Bianco;238;609;1069;1328;119;444;3806
        Bivongi;72;215;391;419;30;78;1204
        Bova;39;76;102;128;11;37;393
        Bova Marina;248;601;919;1492;125;480;3864
        Bovalino;490;1379;2154;2752;252;882;7908
        Brancaleone;243;569;879;1183;87;287;3247
        Bruzzano Zeffirio;92;211;297;326;28;69;1022
        Calanna;58;188;234;237;28;64;808
        Camini;67;158;208;196;12;37;677
        Campo Calabro;208;624;960;1621;151;434;3997
        Candidoni;46;65;134;97;4;25;371
        Canolo;64;150;238;161;9;31;653
        Caraffa del Bianco;39;84;143;124;24;47;461
        Cardeto;151;356;520;322;26;57;1432
        Careri;172;364;802;557;45;87;2025
        Casignana;58;157;186;189;22;72;683
        Caulonia;509;1274;1925;2107;147;537;6497
        Ciminà;48;112;193;132;10;20;514
        Cinquefrondi;409;1087;2037;1869;148;395;5945
        Cittanova;646;1655;2804;2852;320;940;9217
        Condofuri;344;822;1258;1581;143;411;4558
        Cosoleto;63;151;251;229;22;56;772
        Delianuova;196;437;898;1078;110;263;2981
        Feroleto della Chiesa;110;383;519;425;28;57;1522
        Ferruzzano;48;126;189;236;19;67;685
        Fiumara;66;197;254;276;15;51;858
        Galatro;134;319;530;398;31;106;1518
        Gerace;176;449;750;733;76;169;2352
        Giffone;156;331;702;346;22;59;1616
        Gioia Tauro;1271;2900;5753;5990;435;1335;17684
        Gioiosa Ionica;460;1142;2227;1885;194;431;6339
        Grotteria;201;699;1054;682;52;108;2795
        Laganadi;30;97;120;108;4;16;375
        Laureana di Borrello;457;996;1534;1254;93;215;4549
        Locri;634;1673;2949;4148;415;1513;11331
        Mammola;212;537;910;652;64;126;2501
        Marina di Gioiosa Ionica;401;1089;1845;1765;194;542;5836
        Maropati;95;301;412;412;34;85;1338
        Martone;46;92;165;117;7;47;473
        Melicuccà;68;179;263;235;17;68;830
        Melicucco;347;843;1768;1140;86;191;4374
        Melito di Porto Salvo;618;1677;2596;3635;422;1251;10199
        Molochio;178;447;733;680;65;185;2287
        Monasterace;208;635;954;1131;89;260;3276
        Montebello Jonico;376;1128;1866;1730;151;341;5590
        Motta San Giovanni;287;995;1424;2098;161;481;5446
        Oppido Mamertina;398;962;1620;1321;137;328;4765
        Palizzi;143;413;570;789;59;222;2196
        Palmi;985;2461;4540;6120;592;2118;16815
        Pazzano;35;117;146;138;17;25;478
        Placanica;90;267;328;280;28;60;1052
        Platì;254;643;1504;744;36;56;3236
        Polistena;603;1416;3074;3081;250;696;9119
        Portigliola;103;242;328;289;26;77;1065
        Reggio di Calabria;7827;22857;38179;63526;6404;24213;163005
        Riace;148;375;582;600;63;148;1915
        Rizziconi;526;1220;2307;2311;208;479;7051
        Roccaforte del Greco;38;96;141;121;13;9;418
        Roccella Ionica;284;888;1395;2260;244;844;5913
        Roghudi;123;151;285;282;23;44;907
        Rosarno;1042;2298;4501;3829;278;789;12737
        Samo;44;130;192;243;19;84;711
        San Ferdinando;384;827;1457;1535;129;340;4671
        San Giorgio Morgeto;222;533;1045;769;64;130;2763
        San Giovanni di Gerace;24;99;133;113;8;37;414
        San Lorenzo;185;480;708;695;75;179;2320
        San Luca;293;601;1370;797;49;127;3237
        San Pietro di Caridà;98;248;322;305;22;52;1046
        San Procopio;46;104;152;135;6;23;466
        San Roberto;125;320;516;468;37;78;1543
        Santa Cristina d'Aspromonte;55;160;246;266;29;61;816
        Sant'Agata del Bianco;28;118;166;175;15;46;548
        Sant'Alessio in Aspromonte;22;64;91;83;16;17;293
        Sant'Eufemia d'Aspromonte;280;705;1247;1041;100;235;3608
        Sant'Ilario dello Ionio;97;264;350;409;40;103;1263
        Santo Stefano in Aspromonte;92;198;348;388;48;91;1164
        Scido;73;148;300;239;21;49;830
        Scilla;299;799;1346;1530;141;335;4449
        Seminara;214;496;882;671;32;151;2445
        Serrata;40;170;254;237;17;43;761
        Siderno;961;2744;4554;5432;505;1690;15884
        Sinopoli;130;321;742;489;36;86;1804
        Staiti;20;69;48;57;6;14;213
        Stignano;96;246;379;372;25;85;1202
        Stilo;164;433;830;749;65;109;2349
        Taurianova;935;2536;4442;4574;381;1146;14013
        Terranova Sappo Minulio;25;92;131;164;15;39;466
        Varapodio;178;346;582;584;65;155;1910
        Villa San Giovanni;589;1805;2935;4862;470;1631;12291
      Crotone;12885;30224;49005;48614;4680;12019;157425
        Belvedere di Spinello;189;456;657;519;48;118;1984
        Caccuri;96;277;452;511;42;111;1489
        Carfizzi;67;191;120;152;11;32;573
        Casabona;250;530;716;666;70;127;2359
        Castelsilano;62;177;246;292;40;80;897
        Cerenzia;97;174;309;337;30;65;1012
        Cirò;282;565;779;643;58;148;2475
        Cirò Marina;1205;2641;4035;3972;340;956;13148
        Cotronei;347;862;1389;1785;211;358;4951
        Crotone;3827;9585;16614;20022;1964;5937;57948
        Crucoli;240;596;781;840;96;206;2758
        Cutro;948;2275;3028;2449;192;429;9321
        Isola di Capo Rizzuto;1512;3289;6123;3895;293;598;15710
        Melissa;280;691;1041;880;89;148;3128
        Mesoraca;578;1207;1969;1410;160;332;5655
        Pallagorio;116;264;277;305;32;83;1077
        Petilia Policastro;658;1521;2749;2507;243;505;8183
        Rocca di Neto;404;992;1631;1526;143;361;5057
        Roccabernarda;294;607;913;853;90;231;2988
        San Mauro Marchesato;173;315;554;641;76;157;1915
        San Nicola dell'Alto;55;207;185;216;19;53;734
        Santa Severina;142;385;577;537;49;160;1850
        Savelli;116;236;306;343;39;81;1121
        Scandale;234;561;948;807;83;165;2797
        Strongoli;512;1089;1841;1790;202;454;5887
        Umbriatico;65;203;249;192;19;31;759
        Verzino;139;330;516;527;43;94;1649
      Vibo Valentia;10884;24783;44152;47691;4168;13127;144804
        Acquaro;247;442;699;471;40;95;1994
        Arena;113;219;460;416;27;80;1315
        Briatico;294;719;1289;1275;109;285;3971
        Brognaturo;51;147;230;217;24;73;741
        Capistrano;82;165;305;263;22;71;907
        Cessaniti;253;614;962;909;72;143;2951
        Dasà;95;155;385;299;30;83;1047
        Dinami;203;442;718;394;29;97;1883
        Drapia;118;346;537;627;69;232;1927
        Fabrizia;197;406;764;468;31;90;1956
        Filadelfia;475;1055;1381;1478;121;310;4819
        Filandari;111;298;581;534;39;98;1661
        Filogaso;89;204;462;404;41;87;1287
        Francavilla Angitola;173;321;515;592;66;83;1750
        Francica;146;347;548;373;24;56;1494
        Gerocarne;163;333;815;483;39;99;1932
        Jonadi;215;498;1104;1525;148;351;3841
        Joppolo;149;382;537;515;34;121;1737
        Limbadi;238;585;923;1058;91;249;3143
        Maierato;155;328;637;631;48;142;1939
        Mileto;531;1162;2070;1935;131;347;6176
        Mongiana;49;136;274;176;12;28;675
        Monterosso Calabro;121;285;439;545;35;118;1542
        Nardodipace;164;250;492;192;14;26;1138
        Nicotera;410;956;1823;1808;143;551;5691
        Parghelia;54;198;352;409;40;137;1190
        Pizzo;558;1369;2143;3289;250;814;8422
        Pizzoni;134;200;308;267;19;59;986
        Polia;104;191;249;274;22;59;899
        Ricadi;286;720;1215;1632;155;471;4477
        Rombiolo;297;773;1464;1224;105;242;4105
        San Calogero;372;709;1259;1090;83;242;3755
        San Costantino Calabro;160;374;635;619;46;130;1962
        San Gregorio d'Ippona;155;446;825;704;47;146;2323
        San Nicola da Crissa;124;229;314;406;34;90;1196
        Sant'Onofrio;240;422;766;943;78;287;2735
        Serra San Bruno;421;943;2013;1989;192;459;6017
        Simbario;78;179;248;253;25;77;860
        Sorianello;74;184;411;301;29;59;1058
        Soriano Calabro;155;302;742;643;62;190;2094
        Spadola;55;114;182;274;25;86;736
        Spilinga;117;246;389;433;45;136;1366
        Stefanaconi;173;380;631;770;66;215;2235
        Tropea;310;814;1787;2038;184;646;5778
        Vallelonga;56;131;233;201;12;47;679
        Vazzano;108;183;234;287;41;61;913
        Vibo Valentia;1686;4109;7369;10856;1074;4329;29422
        Zaccanopoli;41;125;205;222;20;61;674
        Zambrone;142;305;568;469;35;82;1599
        Zungri;147;345;665;515;43;91;1806
  Isole;367032;1054391;2043389;1852595;176115;551817;6045337
    Sicilia;283594;797157;1502606;1399179;130774;411412;4524720
      Trapani;27072;74906;129946;119203;11633;30849;393608
        Alcamo;2911;8094;13738;12181;1498;3398;41818
        Buseto Palizzolo;189;519;1021;725;63;132;2648
        Calatafimi-Segesta;385;1303;1986;1819;167;388;6048
        Campobello di Mazara;926;2336;3445;2918;265;791;10681
        Castellammare del Golfo;945;2473;4386;4198;398;1286;13684
        Castelvetrano;2005;5443;9543;8372;924;2429;28715
        Custonaci;388;1004;1948;1356;108;233;5036
        Erice;1290;4135;7866;8477;791;2364;24922
        Favignana;224;795;1477;1181;103;271;4050
        Gibellina;264;721;1157;1169;121;284;3716
        Marsala;5676;14789;24563;22106;2076;5989;75198
        Mazara del Vallo;3421;8637;15918;13918;1384;3333;46610
        Misiliscemi;..;..;..;..;..;..;..
        Paceco;668;2008;3539;3180;268;680;10342
        Pantelleria;443;1324;2395;2180;178;416;6935
        Partanna;698;1804;2890;2957;338;869;9555
        Petrosino;598;1561;2678;1948;172;448;7404
        Poggioreale;97;299;455;410;39;88;1387
        Salaparuta;108;299;467;499;45;89;1505
        Salemi;670;2081;3139;2693;275;827;9685
        San Vito Lo Capo;291;760;1544;1417;137;286;4434
        Santa Ninfa;306;919;1513;1411;147;298;4593
        Trapani;3743;11122;20003;19982;1717;5039;61604
        Valderice;713;2069;3697;3573;354;797;11201
        Vita;117;414;580;539;67;120;1837
      Palermo;68918;205054;383845;332129;30984;109444;1130373
        Alia;316;743;1134;850;66;158;3266
        Alimena;139;452;641;425;39;108;1804
        Aliminusa;82;277;400;255;27;55;1095
        Altavilla Milicia;464;1275;2575;2341;215;698;7568
        Altofonte;483;1599;3376;2668;263;688;9077
        Bagheria;3197;9366;17274;14162;1267;3723;48988
        Balestrate;443;1284;2092;1633;134;320;5905
        Baucina;155;373;603;500;37;94;1761
        Belmonte Mezzagno;810;2049;4236;2273;229;449;10046
        Bisacquino;302;874;1253;1282;110;265;4085
        Blufi;94;211;250;280;25;46;905
        Bolognetta;259;785;1444;1017;69;190;3763
        Bompietro;89;272;410;343;46;80;1240
        Borgetto;519;1262;2465;1767;148;349;6508
        Caccamo;714;1683;2788;1756;203;379;7522
        Caltavuturo;347;844;1266;889;79;201;3625
        Campofelice di Fitalia;31;109;181;95;5;25;445
        Campofelice di Roccella;367;1223;2369;2228;221;567;6975
        Campofiorito;85;271;409;320;29;49;1163
        Camporeale;259;567;1148;747;69;112;2901
        Capaci;612;1994;3790;3179;247;603;10425
        Carini;2109;6307;12678;10401;725;1916;34136
        Castelbuono;492;1433;2624;2363;277;897;8086
        Casteldaccia;670;1926;3611;3097;257;744;10304
        Castellana Sicula;246;671;935;924;84;216;3075
        Castronovo di Sicilia;251;639;1048;670;57;159;2823
        Cefalà Diana;50;170;333;279;23;51;906
        Cefalù;715;2151;3662;4450;441;1755;13174
        Cerda;400;989;1866;1107;87;199;4647
        Chiusa Sclafani;213;516;912;760;59;125;2585
        Ciminna;263;752;1129;925;73;200;3341
        Cinisi;622;1925;3852;3518;249;735;10901
        Collesano;266;827;1206;1037;88;231;3654
        Contessa Entellina;92;364;596;407;27;86;1572
        Corleone;774;1911;3547;2875;276;701;10083
        Ficarazzi;647;2073;4313;3328;299;558;11218
        Gangi;573;1427;1731;1730;168;557;6185
        Geraci Siculo;133;356;636;442;43;109;1719
        Giardinello;144;373;740;656;46;86;2045
        Giuliana;85;383;514;574;58;120;1733
        Godrano;66;217;380;349;30;45;1087
        Gratteri;62;206;306;205;19;58;856
        Isnello;107;355;455;337;31;94;1378
        Isola delle Femmine;340;1121;2272;2130;173;428;6463
        Lascari;234;559;1131;1012;119;261;3315
        Lercara Friddi;501;1303;2360;1518;125;362;6169
        Marineo;446;1243;2000;1662;163;381;5895
        Mezzojuso;207;540;989;696;58;143;2633
        Misilmeri;1602;5147;10101;7017;589;1348;25803
        Monreale;1961;5822;12430;10211;942;2424;33788
        Montelepre;368;907;2064;1778;167;292;5576
        Montemaggiore Belsito;225;761;969;763;77;206;3001
        Palazzo Adriano;92;413;711;511;42;121;1890
        Palermo;32882;101619;192957;180608;17633;73676;599374
        Partinico;1978;5282;9995;8326;747;2218;28546
        Petralia Soprana;189;613;927;960;93;214;2995
        Petralia Sottana;159;452;708;853;84;268;2524
        Piana degli Albanesi;380;1026;1688;1821;228;474;5616
        Polizzi Generosa;256;724;1006;773;82;207;3048
        Pollina;151;574;969;763;71;230;2758
        Prizzi;308;879;1551;1195;93;288;4313
        Roccamena;108;309;506;333;28;59;1343
        Roccapalumba;174;519;816;580;48;110;2246
        San Cipirello;351;1008;1917;1257;107;197;4836
        San Giuseppe Jato;651;1671;2980;1962;145;305;7714
        San Mauro Castelverde;131;410;505;314;27;63;1449
        Santa Cristina Gela;46;165;328;301;27;64;930
        Santa Flavia;620;1947;3407;2929;252;948;10102
        Sciara;189;507;1031;552;49;106;2434
        Scillato;41;165;193;140;8;20;567
        Sclafani Bagni;31;104;141;92;7;21;396
        Termini Imerese;1506;4615;8401;6533;594;2105;23754
        Terrasini;759;2184;4074;3230;259;704;11209
        Torretta;216;737;1497;1051;89;215;3804
        Trabia;688;1770;3630;2480;213;575;9356
        Trappeto;259;586;958;738;62;223;2825
        Ustica;58;239;450;350;28;100;1224
        Valledolmo;268;744;1198;756;91;176;3233
        Ventimiglia di Sicilia;164;364;655;409;54;99;1745
        Vicari;219;550;887;623;47;138;2464
        Villabate;1187;3368;7200;4643;349;713;17459
        Villafrati;230;632;1074;822;79;165;3001
      Messina;26824;96306;172392;197641;17956;63884;575003
        Acquedolci;299;1028;1647;1634;124;446;5178
        Alcara li Fusi;137;430;533;518;42;116;1775
        Alì;31;137;247;193;17;31;656
        Alì Terme;81;334;602;890;83;236;2226
        Antillo;45;193;267;244;12;35;796
        Barcellona Pozzo di Gotto;1974;6025;10940;12753;1243;4332;37266
        Basicò;43;126;187;170;11;26;563
        Brolo;252;935;1534;1968;165;468;5322
        Capizzi;206;597;1013;709;69;132;2725
        Capo d'Orlando;535;1963;3187;4639;456;1426;12205
        Capri Leone;176;760;1424;1323;91;272;4046
        Caronia;153;641;1013;897;73;185;2961
        Casalvecchio Siculo;42;176;256;207;15;32;728
        Castel di Lucio;65;257;405;323;27;74;1151
        Castell'Umberto;163;590;853;927;71;226;2829
        Castelmola;57;211;321;348;25;57;1019
        Castroreale;128;480;696;669;65;153;2191
        Cesarò;129;454;730;617;56;106;2090
        Condrò;20;95;143;135;15;29;437
        Falcone;143;502;807;810;51;226;2539
        Ficarra;74;289;396;416;37;124;1336
        Fiumedinisi;76;269;464;323;27;74;1233
        Floresta;34;104;134;133;16;26;447
        Fondachelli-Fantina;69;230;318;301;26;60;1003
        Forza d'Agrò;51;145;268;270;29;44;806
        Francavilla di Sicilia;203;679;1140;1062;98;276;3457
        Frazzanò;48;129;217;160;15;47;615
        Furci Siculo;124;421;785;1167;98;435;3030
        Furnari;180;657;1061;1181;117;336;3532
        Gaggi;143;510;1101;909;56;169;2888
        Galati Mamertino;163;405;827;743;59;163;2359
        Gallodoro;13;72;107;110;5;17;324
        Giardini-Naxos;442;1439;2544;3116;252;790;8582
        Gioiosa Marea;260;1162;1693;2438;197;680;6430
        Graniti;78;255;478;405;31;98;1345
        Gualtieri Sicaminò;73;369;515;477;41;80;1554
        Itala;74;250;492;508;40;109;1473
        Leni;26;125;218;212;19;47;647
        Letojanni;110;389;739;1000;82;214;2534
        Librizzi;85;324;490;485;43;93;1520
        Limina;43;198;215;190;15;60;720
        Lipari;506;1727;4014;4004;288;1037;11575
        Longi;68;241;444;413;65;85;1316
        Malfa;36;117;364;275;24;100;915
        Malvagna;36;144;208;206;7;32;633
        Mandanici;30;135;154;185;5;23;531
        Mazzarrà Sant'Andrea;108;303;447;373;28;103;1361
        Merì;129;365;728;642;73;151;2087
        Messina;8698;31386;62401;72674;7196;30333;212687
        Milazzo;1108;4441;7340;10938;963;3313;28103
        Militello Rosmarino;96;256;362;353;28;84;1179
        Mirto;50;170;264;291;26;67;868
        Mistretta;227;748;1351;1442;114;398;4280
        Moio Alcantara;29;143;228;209;10;42;661
        Monforte San Giorgio;159;466;812;816;70;178;2501
        Mongiuffi Melia;27;118;184;194;8;22;552
        Montagnareale;69;305;422;490;34;110;1430
        Montalbano Elicona;119;468;672;566;43;163;2031
        Motta Camastra;45;161;261;236;8;48;758
        Motta d'Affermo;47;143;199;216;12;58;675
        Naso;167;707;1101;1128;91;219;3412
        Nizza di Sicilia;136;515;952;1263;116;389;3370
        Novara di Sicilia;83;262;391;355;21;89;1200
        Oliveri;96;415;548;664;70;175;1967
        Pace del Mela;291;1014;1809;2081;149;387;5731
        Pagliara;42;197;304;377;29;111;1059
        Patti;521;2019;3141;4523;374;1496;12072
        Pettineo;80;237;428;387;22;65;1219
        Piraino;179;673;1001;1292;116;343;3602
        Raccuja;37;175;298;291;26;80;907
        Reitano;50;172;207;211;18;41;699
        Roccafiorita;8;32;59;55;12;16;182
        Roccalumera;153;540;972;1452;138;454;3708
        Roccavaldina;50;202;377;289;22;45;985
        Roccella Valdemone;47;131;212;154;12;28;584
        Rodì Milici;98;353;530;676;55;154;1866
        Rometta;243;994;1808;2228;186;611;6070
        San Filippo del Mela;299;1177;2021;2268;168;413;6346
        San Fratello;200;834;1230;823;73;155;3315
        San Marco d'Alunzio;101;395;588;510;44;133;1770
        San Pier Niceto;153;596;792;753;53;185;2531
        San Piero Patti;133;594;861;770;74;169;2601
        San Salvatore di Fitalia;71;335;359;314;24;56;1159
        San Teodoro;105;277;423;343;22;72;1242
        Santa Domenica Vittoria;57;169;297;287;14;51;875
        Santa Lucia del Mela;311;907;1500;1235;103;193;4249
        Santa Marina Salina;31;110;271;276;21;120;829
        Santa Teresa di Riva;347;1265;2285;3278;327;1168;8669
        Sant'Agata di Militello;557;1921;3403;3918;382;1372;11552
        Sant'Alessio Siculo;58;201;372;528;60;179;1398
        Sant'Angelo di Brolo;165;653;820;909;70;184;2801
        Santo Stefano di Camastra;197;831;1190;1495;124;385;4221
        Saponara;189;675;1171;1200;95;280;3610
        Savoca;77;247;532;556;54;132;1598
        Scaletta Zanclea;76;354;600;640;48;133;1850
        Sinagra;130;446;846;781;65;177;2444
        Spadafora;184;755;1390;1678;160;458;4624
        Taormina;417;1501;2837;3699;317;1134;9904
        Terme Vigliatore;349;1173;2029;2281;195;556;6583
        Torregrotta;334;1142;2094;2473;171;465;6678
        Torrenova;185;572;1329;1526;146;356;4113
        Tortorici;422;1323;2008;1543;113;278;5686
        Tripi;50;180;230;242;24;53;777
        Tusa;162;557;766;852;85;230;2652
        Ucria;59;225;308;272;21;52;937
        Valdina;48;216;384;416;44;93;1201
        Venetico;151;582;1125;1323;121;363;3665
        Villafranca Tirrena;295;1270;2343;2934;271;696;7809
      Agrigento;31805;72645;126739;122130;11423;31807;396548
        Agrigento;3199;7745;14618;19465;2028;7016;54069
        Alessandria della Rocca;211;504;833;710;92;245;2593
        Aragona;645;1464;2568;2980;292;700;8648
        Bivona;261;535;1070;977;103;352;3297
        Burgio;244;493;740;725;76;175;2453
        Calamonaci;111;234;383;378;29;69;1203
        Caltabellotta;334;674;990;980;86;232;3295
        Camastra;155;404;575;607;56;110;1906
        Cammarata;490;1030;1931;1620;173;373;5617
        Campobello di Licata;723;1751;3091;2422;292;596;8875
        Canicattì;2418;5970;10648;9618;782;2471;31906
        Casteltermini;635;1323;2346;2343;209;447;7303
        Castrofilippo;279;578;881;671;52;121;2582
        Cattolica Eraclea;324;640;1113;929;74;264;3344
        Cianciana;281;572;894;1027;97;263;3133
        Comitini;69;134;298;285;24;53;863
        Favara;2174;5037;9221;9993;881;2072;29377
        Grotte;379;988;1336;1726;182;487;5098
        Joppolo Giancaxio;75;214;286;362;42;108;1086
        Lampedusa e Linosa;428;1124;2491;1535;112;207;5897
        Licata;2966;6649;11704;9115;831;1971;33236
        Lucca Sicula;137;281;516;532;42;109;1617
        Menfi;1010;2247;3597;3364;328;859;11405
        Montallegro;202;443;830;635;45;133;2287
        Montevago;223;537;901;765;64;215;2705
        Naro;670;1433;2150;1935;200;583;6971
        Palma di Montechiaro;2086;4362;7634;4500;401;932;19914
        Porto Empedocle;1187;3069;4972;4640;340;835;15043
        Racalmuto;570;1305;2210;2471;247;532;7335
        Raffadali;966;1944;3575;3857;362;870;11573
        Ravanusa;881;1989;3793;2694;283;675;10315
        Realmonte;326;782;1320;1307;96;296;4127
        Ribera;1310;2926;5100;5448;525;1483;16791
        Sambuca di Sicilia;446;960;1699;1748;136;364;5352
        San Biagio Platani;301;590;1024;797;66;154;2931
        San Giovanni Gemini;681;1322;2434;2074;228;537;7275
        Santa Elisabetta;147;373;664;704;78;166;2132
        Santa Margherita di Belice;545;1152;1919;1721;146;381;5863
        Sant'Angelo Muxaro;131;255;339;346;30;77;1177
        Santo Stefano Quisquina;364;768;1398;1210;113;327;4179
        Sciacca;2745;6802;10888;11345;1060;3655;36494
        Siculiana;341;787;1377;1193;93;219;4009
        Villafranca Sicula;139;262;386;380;31;75;1272
      Caltanissetta;17846;45619;82714;69067;7194;17559;239998
        Acquaviva Platani;58;180;330;237;20;42;866
        Bompensiere;29;121;193;135;13;26;516
        Butera;301;798;1548;1129;122;266;4164
        Caltanissetta;3528;9581;17331;18225;2087;6087;56837
        Campofranco;192;542;885;931;69;139;2757
        Delia;324;643;1233;1101;128;290;3718
        Gela;5082;13109;23484;19175;1757;4236;66842
        Marianopoli;159;403;703;350;20;41;1676
        Mazzarino;787;1782;3906;3311;300;668;10754
        Milena;245;546;929;745;90;230;2785
        Montedoro;88;248;526;411;40;90;1403
        Mussomeli;711;1643;2967;3059;414;834;9626
        Niscemi;2056;5579;9949;4770;554;1146;24052
        Resuttano;183;385;628;430;43;128;1796
        Riesi;880;1916;3819;2812;255;540;10222
        San Cataldo;1285;3610;6446;6136;684;1498;19658
        Santa Caterina Villarmosa;448;1038;1685;1201;129;269;4769
        Serradifalco;437;1062;1809;1621;171;401;5500
        Sommatino;556;1152;2235;1827;153;319;6242
        Sutera;119;204;400;372;44;114;1252
        Vallelunga Pratameno;238;743;1202;734;61;125;3102
        Villalba;142;337;508;358;42;74;1461
      Enna;11738;26720;52685;43873;4723;11504;151241
        Agira;637;1398;2853;1901;201;417;7406
        Aidone;425;817;1387;1329;118;286;4361
        Assoro;368;802;1886;1215;130;289;4688
        Barrafranca;1127;2079;4184;3026;304;678;11397
        Calascibetta;260;722;1360;1188;146;325;4001
        Catenanuova;323;785;1656;1202;103;219;4288
        Centuripe;401;1012;1795;1376;126;241;4950
        Cerami;167;374;648;514;39;84;1826
        Enna;1348;3654;7539;8321;1052;3129;25043
        Gagliano Castelferrato;341;661;1131;881;89;192;3295
        Leonforte;1046;2076;4830;2727;365;901;11944
        Nicosia;971;2239;4421;3493;389;1017;12530
        Nissoria;196;409;1061;778;101;201;2746
        Piazza Armerina;1248;3097;6481;6628;679;1625;19758
        Pietraperzia;565;1232;2272;1662;127;316;6174
        Regalbuto;560;1221;2304;1887;168;326;6466
        Sperlinga;51;154;244;176;20;50;695
        Troina;855;1764;2566;2430;284;552;8450
        Valguarnera Caropepe;543;1332;2511;1936;157;380;6859
        Villarosa;306;894;1558;1204;126;277;4364
      Catania;59327;160146;335967;310918;27438;93083;986878
        Aci Bonaccorsi;162;457;928;1165;103;394;3208
        Aci Castello;721;2085;4106;6062;650;2905;16529
        Aci Catena;1245;3590;9147;8763;743;1864;25351
        Aci Sant'Antonio;742;2156;5573;5868;494;1347;16179
        Acireale;2424;7055;15044;15987;1592;5393;47494
        Adrano;2866;6607;12051;7144;669;1668;31005
        Belpasso;1358;4061;9255;7893;616;1520;24703
        Biancavilla;1814;4138;7803;5324;501;1374;20954
        Bronte;1422;3265;6369;4781;438;961;17235
        Calatabiano;295;928;1769;1364;93;226;4675
        Caltagirone;2158;5665;10936;11045;1142;3030;33975
        Camporotondo Etneo;228;618;1683;1591;102;198;4420
        Castel di Iudica;309;861;1796;965;77;130;4136
        Castiglione di Sicilia;211;519;1059;861;78;152;2879
        Catania;16152;45182;93548;79854;7084;31831;273651
        Fiumefreddo di Sicilia;492;1492;2930;2856;225;553;8547
        Giarre;1407;3853;7333;8646;746;2819;24803
        Grammichele;938;2227;4166;3314;305;902;11852
        Gravina di Catania;1072;3507;7093;8552;754;2487;23465
        Licodia Eubea;245;536;1143;658;42;150;2774
        Linguaglossa;257;726;1695;1644;136;373;4831
        Maletto;329;693;1320;890;97;141;3470
        Maniace;240;615;1503;782;46;93;3279
        Mascali;681;1936;4271;4506;354;976;12723
        Mascalucia;1224;3700;8626;10909;909;2546;27913
        Mazzarrone;278;739;1554;835;68;110;3583
        Militello in Val di Catania;564;1286;2485;1778;154;370;6636
        Milo;59;173;258;352;27;92;961
        Mineo;543;955;1774;1361;108;265;5006
        Mirabella Imbaccari;485;845;1338;1174;114;224;4178
        Misterbianco;2664;7405;17246;13522;957;2338;44130
        Motta Sant'Anastasia;606;1627;3923;3821;262;700;10938
        Nicolosi;294;971;2046;2450;239;750;6748
        Palagonia;1174;2799;6310;3654;271;530;14737
        Paternò;3026;7930;16110;11771;966;2712;42514
        Pedara;604;1747;3887;5059;447;1335;13078
        Piedimonte Etneo;243;620;1297;1189;85;317;3750
        Raddusa;227;516;1168;708;58;98;2774
        Ragalna;178;485;1142;1299;123;410;3636
        Ramacca;668;1641;4073;2623;230;368;9602
        Randazzo;673;1798;3471;3191;226;609;9967
        Riposto;746;1984;4029;4711;389;1284;13143
        San Cono;232;482;797;691;77;126;2405
        San Giovanni la Punta;902;2850;5770;7822;804;2633;20781
        San Gregorio di Catania;447;1158;2391;4077;433;2177;10683
        San Michele di Ganzaria;231;554;1039;887;69;169;2948
        San Pietro Clarenza;346;999;2417;2586;211;470;7028
        Santa Maria di Licodia;451;1159;2666;2006;155;398;6834
        Santa Venerina;424;1220;2763;2574;209;565;7755
        Sant'Agata li Battiati;291;975;1758;3398;418;1841;8680
        Sant'Alfio;83;218;490;505;44;104;1444
        Scordia;1114;2828;5805;4305;383;811;15245
        Trecastagni;455;1298;2840;3652;339;1347;9930
        Tremestieri Etneo;731;2171;4657;7442;676;2816;18493
        Valverde;309;897;2075;2713;258;882;7134
        Viagrande;387;1070;2211;2784;259;1072;7782
        Vizzini;425;922;2105;1596;125;381;5553
        Zafferana Etnea;480;1361;2929;2967;263;751;8751
      Ragusa;18974;52719;103067;82863;8835;23299;289754
        Acate;796;1879;4200;2344;187;391;9797
        Chiaramonte Gulfi;515;1450;3076;1855;219;408;7522
        Comiso;1859;5395;10749;7219;738;1944;27902
        Giarratana;205;534;928;798;81;198;2744
        Ispica;984;2489;5117;4630;512;1116;14847
        Modica;3032;8352;16727;15019;1736;4575;49441
        Monterosso Almo;160;564;988;826;80;137;2754
        Pozzallo;1158;3107;5792;5727;528;1121;17433
        Ragusa;3608;10870;20494;21103;2457;7533;66064
        Santa Croce Camerina;733;1823;3801;2643;255;576;9831
        Scicli;1750;4435;8915;6798;698;1821;24417
        Vittoria;4174;11823;22281;13902;1344;3480;57002
      Siracusa;21091;63043;115253;121357;10590;29984;361317
        Augusta;1556;5296;9524;12120;1020;2931;32446
        Avola;1744;5208;9355;8698;891;2484;28379
        Buccheri;111;365;523;620;44;137;1798
        Buscemi;49;215;295;314;26;53;952
        Canicattini Bagni;409;1191;2062;1982;197;484;6324
        Carlentini;836;2813;4621;5609;493;1310;15681
        Cassaro;44;151;234;246;20;30;725
        Ferla;177;474;762;680;40;98;2230
        Floridia;1133;3317;6805;6307;572;1514;19647
        Francofonte;900;2514;4203;3084;207;448;11354
        Lentini;1441;4228;6918;6470;515;1441;21012
        Melilli;738;2179;4269;4225;311;634;12354
        Noto;1515;3936;7243;6782;621;1750;21846
        Pachino;1342;3819;6994;5913;466;1137;19671
        Palazzolo Acreide;446;1350;2361;2811;267;721;7954
        Portopalo di Capo Passero;207;692;1438;980;60;153;3530
        Priolo Gargallo;575;2040;3926;3545;242;415;10742
        Rosolini;1396;3401;6390;5814;655;1416;19072
        Siracusa;5529;17027;32306;40214;3549;11866;110489
        Solarino;462;1311;2501;2229;190;485;7177
        Sortino;482;1520;2528;2718;208;479;7934
    Sardegna;83438;257234;540783;453416;45341;140406;1520617
      Sassari;23161;78173;157472;139934;13253;42765;454757
        Aggius;62;279;439;429;46;142;1397
        Aglientu;90;219;380;353;37;96;1174
        Alà dei Sardi;140;414;678;372;29;63;1694
        Alghero;1816;6474;12554;13435;1418;4607;40304
        Anela;33;106;185;187;23;50;584
        Ardara;46;163;310;159;14;25;717
        Arzachena;600;1993;4459;4143;305;924;12424
        Badesi;117;330;626;535;29;108;1745
        Banari;36;123;175;136;13;22;504
        Benetutti;95;340;689;434;44;101;1702
        Berchidda;147;538;995;693;52;123;2548
        Bessude;20;102;123;116;8;27;396
        Bonnanaro;40;218;346;226;16;57;903
        Bono;191;577;1336;877;87;168;3236
        Bonorva;228;695;1192;820;76;153;3164
        Bortigiadas;52;164;245;198;13;26;698
        Borutta;9;55;97;79;4;24;268
        Bottidda;31;118;272;171;16;28;635
        Buddusò;211;814;1401;832;66;135;3459
        Budoni;254;807;1787;1463;139;368;4817
        Bultei;52;206;291;229;28;65;870
        Bulzi;30;122;172;117;9;18;467
        Burgos;69;169;347;196;32;26;839
        Calangianus;178;694;1438;1106;99;317;3831
        Cargeghe;27;118;203;167;11;45;571
        Castelsardo;353;1122;2160;1474;137;309;5554
        Cheremule;24;94;140;102;10;37;406
        Chiaramonti;93;331;626;367;36;77;1530
        Codrongianos;64;219;485;349;30;83;1230
        Cossoine;67;158;280;212;17;46;779
        Erula;52;142;297;156;17;25;689
        Esporlatu;27;79;143;92;13;12;366
        Florinas;82;298;478;440;42;80;1420
        Giave;20;107;177;149;12;25;489
        Golfo Aranci;97;458;797;747;48;173;2320
        Illorai;48;160;317;208;17;42;792
        Ittireddu;18;97;186;115;17;26;459
        Ittiri;578;1693;3137;1922;207;406;7941
        La Maddalena;412;1554;3575;3702;245;825;10312
        Laerru;55;169;359;209;18;43;853
        Loiri Porto San Paolo;155;530;1196;1100;69;207;3257
        Luogosanto;117;359;678;467;22;75;1718
        Luras;166;476;875;660;46;110;2333
        Mara;41;140;218;127;12;24;562
        Martis;18;115;187;119;7;21;467
        Monteleone Rocca Doria;9;28;33;27;1;2;100
        Monti;126;460;897;597;34;96;2210
        Mores;125;349;763;443;29;66;1775
        Muros;30;141;300;221;24;60;776
        Nughedu San Nicolò;45;184;277;188;28;33;754
        Nule;64;314;526;278;33;62;1277
        Nulvi;148;481;1083;630;45;138;2524
        Olbia;2766;8338;18492;18434;1654;4986;54669
        Olmedo;203;600;1510;1226;119;227;3884
        Oschiri;148;625;1150;920;73;134;3050
        Osilo;159;555;1056;788;94;159;2810
        Ossi;293;1028;2231;1387;151;276;5366
        Ozieri;520;1682;3469;3105;323;831;9929
        Padria;42;165;202;138;19;33;599
        Padru;157;413;854;431;34;61;1949
        Palau;190;630;1275;1316;92;336;3839
        Pattada;150;582;1065;711;95;198;2801
        Perfugas;151;432;748;682;47;119;2179
        Ploaghe;203;771;1422;1261;156;331;4144
        Porto Torres;1063;3964;7453;6090;513;1278;20361
        Pozzomaggiore;160;486;968;621;50;142;2427
        Putifigari;46;117;258;197;22;33;673
        Romana;38;125;194;115;13;21;506
        San Teodoro;199;709;1657;1581;115;381;4641
        Santa Maria Coghinas;82;265;511;347;29;59;1292
        Santa Teresa Gallura;248;827;1726;1720;114;368;5002
        Sant'Antonio di Gallura;112;301;600;333;15;40;1401
        Sassari;5002;17497;35801;37987;4034;17801;118121
        Sedini;101;242;486;340;31;54;1254
        Semestene;6;48;52;26;2;5;139
        Sennori;446;1320;2772;1666;153;310;6667
        Siligo;44;207;241;234;26;38;790
        Sorso;845;2589;5175;3818;328;769;13524
        Stintino;64;235;435;527;45;167;1473
        Telti;131;445;781;606;38;105;2106
        Tempio Pausania;593;2131;4575;3998;360;1243;12900
        Tergu;35;112;241;149;13;21;571
        Thiesi;133;493;963;814;85;211;2698
        Tissi;97;350;765;752;80;170;2213
        Torralba;38;182;336;260;31;32;879
        Trinità d'Agultu e Vignola;124;396;795;648;66;175;2204
        Tula;84;330;557;318;23;86;1398
        Uri;166;513;1112;692;85;138;2705
        Usini;231;746;1566;1116;111;219;3987
        Valledoria;243;813;1630;1093;80;206;4063
        Viddalba;103;338;647;396;34;71;1589
        Villanova Monteleone;141;481;780;525;74;114;2114
      Nuoro;11545;35129;73144;52729;6154;14916;193617
        Aritzo;80;208;488;369;38;54;1237
        Arzana;175;360;872;539;80;164;2190
        Atzara;71;187;407;274;52;71;1062
        Austis;47;142;342;153;26;50;760
        Bari Sardo;287;708;1406;913;131;219;3664
        Baunei;300;717;1167;790;113;244;3329
        Belvì;34;106;242;132;18;30;562
        Birori;20;89;195;149;16;33;502
        Bitti;169;605;912;521;81;295;2583
        Bolotana;146;542;930;613;58;153;2441
        Borore;127;398;782;487;47;94;1934
        Bortigali;73;275;420;354;46;78;1246
        Cardedu;94;263;736;466;72;148;1778
        Desulo;139;481;799;537;63;125;2144
        Dorgali;519;1442;3174;1960;231;506;7832
        Dualchi;39;156;218;130;12;23;578
        Elini;25;84;218;145;17;34;523
        Fonni;214;716;1429;847;98;223;3526
        Gadoni;65;155;334;142;16;17;729
        Gairo;88;264;616;261;29;47;1305
        Galtellì;163;451;1021;473;48;84;2239
        Gavoi;115;461;894;682;81;194;2427
        Girasole;63;154;516;354;25;98;1210
        Ilbono;150;376;799;489;70;127;2010
        Irgoli;149;458;951;446;38;75;2117
        Jerzu;172;551;1045;765;92;285;2909
        Lanusei;261;762;1791;1400;201;459;4873
        Lei;30;100;203;123;11;20;487
        Loceri;89;218;482;299;37;68;1193
        Loculi;32;120;204;99;5;11;470
        Lodè;174;357;597;354;41;59;1581
        Lodine;9;41;159;73;10;21;312
        Lotzorai;112;354;811;544;55;119;1994
        Lula;80;267;562;290;22;70;1291
        Macomer;412;1415;3234;3213;292;806;9372
        Mamoiada;164;459;946;553;67;83;2272
        Meana Sardo;122;367;666;370;40;98;1662
        Noragugume;25;76;128;43;7;7;285
        Nuoro;1342;4549;10141;11310;1466;4455;33262
        Oliena;373;1178;2606;1721;200;386;6464
        Ollolai;88;245;454;289;42;80;1197
        Olzai;52;162;353;183;13;48;811
        Onanì;27;83;157;63;2;13;344
        Onifai;61;146;270;140;18;30;665
        Oniferi;46;176;369;188;13;39;831
        Orani;164;536;1073;619;90;176;2658
        Orgosolo;240;820;1765;835;78;141;3879
        Orosei;450;1199;2550;1720;171;359;6447
        Orotelli;114;431;767;414;46;75;1847
        Ortueri;72;239;474;220;32;52;1088
        Orune;141;497;818;491;58;147;2152
        Osidda;16;59;71;52;5;15;218
        Osini;71;146;276;170;20;40;723
        Ottana;121;454;946;481;49;85;2136
        Ovodda;81;304;608;363;35;84;1475
        Perdasdefogu;101;341;642;527;46;82;1739
        Posada;199;457;1045;780;78;219;2778
        Sarule;130;370;633;330;48;88;1599
        Silanus;137;375;687;534;77;142;1952
        Sindia;99;336;594;415;34;106;1584
        Siniscola;610;1981;4124;2923;261;746;10645
        Sorgono;69;253;612;419;60;120;1533
        Talana;82;167;413;204;11;26;903
        Tertenia;223;696;1601;816;88;171;3595
        Teti;31;130;267;157;17;31;633
        Tiana;30;79;213;99;9;20;450
        Tonara;113;323;687;574;67;115;1879
        Torpè;192;579;1104;575;38;96;2583
        Tortolì;554;1574;3502;3041;327;943;9941
        Triei;91;213;469;200;22;28;1023
        Ulassai;79;260;507;333;63;103;1345
        Urzulei;83;211;409;313;39;80;1135
        Ussassai;37;123;191;115;14;32;512
        Villagrande Strisaili;195;555;1056;767;133;256;2962
      Cagliari;18032;54089;126205;129995;13711;54900;396931
        Assemini;1256;3597;9067;7712;764;1921;24317
        Cagliari;5828;17675;37022;46732;5511;30590;143358
        Capoterra;1001;2897;7383;7063;631;2029;21003
        Decimomannu;380;1196;2867;2383;262;544;7632
        Elmas;377;1210;2909;2940;296;988;8720
        Maracalagonis;399;1241;3092;2015;167;360;7274
        Monserrato;776;2671;6130;6304;621;1963;18464
        Pula;362;1260;2535;2027;147;415;6745
        Quartu Sant'Elena;2925;8646;21190;22130;2235;7315;64441
        Quartucciu;568;1777;4063;4074;412;1300;12194
        Sarroch;276;948;1856;1526;101;212;4918
        Selargius;1124;3348;8483;9462;1038;3521;26975
        Sestu;998;2669;7161;5901;610;1664;19002
        Settimo San Pietro;331;982;2321;1925;189;475;6223
        Sinnai;818;2263;6095;4974;491;1136;15777
        Uta;503;1311;3252;2270;205;382;7923
        Villa San Pietro;111;399;779;557;34;85;1965
      Oristano;8271;29102;55483;40110;4217;10674;147856
        Abbasanta;124;406;888;783;74;167;2440
        Aidomaggiore;22;109;147;103;5;20;406
        Albagiara;14;52;93;59;5;13;236
        Ales;82;287;439;402;41;72;1323
        Allai;18;76;148;83;10;12;347
        Arborea;167;726;1434;1020;90;194;3630
        Ardauli;55;182;293;201;22;62;815
        Assolo;30;81;129;89;9;15;353
        Asuni;21;68;133;74;8;10;314
        Baradili;6;15;34;19;1;1;76
        Baratili San Pietro;61;246;460;344;21;60;1192
        Baressa;47;134;245;123;17;22;588
        Bauladu;36;151;255;147;19;22;630
        Bidonì;8;30;62;27;2;3;132
        Bonarcado;89;297;648;335;21;63;1453
        Boroneddu;14;47;57;23;2;10;153
        Bosa;352;1232;2779;2186;203;599;7349
        Busachi;101;251;493;255;29;79;1207
        Cabras;521;1906;3328;2094;216;505;8569
        Cuglieri;122;520;865;683;63;207;2460
        Curcuris;15;57;113;77;7;8;277
        Flussio;17;98;153;101;12;22;403
        Fordongianus;54;174;352;203;25;24;832
        Ghilarza;210;766;1550;1226;120;310;4181
        Gonnoscodina;22;85;175;119;17;26;444
        Gonnosnò;48;173;295;142;15;32;704
        Gonnostramatza;57;187;338;202;18;25;827
        Laconi;100;359;644;464;41;107;1715
        Magomadas;35;122;203;176;21;45;602
        Marrubiu;265;877;1871;1130;124;186;4452
        Masullas;61;237;384;243;30;40;995
        Milis;78;323;583;325;34;65;1408
        Modolo;13;34;47;42;5;12;153
        Mogorella;23;112;189;70;7;11;412
        Mogoro;272;943;1380;963;120;193;3870
        Montresta;56;100;174;90;9;6;435
        Morgongiori;55;159;279;148;9;27;677
        Narbolia;86;323;681;408;41;97;1636
        Neoneli;39;153;231;166;18;24;630
        Norbello;67;206;494;331;31;82;1210
        Nughedu Santa Vittoria;30;108;194;96;11;9;448
        Nurachi;85;304;695;411;30;90;1615
        Nureci;37;88;131;64;6;9;335
        Ollastra;81;240;508;253;28;34;1144
        Oristano;1241;4125;9034;9684;1160;4035;29278
        Palmas Arborea;74;274;590;351;30;97;1416
        Pau;30;68;109;60;2;15;283
        Paulilatino;119;430;827;508;45;119;2048
        Pompu;16;56;106;46;2;9;235
        Riola Sardo;102;469;783;506;44;77;1980
        Ruinas;55;168;240;140;9;18;630
        Sagama;10;39;79;29;6;13;175
        Samugheo;208;660;1050;690;63;160;2831
        San Nicolò d'Arcidano;158;578;1050;510;39;73;2408
        San Vero Milis;104;465;972;591;63;152;2346
        Santa Giusta;211;751;1703;1358;147;324;4493
        Santu Lussurgiu;114;476;870;528;74;130;2192
        Scano di Montiferro;82;262;463;384;48;163;1402
        Sedilo;115;384;723;485;67;172;1945
        Seneghe;96;391;586;408;53;104;1638
        Senis;20;131;182;78;6;14;431
        Sennariolo;12;52;54;35;8;11;172
        Siamaggiore;70;145;328;241;30;50;864
        Siamanna;45;158;326;184;23;36;772
        Siapiccia;25;88;137;68;3;9;329
        Simala;18;58;98;92;13;21;300
        Simaxis;127;406;811;572;67;108;2090
        Sini;25;107;181;128;11;36;488
        Siris;11;61;100;34;2;5;213
        Soddì;19;26;46;19;1;4;115
        Solarussa;119;403;867;610;59;128;2186
        Sorradile;33;82;114;88;10;19;345
        Suni;64;211;376;247;29;76;1003
        Tadasuni;8;36;54;33;3;5;139
        Terralba;583;2085;3791;2354;229;429;9470
        Tinnura;6;41;112;60;2;10;231
        Tramatza;50;226;356;216;16;39;903
        Tresnuraghes;67;221;355;314;23;84;1064
        Ulà Tirso;23;112;237;104;6;16;498
        Uras;166;590;1076;661;54;106;2652
        Usellus;51;189;281;154;19;27;721
        Villa Sant'Antonio;23;89;109;99;10;12;341
        Villa Verde;24;77;118;64;6;8;297
        Villanova Truschedu;20;66;120;64;3;18;291
        Villaurbana;118;356;638;313;36;49;1510
        Zeddiani;52;242;426;271;33;48;1072
        Zerfaliu;64;207;419;234;30;28;981
      Sud Sardegna;22429;60742;128479;90648;8007;17152;327456
        Arbus;390;1176;2397;1493;120;230;5805
        Armungia;36;106;190;91;7;13;442
        Ballao;59;172;322;152;9;14;728
        Barrali;78;190;466;251;22;31;1038
        Barumini;69;220;442;349;24;70;1174
        Buggerru;68;193;396;262;22;42;982
        Burcei;238;546;1222;484;34;50;2574
        Calasetta;134;514;919;835;72;188;2661
        Carbonia;1528;4474;9143;8163;728;1725;25761
        Carloforte;341;946;1646;2187;128;482;5730
        Castiadas;81;244;676;427;33;78;1539
        Collinas;63;184;278;198;8;40;771
        Decimoputzu;300;839;1738;880;69;155;3980
        Dolianova;518;1393;3542;2627;258;558;8896
        Domus de Maria;113;320;680;355;32;61;1561
        Domusnovas;354;1063;2327;1590;161;279;5773
        Donori;99;319;895;491;46;66;1916
        Escalaplano;166;442;904;431;28;44;2014
        Escolca;41;123;219;132;10;22;547
        Esterzili;56;121;262;101;17;25;582
        Fluminimaggiore;225;502;1188;703;74;126;2817
        Furtei;138;274;625;378;27;57;1498
        Genoni;45;211;300;171;13;29;768
        Genuri;33;57;122;66;10;13;300
        Gergei;108;284;486;205;22;34;1138
        Gesico;71;173;371;153;13;14;794
        Gesturi;109;247;471;244;24;44;1139
        Giba;144;370;765;475;48;83;1885
        Goni;42;72;230;92;8;11;455
        Gonnesa;284;932;1783;1314;114;181;4608
        Gonnosfanadiga;447;1130;2515;1572;119;279;6062
        Guamaggiore;79;164;409;204;30;24;910
        Guasila;220;438;1078;587;61;101;2485
        Guspini;698;1987;3986;3349;294;577;10891
        Iglesias;1294;3907;8369;8459;769;1951;24749
        Isili;137;439;826;762;91;194;2449
        Las Plassas;19;46;103;35;4;8;215
        Lunamatrona;105;321;573;469;36;91;1595
        Mandas;149;397;852;471;39;69;1977
        Masainas;100;265;527;264;27;44;1227
        Monastir;275;844;1708;1159;88;201;4275
        Muravera;323;789;1711;1660;138;319;4940
        Musei;76;264;621;385;35;55;1436
        Narcao;269;630;1256;717;55;92;3019
        Nuragus;65;177;290;239;21;39;831
        Nurallao;84;241;500;303;26;36;1190
        Nuraminis;172;468;957;608;57;92;2353
        Nurri;172;436;860;460;32;46;2006
        Nuxis;119;328;598;357;30;54;1485
        Orroli;186;392;791;568;45;93;2075
        Ortacesus;60;157;386;201;15;30;849
        Pabillonis;185;451;1126;637;71;93;2563
        Pauli Arbarei;37;118;245;140;12;12;564
        Perdaxius;127;303;544;294;27;25;1319
        Pimentel;100;228;484;207;19;50;1088
        Piscinas;84;169;332;176;8;14;783
        Portoscuso;256;875;1842;1415;103;241;4732
        Sadali;77;166;381;201;22;47;894
        Samassi;341;960;1946;1164;82;229;4722
        Samatzai;92;298;641;382;37;70;1519
        San Basilio;87;197;495;273;24;45;1121
        San Gavino Monreale;523;1401;2899;2369;246;479;7916
        San Giovanni Suergiu;380;1154;2165;1478;133;213;5523
        San Nicolò Gerrei;39;168;336;128;13;19;703
        San Sperate;462;1236;2905;2238;222;589;7651
        San Vito;301;677;1370;868;54;134;3403
        Sanluri;493;1354;3150;2171;200;556;7923
        Santadi;267;713;1262;752;55;115;3163
        Sant'Andrea Frius;125;277;655;456;42;68;1622
        Sant'Anna Arresi;210;484;1054;650;57;107;2562
        Sant'Antioco;728;1996;3730;3013;249;667;10382
        Sardara;233;733;1333;1094;104;257;3753
        Segariu;89;198;505;247;27;37;1102
        Selegas;93;209;591;313;27;43;1276
        Senorbì;281;672;1812;1415;137;238;4554
        Serdiana;154;395;983;721;69;149;2471
        Serramanna;556;1690;3360;2151;191;390;8338
        Serrenti;379;715;1879;1123;136;235;4467
        Serri;25;151;279;131;12;20;618
        Setzu;12;42;47;24;3;5;133
        Seui;77;197;590;253;29;50;1195
        Seulo;46;166;323;169;17;40;761
        Siddi;40;125;270;128;18;31;612
        Siliqua;233;660;1417;1018;88;148;3563
        Silius;98;220;520;224;12;19;1093
        Siurgus Donigala;174;392;795;360;29;50;1799
        Soleminis;77;291;731;508;49;74;1730
        Suelli;78;187;422;298;28;38;1051
        Teulada;274;617;1415;824;78;133;3341
        Tratalias;90;207;410;247;16;37;1007
        Tuili;92;250;325;232;21;40;959
        Turri;17;95;154;101;11;23;401
        Ussana;236;721;1563;1024;91;208;3843
        Ussaramanna;40;103;192;131;5;22;492
        Vallermosa;148;363;734;443;51;83;1821
        Villacidro;944;2129;5217;3320;319;712;12639
        Villamar;203;526;1015;580;43;83;2450
        Villamassargia;242;694;1390;813;60;155;3354
        Villanova Tulo;85;225;410;243;17;26;1005
        Villanovaforru;42;138;253;169;12;23;637
        Villanovafranca;110;289;531;251;22;21;1224
        Villaperuccio;87;204;442;232;17;31;1013
        Villaputzu;336;816;1739;1240;110;187;4427
        Villasalto;72;249;384;231;13;34;983
        Villasimius;220;569;1429;977;86;199;3480
        Villasor;511;1378;2565;1622;132;241;6448
        Villaspeciosa;145;379;980;660;63;141;2368
