Territorio;nessun titolo di studio;licenza di scuola elementare;licenza di scuola media inferiore o di avviamento professionale;diploma di istruzione secondaria di II grado o di qualifica professionale (corso di 3-4 anni) compresi IFTS;diploma di tecnico superiore ITS o titolo di studio terziario di primo livello;titolo di studio terziario di secondo livello e dottorato di ricerca;totale
Italia;2138024;7795989;15899341;20317567;2360506;6451192;54962619
  Nord-ovest;496457;2020003;4242727;5612963;675771;1742765;14790686
    Piemonte;136100;560172;1205759;1488595;171833;417697;3980156
      Torino;73055;264777;606780;776725;93557;248328;2063222
        Agliè;90;310;715;961;102;217;2395
        Airasca;114;468;1187;1319;124;192;3404
        Ala di Stura;12;55;124;195;16;35;437
        Albiano d'Ivrea;37;227;463;614;64;121;1526
        Alice Superiore;..;..;..;..;..;..;..
        Almese;161;632;1685;2385;287;754;5904
        Alpette;3;31;65;123;6;12;240
        Alpignano;593;2208;4896;5892;647;1335;15571
        Andezeno;61;296;549;690;94;181;1871
        Andrate;10;67;159;169;17;38;460
        Angrogna;22;113;270;276;31;67;779
        Arignano;21;142;323;407;37;89;1019
        Avigliana;395;1304;3555;4419;534;1410;11617
        Azeglio;37;142;386;465;43;86;1159
        Bairo;16;119;220;296;27;60;738
        Balangero;99;392;856;1200;109;216;2872
        Baldissero Canavese;15;65;166;184;14;38;482
        Baldissero Torinese;88;356;780;1406;199;737;3566
        Balme;5;15;35;35;4;6;100
        Banchette;90;332;811;1242;123;323;2921
        Barbania;39;213;451;623;48;102;1476
        Bardonecchia;79;312;745;1227;114;366;2843
        Barone Canavese;8;79;151;208;20;57;523
        Beinasco;647;2387;5312;6185;687;1141;16359
        Bibiana;132;531;1040;1126;106;191;3126
        Bobbio Pellice;8;99;161;196;15;27;506
        Bollengo;86;269;597;746;87;196;1981
        Borgaro Torinese;395;1512;3425;4399;418;765;10914
        Borgiallo;18;73;155;234;15;39;534
        Borgofranco d'Ivrea;101;435;1032;1353;125;255;3301
        Borgomasino;27;124;213;292;23;46;725
        Borgone Susa;53;274;686;799;65;147;2024
        Bosconero;106;469;930;1093;104;163;2865
        Brandizzo;294;1110;2599;3139;291;563;7996
        Bricherasio;140;621;1374;1644;155;349;4283
        Brosso;4;49;126;153;15;23;370
        Brozolo;10;54;124;176;16;48;428
        Bruino;251;989;2377;3249;355;716;7937
        Brusasco;45;226;480;506;43;98;1398
        Bruzolo;40;194;457;563;57;88;1399
        Buriasco;50;208;380;472;53;82;1245
        Burolo;23;112;263;471;51;137;1057
        Busano;51;228;471;596;47;79;1472
        Bussoleno;169;758;1583;2108;223;485;5326
        Buttigliera Alta;168;659;1683;2412;283;598;5803
        Cafasse;82;414;1017;1247;121;249;3130
        Caluso;234;929;2198;2712;269;580;6922
        Cambiano;208;807;1541;2152;278;544;5530
        Campiglione Fenile;36;206;455;436;36;65;1234
        Candia Canavese;33;143;353;450;49;110;1138
        Candiolo;184;671;1565;2066;289;425;5200
        Canischio;4;42;98;106;6;10;266
        Cantalupa;64;311;634;991;119;287;2406
        Cantoira;14;81;164;253;26;41;579
        Caprie;49;244;590;774;75;172;1904
        Caravino;22;155;278;326;31;51;863
        Carema;26;134;234;233;28;41;696
        Carignano;310;1299;2745;3087;309;729;8479
        Carmagnola;1091;3772;8798;9526;966;1955;26108
        Casalborgone;50;240;516;683;77;202;1768
        Cascinette d'Ivrea;42;162;381;572;65;176;1398
        Caselette;95;367;820;1187;107;258;2834
        Caselle Torinese;480;1730;4123;5065;471;975;12844
        Castagneto Po;46;168;399;691;83;277;1664
        Castagnole Piemonte;72;296;704;788;66;104;2030
        Castellamonte;328;1148;2920;3628;322;707;9053
        Castelnuovo Nigra;6;62;150;142;9;22;391
        Castiglione Torinese;172;666;1565;2519;295;849;6066
        Cavagnolo;77;360;682;776;75;150;2120
        Cavour;204;876;1799;1658;174;340;5051
        Cercenasco;52;290;611;536;62;101;1652
        Ceres;18;138;346;387;29;75;993
        Ceresole Reale;..;18;46;67;6;13;150
        Cesana Torinese;21;87;229;401;30;95;863
        Chialamberto;17;56;100;119;10;25;327
        Chianocco;39;206;486;576;48;117;1472
        Chiaverano;57;238;502;738;101;238;1874
        Chieri;1256;4435;9440;12838;1657;3969;33595
        Chiesanuova;2;31;73;75;2;16;199
        Chiomonte;26;114;248;337;30;62;817
        Chiusa di San Michele;54;186;537;533;53;80;1443
        Chivasso;951;3458;7286;9233;1150;2427;24505
        Ciconio;9;61;108;116;21;16;331
        Cintano;5;33;78;76;5;23;220
        Cinzano;6;34;91;136;20;35;322
        Ciriè;572;2407;5147;6693;667;1636;17122
        Claviere;7;8;43;101;9;26;194
        Coassolo Torinese;39;177;412;551;52;125;1356
        Coazze;102;372;960;1340;114;219;3107
        Collegno;1462;5600;13134;18149;2200;4734;45279
        Colleretto Castelnuovo;9;39;97;125;13;22;305
        Colleretto Giacosa;15;59;160;236;28;60;558
        Condove;119;598;1273;1663;173;365;4191
        Corio;72;432;946;1129;99;191;2869
        Cossano Canavese;11;66;124;173;12;30;416
        Cuceglio;39;107;271;362;36;55;870
        Cumiana;230;936;2208;2993;342;660;7369
        Cuorgnè;369;1336;3003;3313;299;601;8921
        Druento;301;1087;2510;3373;378;726;8375
        Exilles;4;24;55;113;11;21;228
        Favria;177;770;1538;1715;150;305;4655
        Feletto;103;331;697;747;68;116;2062
        Fenestrelle;10;72;145;169;27;37;460
        Fiano;77;281;730;1029;101;266;2484
        Fiorano Canavese;21;105;243;257;29;65;720
        Foglizzo;89;300;710;825;69;143;2136
        Forno Canavese;119;556;1044;1044;91;146;3000
        Frassinetto;1;48;88;109;5;9;260
        Front;60;238;509;552;44;91;1494
        Frossasco;91;381;825;998;119;239;2653
        Garzigliana;6;103;173;171;18;30;501
        Gassino Torinese;265;1220;2601;3330;410;865;8691
        Germagnano;38;138;380;436;35;52;1079
        Giaglione;10;73;167;239;29;47;565
        Giaveno;517;1986;4881;6006;622;1340;15352
        Givoletto;114;444;1085;1651;162;349;3805
        Gravere;13;82;220;261;23;47;646
        Groscavallo;6;35;51;71;7;12;182
        Grosso;22;136;244;426;29;82;939
        Grugliasco;1305;4882;10445;13344;1590;3031;34597
        Ingria;1;10;16;9;2;2;40
        Inverso Pinasca;17;105;258;226;22;20;648
        Isolabella;11;54;112;138;13;22;350
        Issiglio;6;74;124;136;19;42;401
        Ivrea;660;2313;5692;8241;1074;3214;21194
        La Cassa;54;205;516;696;72;127;1670
        La Loggia;288;1101;2625;3139;342;584;8079
        Lanzo Torinese;173;546;1427;1813;214;438;4611
        Lauriano;47;181;430;512;43;97;1310
        Leini;605;2109;5106;5687;524;980;15011
        Lemie;..;25;58;62;1;10;156
        Lessolo;39;262;552;646;53;112;1664
        Levone;13;53;129;179;11;21;406
        Locana;33;268;371;506;40;53;1271
        Lombardore;47;217;544;597;62;120;1587
        Lombriasco;23;154;320;400;39;62;998
        Loranzè;26;148;319;444;40;98;1075
        Lugnacco;..;..;..;..;..;..;..
        Luserna San Giovanni;250;1074;2198;2510;222;518;6772
        Lusernetta;13;82;171;140;24;30;460
        Lusigliè;14;69;160;215;24;30;512
        Macello;42;162;397;383;33;62;1079
        Maglione;3;68;105;156;21;41;394
        Mappano;241;851;2364;2662;285;432;6835
        Marentino;44;142;321;512;52;143;1214
        Massello;..;7;11;29;6;2;55
        Mathi;104;533;1171;1369;132;252;3561
        Mattie;19;121;192;243;21;35;631
        Mazzè;136;571;1205;1568;155;331;3966
        Meana di Susa;15;99;253;332;26;47;772
        Mercenasco;37;177;425;464;37;76;1216
        Meugliano;..;..;..;..;..;..;..
        Mezzenile;8;123;216;292;19;42;700
        Mombello di Torino;5;49;119;143;19;43;378
        Mompantero;14;77;203;232;18;43;587
        Monastero di Lanzo;7;60;105;123;8;17;320
        Moncalieri;1867;6453;15251;19501;2495;6686;52253
        Moncenisio;1;2;9;25;1;6;44
        Montaldo Torinese;28;79;186;269;44;82;688
        Montalenghe;25;121;287;392;32;74;931
        Montalto Dora;89;363;921;1291;136;302;3102
        Montanaro;174;764;1564;1790;151;296;4739
        Monteu da Po;26;115;268;320;21;58;808
        Moriondo Torinese;29;115;223;340;25;59;791
        Nichelino;1786;6666;14651;15903;1666;2577;43249
        Noasca;..;25;37;39;5;2;108
        Nole;221;904;2008;2439;221;509;6302
        Nomaglio;4;44;104;88;10;17;267
        None;300;1036;2486;2748;275;414;7259
        Novalesa;6;91;122;223;16;27;485
        Oglianico;50;194;427;514;58;105;1348
        Orbassano;868;3021;7093;8070;853;1603;21508
        Orio Canavese;18;115;205;274;33;53;698
        Osasco;34;141;351;404;45;92;1067
        Osasio;32;118;294;337;29;53;863
        Oulx;84;291;895;1317;132;348;3067
        Ozegna;32;149;362;448;44;66;1101
        Palazzo Canavese;14;93;223;345;35;76;786
        Pancalieri;106;331;636;611;64;105;1853
        Parella;5;49;115;163;10;50;392
        Pavarolo;34;110;284;441;52;172;1093
        Pavone Canavese;121;502;1068;1276;125;330;3422
        Pecco;..;..;..;..;..;..;..
        Pecetto Torinese;118;401;803;1377;220;835;3754
        Perosa Argentina;81;491;1009;1044;96;163;2884
        Perosa Canavese;12;58;147;214;22;38;491
        Perrero;17;99;221;178;16;23;554
        Pertusio;25;115;223;270;24;46;703
        Pessinetto;14;75;181;232;22;36;560
        Pianezza;542;1728;4288;5593;674;1477;14302
        Pinasca;76;409;877;1012;116;167;2657
        Pinerolo;1129;4332;9898;12360;1521;3941;33181
        Pino Torinese;217;648;1565;2994;455;2075;7954
        Piobesi Torinese;133;498;1097;1378;143;285;3534
        Piossasco;619;2143;5547;6407;688;1371;16775
        Piscina;112;444;999;1181;115;198;3049
        Piverone;36;118;325;519;54;157;1209
        Poirino;355;1379;3132;3573;334;685;9458
        Pomaretto;21;162;313;328;26;56;906
        Pont Canavese;98;425;997;1051;81;196;2848
        Porte;33;144;359;373;30;93;1032
        Pragelato;19;73;206;292;35;61;686
        Prali;3;42;66;106;7;14;238
        Pralormo;49;268;553;681;71;131;1753
        Pramollo;4;40;61;81;9;12;207
        Prarostino;31;168;364;438;57;131;1189
        Prascorsano;21;117;249;245;15;27;674
        Pratiglione;11;81;160;147;10;21;430
        Quagliuzzo;8;19;82;152;13;44;318
        Quassolo;10;60;100;121;13;15;319
        Quincinetto;23;182;335;303;24;61;928
        Reano;40;181;474;675;69;198;1637
        Ribordone;..;19;14;14;..;3;50
        Riva presso Chieri;198;621;1275;1743;192;354;4383
        Rivalba;40;145;292;430;51;117;1075
        Rivalta di Torino;672;2290;5617;7411;920;1812;18722
        Rivara;74;413;746;877;71;145;2326
        Rivarolo Canavese;432;1636;3487;4326;494;1047;11422
        Rivarossa;41;164;477;573;55;149;1459
        Rivoli;1534;5959;12973;16880;2030;4992;44368
        Robassomero;85;343;878;1198;110;259;2873
        Rocca Canavese;43;208;537;654;56;84;1582
        Roletto;46;233;558;706;92;210;1845
        Romano Canavese;75;324;795;988;98;204;2484
        Ronco Canavese;7;61;81;100;7;7;263
        Rondissone;71;291;593;676;58;98;1787
        Rorà;2;32;80;78;11;10;213
        Rosta;155;491;1196;1924;261;724;4751
        Roure;18;139;245;271;19;40;732
        Rubiana;61;233;740;959;102;183;2278
        Rueglio;25;106;232;296;24;64;747
        Salassa;55;250;548;665;81;109;1708
        Salbertrand;18;56;191;228;28;43;564
        Salerano Canavese;11;51;123;161;25;69;440
        Salza di Pinerolo;3;19;19;23;2;1;67
        Samone;38;149;444;564;48;169;1412
        San Benigno Canavese;200;745;1715;2297;227;426;5610
        San Carlo Canavese;116;520;1049;1531;163;384;3763
        San Colombano Belmonte;9;57;112;135;11;18;342
        San Didero;15;67;152;211;10;26;481
        San Francesco al Campo;146;570;1371;1899;163;341;4490
        San Germano Chisone;48;285;566;559;61;107;1626
        San Gillio;101;364;878;1215;134;299;2991
        San Giorgio Canavese;74;296;718;969;99;215;2371
        San Giorio di Susa;33;147;314;339;27;61;921
        San Giusto Canavese;126;427;972;1183;93;240;3041
        San Martino Canavese;13;109;232;295;26;72;747
        San Maurizio Canavese;337;1200;2963;3780;466;813;9559
        San Mauro Torinese;567;2038;4832;6975;856;2242;17510
        San Pietro Val Lemina;42;157;354;579;67;168;1367
        San Ponso;5;37;86;80;6;14;228
        San Raffaele Cimena;86;382;873;1154;158;292;2945
        San Sebastiano da Po;56;221;594;664;67;154;1756
        San Secondo di Pinerolo;106;530;970;1274;152;369;3401
        Sangano;119;463;1009;1351;141;365;3448
        Sant'Ambrogio di Torino;171;595;1455;1649;145;284;4299
        Sant'Antonino di Susa;150;562;1300;1429;126;248;3815
        Santena;402;1407;3246;3623;367;654;9699
        Sauze di Cesana;6;30;48;105;4;32;225
        Sauze d'Oulx;22;91;280;397;36;138;964
        Scalenghe;97;467;1051;1107;95;169;2986
        Scarmagno;29;110;227;280;29;74;749
        Sciolze;31;161;409;539;55;161;1356
        Sestriere;15;72;227;380;50;132;876
        Settimo Rottaro;14;64;134;193;15;28;448
        Settimo Torinese;1623;6342;14122;16607;1690;2663;43047
        Settimo Vittone;47;205;479;524;45;111;1411
        Sparone;20;154;293;340;35;38;880
        Strambinello;11;41;91;89;9;10;251
        Strambino;180;791;1719;2307;242;465;5704
        Susa;217;814;1801;2159;189;392;5572
        Tavagnasco;21;107;258;251;27;44;708
        Torino;28793;92153;214053;285237;40149;132716;793101
        Torrazza Piemonte;94;415;894;1088;108;199;2798
        Torre Canavese;17;68;170;245;25;65;590
        Torre Pellice;128;538;1283;1652;206;483;4290
        Trana;127;451;1084;1436;146;295;3539
        Trausella;..;..;..;..;..;..;..
        Traversella;4;63;118;92;6;12;295
        Traves;15;75;144;197;17;30;478
        Trofarello;319;1295;2881;3921;468;1048;9932
        Usseaux;5;26;59;60;6;10;166
        Usseglio;..;27;59;70;14;12;182
        Vaie;38;178;426;531;40;66;1279
        Val della Torre;126;453;1214;1503;136;298;3730
        Val di Chy;26;148;362;516;44;86;1182
        Valchiusa;25;129;325;366;22;77;944
        Valgioie;18;114;280;369;45;73;899
        Vallo Torinese;27;107;212;304;26;54;730
        Valperga;119;449;820;1072;106;201;2767
        Valprato Soana;1;14;21;41;3;3;83
        Varisella;27;113;272;303;21;43;779
        Vauda Canavese;42;211;434;506;44;101;1338
        Venaria Reale;1094;4079;9667;11848;1298;2438;30424
        Venaus;21;160;271;329;21;38;840
        Verolengo;145;747;1436;1721;158;272;4479
        Verrua Savoia;28;194;393;493;38;118;1264
        Vestignè;22;98;210;297;24;54;705
        Vialfrè;7;32;69;95;11;21;235
        Vico Canavese;..;..;..;..;..;..;..
        Vidracco;13;37;101;219;25;56;451
        Vigone;180;778;1755;1582;154;283;4732
        Villafranca Piemonte;144;706;1508;1610;116;231;4315
        Villanova Canavese;45;156;374;412;45;85;1117
        Villar Dora;87;319;779;1088;133;232;2638
        Villar Focchiardo;40;268;613;720;75;140;1856
        Villar Pellice;27;164;339;385;33;57;1005
        Villar Perosa;114;545;1288;1371;123;232;3673
        Villarbasse;105;343;823;1347;187;492;3297
        Villareggia;29;149;259;385;38;78;938
        Villastellone;140;586;1321;1622;192;311;4172
        Vinovo;544;1796;4024;5493;667;1456;13980
        Virle Piemonte;31;160;342;421;37;67;1058
        Vische;32;156;363;462;41;75;1129
        Vistrorio;17;67;133;221;23;47;508
        Viù;27;147;349;378;26;46;973
        Volpiano;509;1903;4499;5599;510;1081;14101
        Volvera;288;1061;2707;3029;293;507;7885
      Vercelli;5048;25276;48291;58269;5867;13060;155811
        Alagna Valsesia;6;92;200;270;23;62;653
        Albano Vercellese;7;58;89;112;8;13;287
        Alice Castello;89;410;753;826;110;146;2334
        Alto Sermenza;2;21;45;57;6;11;142
        Arborio;21;161;256;276;22;35;771
        Asigliano Vercellese;32;174;391;561;46;92;1296
        Balmuccia;1;18;35;37;3;5;99
        Balocco;2;52;59;75;10;7;205
        Bianzè;65;320;598;610;42;109;1744
        Boccioleto;5;46;52;41;4;3;151
        Borgo d'Ale;58;373;651;765;64;180;2091
        Borgo Vercelli;78;330;574;842;83;184;2091
        Borgosesia;350;2040;3612;4052;448;1020;11522
        Buronzo;23;139;251;299;34;66;812
        Campertogno;2;27;62;77;8;23;199
        Carcoforo;2;13;21;23;3;8;70
        Caresana;27;164;346;358;28;52;975
        Caresanablot;29;121;221;464;45;136;1016
        Carisio;16;139;229;264;30;47;725
        Casanova Elvo;3;32;72;88;3;9;207
        Cellio con Breia;11;149;243;355;39;90;887
        Cervatto;1;7;17;17;3;3;48
        Cigliano;111;567;1209;1645;145;310;3987
        Civiasco;5;32;78;75;13;15;218
        Collobiano;3;10;19;32;2;9;75
        Costanzana;29;130;231;266;21;44;721
        Cravagliana;2;44;92;90;9;12;249
        Crescentino;267;1154;2471;2698;219;395;7204
        Crova;8;66;130;108;8;17;337
        Desana;35;171;295;402;29;64;996
        Fobello;2;51;63;54;2;7;179
        Fontanetto Po;25;161;313;409;38;45;991
        Formigliana;8;98;160;159;14;18;457
        Gattinara;295;1256;2494;2415;254;389;7103
        Ghislarengo;20;160;300;227;12;34;753
        Greggio;15;67;122;80;8;16;308
        Guardabosone;5;46;95;120;17;34;317
        Lamporo;13;82;194;140;13;13;455
        Lenta;19;143;259;254;24;44;743
        Lignana;16;77;137;227;15;42;514
        Livorno Ferraris;126;640;1291;1467;124;258;3906
        Lozzolo;27;122;258;261;28;29;725
        Mollia;..;13;30;27;8;9;87
        Moncrivello;37;203;385;505;63;94;1287
        Motta de' Conti;26;138;238;222;15;49;688
        Olcenengo;30;129;225;284;27;41;736
        Oldenico;7;43;78;60;4;16;208
        Palazzolo Vercellese;23;190;373;371;38;52;1047
        Pertengo;8;43;82;115;14;17;279
        Pezzana;38;169;372;488;50;83;1200
        Pila;1;18;50;50;4;9;132
        Piode;3;26;57;80;8;5;179
        Postua;9;99;170;205;14;29;526
        Prarolo;26;121;168;281;31;40;667
        Quarona;96;699;1128;1325;136;227;3611
        Quinto Vercellese;6;62;119;131;15;19;352
        Rassa;3;12;14;22;4;5;60
        Rimella;4;30;64;21;2;8;129
        Riva Valdobbia;..;..;..;..;..;..;..
        Rive;21;74;140;168;9;16;428
        Roasio;71;316;717;786;87;140;2117
        Ronsecco;6;98;173;197;15;28;517
        Rossa;2;29;69;50;5;13;168
        Rovasenda;24;161;274;310;29;46;844
        Salasco;9;30;62;66;7;12;186
        Sali Vercellese;3;23;22;33;4;9;94
        Saluggia;138;580;1095;1373;143;236;3565
        San Germano Vercellese;52;245;488;528;48;81;1442
        San Giacomo Vercellese;8;56;81;105;3;15;268
        Santhià;232;1230;2366;2917;288;630;7663
        Scopa;11;78;113;124;11;17;354
        Scopello;8;50;117;128;16;34;353
        Serravalle Sesia;180;857;1562;1481;148;249;4477
        Stroppiana;37;174;317;441;39;97;1105
        Tricerro;16;107;197;255;21;37;633
        Trino;252;1066;2018;2284;205;429;6254
        Tronzano Vercellese;102;504;950;1195;109;212;3072
        Valduggia;47;378;665;559;40;80;1769
        Varallo;162;1097;2073;2432;215;578;6557
        Vercelli;1438;5807;11660;16303;1874;5182;42264
        Villarboit;8;69;112;154;6;19;368
        Villata;39;271;426;545;51;88;1420
        Vocca;4;18;53;50;4;13;142
      Novara;11741;50054;103025;125746;14240;33312;338118
        Agrate Conturbia;36;181;409;589;91;156;1462
        Ameno;19;117;213;315;36;108;808
        Armeno;59;370;711;663;64;110;1977
        Arona;431;1823;3463;4815;585;1810;12927
        Barengo;12;121;219;255;17;62;686
        Bellinzago Novarese;278;1484;2682;3295;370;583;8692
        Biandrate;42;194;388;415;32;102;1173
        Boca;29;169;403;375;29;83;1088
        Bogogno;54;196;339;416;53;146;1204
        Bolzano Novarese;27;160;349;418;40;74;1068
        Borgo Ticino;217;795;1639;1670;157;282;4760
        Borgolavezzaro;73;333;621;679;66;117;1889
        Borgomanero;677;2947;6031;7252;900;2071;19878
        Briga Novarese;69;426;850;1004;100;188;2637
        Briona;42;164;337;390;42;77;1052
        Caltignaga;70;347;749;910;100;161;2337
        Cameri;315;1413;3083;3969;445;735;9960
        Carpignano Sesia;79;400;712;825;92;179;2287
        Casalbeltrame;41;143;302;334;29;60;909
        Casaleggio Novara;29;132;266;323;26;59;835
        Casalino;38;252;466;526;51;89;1422
        Casalvolone;37;148;264;307;22;44;822
        Castellazzo Novarese;11;48;99;108;7;18;291
        Castelletto sopra Ticino;300;1306;2924;3446;357;847;9180
        Cavaglietto;18;72;114;127;11;21;363
        Cavaglio d'Agogna;32;198;360;388;25;68;1071
        Cavallirio;51;188;401;420;45;100;1205
        Cerano;255;1060;1972;2233;215;420;6155
        Colazza;12;74;140;216;18;50;510
        Comignago;42;162;370;461;33;100;1168
        Cressa;49;226;486;560;46;119;1486
        Cureggio;71;353;868;829;103;194;2418
        Divignano;46;259;506;444;35;46;1336
        Dormelletto;62;311;736;960;86;228;2383
        Fara Novarese;49;308;596;721;69;146;1889
        Fontaneto d'Agogna;89;389;813;885;95;172;2443
        Galliate;520;2197;4387;5407;667;1254;14432
        Garbagna Novarese;45;181;406;483;63;113;1291
        Gargallo;50;296;560;589;58;110;1663
        Gattico;..;..;..;..;..;..;..
        Gattico-Veruno;146;735;1510;1886;220;422;4919
        Ghemme;105;505;1055;1193;96;245;3199
        Gozzano;205;963;1802;1749;173;331;5223
        Granozzo con Monticello;37;214;417;452;46;73;1239
        Grignasco;145;721;1399;1408;142;293;4108
        Invorio;117;627;1270;1518;164;338;4034
        Landiona;11;124;177;168;10;23;513
        Lesa;60;270;548;812;97;266;2053
        Maggiora;53;235;502;572;46;128;1536
        Mandello Vitta;6;36;77;74;7;18;218
        Marano Ticino;51;264;501;511;49;93;1469
        Massino Visconti;31;166;324;407;34;107;1069
        Meina;72;269;654;893;100;271;2259
        Mezzomerico;41;173;352;419;53;78;1116
        Miasino;33;162;236;260;35;65;791
        Momo;71;386;744;836;70;149;2256
        Nebbiuno;44;217;480;715;74;179;1709
        Nibbiola;16;133;238;271;35;65;758
        Novara;3335;11855;26007;35684;4648;13181;94710
        Oleggio;479;2232;4105;4754;607;1031;13208
        Oleggio Castello;65;299;584;786;104;230;2068
        Orta San Giulio;23;144;296;374;47;141;1025
        Paruzzaro;65;262;623;770;69;203;1992
        Pella;26;139;250;328;28;85;856
        Pettenasco;30;152;378;487;58;160;1265
        Pisano;26;96;240;314;28;54;758
        Pogno;54;301;496;361;26;55;1293
        Pombia;65;308;714;740;68;116;2011
        Prato Sesia;47;298;546;650;58;120;1719
        Recetto;45;157;288;314;31;52;887
        Romagnano Sesia;125;540;1035;1341;142;265;3448
        Romentino;191;728;1656;1946;216;374;5111
        San Maurizio d'Opaglio;108;545;1039;900;80;119;2791
        San Nazzaro Sesia;23;133;214;238;20;44;672
        San Pietro Mosezzo;70;274;574;706;65;144;1833
        Sillavengo;19;94;168;189;17;33;520
        Sizzano;36;215;377;508;44;94;1274
        Soriso;27;127;217;224;24;49;668
        Sozzago;37;167;314;387;43;64;1012
        Suno;75;370;864;915;94;203;2521
        Terdobbiate;13;70;166;133;3;30;415
        Tornaco;31;127;262;308;26;52;806
        Trecate;812;2763;6072;7061;704;1413;18825
        Vaprio d'Agogna;17;141;331;333;28;68;918
        Varallo Pombia;167;827;1597;1690;119;251;4651
        Veruno;..;..;..;..;..;..;..
        Vespolate;72;324;678;652;65;143;1934
        Vicolungo;28;147;254;292;28;61;810
        Vinzaglio;10;76;160;195;19;31;491
      Cuneo;17768;84180;171439;197491;22983;45397;539258
        Acceglio;2;20;46;61;4;13;146
        Aisone;2;42;67;81;4;6;202
        Alba;954;4241;8463;10666;1452;3391;29167
        Albaretto della Torre;3;49;68;69;8;14;211
        Alto;2;18;49;62;1;7;139
        Argentera;..;14;28;24;5;7;78
        Arguello;4;36;73;63;6;8;190
        Bagnasco;26;151;252;389;26;57;901
        Bagnolo Piemonte;210;1052;1930;1826;155;298;5471
        Baldissero d'Alba;32;181;326;354;46;56;995
        Barbaresco;15;82;143;222;26;57;545
        Barge;284;1273;2427;2294;209;396;6883
        Barolo;10;72;176;239;40;58;595
        Bastia Mondovì;28;100;211;206;17;28;590
        Battifollo;4;43;85;80;6;8;226
        Beinette;136;463;1057;1149;146;222;3173
        Bellino;..;17;41;31;3;4;96
        Belvedere Langhe;10;54;96;114;12;21;307
        Bene Vagienna;123;554;1145;1207;131;214;3374
        Benevello;19;82;151;150;15;23;440
        Bergolo;..;13;10;22;7;3;55
        Bernezzo;138;540;1231;1427;186;298;3820
        Bonvicino;2;20;23;32;3;8;88
        Borgo San Dalmazzo;377;1541;3430;4574;566;1084;11572
        Borgomale;9;52;115;131;8;31;346
        Bosia;1;28;59;56;2;13;159
        Bossolasco;21;105;201;221;22;43;613
        Boves;246;1298;3035;3244;411;706;8940
        Bra;971;4038;8612;9895;1262;2554;27332
        Briaglia;9;32;88;126;15;25;295
        Briga Alta;1;3;14;13;3;6;40
        Brondello;4;44;106;84;2;12;252
        Brossasco;29;206;324;313;30;39;941
        Busca;305;1538;3074;3384;389;660;9350
        Camerana;15;101;157;216;22;40;551
        Camo;..;..;..;..;..;..;..
        Canale;179;842;1709;1880;187;294;5091
        Canosio;1;13;30;25;1;1;71
        Caprauna;..;20;18;38;1;8;85
        Caraglio;185;896;2038;2309;307;512;6247
        Caramagna Piemonte;108;493;1012;932;89;157;2791
        Cardè;36;220;388;333;35;34;1046
        Carrù;135;646;1370;1505;156;261;4073
        Cartignano;4;37;44;58;3;12;158
        Casalgrasso;44;224;466;486;43;66;1329
        Castagnito;61;285;668;830;80;145;2069
        Casteldelfino;3;34;37;53;2;5;134
        Castellar;..;..;..;..;..;..;..
        Castelletto Stura;46;178;419;467;53;79;1242
        Castelletto Uzzone;5;63;92;106;8;16;290
        Castellinaldo d'Alba;30;135;291;312;33;44;845
        Castellino Tanaro;8;50;91;96;5;4;254
        Castelmagno;2;9;29;14;..;1;55
        Castelnuovo di Ceva;2;26;25;45;..;5;103
        Castiglione Falletto;13;86;160;256;41;61;617
        Castiglione Tinella;28;151;212;250;35;47;723
        Castino;16;79;146;151;13;23;428
        Cavallerleone;33;135;201;191;21;34;615
        Cavallermaggiore;176;781;1613;1753;213;348;4884
        Celle di Macra;3;12;32;25;2;5;79
        Centallo;250;1079;2203;2184;240;362;6318
        Ceresole Alba;50;297;621;709;65;113;1855
        Cerretto Langhe;8;71;126;139;17;25;386
        Cervasca;166;662;1431;1801;239;414;4713
        Cervere;62;329;763;721;53;109;2037
        Ceva;203;776;1672;1983;216;376;5226
        Cherasco;331;1275;2709;3307;352;720;8694
        Chiusa di Pesio;94;554;1152;1202;118;240;3360
        Cigliè;5;36;56;63;5;10;175
        Cissone;3;19;24;27;2;2;77
        Clavesana;20;149;277;259;22;28;755
        Corneliano d'Alba;76;295;632;772;86;122;1983
        Cortemilia;58;358;617;789;59;149;2030
        Cossano Belbo;26;199;283;248;18;60;834
        Costigliole Saluzzo;127;529;1070;1084;112;159;3081
        Cravanzana;8;58;107;130;11;25;339
        Crissolo;1;23;53;54;3;15;149
        Cuneo;1590;6536;14521;19845;2767;6864;52123
        Demonte;50;304;577;671;65;94;1761
        Diano d'Alba;102;484;1005;1323;141;269;3324
        Dogliani;137;674;1446;1550;172;337;4316
        Dronero;253;994;2167;2273;267;491;6445
        Elva;1;17;33;17;2;4;74
        Entracque;15;110;241;268;25;65;724
        Envie;65;386;690;560;44;73;1818
        Farigliano;46;260;546;568;56;91;1567
        Faule;17;75;152;157;13;29;443
        Feisoglio;7;52;93;100;8;11;271
        Fossano;744;3415;6990;8096;1028;2111;22384
        Frabosa Soprana;16;111;186;259;29;68;669
        Frabosa Sottana;40;212;493;577;61;115;1498
        Frassino;6;50;72;84;6;23;241
        Gaiola;15;81;161;199;42;37;535
        Gambasca;14;50;155;84;6;17;326
        Garessio;67;424;889;1063;88;196;2727
        Genola;98;382;786;860;82;129;2337
        Gorzegno;2;43;84;101;2;15;247
        Gottasecca;3;26;35;49;8;3;124
        Govone;56;314;609;834;101;161;2075
        Grinzane Cavour;60;262;557;753;73;108;1813
        Guarene;99;493;980;1299;158;278;3307
        Igliano;1;20;21;20;1;4;67
        Isasca;4;21;22;12;..;2;61
        La Morra;83;349;712;983;130;230;2487
        Lagnasco;40;241;441;448;45;70;1285
        Lequio Berria;13;72;143;129;16;23;396
        Lequio Tanaro;21;103;243;248;30;43;688
        Lesegno;29;133;261;264;16;42;745
        Levice;6;36;74;58;5;11;190
        Limone Piemonte;31;196;371;498;59;145;1300
        Lisio;5;34;57;78;5;4;183
        Macra;..;6;11;16;3;3;39
        Magliano Alfieri;66;339;601;735;84;140;1965
        Magliano Alpi;52;336;689;703;71;118;1969
        Mango;36;266;378;401;37;55;1173
        Manta;108;549;1051;1306;172;294;3480
        Marene;118;500;1060;1008;126;175;2987
        Margarita;36;214;436;507;42;73;1308
        Marmora;..;10;21;21;..;2;54
        Marsaglia;3;60;49;82;4;10;208
        Martiniana Po;29;154;255;231;18;18;705
        Melle;6;49;92;93;11;21;272
        Moiola;5;43;71;70;4;11;204
        Mombarcaro;6;58;73;80;7;21;245
        Mombasiglio;22;121;177;216;16;24;576
        Monastero di Vasco;34;154;356;475;50;103;1172
        Monasterolo Casotto;..;18;30;27;..;2;77
        Monasterolo di Savigliano;51;192;419;417;59;88;1226
        Monchiero;15;75;181;201;23;29;524
        Mondovì;683;2855;5966;7615;971;2312;20402
        Monesiglio;12;106;182;209;17;40;566
        Monforte d'Alba;51;297;542;699;65;166;1820
        Montà;171;729;1442;1582;151;261;4336
        Montaldo di Mondovì;20;93;188;181;8;23;513
        Montaldo Roero;20;157;278;304;22;47;828
        Montanera;23;97;235;228;23;46;652
        Montelupo Albese;16;56;150;173;18;29;442
        Montemale di Cuneo;4;34;71;77;8;10;204
        Monterosso Grana;15;90;154;172;20;38;489
        Monteu Roero;57;273;481;543;52;97;1503
        Montezemolo;6;38;85;71;5;17;222
        Monticello d'Alba;65;308;702;835;90;125;2125
        Moretta;117;661;1272;1407;107;247;3811
        Morozzo;69;333;601;673;66;98;1840
        Murazzano;38;136;303;248;36;54;815
        Murello;40;176;299;293;15;33;856
        Narzole;114;528;1130;1168;90;173;3203
        Neive;95;500;957;1174;110;239;3075
        Neviglie;9;72;125;106;16;23;351
        Niella Belbo;6;52;120;116;4;16;314
        Niella Tanaro;32;168;259;342;39;44;884
        Novello;33;140;259;356;43;58;889
        Nucetto;4;55;121;148;13;24;365
        Oncino;3;18;26;29;..;4;80
        Ormea;21;232;447;592;32;112;1436
        Ostana;2;14;19;24;8;10;77
        Paesana;69;500;844;863;80;107;2463
        Pagno;9;96;195;192;23;44;559
        Pamparato;1;61;83;93;2;19;259
        Paroldo;4;36;40;77;7;17;181
        Perletto;6;52;81;88;7;10;244
        Perlo;3;19;33;39;2;4;100
        Peveragno;141;775;1677;1774;225;445;5037
        Pezzolo Valle Uzzone;9;61;90;111;5;17;293
        Pianfei;60;341;658;669;85;124;1937
        Piasco;63;521;821;877;105;138;2525
        Pietraporzio;1;18;18;21;6;6;70
        Piobesi d'Alba;30;158;358;522;89;118;1275
        Piozzo;21;169;310;334;32;52;918
        Pocapaglia;84;462;997;1159;128;221;3051
        Polonghera;38;238;330;373;34;52;1065
        Pontechianale;1;30;55;69;8;9;172
        Pradleves;4;36;76;87;7;15;225
        Prazzo;2;29;65;62;3;10;171
        Priero;15;76;157;165;14;40;467
        Priocca;50;308;586;764;79;111;1898
        Priola;14;104;217;236;17;26;614
        Prunetto;8;86;127;132;8;21;382
        Racconigi;334;1372;3037;3151;391;683;8968
        Revello;129;699;1346;1295;146;251;3866
        Rifreddo;25;185;361;310;34;40;955
        Rittana;2;19;33;39;1;9;103
        Roaschia;1;27;29;30;4;1;92
        Roascio;5;11;22;31;5;12;86
        Robilante;58;367;716;677;82;94;1994
        Roburent;15;86;141;164;12;39;457
        Rocca Cigliè;1;36;33;43;2;5;120
        Rocca de' Baldi;39;251;493;524;62;75;1444
        Roccabruna;47;204;500;518;57;108;1434
        Roccaforte Mondovì;55;361;660;707;63;119;1965
        Roccasparvera;30;103;219;234;35;62;683
        Roccavione;86;416;928;841;92;101;2464
        Rocchetta Belbo;1;33;43;65;3;9;154
        Roddi;34;196;437;564;85;146;1462
        Roddino;11;58;131;138;13;22;373
        Rodello;20;143;272;343;52;84;914
        Rossana;19;135;277;270;21;42;764
        Ruffia;6;64;109;113;8;23;323
        Sale delle Langhe;10;55;150;195;11;34;455
        Sale San Giovanni;4;23;42;65;5;9;148
        Saliceto;28;174;327;427;50;104;1110
        Salmour;33;112;235;246;10;26;662
        Saluzzo;569;2278;4855;5982;731;1860;16275
        Sambuco;1;16;24;34;2;4;81
        Sampeyre;28;149;325;343;31;55;931
        San Benedetto Belbo;2;26;55;52;7;5;147
        San Damiano Macra;9;63;139;132;18;27;388
        San Michele Mondovì;78;307;546;570;61;100;1662
        Sanfrè;108;486;936;986;104;162;2782
        Sanfront;65;449;830;693;43;78;2158
        Santa Vittoria d'Alba;111;394;893;996;104;160;2658
        Sant'Albano Stura;73;341;721;811;95;125;2166
        Santo Stefano Belbo;107;664;1205;1249;139;218;3582
        Santo Stefano Roero;37;256;398;429;58;72;1250
        Savigliano;686;2881;5952;7158;1004;2339;20020
        Scagnello;4;37;53;56;10;4;164
        Scarnafigi;100;334;675;676;70;104;1959
        Serralunga d'Alba;12;84;146;210;18;24;494
        Serravalle Langhe;6;30;112;126;9;13;296
        Sinio;9;79;128;179;21;29;445
        Somano;5;53;106;105;11;9;289
        Sommariva del Bosco;212;973;2101;2013;190;345;5834
        Sommariva Perno;76;379;819;978;92;176;2520
        Stroppo;2;12;34;33;7;10;98
        Tarantasca;79;318;631;746;76;115;1965
        Torre Bormida;5;27;53;62;4;7;158
        Torre Mondovì;16;82;168;175;18;19;478
        Torre San Giorgio;18;144;225;220;22;42;671
        Torresina;2;16;13;16;1;..;48
        Treiso;17;114;216;289;33;50;719
        Trezzo Tinella;5;64;90;96;9;20;284
        Trinità;73;349;677;711;89;131;2030
        Valdieri;22;168;262;305;35;55;847
        Valgrana;32;119;256;262;37;49;755
        Valloriate;1;27;26;33;2;6;95
        Valmala;..;..;..;..;..;..;..
        Venasca;40;209;471;399;45;76;1240
        Verduno;13;74;153;194;27;59;520
        Vernante;34;184;351;374;33;64;1040
        Verzuolo;246;961;1954;2151;231;402;5945
        Vezza d'Alba;51;381;697;830;80;137;2176
        Vicoforte;93;406;865;1157;140;333;2994
        Vignolo;81;324;689;960;155;258;2467
        Villafalletto;91;522;939;861;77;155;2645
        Villanova Mondovì;182;896;1711;1997;215;410;5411
        Villanova Solaro;20;147;263;217;19;24;690
        Villar San Costanzo;44;204;501;514;68;101;1432
        Vinadio;14;118;182;203;23;21;561
        Viola;9;87;103;134;7;24;364
        Vottignasco;7;93;154;183;9;19;465
      Asti;6810;30076;61674;72586;7501;16239;194886
        Agliano Terme;48;262;477;532;45;106;1470
        Albugnano;12;62;124;201;30;50;479
        Antignano;29;145;261;339;33;91;898
        Aramengo;16;87;190;194;19;47;553
        Asti;2608;9336;20662;25646;3014;7489;68755
        Azzano d'Asti;10;39;118;158;16;34;375
        Baldichieri d'Asti;46;171;352;372;25;59;1025
        Belveglio;7;52;86;112;15;23;295
        Berzano di San Pietro;11;56;127;146;17;39;396
        Bruno;6;39;81;115;19;23;283
        Bubbio;16;170;236;264;32;43;761
        Buttigliera d'Asti;68;354;794;875;97;174;2362
        Calamandrana;42;223;500;593;76;106;1540
        Calliano Monferrato;40;209;390;389;30;71;1129
        Calosso;23;198;332;386;36;76;1051
        Camerano Casasco;14;57;128;132;16;36;383
        Canelli;352;1627;3112;3453;342;529;9415
        Cantarana;22;143;295;359;35;62;916
        Capriglio;13;45;91;105;16;19;289
        Casorzo Monferrato;19;137;160;206;13;30;565
        Cassinasco;20;91;188;190;10;27;526
        Castagnole delle Lanze;102;569;1166;1236;131;240;3444
        Castagnole Monferrato;28;179;330;402;32;77;1048
        Castel Boglione;16;106;171;202;16;30;541
        Castel Rocchero;19;66;111;115;14;26;351
        Castell'Alfero;67;350;763;978;98;201;2457
        Castellero;5;33;76;114;9;18;255
        Castelletto Molina;5;21;51;50;3;6;136
        Castello di Annone;53;283;605;629;63;100;1733
        Castelnuovo Belbo;25;136;273;277;18;50;779
        Castelnuovo Calcea;12;127;213;242;27;39;660
        Castelnuovo Don Bosco;94;477;948;1122;99;218;2958
        Cellarengo;18;100;227;230;27;49;651
        Celle Enomondo;7;94;132;141;12;29;415
        Cerreto d'Asti;10;39;74;56;9;13;201
        Cerro Tanaro;18;86;182;220;15;37;558
        Cessole;10;76;109;117;9;22;343
        Chiusano d'Asti;10;37;59;83;11;28;228
        Cinaglio;17;75;112;157;10;27;398
        Cisterna d'Asti;27;184;389;437;37;56;1130
        Coazzolo;8;42;84;98;11;23;266
        Cocconato;47;197;428;526;39;113;1350
        Corsione;4;31;38;89;13;14;189
        Cortandone;10;49;97;103;5;33;297
        Cortanze;4;46;56;115;12;11;244
        Cortazzone;19;74;171;243;15;42;564
        Cortiglione;16;75;154;202;20;34;501
        Cossombrato;11;47;143;212;20;46;479
        Costigliole d'Asti;206;912;1760;1874;187;342;5281
        Cunico;13;67;131;162;10;27;410
        Dusino San Michele;32;138;361;385;26;57;999
        Ferrere;45;259;487;511;43;72;1417
        Fontanile;16;82;119;214;9;33;473
        Frinco;28;127;235;242;14;50;696
        Grana Monferrato;17;106;162;153;20;36;494
        Grazzano Badoglio;11;91;153;217;23;49;544
        Incisa Scapaccino;66;307;670;657;65;119;1884
        Isola d'Asti;57;296;559;706;65;127;1810
        Loazzolo;4;62;85;96;8;26;281
        Maranzana;4;29;72;96;4;17;222
        Maretto;5;46;100;149;19;39;358
        Moasca;22;106;167;151;12;31;489
        Mombaldone;4;39;64;67;6;10;190
        Mombaruzzo;28;172;244;363;30;68;905
        Mombercelli;68;334;691;719;56;109;1977
        Monale;29;123;306;367;35;51;911
        Monastero Bormida;31;150;229;302;22;82;816
        Moncalvo;74;377;887;982;90;206;2616
        Moncucco Torinese;25;93;244;342;29;82;815
        Mongardino;23;134;225;321;29;73;805
        Montabone;3;70;93;116;9;11;302
        Montafia;25;135;298;314;39;66;877
        Montaldo Scarampi;20;118;226;251;20;36;671
        Montechiaro d'Asti;41;205;417;411;35;66;1175
        Montegrosso d'Asti;96;347;714;786;83;138;2164
        Montemagno Monferrato;33;163;331;358;32;73;990
        Montiglio Monferrato;48;231;470;537;49;90;1425
        Moransengo;5;33;56;64;6;10;174
        Moransengo-Tonengo;..;..;..;..;..;..;..
        Nizza Monferrato;377;1530;2987;3472;386;714;9466
        Olmo Gentile;1;19;19;23;3;4;69
        Passerano Marmorito;6;62;112;163;18;52;413
        Penango;10;77;150;132;11;32;412
        Piea;10;83;147;196;24;35;495
        Pino d'Asti;5;23;60;97;6;20;211
        Piovà Massaia;13;99;178;206;16;40;552
        Portacomaro;70;272;611;601;65;176;1795
        Quaranti;5;32;39;53;4;9;142
        Refrancore;44;204;509;560;52;107;1476
        Revigliasco d'Asti;24;114;213;270;37;46;704
        Roatto;10;51;106;139;8;34;348
        Robella;18;76;161;133;12;24;424
        Rocca d'Arazzo;27;130;276;348;32;64;877
        Roccaverano;15;80;110;109;12;26;352
        Rocchetta Palafea;7;90;86;108;13;20;324
        Rocchetta Tanaro;53;196;419;474;42;79;1263
        San Damiano d'Asti;261;1193;2537;2722;272;461;7446
        San Giorgio Scarampi;3;18;31;25;5;7;89
        San Martino Alfieri;21;89;185;247;28;66;636
        San Marzano Oliveto;18;155;298;369;31;63;934
        San Paolo Solbrito;36;154;321;457;56;79;1103
        Scurzolengo;8;81;158;189;9;28;473
        Serole;2;24;39;30;2;3;100
        Sessame;10;58;68;76;7;14;233
        Settime;15;84;136;212;16;45;508
        Soglio;2;14;40;59;4;17;136
        Tigliole;39;264;496;614;58;115;1586
        Tonco;17;125;207;271;26;61;707
        Tonengo;4;36;67;77;5;16;205
        Vaglio Serra;13;39;62;99;18;18;249
        Valfenera;78;332;698;891;73;139;2211
        Vesime;15;108;179;205;24;40;571
        Viale;5;25;82;88;11;15;226
        Viarigi;39;153;249;304;22;52;819
        Vigliano d'Asti;26;132;247;290;24;45;764
        Villa San Secondo;9;59;127;114;9;29;347
        Villafranca d'Asti;118;470;919;1001;92;177;2777
        Villanova d'Asti;198;760;1724;1923;173;329;5107
        Vinchio;15;111;199;163;9;26;523
      Alessandria;12846;54541;116525;147960;14874;36480;383226
        Acqui Terme;669;2642;5283;6877;752;1787;18010
        Albera Ligure;5;47;84;125;8;23;292
        Alessandria;3046;11161;25745;32485;3741;9204;85382
        Alfiano Natta;17;86;220;261;23;59;666
        Alice Bel Colle;17;135;182;246;22;44;646
        Alluvioni Piovera;61;265;508;559;43;81;1517
        Altavilla Monferrato;6;60;100;156;16;41;379
        Alzano Scrivia;14;57;131;109;2;21;334
        Arquata Scrivia;218;781;1700;2277;270;577;5823
        Avolasca;7;42;71;92;7;30;249
        Balzola;37;193;393;472;28;58;1181
        Basaluzzo;70;281;577;756;48;153;1885
        Bassignana;29;226;510;540;64;98;1467
        Belforte Monferrato;11;69;147;179;18;41;465
        Bergamasco;13;114;201;259;26;43;656
        Berzano di Tortona;3;22;39;65;2;17;148
        Bistagno;64;276;530;639;51;112;1672
        Borghetto di Borbera;44;239;540;736;79;163;1801
        Borgo San Martino;37;202;423;477;43;65;1247
        Borgoratto Alessandrino;18;64;156;217;19;45;519
        Bosco Marengo;74;305;669;829;51;157;2085
        Bosio;14;189;333;349;36;69;990
        Bozzole;3;54;97;128;11;26;319
        Brignano-Frascata;12;72;133;155;8;28;408
        Cabella Ligure;8;74;129;172;12;47;442
        Camagna Monferrato;13;67;127;178;16;50;451
        Camino;30;98;205;256;31;86;706
        Cantalupo Ligure;13;81;106;179;12;35;426
        Capriata d'Orba;62;227;468;713;58;154;1682
        Carbonara Scrivia;31;140;311;438;48;88;1056
        Carentino;11;43;101;121;12;20;308
        Carezzano;9;62;94;172;12;52;401
        Carpeneto;18;105;224;396;31;88;862
        Carrega Ligure;..;20;19;34;3;9;85
        Carrosio;18;52;138;190;18;36;452
        Cartosio;23;114;218;257;28;47;687
        Casal Cermelli;49;160;382;410;44;85;1130
        Casale Monferrato;986;4040;9309;11740;1351;3114;30540
        Casaleggio Boiro;2;39;100;160;11;35;347
        Casalnoceto;38;113;300;349;30;94;924
        Casasco;..;14;32;50;1;11;108
        Cassano Spinola;43;227;490;735;57;146;1698
        Cassine;84;404;754;1103;96;189;2630
        Cassinelle;32;126;267;320;27;64;836
        Castellania Coppi;2;16;23;29;3;10;83
        Castellar Guidobono;9;50;114;167;9;33;382
        Castellazzo Bormida;167;601;1296;1609;166;323;4162
        Castelletto d'Erro;3;24;39;42;5;14;127
        Castelletto d'Orba;44;254;513;734;43;141;1729
        Castelletto Merli;10;54;151;163;7;43;428
        Castelletto Monferrato;25;174;379;575;58;179;1390
        Castelnuovo Bormida;13;82;209;243;15;36;598
        Castelnuovo Scrivia;168;756;1556;1677;138;302;4597
        Castelspina;9;56;124;151;17;21;378
        Cavatore;11;44;71;89;14;22;251
        Cella Monte;8;52;102;186;23;76;447
        Cereseto;8;76;93;145;14;35;371
        Cerreto Grue;6;25;78;121;13;29;272
        Cerrina Monferrato;47;196;420;449;49;87;1248
        Coniolo;13;66;107;173;18;42;419
        Conzano;26;118;244;365;37;90;880
        Costa Vescovato;7;56;97;102;17;25;304
        Cremolino;22;119;276;375;40;109;941
        Cuccaro Monferrato;..;..;..;..;..;..;..
        Denice;4;33;50;58;7;10;162
        Dernice;2;27;46;67;8;19;169
        Fabbrica Curone;11;98;159;232;23;32;555
        Felizzano;86;346;651;694;82;149;2008
        Fraconalto;6;43;74;127;10;31;291
        Francavilla Bisio;15;59;139;216;22;41;492
        Frascaro;17;56;134;152;17;29;405
        Frassinello Monferrato;11;69;126;179;16;42;443
        Frassineto Po;49;233;427;473;31;88;1301
        Fresonara;15;84;177;251;21;45;593
        Frugarolo;49;247;575;710;52;118;1751
        Fubine Monferrato;51;189;419;609;59;148;1475
        Gabiano;25;156;332;395;24;60;992
        Gamalero;22;101;210;323;33;72;761
        Garbagna;18;94;166;257;13;40;588
        Gavi;115;614;1253;1603;160;443;4188
        Giarole;21;116;221;233;24;32;647
        Gremiasco;5;29;85;106;18;28;271
        Grognardo;1;32;63;97;7;22;222
        Grondona;11;65;113;200;18;50;457
        Guazzora;7;45;102;87;10;18;269
        Isola Sant'Antonio;20;83;209;223;16;33;584
        Lerma;15;112;222;333;27;60;769
        Lu;..;..;..;..;..;..;..
        Lu e Cuccaro Monferrato;24;185;350;515;56;109;1239
        Malvicino;1;15;21;31;1;6;75
        Masio;40;226;342;453;51;82;1194
        Melazzo;30;176;342;483;40;93;1164
        Merana;3;29;55;74;7;5;173
        Mirabello Monferrato;47;209;370;415;44;70;1155
        Molare;57;218;568;791;63;190;1887
        Molino dei Torti;22;100;201;166;11;40;540
        Mombello Monferrato;18;135;287;344;29;60;873
        Momperone;5;25;44;91;10;17;192
        Moncestino;3;25;64;74;9;10;185
        Mongiardino Ligure;1;33;47;58;2;6;147
        Monleale;15;71;141;225;14;61;527
        Montacuto;6;48;84;84;6;11;239
        Montaldeo;3;32;48;92;12;21;208
        Montaldo Bormida;16;102;168;225;23;50;584
        Montecastello;7;39;95;113;5;15;274
        Montechiaro d'Acqui;22;90;151;171;14;35;483
        Montegioco;6;44;62;117;7;27;263
        Montemarzino;8;46;88;109;6;43;300
        Morano sul Po;52;259;423;423;37;50;1244
        Morbello;11;54;103;163;15;25;371
        Mornese;12;100;191;245;31;74;653
        Morsasco;11;83;176;238;23;53;584
        Murisengo;31;207;396;461;44;79;1218
        Novi Ligure;847;3505;7609;9928;987;2798;25674
        Occimiano;40;203;347;441;32;77;1140
        Odalengo Grande;15;90;112;141;12;25;395
        Odalengo Piccolo;6;39;69;77;5;19;215
        Olivola;3;19;27;43;1;16;109
        Orsara Bormida;22;60;100;148;13;33;376
        Ottiglio;16;91;172;204;25;49;557
        Ovada;357;1415;3169;3883;355;1015;10194
        Oviglio;36;191;325;448;38;98;1136
        Ozzano Monferrato;34;182;415;488;54;120;1293
        Paderna;4;31;45;78;3;27;188
        Pareto;10;118;163;153;10;27;481
        Parodi Ligure;14;108;165;238;22;41;588
        Pasturana;31;159;276;520;53;175;1214
        Pecetto di Valenza;25;190;367;403;39;87;1111
        Pietra Marazzi;17;100;199;369;46;124;855
        Pomaro Monferrato;1;46;101;121;7;13;289
        Pontecurone;112;503;1070;1232;98;229;3244
        Pontestura;45;189;399;500;34;85;1252
        Ponti;14;93;155;187;11;35;495
        Ponzano Monferrato;6;36;107;122;10;27;308
        Ponzone;33;177;291;368;26;83;978
        Pozzol Groppo;3;47;76;121;11;28;286
        Pozzolo Formigaro;168;613;1323;1683;153;312;4252
        Prasco;10;85;166;169;21;29;480
        Predosa;75;296;600;668;49;129;1817
        Quargnento;49;178;390;469;47;116;1249
        Quattordio;56;245;417;526;37;110;1391
        Ricaldone;25;104;174;210;16;51;580
        Rivalta Bormida;49;212;418;487;36;101;1303
        Rivarone;15;39;149;131;12;36;382
        Rocca Grimalda;33;172;428;522;46;139;1340
        Roccaforte Ligure;1;21;47;45;5;5;124
        Rocchetta Ligure;3;31;57;89;4;30;214
        Rosignano Monferrato;28;171;347;587;71;157;1361
        Sala Monferrato;9;62;118;89;16;25;319
        Sale;147;558;1228;1382;89;246;3650
        San Cristoforo;16;89;125;220;26;40;516
        San Giorgio Monferrato;29;149;282;483;51;134;1128
        San Salvatore Monferrato;99;608;1245;1403;124;322;3801
        San Sebastiano Curone;15;61;139;221;16;60;512
        Sant'Agata Fossili;5;55;104;138;8;37;347
        Sardigliano;9;56;97;154;17;32;365
        Sarezzano;36;127;236;479;53;114;1045
        Serralunga di Crea;14;86;141;180;26;35;482
        Serravalle Scrivia;254;841;1809;1979;182;395;5460
        Sezzadio;31;181;351;435;26;65;1089
        Silvano d'Orba;45;229;547;737;73;150;1781
        Solero;36;228;505;562;45;117;1493
        Solonghello;4;39;52;77;6;14;192
        Spigno Monferrato;19;170;277;329;24;49;868
        Spineto Scrivia;12;41;90;160;14;35;352
        Stazzano;56;309;668;882;91;147;2153
        Strevi;115;261;614;635;58;132;1815
        Tagliolo Monferrato;46;193;433;552;56;145;1425
        Tassarolo;19;70;142;244;27;65;567
        Terruggia;16;105;211;323;42;132;829
        Terzo;19;116;218;313;46;75;787
        Ticineto;45;212;405;472;41;84;1259
        Tortona;956;3154;7119;9617;1029;2882;24757
        Treville;6;20;63;114;11;36;250
        Trisobbio;13;111;198;227;25;60;634
        Valenza;543;2634;5564;6421;591;1358;17111
        Valmacca;39;167;296;336;22;53;913
        Vignale Monferrato;25;117;270;318;39;99;868
        Vignole Borbera;63;250;600;758;65;182;1918
        Viguzzolo;97;403;893;1096;98;255;2842
        Villadeati;12;69;147;182;13;39;462
        Villalvernia;44;123;245;310;21;77;820
        Villamiroglio;6;59;98;94;12;21;290
        Villanova Monferrato;50;251;499;661;65;92;1618
        Villaromagnano;15;101;151;263;26;65;621
        Visone;36;134;349;431;40;91;1081
        Volpedo;36;144;311;434;37;133;1095
        Volpeglino;2;10;34;55;4;22;127
        Voltaggio;20;100;168;253;20;68;629
      Biella;4908;27239;52165;55714;6910;13148;160084
        Ailoche;7;66;114;86;10;11;294
        Andorno Micca;110;505;973;963;122;208;2881
        Benna;33;199;393;341;37;55;1058
        Biella;1323;5554;11647;14884;2042;4868;40318
        Bioglio;31;156;323;260;20;60;850
        Borriana;14;166;297;255;29;43;804
        Brusnengo;54;368;632;648;67;95;1864
        Callabiana;3;21;47;54;4;4;133
        Camandona;4;49;114;96;12;21;296
        Camburzano;28;189;338;375;43;72;1045
        Campiglia Cervo;13;52;142;207;25;48;487
        Candelo;182;1236;2266;2376;289;509;6858
        Caprile;7;37;72;53;4;10;183
        Casapinta;10;57;124;135;17;19;362
        Castelletto Cervo;25;128;298;223;19;31;724
        Cavaglià;92;574;1123;1145;133;231;3298
        Cerreto Castello;..;..;..;..;..;..;..
        Cerrione;93;474;912;854;96;162;2591
        Coggiola;31;338;594;473;38;92;1566
        Cossato;456;2376;4579;4430;530;814;13185
        Crevacuore;48;296;462;403;26;71;1306
        Curino;13;94;173;134;13;20;447
        Donato;10;133;242;197;29;54;665
        Dorzano;15;80;168;196;15;30;504
        Gaglianico;123;608;1188;1253;150;250;3572
        Gifflenga;2;19;39;24;3;8;95
        Graglia;41;268;489;442;46;107;1393
        Lessona;65;466;740;910;97;182;2460
        Magnano;11;42;113;115;13;53;347
        Massazza;26;95;180;181;22;39;543
        Masserano;60;313;665;615;50;134;1837
        Mezzana Mortigliengo;11;105;154;142;10;38;460
        Miagliano;15;97;169;173;20;29;503
        Mongrando;90;665;1250;1134;124;182;3445
        Mosso;..;..;..;..;..;..;..
        Mottalciata;28;239;451;393;50;64;1225
        Muzzano;11;85;166;177;36;70;545
        Netro;29;184;315;286;23;64;901
        Occhieppo Inferiore;94;593;1136;1267;166;282;3538
        Occhieppo Superiore;57;412;769;890;122;237;2487
        Pettinengo;39;242;478;468;68;101;1396
        Piatto;7;76;141;190;14;24;452
        Piedicavallo;2;19;49;71;8;19;168
        Pollone;39;278;495;701;128;265;1906
        Ponderano;103;641;1158;1150;175;263;3490
        Portula;32;248;397;315;47;48;1087
        Pralungo;42;389;744;727;111;148;2161
        Pray;56;394;692;571;67;122;1902
        Quaregna;..;..;..;..;..;..;..
        Quaregna Cerreto;67;318;650;672;77;121;1905
        Ronco Biellese;39;218;407;488;71;129;1352
        Roppolo;19;113;222;321;43;70;788
        Rosazza;..;4;24;60;4;9;101
        Sagliano Micca;41;194;492;523;79;119;1448
        Sala Biellese;16;99;196;161;26;31;529
        Salussola;58;338;647;553;61;95;1752
        Sandigliano;63;440;869;831;100;134;2437
        Soprana;..;..;..;..;..;..;..
        Sordevolo;41;195;369;452;63;105;1225
        Sostegno;11;101;191;281;38;71;693
        Strona;28;178;284;309;36;71;906
        Tavigliano;24;145;281;319;39;76;884
        Ternengo;4;50;86;80;13;12;245
        Tollegno;67;387;725;804;78;144;2205
        Torrazzo;4;27;67;80;6;11;195
        Trivero;..;..;..;..;..;..;..
        Valdengo;58;392;706;801;104;197;2258
        Valdilana;372;2008;3311;3126;327;515;9659
        Vallanzengo;2;38;60;76;3;14;193
        Valle Mosso;..;..;..;..;..;..;..
        Valle San Nicolao;17;156;310;275;20;45;823
        Veglio;19;96;143;141;10;28;437
        Verrone;36;185;363;405;39;75;1103
        Vigliano Biellese;240;1230;2381;2461;320;516;7148
        Villa del Bosco;5;44;104;124;7;19;303
        Villanova Biellese;2;46;72;39;2;6;167
        Viverone;37;200;348;521;62;119;1287
        Zimone;4;56;136;137;13;23;369
        Zubiena;25;203;432;344;46;59;1109
        Zumaglia;24;152;278;347;53;77;931
      Verbano-Cusio-Ossola;3924;24029;45860;54104;5901;11733;145551
        Antrona Schieranco;7;111;99;149;5;14;385
        Anzola d'Ossola;11;65;131;121;10;19;357
        Arizzano;41;230;497;774;104;224;1870
        Arola;1;38;83;92;9;6;229
        Aurano;2;16;38;32;7;5;100
        Baceno;19;173;222;313;41;53;821
        Bannio Anzino;11;128;134;127;9;22;431
        Baveno;126;618;1366;1725;168;414;4417
        Bee;17;100;241;276;34;73;741
        Belgirate;10;45;134;177;14;82;462
        Beura-Cardezza;31;280;426;498;47;52;1334
        Bognanco;5;53;43;59;5;10;175
        Borgomezzavalle;8;60;79;99;17;19;282
        Brovello-Carpugnino;20;97;247;258;32;57;711
        Calasca-Castiglione;11;144;213;173;14;18;573
        Cambiasca;40;271;482;577;56;79;1505
        Cannero Riviera;24;150;266;322;41;83;886
        Cannobio;115;727;1578;1813;218;262;4713
        Caprezzo;3;26;53;68;7;15;172
        Casale Corte Cerro;76;471;1031;1288;110;197;3173
        Cavaglio-Spoccia;..;..;..;..;..;..;..
        Ceppo Morelli;3;70;109;93;3;13;291
        Cesara;16;118;174;194;20;25;547
        Cossogno;19;121;180;229;34;57;640
        Craveggia;25;125;248;256;32;59;745
        Crevoladossola;139;783;1330;1594;189;234;4269
        Crodo;30;251;406;543;42;76;1348
        Cursolo-Orasso;..;..;..;..;..;..;..
        Domodossola;467;2498;4829;6402;744;1791;16731
        Druogno;30;162;304;386;33;58;973
        Falmenta;..;..;..;..;..;..;..
        Formazza;9;69;93;208;20;27;426
        Germagno;3;34;61;65;3;14;180
        Ghiffa;44;302;593;839;119;255;2152
        Gignese;40;132;313;381;31;105;1002
        Gravellona Toce;274;1373;2518;2365;214;336;7080
        Gurro;2;45;76;52;4;3;182
        Intragna;2;21;39;25;1;2;90
        Loreglia;5;66;70;56;2;6;205
        Macugnaga;11;80;149;204;15;38;497
        Madonna del Sasso;9;59;139;122;12;10;351
        Malesco;21;290;481;399;37;65;1293
        Masera;28;275;395;548;58;92;1396
        Massiola;3;24;51;26;1;5;110
        Mergozzo;65;326;607;764;107;181;2050
        Miazzina;6;53;108;142;14;25;348
        Montecrestese;42;279;355;401;44;66;1187
        Montescheno;11;82;110;129;18;14;364
        Nonio;17;107;279;294;39;45;781
        Oggebbio;19;120;238;331;34;53;795
        Omegna;357;2226;4513;4904;501;1084;13585
        Ornavasso;92;518;1023;1160;93;214;3100
        Pallanzeno;28;192;307;404;43;57;1031
        Piedimulera;37;271;477;513;39;50;1387
        Pieve Vergonte;61;478;823;792;65;65;2284
        Premeno;18;112;200;299;27;80;736
        Premia;13;87;147;205;23;31;506
        Premosello-Chiovenda;45;305;576;677;61;96;1760
        Quarna Sopra;5;36;61;97;8;21;228
        Quarna Sotto;9;62;133;115;16;30;365
        Re;19;115;279;199;20;33;665
        San Bernardino Verbano;22;174;381;470;47;100;1194
        Santa Maria Maggiore;21;225;391;418;46;92;1193
        Stresa;132;540;1302;1797;159;478;4408
        Toceno;20;146;251;212;20;31;680
        Trarego Viggiona;7;80;122;135;13;15;372
        Trasquera;2;44;67;52;4;3;172
        Trontano;33;296;489;593;59;89;1559
        Valle Cannobina;3;102;180;127;14;17;443
        Valstrona;26;271;510;263;14;24;1108
        Vanzone con San Carlo;7;74;133;128;9;19;370
        Varzo;40;424;647;613;49;88;1861
        Verbania;761;4036;8355;10664;1431;3089;28336
        Vignone;24;129;311;477;68;124;1133
        Villadossola;172;1053;1928;2138;195;337;5823
        Villette;9;48;77;98;10;18;260
        Vogogna;43;317;559;565;49;89;1622
    Valle d'Aosta / Vallée d'Aoste;3851;15783;36432;41958;5296;11898;115218
      Valle d'Aosta / Vallée d'Aoste;3851;15783;36432;41958;5296;11898;115218
        Allein;5;47;76;52;8;12;200
        Antey-Saint-André;26;70;159;190;20;38;503
        Aosta;1120;4070;9373;10953;1497;4102;31115
        Arnad;37;175;408;395;47;76;1138
        Arvier;25;117;259;267;27;64;759
        Avise;8;47;74;120;11;23;283
        Ayas;50;168;354;486;60;131;1249
        Aymavilles;78;324;619;672;83;166;1942
        Bard;6;15;37;31;4;9;102
        Bionaz;3;39;82;68;5;11;208
        Brissogne;29;121;315;319;32;80;896
        Brusson;18;104;242;312;35;88;799
        Challand-Saint-Anselme;16;100;217;250;27;66;676
        Challand-Saint-Victor;16;67;188;193;14;36;514
        Chambave;24;114;262;295;35;87;817
        Chamois;1;16;28;43;2;12;102
        Champdepraz;23;133;232;241;23;38;690
        Champorcher;10;45;113;144;12;32;356
        Charvensod;78;284;783;805;121;183;2254
        Châtillon;123;559;1393;1546;160;347;4128
        Cogne;47;216;361;451;64;122;1261
        Courmayeur;69;333;667;939;120;352;2480
        Donnas;78;366;737;825;112;164;2282
        Doues;13;86;166;146;18;50;479
        Emarèse;6;35;69;79;9;14;212
        Etroubles;15;50;140;180;18;44;447
        Fénis;67;224;559;588;75;116;1629
        Fontainemore;8;72;126;142;15;30;393
        Gaby;9;57;106;148;16;58;394
        Gignod;58;163;490;573;103;169;1556
        Gressan;104;442;993;1171;136;283;3129
        Gressoney-La-Trinité;6;33;75;115;22;45;296
        Gressoney-Saint-Jean;24;81;206;285;43;90;729
        Hône;47;161;360;375;53;70;1066
        Introd;26;97;158;234;45;50;610
        Issime;6;58;85;144;12;40;345
        Issogne;30;229;494;398;29;47;1227
        Jovençan;24;80;227;249;27;58;665
        La Magdeleine;1;10;32;40;5;9;97
        La Salle;56;286;596;711;73;158;1880
        La Thuile;13;99;203;305;42;74;736
        Lillianes;9;74;128;146;18;24;399
        Montjovet;44;248;567;622;60;112;1653
        Morgex;55;294;622;706;76;165;1918
        Nus;94;373;918;1018;116;268;2787
        Ollomont;3;20;40;59;6;24;152
        Oyace;4;24;93;64;5;8;198
        Perloz;19;76;156;141;17;24;433
        Pollein;36;183;502;480;59;121;1381
        Pontboset;12;34;47;54;6;14;167
        Pontey;24;101;286;254;34;39;738
        Pont-Saint-Martin;125;479;1032;1249;157;279;3321
        Pré-Saint-Didier;27;137;272;342;32;104;914
        Quart;134;468;1186;1376;221;402;3787
        Rhêmes-Notre-Dame;1;14;24;31;..;7;77
        Rhêmes-Saint-Georges;5;31;46;59;9;9;159
        Roisan;36;107;307;337;41;105;933
        Saint-Christophe;96;389;1026;1180;162;399;3252
        Saint-Denis;12;46;124;128;11;18;339
        Saint-Marcel;30;157;419;447;51;117;1221
        Saint-Nicolas;15;41;94;101;12;40;303
        Saint-Oyen;7;13;60;77;14;15;186
        Saint-Pierre;103;407;937;1104;144;314;3009
        Saint-Rhémy-en-Bosses;7;46;95;126;15;29;318
        Saint-Vincent;146;531;1381;1545;151;447;4201
        Sarre;141;526;1356;1712;257;501;4493
        Torgnon;16;67;140;206;21;64;514
        Valgrisenche;3;22;55;80;4;18;182
        Valpelline;21;73;194;193;28;51;560
        Valsavarenche;1;21;46;63;8;15;154
        Valtournenche;53;240;580;894;99;174;2040
        Verrayes;29;232;410;411;46;83;1211
        Verrès;103;372;848;813;90;163;2389
        Villeneuve;37;144;377;460;66;101;1185
    Liguria;41164;181714;402050;558260;59543;177711;1420442
      Imperia;6802;27026;64251;72953;7243;17981;196256
        Airole;12;53;116;125;11;31;348
        Apricale;26;83;207;198;29;45;588
        Aquila d'Arroscia;1;25;48;47;5;7;133
        Armo;3;26;28;39;6;10;112
        Aurigo;8;63;106;116;11;14;318
        Badalucco;27;163;359;357;34;73;1013
        Bajardo;13;65;123;127;15;28;371
        Bordighera;297;1262;3005;3689;366;1000;9619
        Borghetto d'Arroscia;10;78;128;126;11;27;380
        Borgomaro;33;132;273;260;23;49;770
        Camporosso;220;753;1910;1835;153;289;5160
        Caravonica;13;44;78;84;10;14;243
        Castel Vittorio;4;54;94;75;7;19;253
        Castellaro;38;160;424;436;36;89;1183
        Ceriana;28;200;379;328;46;70;1051
        Cervo;31;135;316;397;57;97;1033
        Cesio;4;38;101;97;9;11;260
        Chiusanico;22;85;167;210;19;52;555
        Chiusavecchia;13;62;182;181;14;25;477
        Cipressa;50;150;356;441;38;104;1139
        Civezza;17;77;192;216;16;63;581
        Cosio d'Arroscia;3;47;43;62;1;9;165
        Costarainera;19;112;238;267;32;65;733
        Diano Arentino;16;85;215;253;25;59;653
        Diano Castello;69;250;693;848;82;175;2117
        Diano Marina;185;723;1719;1962;199;469;5257
        Diano San Pietro;30;147;363;360;35;92;1027
        Dolceacqua;85;293;739;684;59;140;2000
        Dolcedo;28;172;343;462;50;128;1183
        Imperia;1273;4761;11765;15513;1697;4586;39595
        Isolabona;25;94;247;208;20;33;627
        Lucinasco;11;34;94;103;7;23;272
        Mendatica;1;30;30;79;2;22;164
        Molini di Triora;22;81;203;209;25;46;586
        Montalto Carpasio;13;86;145;182;20;36;482
        Montegrosso Pian Latte;..;20;35;44;6;4;109
        Olivetta San Michele;7;32;78;53;5;12;187
        Ospedaletti;95;377;922;1197;118;305;3014
        Perinaldo;31;118;267;291;17;65;789
        Pietrabruna;10;73;146;143;19;29;420
        Pieve di Teco;47;187;392;469;38;92;1225
        Pigna;21;111;275;245;19;49;720
        Pompeiana;29;107;256;307;23;70;792
        Pontedassio;74;296;768;839;78;147;2202
        Pornassio;20;86;190;246;13;39;594
        Prelà;11;85;147;152;17;41;453
        Ranzo;15;97;151;209;15;32;519
        Rezzo;10;48;99;109;11;19;296
        Riva Ligure;103;422;909;947;86;170;2637
        Rocchetta Nervina;6;33;82;118;10;15;264
        San Bartolomeo al Mare;87;446;902;1072;94;201;2802
        San Biagio della Cima;36;193;433;399;35;58;1154
        San Lorenzo al Mare;43;181;340;438;38;124;1164
        Sanremo;1714;6517;16123;18646;1911;5139;50050
        Santo Stefano al Mare;55;248;648;744;63;157;1915
        Seborga;6;34;87;100;7;29;263
        Soldano;28;147;334;340;23;42;914
        Taggia;521;1947;4442;4565;469;878;12822
        Terzorio;10;40;60;90;8;10;218
        Triora;7;73;131;106;15;28;360
        Vallebona;29;171;411;423;41;86;1161
        Vallecrosia;195;965;2154;2311;218;462;6305
        Vasia;9;61;97;127;16;54;364
        Ventimiglia;911;3193;7719;7385;644;1582;21434
        Vessalico;10;32;75;105;7;15;244
        Villa Faraldi;12;63;149;157;9;27;417
      Savona;7163;34791;77106;96725;9964;27035;252784
        Alassio;260;1125;2622;3960;415;1212;9594
        Albenga;841;3140;7121;8035;765;2090;21992
        Albisola Superiore;241;1353;2694;3309;407;1127;9131
        Albissola Marina;119;553;1213;1975;241;849;4950
        Altare;38;287;607;674;75;155;1836
        Andora;200;954;2187;2725;262;574;6902
        Arnasco;19;103;166;203;12;28;531
        Balestrino;17;75;170;188;15;43;508
        Bardineto;17;131;248;249;12;58;715
        Bergeggi;19;92;234;445;34;196;1020
        Boissano;55;261;782;992;112;212;2414
        Borghetto Santo Spirito;157;751;1598;1467;138;254;4365
        Borgio Verezzi;45;247;575;756;80;274;1977
        Bormida;7;65;97;126;5;22;322
        Cairo Montenotte;374;1756;4058;4448;378;932;11946
        Calice Ligure;40;216;486;654;76;150;1622
        Calizzano;43;235;455;485;45;88;1351
        Carcare;135;777;1501;1873;180;492;4958
        Casanova Lerrone;25;130;214;255;29;47;700
        Castelbianco;10;46;86;112;17;26;297
        Castelvecchio di Rocca Barbena;1;33;38;44;5;5;126
        Celle Ligure;106;590;1194;1882;210;654;4636
        Cengio;91;517;1063;1090;93;230;3084
        Ceriale;180;808;1748;1796;135;357;5024
        Cisano sul Neva;55;267;596;844;82;161;2005
        Cosseria;30;128;324;393;38;70;983
        Dego;42;308;563;685;39;90;1727
        Erli;3;39;93;61;3;10;209
        Finale Ligure;260;1329;3134;4190;411;1289;10613
        Garlenda;29;129;388;513;53;153;1265
        Giustenice;25;145;323;351;27;74;945
        Giusvalla;11;82;125;138;12;16;384
        Laigueglia;41;214;466;661;60;163;1605
        Loano;281;1417;3169;3928;393;981;10169
        Magliolo;20;122;293;350;38;77;900
        Mallare;27;237;334;340;21;50;1009
        Massimino;3;18;28;38;2;4;93
        Millesimo;99;508;906;1080;121;263;2977
        Mioglia;12;67;155;195;14;37;480
        Murialdo;22;141;203;284;15;39;704
        Nasino;1;35;43;67;4;10;160
        Noli;49;288;712;947;92;259;2347
        Onzo;7;37;69;68;13;19;213
        Orco Feglino;29;142;282;329;34;72;888
        Ortovero;54;182;516;612;51;101;1516
        Osiglia;14;85;121;157;10;24;411
        Pallare;28;145;275;310;28;48;834
        Piana Crixia;17;107;235;265;15;57;696
        Pietra Ligure;206;1162;2388;2957;323;832;7868
        Plodio;11;96;181;239;23;42;592
        Pontinvrea;20;110;283;272;23;56;764
        Quiliano;152;1001;2005;2531;276;569;6534
        Rialto;18;93;178;168;11;37;505
        Roccavignale;20;123;236;270;21;39;709
        Sassello;48;260;487;654;49;133;1631
        Savona;1509;6633;15622;21045;2489;7700;54998
        Spotorno;73;453;969;1273;139;392;3299
        Stella;78;424;902;1069;123;241;2837
        Stellanello;19;117;309;297;17;41;800
        Testico;..;22;64;70;6;17;179
        Toirano;76;350;783;1001;94;202;2506
        Tovo San Giacomo;77;342;740;938;111;178;2386
        Urbe;9;110;208;256;10;38;631
        Vado Ligure;242;1067;2538;2953;280;498;7578
        Varazze;311;1496;3372;4639;519;1574;11911
        Vendone;4;53;107;148;9;25;346
        Vezzi Portio;8;80;260;320;29;69;766
        Villanova d'Albenga;79;336;882;972;83;196;2548
        Zuccarello;4;46;82;104;12;14;262
      Genova;21750;93901;204361;305619;33541;110238;769410
        Arenzano;252;1109;2416;4367;527;1798;10469
        Avegno;71;310;700;1049;83;213;2426
        Bargagli;65;321;792;989;73;163;2403
        Bogliasco;104;355;838;1765;218;861;4141
        Borzonasca;49;383;546;612;47;114;1751
        Busalla;125;746;1479;1918;170;404;4842
        Camogli;82;384;947;2123;209;998;4743
        Campo Ligure;81;388;728;1087;100;244;2628
        Campomorone;168;933;1933;2481;196;475;6186
        Carasco;102;524;1124;1354;130;255;3489
        Casarza Ligure;167;860;1896;2568;242;536;6269
        Casella;72;396;920;1210;81;245;2924
        Castiglione Chiavarese;49;237;445;585;64;119;1499
        Ceranesi;91;504;1032;1397;130;256;3410
        Chiavari;680;2908;6259;10469;1162;4252;25730
        Cicagna;79;359;658;798;60;125;2079
        Cogoleto;225;954;2317;3317;363;874;8050
        Cogorno;159;734;1512;2162;227;514;5308
        Coreglia Ligure;5;29;69;122;10;11;246
        Crocefieschi;10;74;142;208;20;46;500
        Davagna;40;257;599;693;54;103;1746
        Fascia;2;24;10;29;2;1;68
        Favale di Malvaro;17;87;121;157;10;16;408
        Fontanigorda;4;55;65;85;4;14;227
        Genova;15206;61932;137759;206702;24169;82447;528215
        Gorreto;4;24;17;41;1;4;91
        Isola del Cantone;40;182;386;567;44;99;1318
        Lavagna;324;1550;3017;4777;487;1443;11598
        Leivi;46;276;577;1003;110;288;2300
        Lorsica;5;97;104;160;5;17;388
        Lumarzo;28;191;468;562;39;76;1364
        Masone;82;503;1010;1255;118;229;3197
        Mele;73;367;645;1023;76;198;2382
        Mezzanego;65;277;457;504;31;71;1405
        Mignanego;95;463;1032;1400;101;260;3351
        Moconesi;66;408;766;843;59;137;2279
        Moneglia;54;339;678;1005;81;257;2414
        Montebruno;6;41;61;81;..;4;193
        Montoggio;43;257;657;767;45;145;1914
        Ne;66;327;665;770;40;120;1988
        Neirone;16;137;292;310;21;51;827
        Orero;5;85;145;192;13;36;476
        Pieve Ligure;69;224;456;904;100;533;2286
        Portofino;2;45;89;140;13;48;337
        Propata;2;22;40;46;1;3;114
        Rapallo;782;3287;7545;11359;1093;3402;27468
        Recco;219;987;2183;3836;405;1272;8902
        Rezzoaglio;19;203;266;283;19;44;834
        Ronco Scrivia;131;542;1184;1563;114;359;3893
        Rondanina;..;11;18;25;2;3;59
        Rossiglione;84;399;691;934;77;221;2406
        Rovegno;14;57;120;231;15;38;475
        San Colombano Certenoli;88;353;739;1038;74;153;2445
        Santa Margherita Ligure;196;1068;2059;3395;294;1057;8069
        Santo Stefano d'Aveto;22;186;348;336;23;40;955
        Sant'Olcese;153;806;1540;2148;186;429;5262
        Savignone;74;389;845;1200;100;233;2841
        Serra Riccò;197;1105;2134;2915;251;491;7093
        Sestri Levante;471;2204;4381;6650;688;2010;16404
        Sori;103;522;961;1530;152;537;3805
        Tiglieto;6;65;145;192;19;38;465
        Torriglia;49;303;677;878;71;158;2136
        Tribogna;19;69;181;245;14;23;551
        Uscio;60;292;625;821;71;141;2010
        Valbrevenna;15;93;214;318;27;50;717
        Vobbia;5;50;118;157;6;28;364
        Zoagli;47;232;518;968;104;408;2277
      La Spezia;5449;25996;56332;82963;8795;22457;201992
        Ameglia;91;555;1110;1653;188;492;4089
        Arcola;265;1294;2936;3953;388;733;9569
        Beverino;53;367;653;856;66;139;2134
        Bolano;192;1017;2056;2920;267;553;7005
        Bonassola;25;127;209;298;20;92;771
        Borghetto di Vara;20;152;253;330;26;47;828
        Brugnato;41;179;376;495;45;74;1210
        Calice al Cornoviglio;27;152;367;359;45;76;1026
        Carro;3;94;133;193;12;30;465
        Carrodano;9;101;158;151;11;27;457
        Castelnuovo Magra;249;1277;2283;2992;315;668;7784
        Deiva Marina;33;191;360;485;50;106;1225
        Follo;146;739;1820;2369;236;404;5714
        Framura;11;102;151;218;17;49;548
        La Spezia;2443;10025;23541;35716;3957;10654;86336
        Lerici;198;925;2045;3788;438;1628;9022
        Levanto;146;689;1390;2021;168;461;4875
        Maissana;12;101;165;219;15;43;555
        Monterosso al Mare;26;184;355;524;43;133;1265
        Luni;210;1114;2219;3139;314;727;7723
        Pignone;8;89;151;189;23;29;489
        Portovenere;66;359;878;1282;132;423;3140
        Riccò del Golfo di Spezia;74;481;1017;1362;148;264;3346
        Riomaggiore;29;184;302;545;76;146;1282
        Rocchetta di Vara;19;143;198;224;15;33;632
        Santo Stefano di Magra;285;1144;2484;3945;407;882;9147
        Sarzana;515;2525;5505;8258;985;2705;20493
        Sesta Godano;34;211;387;473;32;93;1230
        Varese Ligure;42;314;513;706;45;84;1704
        Vernazza;12;113;204;278;22;65;694
        Vezzano Ligure;157;942;1966;2874;282;576;6797
        Zignago;8;106;147;148;7;21;437
    Lombardia;315342;1262334;2598486;3524150;439099;1135459;9274870
      Varese;28649;117729;234606;313113;37434;87438;818969
        Agra;12;44;93;159;17;34;359
        Albizzate;158;703;1437;1839;200;439;4776
        Angera;159;699;1379;2011;224;617;5089
        Arcisate;375;1538;2973;3425;368;538;9217
        Arsago Seprio;154;750;1483;1626;142;287;4442
        Azzate;134;594;1117;1702;227;545;4319
        Azzio;27;95;237;270;25;60;714
        Barasso;49;175;393;616;76;241;1550
        Bardello;43;225;457;573;75;114;1487
        Bardello con Malgesso e Bregano;..;..;..;..;..;..;..
        Bedero Valcuvia;16;69;176;270;34;70;635
        Besano;78;364;796;865;92;126;2321
        Besnate;183;799;1475;1986;233;454;5130
        Besozzo;298;1205;2501;3081;357;747;8189
        Biandronno;84;520;948;1064;124;256;2996
        Bisuschio;139;658;1300;1456;162;255;3970
        Bodio Lomnago;67;276;495;845;104;321;2108
        Brebbia;89;488;886;1151;110;230;2954
        Bregano;24;119;206;296;24;78;747
        Brenta;66;235;549;605;59;98;1612
        Brezzo di Bedero;30;136;316;468;55;126;1131
        Brinzio;19;107;208;283;36;74;727
        Brissago-Valtravaglia;49;175;382;469;50;63;1188
        Brunello;25;119;222;381;44;95;886
        Brusimpiano;41;139;334;437;49;82;1082
        Buguggiate;83;423;768;1116;141;372;2903
        Busto Arsizio;2718;10873;20687;29612;3707;9710;77307
        Cadegliano-Viconago;87;340;626;737;62;123;1975
        Cadrezzate;..;..;..;..;..;..;..
        Cadrezzate con Osmate;84;336;648;950;138;306;2462
        Cairate;245;1243;2323;2728;224;427;7190
        Cantello;138;665;1282;1717;217;395;4414
        Caravate;80;385;802;857;106;143;2373
        Cardano al Campo;501;2008;3924;5369;610;1258;13670
        Carnago;198;928;1851;2397;253;454;6081
        Caronno Pertusella;628;2208;4683;6863;820;1449;16651
        Caronno Varesino;160;753;1386;1740;179;281;4499
        Casale Litta;79;453;773;929;106;202;2542
        Casalzuigno;45;187;429;490;44;94;1289
        Casciago;95;460;778;1272;202;632;3439
        Casorate Sempione;158;781;1551;2120;227;428;5265
        Cassano Magnago;729;3149;6220;7443;816;1516;19873
        Cassano Valcuvia;28;105;198;220;26;34;611
        Castellanza;405;1913;3512;5001;622;1623;13076
        Castello Cabiaglio;17;59;126;210;33;77;522
        Castelseprio;25;196;365;502;60;91;1239
        Castelveccana;52;233;539;695;69;176;1764
        Castiglione Olona;224;1137;2153;2731;259;521;7025
        Castronno;159;757;1472;1789;207;384;4768
        Cavaria con Premezzo;177;828;1649;1959;214;410;5237
        Cazzago Brabbia;26;96;209;274;38;85;728
        Cislago;380;1435;2792;3723;425;864;9619
        Cittiglio;145;558;1177;1273;143;275;3571
        Clivio;68;291;583;731;77;106;1856
        Cocquio-Trevisago;186;701;1363;1550;177;347;4324
        Comabbio;22;136;305;474;47;143;1127
        Comerio;91;284;610;1018;145;458;2606
        Cremenaga;25;99;263;278;22;38;725
        Crosio della Valle;15;116;157;224;26;41;579
        Cuasso al Monte;112;468;1058;1306;124;206;3274
        Cugliate-Fabiasco;113;480;1017;1011;85;150;2856
        Cunardo;101;381;902;1023;116;164;2687
        Curiglia con Monteviasco;4;30;46;53;4;6;143
        Cuveglio;105;477;1068;1147;96;193;3086
        Cuvio;48;254;515;594;49;103;1563
        Daverio;96;423;781;1185;144;280;2909
        Dumenza;53;178;478;496;46;92;1343
        Duno;3;12;43;65;7;18;148
        Fagnano Olona;441;1902;3502;4280;465;877;11467
        Ferno;238;1065;2016;2307;235;361;6222
        Ferrera di Varese;16;104;235;224;24;18;621
        Gallarate;1884;6208;13001;18541;2366;7034;49034
        Galliate Lombardo;36;118;207;374;66;139;940
        Gavirate;313;1264;2301;3181;419;1115;8593
        Gazzada Schianno;121;647;1195;1616;204;452;4235
        Gemonio;91;372;832;1003;123;226;2647
        Gerenzano;385;1340;2761;4069;505;947;10007
        Germignaga;127;474;1105;1310;139;314;3469
        Golasecca;76;429;794;899;85;162;2445
        Gorla Maggiore;147;806;1412;1708;174;310;4557
        Gorla Minore;243;1169;2495;2922;278;544;7651
        Gornate Olona;67;258;611;851;92;148;2027
        Grantola;40;176;387;451;47;49;1150
        Inarzo;28;149;278;378;51;103;987
        Induno Olona;287;1318;2813;3715;463;959;9555
        Ispra;169;739;1328;1873;227;616;4952
        Jerago con Orago;152;738;1389;1894;229;456;4858
        Lavena Ponte Tresa;253;792;1775;1968;170;343;5301
        Laveno-Mombello;226;1151;2427;3003;331;827;7965
        Leggiuno;119;451;932;1381;148;328;3359
        Lonate Ceppino;175;732;1455;1776;226;323;4687
        Lonate Pozzolo;378;1835;3466;3935;360;628;10602
        Lozza;29;135;287;425;62;140;1078
        Luino;501;1892;4097;4995;584;1136;13205
        Luvinate;31;120;247;488;68;269;1223
        Maccagno con Pino e Veddasca;65;344;654;875;119;207;2264
        Malgesso;43;199;386;373;48;99;1148
        Malnate;614;2223;4535;5774;700;1398;15244
        Marchirolo;158;478;1143;1173;117;179;3248
        Marnate;268;1064;2226;2923;318;660;7459
        Marzio;9;39;76;136;13;19;292
        Masciago Primo;9;25;71;124;20;30;279
        Mercallo;58;266;519;628;64;131;1666
        Mesenzana;65;224;543;557;62;87;1538
        Montegrino Valtravaglia;42;173;453;550;57;94;1369
        Monvalle;64;259;556;682;77;162;1800
        Morazzone;143;622;1194;1530;183;359;4031
        Mornago;148;805;1435;1692;192;302;4574
        Oggiona con Santo Stefano;143;629;1293;1498;191;257;4011
        Olgiate Olona;392;1664;3238;4539;573;1307;11713
        Origgio;218;1060;2081;3055;336;620;7370
        Orino;27;99;238;310;33;76;783
        Osmate;..;..;..;..;..;..;..
        Porto Ceresio;113;471;840;986;113;193;2716
        Porto Valtravaglia;66;284;613;877;94;204;2138
        Rancio Valcuvia;40;125;287;316;34;53;855
        Ranco;28;139;296;456;52;205;1176
        Saltrio;102;486;947;952;103;173;2763
        Samarate;586;2518;4502;5649;589;1104;14948
        Sangiano;56;233;446;504;43;79;1361
        Saronno;1168;4146;8629;13785;1881;6302;35911
        Sesto Calende;389;1289;2796;4039;486;1275;10274
        Solbiate Arno;124;556;1092;1506;170;312;3760
        Solbiate Olona;157;841;1604;1885;214;341;5042
        Somma Lombardo;653;2468;5087;6284;689;1271;16452
        Sumirago;184;892;1651;2157;268;472;5624
        Taino;120;447;943;1350;134;393;3387
        Ternate;78;352;732;901;97;188;2348
        Tradate;601;2362;4933;6687;870;2112;17565
        Travedona-Monate;132;545;1031;1419;163;409;3699
        Tronzano Lago Maggiore;4;27;69;93;7;19;219
        Uboldo;348;1409;3019;3961;422;854;10013
        Valganna;40;190;475;583;75;102;1465
        Varano Borghi;84;332;729;885;93;167;2290
        Varese;2400;8873;17663;27738;4111;12921;73706
        Vedano Olona;217;1018;1914;2646;362;641;6798
        Venegono Inferiore;210;857;1608;2085;237;571;5568
        Venegono Superiore;228;1007;2027;2574;354;627;6817
        Vergiate;257;1350;2490;3055;303;642;8097
        Viggiù;182;821;1574;1758;194;325;4854
        Vizzola Ticino;16;63;145;246;32;47;549
      Como;17441;81832;156219;216492;27184;57206;556374
        Albavilla;198;883;1662;2380;313;526;5962
        Albese con Cassano;124;646;1062;1518;192;359;3901
        Albiolo;74;367;749;998;148;194;2530
        Alserio;32;176;362;496;57;133;1256
        Alta Valle Intelvi;84;437;851;1186;131;235;2924
        Alzate Brianza;138;711;1370;1760;213;358;4550
        Anzano del Parco;38;249;446;653;85;152;1623
        Appiano Gentile;233;1050;2016;2775;382;762;7218
        Argegno;20;81;161;290;28;66;646
        Arosio;159;800;1391;1773;206;432;4761
        Asso;133;551;1039;1244;121;240;3328
        Barni;15;84;175;221;11;30;536
        Bellagio;87;491;958;1428;114;300;3378
        Bene Lario;5;75;104;124;5;12;325
        Beregazzo con Figliaro;90;435;742;1010;113;167;2557
        Binago;156;711;1362;1754;200;294;4477
        Bizzarone;51;255;501;620;86;99;1612
        Blessagno;8;35;99;101;7;22;272
        Blevio;22;140;250;423;60;139;1034
        Bregnano;194;930;1807;2349;248;421;5949
        Brenna;54;372;560;785;96;148;2015
        Brienno;3;36;75;140;13;46;313
        Brunate;46;175;346;599;95;265;1526
        Bulgarograsso;125;553;1188;1451;156;247;3720
        Cabiate;187;1044;2028;2653;327;619;6858
        Cadorago;238;1021;2157;2911;369;721;7417
        Caglio;16;59;128;186;22;56;467
        Cagno;..;..;..;..;..;..;..
        Campione d'Italia;62;193;457;637;81;258;1688
        Cantù;1285;5623;10182;14316;1804;3743;36953
        Canzo;139;728;1399;1814;213;461;4754
        Capiago Intimiano;153;706;1349;2071;291;549;5119
        Carate Urio;26;139;261;443;46;161;1076
        Carbonate;66;423;740;1099;124;273;2725
        Carimate;136;539;1011;1637;233;521;4077
        Carlazzo;90;525;982;1124;79;125;2925
        Carugo;183;846;1820;2449;275;533;6106
        Caslino d'Erba;48;249;507;553;60;122;1539
        Casnate con Bernate;132;659;1122;1976;233;558;4680
        Cassina Rizzardi;108;428;820;1237;181;303;3077
        Castelmarte;34;153;376;462;61;91;1177
        Castelnuovo Bozzente;25;120;229;352;33;68;827
        Cavargna;3;47;68;49;1;3;171
        Centro Valle Intelvi;109;506;956;1430;160;274;3435
        Cerano d'Intelvi;17;88;161;235;22;42;565
        Cermenate;299;1381;2590;3351;425;682;8728
        Cernobbio;150;826;1517;2351;307;895;6046
        Cirimido;54;313;606;762;73;170;1978
        Claino con Osteno;19;96;167;184;22;17;505
        Colonno;15;68;135;175;14;31;438
        Colverde;137;764;1541;1954;246;442;5084
        Como;2386;9266;18977;29591;4545;13628;78393
        Corrido;27;130;281;296;20;33;787
        Cremia;13;159;187;245;11;35;650
        Cucciago;84;536;919;1246;150;305;3240
        Cusino;5;37;88;71;10;11;222
        Dizzasco;16;82;182;255;21;43;599
        Domaso;52;197;392;552;64;120;1377
        Dongo;82;511;824;1276;107;204;3004
        Dosso del Liro;2;79;85;51;..;3;220
        Erba;456;2240;4141;5935;747;1641;15160
        Eupilio;71;347;657;932;135;271;2413
        Faggeto Lario;22;169;301;444;44;104;1084
        Faloppio;146;678;1317;1749;230;298;4418
        Fenegrò;104;456;941;1142;131;245;3019
        Figino Serenza;152;837;1421;1651;221;332;4614
        Fino Mornasco;325;1267;2707;3546;419;885;9149
        Garzeno;11;189;249;163;15;10;637
        Gera Lario;30;151;288;397;42;73;981
        Grandate;62;440;713;1047;121;284;2667
        Grandola ed Uniti;31;201;355;510;46;70;1213
        Gravedona ed Uniti;123;655;1086;1537;151;298;3850
        Griante;10;98;171;212;19;50;560
        Guanzate;157;727;1531;2165;250;496;5326
        Inverigo;250;1185;2372;3395;454;934;8590
        Laglio;11;115;171;338;53;145;833
        Laino;7;82;143;214;24;31;501
        Lambrugo;75;345;658;922;114;198;2312
        Lasnigo;13;77;147;155;10;23;425
        Lezzeno;55;366;556;648;63;132;1820
        Limido Comasco;131;510;1060;1400;141;266;3508
        Lipomo;153;777;1544;2200;278;564;5516
        Livo;4;31;64;56;3;6;164
        Locate Varesino;155;555;1138;1595;171;371;3985
        Lomazzo;303;1301;2505;3623;479;916;9127
        Longone al Segrino;47;237;479;724;98;205;1790
        Luisago;72;375;771;1005;130;211;2564
        Lurago d'Erba;163;766;1380;1988;257;491;5045
        Lurago Marinone;96;356;729;906;111;198;2396
        Lurate Caccivio;328;1518;2814;3384;389;638;9071
        Magreglio;16;70;164;289;24;69;632
        Mariano Comense;833;3497;6621;8958;1188;2358;23455
        Maslianico;87;474;861;1145;161;243;2971
        Menaggio;85;386;770;1189;155;282;2867
        Merone;143;615;1213;1406;160;294;3831
        Moltrasio;37;210;373;521;74;222;1437
        Monguzzo;69;326;637;826;107;215;2180
        Montano Lucino;168;633;1351;1986;287;528;4953
        Montemezzo;2;40;68;83;5;8;206
        Montorfano;64;329;597;983;115;286;2374
        Mozzate;273;1161;2300;3263;381;723;8101
        Musso;28;162;248;363;21;54;876
        Nesso;25;175;340;442;41;68;1091
        Novedrate;85;467;887;989;101;162;2691
        Olgiate Comasco;335;1723;3232;4243;505;911;10949
        Oltrona di San Mamette;66;313;664;893;97;139;2172
        Orsenigo;70;401;710;975;120;215;2491
        Peglio;1;34;59;60;4;10;168
        Pianello del Lario;19;192;285;376;29;83;984
        Pigra;3;36;42;123;10;17;231
        Plesio;25;136;243;296;23;51;774
        Pognana Lario;10;124;168;255;33;48;638
        Ponna;4;66;75;67;4;14;230
        Ponte Lambro;180;610;1239;1438;179;306;3952
        Porlezza;148;700;1398;1838;154;283;4521
        Proserpio;23;98;246;354;48;102;871
        Pusiano;33;196;320;480;75;128;1232
        Rezzago;9;42;83;124;10;16;284
        Rodero;27;153;370;450;64;87;1151
        Ronago;42;245;508;573;82;97;1547
        Rovellasca;220;1105;2052;2916;362;743;7398
        Rovello Porro;191;870;1629;2268;275;535;5768
        Sala Comacina;15;110;105;182;22;34;468
        San Bartolomeo Val Cavargna;14;193;402;254;17;24;904
        San Fermo della Battaglia;238;963;1778;2929;439;944;7291
        San Nazzaro Val Cavargna;7;80;92;71;12;3;265
        San Siro;40;281;430;692;48;88;1579
        Schignano;19;147;267;332;22;27;814
        Senna Comasco;81;405;881;1215;156;214;2952
        Solbiate;..;..;..;..;..;..;..
        Solbiate con Cagno;156;712;1293;1661;199;290;4311
        Sorico;37;212;421;401;34;55;1160
        Sormano;13;95;197;242;23;44;614
        Stazzona;8;97;180;224;23;25;557
        Tavernerio;150;757;1518;2078;270;531;5304
        Torno;19;134;276;428;65;116;1038
        Tremezzina;144;771;1293;1911;208;361;4688
        Trezzone;3;43;60;84;6;16;212
        Turate;303;1309;2585;3421;432;862;8912
        Uggiate-Trevano;131;711;1407;1863;250;398;4760
        Uggiate con Ronago;..;..;..;..;..;..;..
        Val Rezzo;11;54;62;23;1;..;151
        Valbrona;69;385;772;956;80;162;2424
        Valmorea;74;379;715;992;111;183;2454
        Valsolda;34;222;367;550;55;108;1336
        Veleso;3;34;68;72;9;12;198
        Veniano;106;432;933;1042;144;190;2847
        Vercana;19;131;213;266;22;45;696
        Vertemate con Minoprio;127;659;1171;1413;181;284;3835
        Villa Guardia;247;1067;2009;2877;394;753;7347
        Zelbio;2;25;42;86;11;7;173
      Sondrio;4383;24816;47562;70088;6564;13109;166522
        Albaredo per San Marco;4;74;104;96;3;7;288
        Albosaggia;59;465;766;1255;91;182;2818
        Andalo Valtellino;18;115;158;196;16;27;530
        Aprica;30;194;359;625;53;107;1368
        Ardenno;69;448;868;1268;120;217;2990
        Bema;..;21;39;39;5;8;112
        Berbenno di Valtellina;100;646;1011;1648;161;234;3800
        Bianzone;35;186;353;488;28;71;1161
        Bormio;99;438;979;1623;170;390;3699
        Buglio in Monte;45;350;619;732;39;67;1852
        Caiolo;36;159;277;408;42;63;985
        Campodolcino;13;111;255;390;32;64;865
        Caspoggio;11;269;409;469;45;61;1264
        Castello dell'Acqua;12;105;192;220;11;25;565
        Castione Andevenno;28;278;435;563;48;91;1443
        Cedrasco;8;73;99;187;15;23;405
        Cercino;24;118;260;270;21;49;742
        Chiavenna;205;884;1893;2805;314;689;6790
        Chiesa in Valmalenco;38;428;640;886;61;138;2191
        Chiuro;68;380;593;1008;87;158;2294
        Cino;9;82;114;107;7;8;327
        Civo;17;192;357;397;28;54;1045
        Colorina;43;216;389;558;43;56;1305
        Cosio Valtellino;119;828;1578;2064;203;365;5157
        Dazio;14;68;139;184;24;31;460
        Delebio;120;504;886;1162;137;228;3037
        Dubino;143;576;1081;1362;119;208;3489
        Faedo Valtellino;9;90;165;186;10;28;488
        Forcola;19;111;230;305;12;31;708
        Fusine;7;83;150;233;15;28;516
        Gerola Alta;2;29;35;76;4;10;156
        Gordona;59;248;566;776;55;86;1790
        Grosio;95;605;1152;1890;107;189;4038
        Grosotto;35;207;405;676;78;104;1505
        Lanzada;31;247;354;494;39;39;1204
        Livigno;199;647;2103;2576;239;310;6074
        Lovero;16;90;158;256;20;33;573
        Madesimo;6;66;140;194;14;59;479
        Mantello;19;113;204;298;20;41;695
        Mazzo di Valtellina;20;135;292;419;26;61;953
        Mello;18;183;331;285;25;29;871
        Mese;54;224;519;747;67;77;1688
        Montagna in Valtellina;75;452;685;1197;125;266;2800
        Morbegno;288;1547;3133;4545;573;1353;11439
        Novate Mezzola;49;251;589;712;66;96;1763
        Pedesina;1;8;17;8;..;1;35
        Piantedo;38;206;390;519;56;77;1286
        Piateda;40;356;522;863;49;95;1925
        Piuro;37;239;543;783;69;94;1765
        Poggiridenti;41;247;436;729;67;149;1669
        Ponte in Valtellina;59;292;561;921;82;199;2114
        Postalesio;15;98;194;264;20;33;624
        Prata Camportaccio;107;360;862;1164;81;141;2715
        Rasura;5;68;86;109;4;7;279
        Rogolo;12;83;174;200;22;26;517
        Samolaco;68;412;854;1143;78;111;2666
        San Giacomo Filippo;3;73;114;135;7;9;341
        Sernio;16;59;100;210;26;38;449
        Sondalo;86;571;1078;1577;181;188;3681
        Sondrio;515;2444;4702;8217;944;2971;19793
        Spriana;2;19;24;24;2;5;76
        Talamona;94;734;1348;1774;138;207;4295
        Tartano;4;59;63;53;5;7;191
        Teglio;103;710;1170;1833;159;286;4261
        Tirano;235;1125;2091;3580;395;833;8259
        Torre di Santa Maria;11;151;209;264;13;43;691
        Tovo di Sant'Agata;13;88;152;264;21;35;573
        Traona;80;360;857;1057;79;137;2570
        Tresivio;42;268;483;837;97;171;1898
        Val Masino;14;156;274;306;22;33;805
        Valdidentro;119;506;1107;1673;183;238;3826
        Valdisotto;86;487;961;1519;109;166;3328
        Valfurva;51;360;736;1006;73;109;2335
        Verceia;26;170;320;409;38;40;1003
        Vervio;4;34;48;87;2;11;186
        Villa di Chiavenna;19;128;246;432;18;30;873
        Villa di Tirano;69;409;776;1253;106;158;2771
      Milano;106334;336609;730416;1149012;162477;513697;2998545
        Abbiategrasso;1187;4071;7944;12003;1425;3567;30197
        Albairate;133;547;1285;1861;228;381;4435
        Arconate;211;907;1894;2467;264;509;6252
        Arese;523;1823;4010;7481;1021;3369;18227
        Arluno;411;1361;3359;4606;548;1075;11360
        Assago;247;783;1778;3530;566;1516;8420
        Baranzate;594;1503;3490;4045;390;832;10854
        Bareggio;537;2077;4576;6628;745;1516;16079
        Basiano;139;437;977;1443;135;308;3439
        Basiglio;222;448;1326;2956;542;1922;7416
        Bellinzago Lombardo;103;451;969;1470;172;404;3569
        Bernate Ticino;85;446;802;1102;114;207;2756
        Besate;60;280;629;759;61;128;1917
        Binasco;175;853;1885;2791;313;643;6660
        Boffalora sopra Ticino;106;563;1131;1531;156;359;3846
        Bollate;1115;4513;9387;13984;1563;3308;33870
        Bresso;875;3103;6204;9949;1184;3081;24396
        Bubbiano;61;273;704;993;98;165;2294
        Buccinasco;810;2665;5945;10654;1384;3577;25035
        Buscate;151;711;1332;1643;144;320;4301
        Bussero;186;955;1871;3395;436;1026;7869
        Busto Garolfo;451;1910;3900;5133;588;1119;13101
        Calvignasco;35;135;343;501;41;72;1127
        Cambiago;211;833;1849;2713;319;610;6535
        Canegrate;429;1731;3569;4521;511;949;11710
        Carpiano;134;427;1097;1557;197;325;3737
        Carugate;499;1847;3872;6097;808;1465;14588
        Casarile;136;447;1088;1534;193;282;3680
        Casorezzo;151;696;1526;2155;217;432;5177
        Cassano d'Adda;617;2276;5027;7236;825;1946;17927
        Cassina de' Pecchi;470;1391;2953;5292;678;2109;12893
        Cassinetta di Lugagnano;58;225;502;733;89;186;1793
        Castano Primo;389;1531;3067;3803;365;929;10084
        Cernusco sul Naviglio;1114;3748;6796;12127;1896;6396;32077
        Cerro al Lambro;140;581;1210;2060;270;529;4790
        Cerro Maggiore;507;2105;4088;5324;577;1263;13864
        Cesano Boscone;880;2984;6212;8713;916;2093;21798
        Cesate;444;1568;3742;5444;659;1328;13185
        Cinisello Balsamo;2992;9645;19475;27786;3025;6355;69278
        Cisliano;162;562;1153;2068;240;460;4645
        Cologno Monzese;1773;6073;11799;16917;2040;4708;43310
        Colturano;67;207;544;814;57;193;1882
        Corbetta;591;2278;4576;7134;828;1885;17292
        Cormano;735;2523;5194;7748;875;1829;18904
        Cornaredo;620;2327;5117;8205;945;2047;19261
        Corsico;1321;4422;9007;12579;1443;3330;32102
        Cuggiono;254;1043;2280;3008;338;664;7587
        Cusago;122;334;852;1714;267;912;4201
        Cusano Milanino;592;2349;4372;7183;919;2262;17677
        Dairago;203;850;1741;2341;257;520;5912
        Dresano;118;381;733;1223;124;267;2846
        Gaggiano;317;1120;2351;3508;396;909;8601
        Garbagnate Milanese;914;3436;7057;9990;1128;2500;25025
        Gessate;240;917;1991;3450;424;1135;8157
        Gorgonzola;707;2187;4508;8023;1088;3010;19523
        Grezzago;95;366;933;1149;131;196;2870
        Gudo Visconti;44;164;444;674;50;134;1510
        Inveruno;236;1180;2207;3161;321;761;7866
        Inzago;377;1392;2778;4251;527;1113;10438
        Lacchiarella;337;1126;2512;3359;347;730;8411
        Lainate;825;3302;6533;9961;1249;2619;24489
        Legnano;1882;6114;13636;22244;2990;9022;55888
        Liscate;137;501;1053;1626;168;283;3768
        Locate di Triulzi;355;1278;2648;3791;521;920;9513
        Magenta;774;3056;5854;8918;1171;2797;22570
        Magnago;309;1285;2544;3460;384;740;8722
        Marcallo con Casone;186;821;1686;2313;264;525;5795
        Masate;118;393;878;1562;173;387;3511
        Mediglia;458;1426;3326;4559;511;1082;11362
        Melegnano;626;2119;4163;6553;870;2183;16514
        Melzo;610;2373;4688;6865;786;1736;17058
        Mesero;137;565;1077;1642;170;341;3932
        Milano;44475;115513;263057;447356;78693;314886;1263980
        Morimondo;31;162;296;359;55;59;962
        Motta Visconti;265;932;2374;3013;337;616;7537
        Nerviano;464;2158;4563;6369;715;1487;15756
        Nosate;10;99;177;253;26;50;615
        Novate Milanese;528;2258;4774;7750;940;2349;18599
        Noviglio;142;482;1208;1791;186;383;4192
        Opera;467;1576;3338;5439;739;1750;13309
        Ossona;124;549;1265;1637;160;296;4031
        Ozzero;45;200;389;495;56;109;1294
        Paderno Dugnano;1521;5886;11861;18117;2028;4463;43876
        Pantigliate;183;706;1549;2248;238;461;5385
        Parabiago;932;3384;6890;10627;1230;2916;25979
        Paullo;363;1513;3017;4210;420;803;10326
        Pero;412;1353;3089;4257;493;1118;10722
        Peschiera Borromeo;695;2313;5148;9451;1226;3723;22556
        Pessano con Bornago;255;1068;2313;3588;418;730;8372
        Pieve Emanuele;514;1757;4488;6005;655;1180;14599
        Pioltello;1520;4459;9937;12836;1456;3026;33234
        Pogliano Milanese;241;1005;2251;3269;363;720;7849
        Pozzo d'Adda;219;682;1711;2589;251;521;5973
        Pozzuolo Martesana;290;1033;2269;3277;370;746;7985
        Pregnana Milanese;252;910;1806;2724;327;700;6719
        Rescaldina;425;1752;3841;5323;587;1242;13170
        Rho;1535;5935;11937;19060;2427;6158;47052
        Robecchetto con Induno;152;722;1381;1763;158;303;4479
        Robecco sul Naviglio;199;895;1792;2550;294;610;6340
        Rodano;137;455;1123;1800;188;607;4310
        Rosate;165;736;1500;2202;215;498;5316
        Rozzano;1624;5448;11666;14935;1594;3036;38303
        San Colombano al Lambro;244;897;1986;2743;278;681;6829
        San Donato Milanese;977;2759;6233;11348;1740;6783;29840
        San Giorgio su Legnano;223;865;1794;2526;304;591;6303
        San Giuliano Milanese;1509;4746;10044;14536;1687;3726;36248
        San Vittore Olona;262;990;2241;3115;352;739;7699
        San Zenone al Lambro;166;485;1177;1771;168;320;4087
        Santo Stefano Ticino;150;608;1268;1914;231;444;4615
        Sedriano;421;1494;3473;4820;569;997;11774
        Segrate;1043;3222;7272;13630;2023;6905;34095
        Senago;727;2809;5878;8172;807;1519;19912
        Sesto San Giovanni;2626;8956;18368;29700;3876;10250;73776
        Settala;254;895;2075;2769;295;569;6857
        Settimo Milanese;604;2203;4950;7949;931;1981;18618
        Solaro;505;1802;3977;5133;562;899;12878
        Trezzano Rosa;187;611;1434;2076;259;426;4993
        Trezzano sul Naviglio;737;2295;5557;8247;962;2025;19823
        Trezzo sull'Adda;415;1520;3141;4537;514;1063;11190
        Tribiano;111;391;909;1556;158;289;3414
        Truccazzano;194;686;1672;2236;234;399;5421
        Turbigo;260;990;1999;2507;253;568;6577
        Vanzaghello;156;772;1426;1953;212;411;4930
        Vanzago;284;1042;2284;3622;437;982;8651
        Vaprio d'Adda;316;1063;2417;3589;389;887;8661
        Vermezzo;..;..;..;..;..;..;..
        Vermezzo con Zelo;174;573;1561;2363;247;494;5412
        Vernate;80;371;955;1278;134;290;3108
        Vignate;293;1118;2287;3577;397;839;8511
        Villa Cortese;199;940;1710;2231;277;441;5798
        Vimodrone;569;1973;3989;6068;814;2140;15553
        Vittuone;317;1105;2412;3522;412;821;8589
        Vizzolo Predabissi;107;419;975;1547;175;383;3606
        Zelo Surrigone;..;..;..;..;..;..;..
        Zibido San Giacomo;209;748;1893;2671;270;488;6279
      Bergamo;33376;154497;336774;365998;43367;92812;1026824
        Adrara San Martino;63;325;784;655;65;102;1994
        Adrara San Rocco;21;159;287;240;19;30;756
        Albano Sant'Alessandro;268;1116;2758;2687;304;524;7657
        Albino;484;2411;5472;5918;746;1339;16370
        Algua;18;111;236;218;21;31;635
        Almè;132;870;1780;1814;227;349;5172
        Almenno San Bartolomeo;189;889;2055;2173;272;470;6048
        Almenno San Salvatore;131;868;1834;1797;210;354;5194
        Alzano Lombardo;345;1725;3902;4656;593;1281;12502
        Ambivere;64;302;814;774;72;152;2178
        Antegnate;124;472;1071;1026;93;152;2938
        Arcene;175;665;1543;1670;190;307;4550
        Ardesio;97;565;1267;938;103;148;3118
        Arzago d'Adda;78;352;830;1026;96;168;2550
        Averara;3;33;59;65;4;7;171
        Aviatico;9;84;173;212;13;40;531
        Azzano San Paolo;231;1037;2244;2641;321;601;7075
        Azzone;12;66;135;109;4;19;345
        Bagnatica;166;619;1381;1500;153;323;4142
        Barbata;28;109;270;176;25;35;643
        Bariano;129;680;1382;1342;149;224;3906
        Barzana;78;239;686;650;72;126;1851
        Bedulita;18;123;208;241;24;37;651
        Berbenno;70;391;801;805;70;147;2284
        Bergamo;3297;11441;26619;40512;6475;23693;112037
        Berzo San Fermo;52;235;462;415;45;56;1265
        Bianzano;12;104;213;194;25;29;577
        Blello;..;24;19;16;4;4;67
        Bolgare;252;917;2291;1970;223;309;5962
        Boltiere;219;818;2039;2112;200;350;5738
        Bonate Sopra;314;1209;3073;3565;476;713;9350
        Bonate Sotto;219;959;2109;2196;221;468;6172
        Borgo di Terzo;52;162;336;413;50;69;1082
        Bossico;29;143;332;295;31;61;891
        Bottanuco;155;799;1729;1679;142;244;4748
        Bracca;17;124;235;248;19;29;672
        Branzi;14;102;235;210;15;31;607
        Brembate;268;1199;2915;2766;310;466;7924
        Brembate di Sopra;217;1266;2437;2582;332;573;7407
        Brignano Gera d'Adda;182;810;1848;2093;226;419;5578
        Brumano;3;16;43;39;3;5;109
        Brusaporto;152;770;1702;1956;211;459;5250
        Calcinate;213;920;2114;1813;197;357;5614
        Calcio;199;918;1818;1609;167;299;5010
        Calusco d'Adda;284;1389;2758;2516;238;440;7625
        Calvenzano;117;661;1242;1521;157;318;4016
        Camerata Cornello;16;84;197;211;12;15;535
        Canonica d'Adda;153;616;1293;1487;129;258;3936
        Capizzone;36;193;380;404;41;86;1140
        Capriate San Gervasio;222;1124;2427;2828;310;642;7553
        Caprino Bergamasco;101;457;1075;931;95;174;2833
        Caravaggio;504;2336;4772;5491;559;1299;14961
        Carobbio degli Angeli;179;678;1551;1537;194;261;4400
        Carona;2;56;88;105;13;10;274
        Carvico;130;753;1540;1441;161;270;4295
        Casazza;130;542;1235;1202;163;245;3517
        Casirate d'Adda;124;535;1257;1395;152;296;3759
        Casnigo;79;560;1038;924;114;149;2864
        Cassiglio;3;19;44;33;4;1;104
        Castel Rozzone;88;459;878;934;106;137;2602
        Castelli Calepio;394;1626;3462;3128;313;581;9504
        Castione della Presolana;70;452;1176;1145;123;171;3137
        Castro;36;164;357;443;43;120;1163
        Cavernago;94;364;935;907;102;182;2584
        Cazzano Sant'Andrea;39;271;514;561;63;83;1531
        Cenate Sopra;66;347;813;855;102;183;2366
        Cenate Sotto;110;536;1215;1282;148;302;3593
        Cene;118;598;1414;1310;126;229;3795
        Cerete;44;241;516;553;60;90;1504
        Chignolo d'Isola;106;475;1158;1055;113;157;3064
        Chiuduno;181;884;2024;1971;215;349;5624
        Cisano Bergamasco;178;955;2038;2041;226;354;5792
        Ciserano;208;770;1861;1822;168;270;5099
        Cividate al Piano;167;804;1813;1517;135;232;4668
        Clusone;221;1139;2555;3017;327;753;8012
        Colere;29;157;457;336;26;29;1034
        Cologno al Serio;338;1790;3709;3369;397;610;10213
        Colzate;54;258;530;502;60;100;1504
        Comun Nuovo;132;619;1493;1402;154;245;4045
        Corna Imagna;31;153;331;267;34;41;857
        Cornalba;8;63;106;81;7;15;280
        Cortenuova;86;307;718;581;63;59;1814
        Costa di Mezzate;124;463;1156;1077;131;185;3136
        Costa Serina;13;160;328;269;29;33;832
        Costa Valle Imagna;7;101;188;192;15;25;528
        Costa Volpino;272;1352;2788;2894;305;598;8209
        Covo;169;722;1378;1290;127;203;3889
        Credaro;140;516;1156;1121;107;179;3219
        Curno;200;994;2151;2597;318;809;7069
        Cusio;1;40;86;69;3;8;207
        Dalmine;641;3088;6887;8296;961;1916;21789
        Dossena;16;152;326;284;18;30;826
        Endine Gaiano;101;522;1119;1160;109;191;3202
        Entratico;63;293;656;641;67;102;1822
        Fara Gera d'Adda;248;1020;2434;2801;290;594;7387
        Fara Olivana con Sola;40;234;458;386;45;57;1220
        Filago;91;483;1055;1001;103;128;2861
        Fino del Monte;23;160;364;407;51;80;1085
        Fiorano al Serio;101;464;1008;896;114;175;2758
        Fontanella;186;762;1545;1445;136;264;4338
        Fonteno;14;88;192;199;12;22;527
        Foppolo;3;26;51;61;5;8;154
        Foresto Sparso;94;502;1094;942;86;125;2843
        Fornovo San Giovanni;97;455;1083;1155;138;185;3113
        Fuipiano Valle Imagna;6;50;54;66;9;10;195
        Gandellino;24;164;323;302;28;64;905
        Gandino;152;926;1764;1597;161;255;4855
        Gandosso;39;249;503;450;46;76;1363
        Gaverina Terme;33;144;299;265;26;57;824
        Gazzaniga;135;812;1630;1585;158;266;4586
        Ghisalba;214;1035;2253;1756;164;238;5660
        Gorlago;260;810;1718;1521;182;282;4773
        Gorle;188;619;1469;2408;348;1103;6135
        Gorno;32;261;557;452;34;61;1397
        Grassobbio;183;911;2049;2175;255;411;5984
        Gromo;30;172;372;388;44;69;1075
        Grone;32;148;278;274;31;37;800
        Grumello del Monte;262;1135;2341;2388;258;463;6847
        Isola di Fondra;2;22;63;68;5;10;170
        Isso;21;111;209;177;18;33;569
        Lallio;97;492;1236;1510;208;321;3864
        Leffe;113;877;1425;1242;144;257;4058
        Lenna;13;73;180;214;16;28;524
        Levate;97;568;1196;1243;127;219;3450
        Locatello;25;139;267;254;27;34;746
        Lovere;114;619;1301;1808;221;636;4699
        Lurano;99;415;909;926;98;164;2611
        Luzzana;29;130;285;307;31;57;839
        Madone;149;625;1435;1245;115;204;3773
        Mapello;226;1005;2140;2294;290;418;6373
        Martinengo;383;1709;3614;3210;355;587;9858
        Medolago;56;320;786;805;86;114;2167
        Mezzoldo;..;39;62;52;2;5;160
        Misano di Gera d'Adda;93;426;964;1017;69;166;2735
        Moio de' Calvi;3;22;69;88;6;14;202
        Monasterolo del Castello;20;148;350;412;52;83;1065
        Montello;108;429;1151;1018;99;181;2986
        Morengo;69;373;831;841;74;127;2315
        Mornico al Serio;99;491;994;863;94;151;2692
        Mozzanica;128;677;1342;1536;156;234;4073
        Mozzo;190;812;1812;2664;365;1015;6858
        Nembro;322;1766;3557;3640;431;791;10507
        Olmo al Brembo;11;97;159;151;16;17;451
        Oltre il Colle;25;154;325;337;24;45;910
        Oltressenda Alta;..;30;33;49;5;12;129
        Oneta;13;110;188;182;13;29;535
        Onore;21;135;292;334;32;48;862
        Orio al Serio;57;220;536;539;77;116;1545
        Ornica;3;44;49;35;3;2;136
        Osio Sopra;184;713;1691;1822;163;267;4840
        Osio Sotto;424;1771;4047;4176;424;788;11630
        Pagazzano;84;330;664;678;80;105;1941
        Paladina;115;593;1221;1347;143;280;3699
        Palazzago;132;664;1497;1428;178;263;4162
        Palosco;188;936;2074;1663;177;253;5291
        Parre;69;388;990;808;97;128;2480
        Parzanica;3;79;126;83;6;15;312
        Pedrengo;157;754;1776;2107;286;450;5530
        Peia;41;358;639;476;41;51;1606
        Pianico;52;209;463;492;50;75;1341
        Piario;23;128;344;367;43;57;962
        Piazza Brembana;18;158;322;497;47;72;1114
        Piazzatorre;2;57;128;149;14;30;380
        Piazzolo;..;18;22;32;2;5;79
        Pognano;59;256;583;421;48;70;1437
        Ponte Nossa;43;266;525;618;56;109;1617
        Ponte San Pietro;415;1589;3483;3880;468;942;10777
        Ponteranica;158;945;1876;2229;297;777;6282
        Pontida;102;495;1071;1010;111;211;3000
        Pontirolo Nuovo;140;767;1681;1583;163;222;4556
        Pradalunga;127;708;1508;1410;180;262;4195
        Predore;52;254;542;669;84;149;1750
        Premolo;18;172;364;369;43;44;1010
        Presezzo;152;691;1389;1624;208;381;4445
        Pumenengo;43;290;605;525;43;61;1567
        Ranica;157;779;1521;2059;278;743;5537
        Ranzanico;31;181;369;438;51;101;1171
        Riva di Solto;19;146;245;300;20;84;814
        Rogno;105;540;1231;1359;119;237;3591
        Romano di Lombardia;776;3080;6378;6398;787;1548;18967
        Roncobello;9;74;115;167;17;29;411
        Roncola;19;119;273;306;26;52;795
        Rota d'Imagna;27;165;315;289;17;37;850
        Rovetta;109;564;1192;1447;182;302;3796
        San Giovanni Bianco;108;749;1556;1622;125;203;4363
        San Paolo d'Argon;231;730;1876;1929;222;351;5339
        San Pellegrino Terme;115;779;1415;1606;157;329;4401
        Santa Brigida;6;105;211;149;9;10;490
        Sant'Omobono Terme;122;619;1308;1273;124;174;3620
        Sarnico;181;890;1813;2426;328;687;6325
        Scanzorosciate;266;1322;2858;3371;441;973;9231
        Schilpario;23;178;370;410;28;62;1071
        Sedrina;61;378;858;705;64;84;2150
        Selvino;48;301;640;677;76;154;1896
        Seriate;746;3106;7158;8821;1169;2522;23522
        Serina;55;333;687;682;63;112;1932
        Solto Collina;51;267;524;623;69;145;1679
        Solza;65;269;680;619;69;113;1815
        Songavazzo;22;100;218;262;23;47;672
        Sorisole;235;1329;2760;2987;350;643;8304
        Sotto il Monte Giovanni XXIII;129;615;1346;1447;177;345;4059
        Sovere;139;822;1585;1839;180;343;4908
        Spinone al Lago;33;150;320;321;33;68;925
        Spirano;177;873;1900;1786;157;313;5206
        Stezzano;404;1635;3863;4747;614;1214;12477
        Strozza;25;189;389;363;27;41;1034
        Suisio;99;583;1344;1171;123;202;3522
        Taleggio;14;100;182;183;13;23;515
        Tavernola Bergamasca;52;331;611;657;59;119;1829
        Telgate;193;805;1633;1571;151;237;4590
        Terno d'Isola;270;1000;2509;2799;290;481;7349
        Torre Boldone;269;1124;2285;3006;408;1020;8112
        Torre de' Busi;57;347;727;698;83;119;2031
        Torre de' Roveri;63;346;746;858;119;215;2347
        Torre Pallavicina;56;204;374;342;31;46;1053
        Trescore Balneario;352;1327;3016;3141;413;775;9024
        Treviglio;924;3868;7696;10477;1467;4013;28445
        Treviolo;304;1468;3122;3642;532;988;10056
        Ubiale Clanezzo;34;241;459;434;42;45;1255
        Urgnano;296;1426;3376;3158;368;557;9181
        Valbondione;17;167;375;306;16;29;910
        Valbrembo;110;582;1222;1506;183;344;3947
        Val Brembilla;109;775;1538;1154;143;142;3861
        Valgoglio;9;115;212;171;8;14;529
        Valleve;5;21;47;42;3;1;119
        Valnegra;5;34;58;80;5;18;200
        Valtorta;2;48;97;77;6;4;234
        Vedeseta;8;58;58;48;1;10;183
        Verdellino;354;1137;2605;2228;222;374;6920
        Verdello;310;1209;2525;2590;295;550;7479
        Vertova;129;770;1413;1468;132;218;4130
        Viadanica;30;187;369;362;40;59;1047
        Vigano San Martino;54;226;434;412;39;78;1243
        Vigolo;24;101;221;162;17;8;533
        Villa d'Adda;137;729;1449;1524;158;321;4318
        Villa d'Almè;162;995;1990;2242;253;444;6086
        Villa di Serio;167;862;2151;2214;289;496;6179
        Villa d'Ogna;42;263;550;622;72;115;1664
        Villongo;312;1248;2648;2516;284;483;7491
        Vilminore di Scalve;31;174;414;579;43;81;1322
        Zandobbio;96;395;950;835;94;135;2505
        Zanica;278;1206;2551;2947;352;673;8007
        Zogno;210;1356;2828;2893;315;459;8061
      Brescia;39620;180622;375780;418009;48218;104451;1166700
        Acquafredda;54;246;529;477;37;72;1415
        Adro;201;1217;2327;2233;235;444;6657
        Agnosine;51;263;572;562;43;66;1557
        Alfianello;76;412;841;641;89;124;2183
        Anfo;11;90;149;144;9;20;423
        Angolo Terme;57;392;793;749;71;101;2163
        Artogne;91;510;1215;1197;119;174;3306
        Azzano Mella;121;432;998;1230;137;220;3138
        Bagnolo Mella;369;2050;3928;3890;442;833;11512
        Bagolino;95;743;1265;1223;98;163;3587
        Barbariga;75;368;813;722;85;123;2186
        Barghe;44;183;337;400;42;56;1062
        Bassano Bresciano;65;340;793;750;74;129;2151
        Bedizzole;383;1800;3788;4134;433;792;11330
        Berlingo;99;422;988;847;71;117;2544
        Berzo Demo;31;214;462;604;49;85;1445
        Berzo Inferiore;67;397;741;826;91;139;2261
        Bienno;106;667;1044;1306;145;256;3524
        Bione;34;266;441;401;29;53;1224
        Borgo San Giacomo;178;843;1810;1731;142;279;4983
        Borgosatollo;315;1439;2790;2953;367;619;8483
        Borno;51;394;722;878;95;182;2322
        Botticino;278;1589;3221;3465;466;1005;10024
        Bovegno;57;393;745;612;29;62;1898
        Bovezzo;191;993;2074;2537;361;707;6863
        Brandico;57;240;636;532;50;73;1588
        Braone;23;95;184;253;39;43;637
        Breno;134;697;1238;1667;182;438;4356
        Brescia;6347;23048;48258;65844;9452;30586;183535
        Brione;18;123;234;260;21;43;699
        Caino;63;284;715;768;75;119;2024
        Calcinato;485;1899;4324;4138;387;596;11829
        Calvagese della Riviera;111;478;1128;1289;139;259;3404
        Calvisano;297;1268;2727;2687;269;514;7762
        Capo di Ponte;56;379;699;805;81;151;2171
        Capovalle;4;101;106;99;6;4;320
        Capriano del Colle;134;689;1463;1565;188;310;4349
        Capriolo;298;1470;3117;3017;332;453;8687
        Carpenedolo;554;2095;4148;4049;408;680;11934
        Castegnato;252;1118;2574;2835;351;568;7698
        Castel Mella;329;1366;3314;3916;441;775;10141
        Castelcovati;282;1051;2567;1885;177;263;6225
        Castenedolo;398;1769;3543;3887;415;728;10740
        Casto;37;262;593;509;35;61;1497
        Castrezzato;267;1173;2490;2306;225;361;6822
        Cazzago San Martino;301;1826;3549;3281;396;598;9951
        Cedegolo;22;159;305;410;51;76;1023
        Cellatica;126;656;1330;1615;235;596;4558
        Cerveno;12;86;164;288;23;41;614
        Ceto;40;263;528;677;61;92;1661
        Cevo;21;109;266;316;21;43;776
        Chiari;642;3050;5773;6091;718;1416;17690
        Cigole;38;273;448;469;51;89;1368
        Cimbergo;11;92;173;184;18;20;498
        Cividate Camuno;67;438;806;921;79;166;2477
        Coccaglio;296;1319;2843;2746;315;589;8108
        Collebeato;85;620;1114;1512;236;626;4193
        Collio;58;375;778;557;33;75;1876
        Cologne;258;1178;2416;2436;253;439;6980
        Comezzano-Cizzago;146;565;1569;1192;115;159;3746
        Concesio;427;2146;4348;5367;749;1542;14579
        Corte Franca;198;1081;2294;2284;273;549;6679
        Corteno Golgi;51;317;598;698;52;80;1796
        Corzano;43;207;490;489;33;70;1332
        Darfo Boario Terme;454;2178;4529;5467;555;1350;14533
        Dello;200;812;1870;1833;180;310;5205
        Desenzano del Garda;830;3457;7192;10393;1427;4007;27306
        Edolo;120;618;1246;1634;159;326;4103
        Erbusco;265;1242;2824;2800;322;616;8069
        Esine;145;758;1595;1711;198;328;4735
        Fiesse;68;351;724;576;51;82;1852
        Flero;262;1368;2633;2932;327;631;8153
        Gambara;148;803;1372;1484;143;264;4214
        Gardone Riviera;47;330;671;1002;120;338;2508
        Gardone Val Trompia;440;1748;3484;3849;364;680;10565
        Gargnano;62;445;740;999;84;214;2544
        Gavardo;434;1666;3651;4249;469;882;11351
        Ghedi;639;2823;5852;6031;685;1073;17103
        Gianico;56;323;667;733;76;121;1976
        Gottolengo;185;818;1605;1563;157;270;4598
        Gussago;465;2352;4688;5564;729;1688;15486
        Idro;52;298;606;614;64;116;1750
        Incudine;5;60;97;127;8;22;319
        Irma;1;19;44;55;2;3;124
        Iseo;254;1138;2392;3267;352;1012;8415
        Isorella;132;727;1368;1236;114;165;3742
        Lavenone;17;71;186;152;16;17;459
        Leno;460;2098;4689;4667;456;842;13212
        Limone sul Garda;34;167;350;415;31;55;1052
        Lodrino;41;239;568;517;77;74;1516
        Lograto;109;555;1133;1279;133;249;3458
        Lonato del Garda;553;2218;4855;5949;703;1331;15609
        Longhena;9;83;177;193;20;35;517
        Losine;24;92;133;261;36;39;585
        Lozio;12;103;103;111;10;7;346
        Lumezzane;656;3825;7215;6696;614;1039;20045
        Maclodio;46;229;537;455;41;50;1358
        Magasa;..;40;32;24;3;7;106
        Mairano;117;481;1188;1123;110;188;3207
        Malegno;49;341;597;631;61;128;1807
        Malonno;76;527;825;1156;107;140;2831
        Manerba del Garda;160;641;1526;1983;246;494;5050
        Manerbio;468;1977;3890;4377;543;1068;12323
        Marcheno;126;673;1400;1334;121;218;3872
        Marmentino;15;118;224;216;16;26;615
        Marone;106;395;1066;996;108;222;2893
        Mazzano;369;1743;3830;4370;486;906;11704
        Milzano;97;278;567;559;49;77;1627
        Moniga del Garda;79;310;700;969;125;273;2456
        Monno;14;90;151;199;15;18;487
        Monte Isola;29;318;627;452;47;74;1547
        Monticelli Brusati;116;611;1346;1582;208;434;4297
        Montichiari;946;3543;7995;8847;930;1769;24030
        Montirone;167;728;1746;1580;188;244;4653
        Mura;27;141;271;255;19;18;731
        Muscoline;81;398;839;899;110;181;2508
        Nave;274;1675;3269;3615;379;703;9915
        Niardo;56;254;547;701;62;165;1785
        Nuvolento;161;665;1233;1223;132;209;3623
        Nuvolera;142;680;1424;1625;165;311;4347
        Odolo;78;313;603;605;54;83;1736
        Offlaga;129;644;1400;1291;109;207;3780
        Ome;81;513;994;976;120;261;2945
        Ono San Pietro;21;121;341;345;31;49;908
        Orzinuovi;403;1783;3820;4069;468;967;11510
        Orzivecchi;63;392;823;786;81;128;2273
        Ospitaletto;571;2019;4711;4739;541;884;13465
        Ossimo;44;213;449;543;53;80;1382
        Padenghe sul Garda;149;556;1175;1689;238;684;4491
        Paderno Franciacorta;128;546;1135;1173;132;306;3420
        Paisco Loveno;4;31;41;78;5;3;162
        Paitone;76;327;740;716;69;100;2028
        Palazzolo sull'Oglio;748;2865;6033;6744;744;1512;18646
        Paratico;137;588;1435;1780;187;441;4568
        Paspardo;12;87;164;221;21;31;536
        Passirano;177;982;2067;2278;313;629;6446
        Pavone del Mella;96;409;863;898;93;132;2491
        Pertica Alta;13;118;181;166;14;29;521
        Pertica Bassa;22;123;190;153;19;21;528
        Pezzaze;35;287;550;420;23;46;1361
        Pian Camuno;160;614;1565;1630;151;238;4358
        Piancogno;134;721;1455;1594;177;331;4412
        Pisogne;214;1198;2521;2539;313;555;7340
        Polaveno;72;443;831;782;73;94;2295
        Polpenazze del Garda;68;361;766;979;123;265;2562
        Pompiano;137;625;1272;1105;109;195;3443
        Poncarale;144;728;1656;1782;217;317;4844
        Ponte di Legno;45;218;441;707;59;162;1632
        Pontevico;250;1194;2330;2076;280;418;6548
        Pontoglio;243;1187;2229;2150;208;363;6380
        Pozzolengo;127;532;1104;1240;115;254;3372
        Pralboino;129;483;822;911;87;159;2591
        Preseglie;38;296;465;458;44;66;1367
        Prevalle;242;1015;2094;2313;224;351;6239
        Provaglio d'Iseo;196;1062;2276;2355;265;518;6672
        Provaglio Val Sabbia;25;172;293;276;26;33;825
        Puegnago del Garda;86;495;980;1268;136;279;3244
        Quinzano d'Oglio;153;1011;2097;2012;194;307;5774
        Remedello;138;489;1063;1061;111;224;3086
        Rezzato;419;1846;3757;4647;558;1187;12414
        Roccafranca;196;699;1722;1457;131;234;4439
        Rodengo Saiano;278;1241;2817;3404;463;885;9088
        Roè Volciano;112;568;1257;1637;184;360;4118
        Roncadelle;248;1321;2814;3182;378;674;8617
        Rovato;722;2764;6304;5812;708;1328;17638
        Rudiano;203;914;2008;1859;165;266;5415
        Sabbio Chiese;138;630;1204;1359;143;183;3657
        Sale Marasino;88;496;1034;1072;121;262;3073
        Salò;268;1318;2642;3707;532;1378;9845
        San Felice del Benaco;95;444;928;1193;171;426;3257
        San Gervasio Bresciano;93;378;818;865;109;133;2396
        San Paolo;139;653;1466;1452;138;241;4089
        San Zeno Naviglio;129;651;1344;1673;199;369;4365
        Sarezzo;401;1975;4150;4452;451;774;12203
        Saviore dell'Adamello;13;187;259;268;16;29;772
        Sellero;39;230;435;501;44;59;1308
        Seniga;29;303;506;415;42;50;1345
        Serle;110;565;1118;894;86;108;2881
        Sirmione;234;1049;2185;3146;337;759;7710
        Soiano del Lago;46;218;487;714;75;257;1797
        Sonico;29;171;335;485;27;66;1113
        Sulzano;55;239;579;668;73;184;1798
        Tavernole sul Mella;35;230;377;388;34;73;1137
        Temù;34;155;328;431;28;77;1053
        Tignale;31;192;339;408;39;85;1094
        Torbole Casaglia;204;945;2140;2124;216;367;5996
        Toscolano-Maderno;219;1125;2162;2794;272;614;7186
        Travagliato;428;2199;4418;4475;525;716;12761
        Tremosine sul Garda;51;312;635;732;60;117;1907
        Trenzano;194;943;1978;1523;155;246;5039
        Treviso Bresciano;12;101;155;183;14;23;488
        Urago d'Oglio;132;676;1273;1106;105;151;3443
        Vallio Terme;35;237;442;471;35;77;1297
        Valvestino;3;42;44;55;10;8;162
        Verolanuova;265;1235;2578;2611;330;522;7541
        Verolavecchia;113;592;1264;1219;139;213;3540
        Vestone;166;640;1338;1416;128;182;3870
        Vezza d'Oglio;30;159;387;630;60;98;1364
        Villa Carcina;357;1673;3267;3423;392;669;9781
        Villachiara;29;197;486;441;38;78;1269
        Villanuova sul Clisi;180;813;1797;2009;231;409;5439
        Vione;16;112;165;241;20;29;583
        Visano;69;314;623;652;70;96;1824
        Vobarno;335;1254;2754;2687;217;390;7637
        Zone;22;186;361;334;25;56;984
      Pavia;16024;71833;142666;191489;20908;58499;501419
        Alagna;21;113;236;307;32;49;758
        Albaredo Arnaboldi;9;22;58;91;9;32;221
        Albonese;14;102;190;158;17;24;505
        Albuzzano;99;464;1045;1316;138;265;3327
        Arena Po;39;236;424;571;39;97;1406
        Badia Pavese;16;63;118;133;11;29;370
        Bagnaria;11;94;165;284;24;37;615
        Barbianello;16;119;224;323;35;92;809
        Bascapè;51;228;544;641;50;117;1631
        Bastida Pancarana;19;129;275;366;18;67;874
        Battuda;14;85;211;232;26;46;614
        Belgioioso;205;922;1847;2187;244;520;5925
        Bereguardo;82;374;781;1030;109;283;2659
        Borgarello;71;237;625;994;166;437;2530
        Borgo Priolo;27;183;360;501;42;109;1222
        Borgo San Siro;20;158;280;324;35;72;889
        Borgoratto Mormorolo;7;63;110;156;11;30;377
        Bornasco;78;319;798;987;93;183;2458
        Bosnasco;12;87;192;242;17;38;588
        Brallo di Pregola;6;138;125;157;15;37;478
        Breme;27;135;242;211;19;40;674
        Bressana Bottarone;107;499;931;1262;142;296;3237
        Broni;327;1271;2584;3525;325;859;8891
        Calvignano;3;19;20;38;6;13;99
        Campospinoso Albaredo;39;185;250;385;57;80;996
        Candia Lomellina;54;232;458;480;61;93;1378
        Canevino;..;..;..;..;..;..;..
        Canneto Pavese;37;168;366;478;39;134;1222
        Carbonara al Ticino;53;194;406;496;47;159;1355
        Casanova Lonati;16;50;148;175;10;38;437
        Casatisma;36;116;249;285;30;60;776
        Casei Gerola;87;385;670;813;72;162;2189
        Casorate Primo;265;1084;2751;3217;293;570;8180
        Cassolnovo;180;1096;1978;2383;255;431;6323
        Castana;18;111;188;275;28;70;690
        Casteggio;174;914;1702;2382;228;673;6073
        Castelletto di Branduzzo;29;173;275;337;30;93;937
        Castello d'Agogna;45;145;346;354;32;65;987
        Castelnovetto;18;99;164;181;9;28;499
        Cava Manara;197;838;1696;2444;332;755;6262
        Cecima;8;44;58;91;4;25;230
        Ceranova;74;268;690;839;91;136;2098
        Ceretto Lomellina;..;27;65;68;4;13;177
        Cergnago;17;120;229;223;12;34;635
        Certosa di Pavia;174;680;1484;1923;243;573;5077
        Cervesina;36;203;283;439;36;61;1058
        Chignolo Po;123;537;1340;1394;106;193;3693
        Cigognola;36;223;352;461;47;94;1213
        Cilavegna;141;791;1741;1866;179;317;5035
        Codevilla;25;127;243;362;32;94;883
        Colli Verdi;23;183;261;407;20;91;985
        Confienza;40;244;534;536;36;67;1457
        Copiano;38;249;539;597;65;96;1584
        Corana;17;115;208;293;22;52;707
        Cornale e Bastida;20;119;221;295;22;72;749
        Corteolona e Genzone;86;350;751;895;73;170;2325
        Corvino San Quirico;16;159;246;376;29;93;919
        Costa de' Nobili;8;60;118;136;12;17;351
        Cozzo;8;45;122;130;5;21;331
        Cura Carpignano;159;464;1194;1945;300;510;4572
        Dorno;140;744;1370;1611;131;300;4296
        Ferrera Erbognone;32;171;314;355;33;70;975
        Filighera;21;133;237;299;20;51;761
        Fortunago;6;61;94;139;9;32;341
        Frascarolo;33;248;358;311;25;56;1031
        Galliavola;7;38;59;42;2;11;159
        Gambarana;6;34;60;73;6;10;189
        Gambolò;306;1502;3070;3300;330;624;9132
        Garlasco;287;1514;2854;3187;347;732;8921
        Gerenzago;46;194;422;568;43;68;1341
        Giussago;182;701;1494;1930;166;407;4880
        Godiasco Salice Terme;76;365;758;1323;164;383;3069
        Golferenzo;2;21;56;56;7;23;165
        Gravellona Lomellina;99;395;740;996;96;190;2516
        Gropello Cairoli;118;595;1178;1570;146;362;3969
        Inverno e Monteleone;45;222;410;513;44;104;1338
        Landriano;217;827;1811;2389;233;460;5937
        Langosco;15;59;105;145;5;23;352
        Lardirago;43;167;355;433;31;81;1110
        Linarolo;69;382;789;1019;115;220;2594
        Lirio;4;23;44;38;3;9;121
        Lomello;73;344;697;641;66;115;1936
        Lungavilla;70;355;653;928;100;180;2286
        Magherno;55;264;568;622;58;90;1657
        Marcignago;73;339;708;873;88;187;2268
        Marzano;51;210;517;606;55;109;1548
        Mede;177;971;1966;2087;191;391;5783
        Menconico;9;82;79;132;7;23;332
        Mezzana Bigli;37;213;319;334;26;54;983
        Mezzana Rabattone;13;76;127;172;15;38;441
        Mezzanino;33;199;397;507;39;106;1281
        Miradolo Terme;100;515;1102;1385;113;242;3457
        Montalto Pavese;15;137;241;326;29;64;812
        Montebello della Battaglia;30;199;377;575;53;157;1391
        Montecalvo Versiggia;12;75;118;211;11;50;477
        Montescano;7;57;107;171;19;29;390
        Montesegale;3;32;66;112;9;26;248
        Monticelli Pavese;23;91;206;210;7;52;589
        Montù Beccaria;36;190;408;662;55;176;1527
        Mornico Losana;17;72;149;252;21;68;579
        Mortara;551;2038;4405;5449;535;1451;14429
        Nicorvo;11;43;101;97;2;16;270
        Olevano di Lomellina;28;131;224;235;16;42;676
        Oliva Gessi;4;25;44;63;8;23;167
        Ottobiano;27;168;365;370;23;62;1015
        Palestro;47;294;567;599;51;118;1676
        Pancarana;6;45;76;133;7;21;288
        Parona;57;322;602;607;54;105;1747
        Pavia;1870;6899;13832;22650;3871;17396;66518
        Pietra de' Giorgi;21;92;179;314;26;86;718
        Pieve Albignola;28;153;257;282;22;47;789
        Pieve del Cairo;61;324;581;543;50;107;1666
        Pieve Porto Morone;77;403;809;894;67;148;2398
        Pinarolo Po;61;245;455;643;53;141;1598
        Pizzale;16;97;174;281;22;55;645
        Ponte Nizza;15;99;191;332;27;59;723
        Portalbera;31;180;400;612;55;84;1362
        Rea;10;64;123;145;12;17;371
        Redavalle;38;160;277;384;30;92;981
        Retorbido;49;179;400;609;53;146;1436
        Rivanazzano Terme;138;576;1309;2028;234;542;4827
        Robbio;157;930;1606;2111;192;398;5394
        Robecco Pavese;17;66;140;203;18;55;499
        Rocca de' Giorgi;2;5;11;17;2;4;41
        Rocca Susella;3;33;44;101;8;26;215
        Rognano;15;55;180;272;38;51;611
        Romagnese;15;136;150;194;15;46;556
        Roncaro;49;157;444;595;72;113;1430
        Rosasco;17;96;182;178;12;33;518
        Rovescala;20;125;203;316;18;72;754
        Ruino;..;..;..;..;..;..;..
        San Cipriano Po;29;76;142;158;9;19;433
        San Damiano al Colle;17;103;152;249;23;49;593
        San Genesio ed Uniti;97;431;849;1493;191;666;3727
        San Giorgio di Lomellina;32;172;317;345;21;59;946
        San Martino Siccomario;167;697;1419;2312;323;990;5908
        San Zenone al Po;11;77;150;210;17;46;511
        Sannazzaro de' Burgondi;171;831;1527;1789;152;348;4818
        Santa Cristina e Bissone;61;290;546;663;50;110;1720
        Santa Giuletta;38;236;422;576;56;126;1454
        Santa Margherita di Staffora;9;104;105;163;13;37;431
        Santa Maria della Versa;57;294;629;874;65;169;2088
        Sant'Alessio con Vialone;35;103;243;392;51;113;937
        Sant'Angelo Lomellina;28;130;256;303;8;36;761
        Sartirana Lomellina;45;299;459;481;36;89;1409
        Scaldasole;17;151;285;298;18;47;816
        Semiana;1;36;65;68;5;15;190
        Silvano Pietra;20;110;188;224;22;36;600
        Siziano;201;799;1702;2497;268;533;6000
        Sommo;33;149;288;435;56;117;1078
        Spessa;18;92;148;203;17;26;504
        Stradella;360;1324;2850;4502;420;1214;10670
        Suardi;17;117;193;187;14;23;551
        Torrazza Coste;37;208;406;646;57;143;1497
        Torre Beretti e Castellaro;18;70;170;174;4;27;463
        Torre d'Arese;25;111;315;329;20;54;854
        Torre de' Negri;13;59;112;103;14;13;314
        Torre d'Isola;51;211;415;778;148;642;2245
        Torrevecchia Pia;115;441;1076;1280;107;219;3238
        Torricella Verzate;25;123;206;318;18;63;753
        Travacò Siccomario;108;428;980;1582;248;795;4141
        Trivolzio;86;269;657;848;88;240;2188
        Tromello;99;560;1129;1241;130;239;3398
        Trovo;23;131;320;360;33;61;928
        Val di Nizza;11;95;159;207;19;47;538
        Valeggio;6;39;73;50;2;8;178
        Valle Lomellina;85;316;706;701;41;113;1962
        Valle Salimbene;30;207;384;561;69;131;1382
        Valverde;..;..;..;..;..;..;..
        Varzi;78;436;729;1234;112;280;2869
        Velezzo Lomellina;1;17;25;34;2;9;88
        Vellezzo Bellini;133;423;950;1226;146;252;3130
        Verretto;8;67;118;125;7;14;339
        Verrua Po;24;196;368;431;39;84;1142
        Vidigulfo;208;835;1900;2505;275;418;6141
        Vigevano;2199;9180;16266;21801;2458;6166;58070
        Villa Biscossi;1;8;28;16;..;7;60
        Villanova d'Ardenghi;16;119;232;233;25;70;695
        Villanterio;119;450;1030;1182;86;255;3122
        Vistarino;49;226;459;574;56;97;1461
        Voghera;1125;4840;9311;14774;1577;4666;36293
        Volpara;2;11;29;57;5;19;123
        Zavattarello;16;158;237;341;15;73;840
        Zeccone;55;189;524;648;66;123;1605
        Zeme;36;157;303;373;26;59;954
        Zenevredo;10;72;139;190;14;35;460
        Zerbo;11;68;116;130;12;26;363
        Zerbolò;47;222;510;555;54;134;1522
        Zinasco;83;455;924;1103;105;208;2878
      Cremona;10687;51068;93542;128151;14415;30627;328490
        Acquanegra Cremonese;32;226;292;408;42;58;1058
        Agnadello;110;528;1175;1411;127;213;3564
        Annicco;61;340;589;678;83;102;1853
        Azzanello;13;82;190;234;27;40;586
        Bagnolo Cremasco;147;805;1453;1726;177;282;4590
        Bonemerse;38;187;333;586;82;135;1361
        Bordolano;25;110;165;179;20;21;520
        Ca' d'Andrea;..;..;..;..;..;..;..
        Calvatone;39;234;373;360;29;57;1092
        Camisano;37;198;386;444;44;63;1172
        Campagnola Cremasca;15;86;170;274;35;52;632
        Capergnanica;54;272;559;828;108;187;2008
        Cappella Cantone;20;83;175;190;16;23;507
        Cappella de' Picenardi;24;69;128;130;10;18;379
        Capralba;56;348;749;819;76;114;2162
        Casalbuttano ed Uniti;110;658;994;1303;142;218;3425
        Casale Cremasco-Vidolasco;50;273;545;670;58;85;1681
        Casaletto Ceredano;26;183;333;447;32;62;1083
        Casaletto di Sopra;14;78;181;156;17;15;461
        Casaletto Vaprio;52;253;553;611;55;101;1625
        Casalmaggiore;561;2006;4119;5307;640;1341;13974
        Casalmorano;47;269;456;610;47;90;1519
        Castel Gabbiano;18;61;144;175;17;31;446
        Casteldidone;24;84;144;216;18;43;529
        Castelleone;287;1411;2477;3294;364;754;8587
        Castelverde;171;757;1404;2147;284;418;5181
        Castelvisconti;29;40;86;88;11;18;272
        Cella Dati;19;77;146;182;11;37;472
        Chieve;67;330;686;821;81;116;2101
        Cicognolo;32;159;287;302;26;58;864
        Cingia de' Botti;30;224;327;351;38;75;1045
        Corte de' Cortesi con Cignone;35;135;341;360;32;76;979
        Corte de' Frati;38;257;390;445;33;62;1225
        Credera Rubbiano;39;255;452;561;55;96;1458
        Crema;866;4294;7521;12577;1642;4846;31746
        Cremona;2026;8509;15571;26834;3642;9652;66234
        Cremosano;64;233;471;629;63;122;1582
        Crotta d'Adda;25;113;166;219;22;31;576
        Cumignano sul Naviglio;11;72;134;132;7;21;377
        Derovere;8;60;71;85;15;36;275
        Dovera;113;546;1156;1348;116;233;3512
        Drizzona;..;..;..;..;..;..;..
        Fiesco;41;200;348;438;51;55;1133
        Formigara;31;204;271;343;36;52;937
        Gabbioneta-Binanuova;29;181;222;286;17;52;787
        Gadesco-Pieve Delmona;66;257;512;751;66;113;1765
        Genivolta;39;188;318;391;43;48;1027
        Gerre de' Caprioli;36;137;321;545;81;111;1231
        Gombito;23;87;218;218;8;35;589
        Grontardo;43;263;445;480;44;98;1373
        Grumello Cremonese ed Uniti;31;295;519;581;60;95;1581
        Gussola;95;456;807;860;103;136;2457
        Isola Dovarese;31;202;296;379;41;78;1027
        Izano;36;294;552;756;84;120;1842
        Madignano;75;382;768;1072;109;189;2595
        Malagnino;74;201;353;682;106;169;1585
        Martignana di Po;69;270;583;705;70;129;1826
        Monte Cremasco;87;326;679;799;72;108;2071
        Montodine;54;395;719;893;97;137;2295
        Moscazzano;13;129;204;248;24;42;660
        Motta Baluffi;29;140;245;253;22;51;740
        Offanengo;209;959;1628;2048;234;451;5529
        Olmeneta;20;143;260;354;32;52;861
        Ostiano;128;522;793;860;84;139;2526
        Paderno Ponchielli;48;248;399;437;35;70;1237
        Palazzo Pignano;84;578;1206;1393;105;175;3541
        Pandino;248;1422;2575;3192;318;522;8277
        Persico Dosimo;101;423;821;1333;136;250;3064
        Pescarolo ed Uniti;27;225;461;571;50;77;1411
        Pessina Cremonese;16;100;177;189;22;36;540
        Piadena;..;..;..;..;..;..;..
        Piadena Drizzona;135;679;1165;1341;143;264;3727
        Pianengo;70;368;690;934;115;170;2347
        Pieranica;32;159;357;394;37;54;1033
        Pieve d'Olmi;37;187;337;459;45;81;1146
        Pieve San Giacomo;66;268;430;559;52;118;1493
        Pizzighettone;165;1050;1719;2319;236;408;5897
        Pozzaglio ed Uniti;63;189;407;544;52;73;1328
        Quintano;28;97;279;357;45;43;849
        Ricengo;52;218;512;694;45;93;1614
        Ripalta Arpina;30;197;274;372;36;44;953
        Ripalta Cremasca;94;463;871;1323;151;300;3202
        Ripalta Guerina;11;71;141;221;24;43;511
        Rivarolo del Re ed Uniti;48;280;525;663;68;134;1718
        Rivolta d'Adda;249;1222;2336;2942;303;614;7666
        Robecco d'Oglio;56;384;678;771;71;122;2082
        Romanengo;111;490;969;1108;112;189;2979
        Salvirola;30;176;348;437;41;44;1076
        San Bassano;73;378;646;669;69;121;1956
        San Daniele Po;32;223;335;489;26;79;1184
        San Giovanni in Croce;71;238;547;669;72;143;1740
        San Martino del Lago;5;68;110;150;16;24;373
        Scandolara Ravara;42;241;382;465;42;71;1243
        Scandolara Ripa d'Oglio;17;117;160;157;11;33;495
        Sergnano;100;493;1030;1333;142;200;3298
        Sesto ed Uniti;98;436;838;1249;141;202;2964
        Solarolo Rainerio;37;156;258;318;31;49;849
        Soncino;219;1160;2145;2621;265;619;7029
        Soresina;336;1318;2417;3093;306;652;8122
        Sospiro;138;561;880;996;113;176;2864
        Spinadesco;34;223;417;578;54;77;1383
        Spineda;15;118;180;211;16;23;563
        Spino d'Adda;228;973;1843;2616;256;437;6353
        Stagno Lombardo;75;239;359;487;53;100;1313
        Ticengo;7;69;109;165;16;17;383
        Torlino Vimercati;18;71;122;183;23;29;446
        Tornata;14;62;136;143;11;31;397
        Torre de' Picenardi;65;365;654;701;61;129;1975
        Torricella del Pizzo;22;112;171;192;19;24;540
        Trescore Cremasco;66;412;829;1067;93;165;2632
        Trigolo;43;306;427;585;66;112;1539
        Vaiano Cremasco;104;564;1156;1197;112;171;3304
        Vailate;160;679;1420;1648;157;279;4343
        Vescovato;148;679;1078;1298;148;239;3590
        Volongo;19;111;143;139;16;18;446
        Voltido;8;66;120;100;10;21;325
      Mantova;14328;59913;114121;141614;15160;33053;378189
        Acquanegra sul Chiese;80;411;861;931;81;167;2531
        Asola;267;1486;2932;3447;371;721;9224
        Bagnolo San Vito;203;826;1681;2143;229;403;5485
        Bigarello;..;..;..;..;..;..;..
        Borgo Mantovano;180;824;1497;1883;181;436;5001
        Borgo Virgilio;530;1983;3957;5521;602;1200;13793
        Borgocarbonara;80;341;509;652;51;108;1741
        Borgofranco sul Po;..;..;..;..;..;..;..
        Bozzolo;142;618;1165;1410;141;313;3789
        Canneto sull'Oglio;147;701;1268;1461;140;241;3958
        Carbonara di Po;..;..;..;..;..;..;..
        Casalmoro;103;323;723;732;72;111;2064
        Casaloldo;129;418;881;740;61;121;2350
        Casalromano;56;239;511;474;51;61;1392
        Castel d'Ario;215;736;1437;1516;144;254;4302
        Castel Goffredo;563;1880;4021;3998;406;670;11538
        Castelbelforte;117;510;971;1111;98;170;2977
        Castellucchio;166;774;1549;1793;191;338;4811
        Castiglione delle Stiviere;865;3071;6869;8238;843;1864;21750
        Cavriana;110;652;1176;1239;132;212;3521
        Ceresara;96;403;798;879;74;137;2387
        Commessaggio;30;212;299;361;35;69;1006
        Curtatone;414;1887;3620;5506;730;1489;13646
        Dosolo;132;523;959;1159;91;195;3059
        Gazoldo degli Ippoliti;110;439;908;1060;89;177;2783
        Gazzuolo;65;410;594;679;58;147;1953
        Goito;385;1593;3009;3403;333;601;9324
        Gonzaga;288;1237;2568;3036;295;654;8078
        Guidizzolo;242;998;1887;1930;193;271;5521
        Magnacavallo;44;294;425;453;41;63;1320
        Mantova;1611;5574;11091;17094;2403;7971;45744
        Marcaria;210;1099;1903;2166;211;397;5986
        Mariana Mantovana;36;130;249;269;26;31;741
        Marmirolo;262;1224;2287;2588;284;503;7148
        Medole;177;615;1349;1343;127;219;3830
        Moglia;195;928;1600;1809;182;361;5075
        Monzambano;167;766;1389;1685;166;329;4502
        Motteggiana;92;353;738;869;76;133;2261
        Ostiglia;237;941;1779;2399;210;638;6204
        Pegognaga;232;1098;2089;2323;251;448;6441
        Piubega;49;317;530;600;57;78;1631
        Poggio Rusco;257;968;1817;2265;238;511;6056
        Pomponesco;48;281;485;614;63;100;1591
        Ponti sul Mincio;93;374;613;809;89;179;2157
        Porto Mantovano;578;2265;4307;6244;737;1414;15545
        Quingentole;53;194;303;334;33;65;982
        Quistello;187;977;1503;1815;171;347;5000
        Redondesco;37;217;360;408;30;68;1120
        Rivarolo Mantovano;81;426;673;795;85;197;2257
        Rodigo;194;781;1573;1761;206;345;4860
        Roncoferraro;217;1206;1979;2411;219;402;6434
        Roverbella;319;1420;2547;3028;290;505;8109
        Sabbioneta;117;688;1219;1382;155;282;3843
        San Benedetto Po;216;1042;1965;2399;204;448;6274
        San Giacomo delle Segnate;61;258;435;513;44;98;1409
        San Giorgio Bigarello;355;1643;3187;4420;519;923;11047
        San Giovanni del Dosso;49;187;421;393;39;70;1159
        San Martino dall'Argine;46;303;489;529;49;106;1522
        Schivenoglia;35;217;307;360;38;79;1036
        Sermide e Felonica;248;1072;1788;2669;267;661;6705
        Serravalle a Po;49;284;398;499;43;68;1341
        Solferino;78;371;736;935;105;208;2433
        Sustinente;75;340;603;669;59;135;1881
        Suzzara;779;3140;5900;7323;719;1548;19409
        Viadana;804;2890;5683;6926;693;1424;18420
        Villimpenta;70;355;666;714;51;90;1946
        Volta Mantovana;255;1180;2085;2499;288;479;6786
      Lecco;9540;45200;90107;118972;14730;31982;310531
        Abbadia Lariana;68;388;845;1208;165;335;3009
        Airuno;78;389;832;1031;119;204;2653
        Annone di Brianza;69;334;654;797;109;180;2143
        Ballabio;103;488;1201;1532;181;354;3859
        Barzago;67;374;714;807;103;156;2221
        Barzanò;154;695;1340;1887;209;434;4719
        Barzio;30;172;340;477;55;120;1194
        Bellano;76;478;931;1242;147;337;3211
        Bosisio Parini;103;435;951;1188;148;246;3071
        Brivio;115;701;1323;1480;184;355;4158
        Bulciago;99;452;829;996;105;204;2685
        Calco;174;596;1418;2070;250;521;5029
        Calolziocorte;438;2146;4133;4451;541;928;12637
        Carenno;30;220;414;483;54;104;1305
        Casargo;18;150;274;273;23;38;776
        Casatenovo;360;1698;3339;4982;586;1314;12279
        Cassago Brianza;157;626;1308;1514;177;281;4063
        Cassina Valsassina;9;78;172;187;11;42;499
        Castello di Brianza;78;360;732;895;125;214;2404
        Cernusco Lombardone;110;434;959;1408;185;425;3521
        Cesana Brianza;60;418;667;817;94;131;2187
        Civate;118;529;1017;1369;131;285;3449
        Colico;231;925;2141;3170;340;729;7536
        Colle Brianza;57;235;459;683;79;142;1655
        Cortenova;35;194;373;401;40;46;1089
        Costa Masnaga;143;700;1346;1637;224;318;4368
        Crandola Valsassina;4;55;94;72;8;13;246
        Cremella;48;230;488;603;63;142;1574
        Cremeno;44;167;511;638;70;153;1583
        Dervio;58;389;695;1013;100;205;2460
        Dolzago;71;379;732;892;121;145;2340
        Dorio;1;43;92;142;8;17;303
        Ello;26;153;316;465;53;109;1122
        Erve;8;126;224;236;20;26;640
        Esino Lario;13;130;226;278;22;35;704
        Galbiate;241;1204;2167;2982;420;862;7876
        Garbagnate Monastero;68;384;802;819;112;139;2324
        Garlate;77;417;726;918;85;252;2475
        Imbersago;68;289;628;946;123;296;2350
        Introbio;52;281;566;703;59;121;1782
        La Valletta Brianza;144;605;1276;1747;194;377;4343
        Lecco;1271;5520;11225;16358;2482;7274;44130
        Lierna;46;248;587;842;94;205;2022
        Lomagna;154;608;1141;1928;259;499;4589
        Malgrate;128;505;1088;1475;196;554;3946
        Mandello del Lario;228;1290;2632;3816;417;1028;9411
        Margno;7;55;140;130;10;21;363
        Merate;393;1841;3556;5353;717;1980;13840
        Missaglia;246;1196;2332;3249;401;749;8173
        Moggio;12;74;145;173;19;46;469
        Molteno;116;557;1133;1162;121;190;3279
        Monte Marenzo;34;256;579;641;76;126;1712
        Montevecchia;74;279;618;954;155;405;2485
        Monticello Brianza;109;643;1102;1508;176;346;3884
        Morterone;..;6;14;7;2;1;30
        Nibionno;121;583;1067;1151;159;229;3310
        Oggiono;298;1326;2489;3088;376;835;8412
        Olgiate Molgora;199;813;1624;2289;298;597;5820
        Olginate;196;1146;2115;2360;223;418;6458
        Oliveto Lario;22;164;322;478;59;102;1147
        Osnago;136;606;1229;1725;211;503;4410
        Paderno d'Adda;139;511;1042;1401;141;379;3613
        Pagnona;6;95;138;71;2;1;313
        Parlasco;2;23;56;45;2;4;132
        Pasturo;61;303;604;690;75;88;1821
        Perledo;30;134;233;308;36;67;808
        Pescate;74;257;578;809;101;199;2018
        Premana;63;359;833;640;54;73;2022
        Primaluna;69;354;750;740;71;88;2072
        Robbiate;226;797;1691;2271;252;601;5838
        Rogeno;92;437;849;1087;134;219;2818
        Santa Maria Hoè;59;283;554;790;107;189;1982
        Sirone;59;374;723;786;97;129;2168
        Sirtori;86;354;703;1029;131;275;2578
        Sueglio;3;15;60;45;3;8;134
        Suello;49;265;481;593;82;132;1602
        Taceno;16;74;193;207;11;22;523
        Valgreghentino;92;548;955;1198;137;237;3167
        Valmadrera;395;1691;3060;3861;514;877;10398
        Valvarrone;10;101;150;173;16;21;471
        Varenna;14;92;163;282;32;82;665
        Vendrogno;..;..;..;..;..;..;..
        Vercurago;77;391;778;968;102;264;2580
        Verderio;167;652;1546;2112;261;403;5141
        Viganò;58;307;574;740;75;181;1935
      Lodi;7591;29755;60649;85392;8591;19392;211370
        Abbadia Cerreto;7;48;74;106;10;18;263
        Bertonico;40;212;280;376;31;59;998
        Boffalora d'Adda;57;230;498;621;71;116;1593
        Borghetto Lodigiano;170;548;1244;1567;153;301;3983
        Borgo San Giovanni;68;301;710;918;89;169;2255
        Brembio;97;465;752;938;88;159;2499
        Casaletto Lodigiano;102;344;907;1084;95;167;2699
        Casalmaiocco;108;390;860;1255;131;226;2970
        Casalpusterlengo;563;2090;4044;5739;615;1245;14296
        Caselle Landi;39;270;427;533;41;75;1385
        Caselle Lurani;95;400;963;1110;71;139;2778
        Castelgerundo;51;248;412;493;54;88;1346
        Castelnuovo Bocca d'Adda;59;220;437;585;52;108;1461
        Castiglione d'Adda;135;736;1261;1619;183;277;4211
        Castiraga Vidardo;95;347;848;1170;115;186;2761
        Cavenago d'Adda;63;310;604;796;74;120;1967
        Cervignano d'Adda;81;277;659;831;83;107;2038
        Codogno;525;2005;3947;5776;621;1643;14517
        Comazzo;73;269;696;876;75;119;2108
        Cornegliano Laudense;71;357;720;1117;118;276;2659
        Corno Giovine;31;167;314;407;29;95;1043
        Cornovecchio;5;37;52;77;2;12;185
        Corte Palasio;52;207;413;615;56;76;1419
        Crespiatica;81;326;703;744;52;94;2000
        Fombio;68;306;592;875;111;154;2106
        Galgagnano;47;135;365;565;40;82;1234
        Graffignana;95;369;724;969;83;163;2403
        Guardamiglio;81;370;690;993;89;200;2423
        Livraga;78;374;712;926;67;138;2295
        Lodi;1373;4791;9743;16873;2208;6793;41781
        Lodi Vecchio;277;1087;2230;2758;230;409;6991
        Maccastorna;4;11;16;17;1;5;54
        Mairago;35;174;373;530;51;99;1262
        Maleo;77;489;860;1128;89;193;2836
        Marudo;67;234;503;659;64;84;1611
        Massalengo;151;543;1164;1727;154;278;4017
        Meleti;12;82;129;155;19;27;424
        Merlino;62;200;510;661;44;97;1574
        Montanaso Lombardo;67;280;532;921;81;214;2095
        Mulazzano;191;736;1659;2234;213;301;5334
        Orio Litta;74;303;587;716;68;132;1880
        Ospedaletto Lodigiano;72;280;542;690;73;133;1790
        Ossago Lodigiano;48;223;355;546;49;91;1312
        Pieve Fissiraga;61;206;486;675;71;143;1642
        Salerano sul Lambro;83;395;798;984;90;114;2464
        San Fiorano;43;211;506;753;89;133;1735
        San Martino in Strada;98;507;935;1512;143;274;3469
        San Rocco al Porto;107;476;930;1279;114;220;3126
        Sant'Angelo Lodigiano;541;1853;3795;4760;393;961;12303
        Santo Stefano Lodigiano;54;284;552;650;63;128;1731
        Secugnago;52;287;508;804;62;119;1832
        Senna Lodigiana;73;313;528;614;41;96;1665
        Somaglia;153;560;1117;1344;99;230;3503
        Sordio;118;397;878;1353;132;267;3145
        Tavazzano con Villavesco;188;743;1692;2295;204;376;5498
        Terranova dei Passerini;35;136;267;339;31;51;859
        Turano Lodigiano;58;212;461;563;48;84;1426
        Valera Fratta;59;222;521;667;56;86;1611
        Villanova del Sillaro;70;245;531;668;55;129;1698
        Zelo Buon Persico;251;917;2033;2836;257;513;6807
      Monza e della Brianza;27369;108460;216044;325820;40051;93193;810937
        Agrate Brianza;487;1770;3825;6081;713;1558;14434
        Aicurzio;68;262;565;772;90;197;1954
        Albiate;192;747;1705;2584;322;640;6190
        Arcore;520;2153;4147;6692;930;2218;16660
        Barlassina;208;977;1775;2616;283;546;6405
        Bellusco;246;962;1941;2777;315;677;6918
        Bernareggio;353;1213;2796;4559;537;1129;10587
        Besana in Brianza;412;1901;3956;5981;701;1562;14513
        Biassono;300;1436;2773;4719;687;1575;11490
        Bovisio-Masciago;517;1991;4316;6547;796;1426;15593
        Briosco;169;827;1616;2322;253;461;5648
        Brugherio;1109;4409;8388;13568;1607;3582;32663
        Burago di Molgora;129;548;1085;1676;195;365;3998
        Busnago;233;914;1866;2590;272;465;6340
        Camparada;56;220;529;863;106;240;2014
        Caponago;163;660;1375;2017;184;389;4788
        Carate Brianza;538;2277;4494;6577;834;1897;16617
        Carnate;222;907;1807;2977;359;864;7136
        Cavenago di Brianza;251;926;1883;2856;327;584;6827
        Ceriano Laghetto;226;928;1749;2505;288;507;6203
        Cesano Maderno;1311;5329;10327;14677;1663;3141;36448
        Cogliate;249;1135;2396;3205;325;591;7901
        Concorezzo;512;2003;3899;5980;723;1634;14751
        Cornate d'Adda;379;1558;3090;3833;422;738;10020
        Correzzana;99;321;759;1193;149;380;2901
        Desio;1343;5081;10695;15608;1833;3854;38414
        Giussano;801;3566;6805;9474;1142;2217;24005
        Lazzate;201;1168;2305;2710;305;484;7173
        Lentate sul Seveso;563;2497;4304;5608;577;1139;14688
        Lesmo;245;879;1869;3326;458;1066;7843
        Limbiate;1451;4957;10344;12474;1196;1825;32247
        Lissone;1388;5358;10930;17387;2455;5190;42708
        Macherio;237;1101;2025;2684;337;637;7021
        Meda;700;3235;6027;8729;971;2156;21818
        Mezzago;161;638;1338;1551;182;276;4146
        Misinto;157;752;1571;2149;255;368;5252
        Monza;3651;12564;25558;43689;6295;22037;113794
        Muggiò;790;3245;5928;9148;963;1838;21912
        Nova Milanese;812;3132;5941;8762;915;1854;21416
        Ornago;156;646;1322;2104;246;422;4896
        Renate;139;547;1084;1433;200;299;3702
        Roncello;163;516;1183;1905;202;321;4290
        Ronco Briantino;90;418;883;1451;179;319;3340
        Seregno;1362;5519;10662;16456;2242;5465;41706
        Seveso;839;3100;6161;8939;1020;2025;22084
        Sovico;254;1033;2221;3144;376;751;7779
        Sulbiate;144;553;1202;1662;189;361;4111
        Triuggio;255;1143;2239;3284;373;749;8043
        Usmate Velate;325;1179;2644;3968;549;1123;9788
        Varedo;485;1894;3564;5101;582;1163;12789
        Vedano al Lambro;200;807;1458;2728;402;1471;7066
        Veduggio con Colzano;136;638;1196;1464;166;275;3875
        Verano Brianza;256;1246;2450;3469;397;695;8513
        Villasanta;348;1732;3147;5411;712;1874;13224
        Vimercate;768;2942;5926;9835;1251;3573;24295
  Nord-est;363494;1510208;2974167;4188013;504658;1228024;10768564
    Trentino Alto Adige / Südtirol;30478;121124;240192;442537;48480;105466;988277
    Provincia Autonoma Bolzano / Bozen;16293;60419;116849;226211;21135;44823;485730
      Bolzano / Bozen;16293;60419;116849;226211;21135;44823;485730
        Aldino/Aldein;36;223;310;787;46;64;1466
        Andriano/Andrian;30;101;213;483;39;73;939
        Anterivo/Altrei;13;49;94;165;11;21;353
        Appiano sulla strada del vino/Eppan an der Weinstraße;447;1492;3196;6364;649;1338;13486
        Avelengo/Hafling;26;101;158;393;22;36;736
        Badia/Abtei;99;429;823;1473;148;282;3254
        Barbiano/Barbian;53;225;368;771;44;91;1552
        Bolzano/Bozen;3273;10689;22151;42435;5403;14116;98067
        Braies/Prags;18;88;154;315;12;25;612
        Brennero/Brenner;69;276;624;960;72;122;2123
        Bressanone/Brixen;724;2314;4793;9287;1077;2535;20730
        Bronzolo/Branzoll;76;354;615;1155;114;172;2486
        Brunico/Bruneck;563;1799;3707;6946;743;1757;15515
        Caines/Kuens;9;68;71;190;18;16;372
        Caldaro sulla strada del vino/Kaltern an der Weinstraße;252;853;1716;3656;311;608;7396
        Campo di Trens/Freienfeld;69;300;616;1231;84;140;2440
        Campo Tures/Sand in Taufers;154;684;1424;2412;160;326;5160
        Castelbello-Ciardes/Kastelbell-Tschars;84;360;529;1004;60;95;2132
        Castelrotto/Kastelruth;197;877;1553;3030;248;465;6370
        Cermes/Tscherms;42;171;315;714;65;103;1410
        Chienes/Kiens;95;367;620;1364;86;196;2728
        Chiusa/Klausen;158;672;1263;2110;158;341;4702
        Cornedo all'Isarco/Karneid;94;432;823;1518;98;181;3146
        Cortaccia sulla strada del vino/Kurtatsch an der Weinstraße;76;255;434;1037;88;140;2030
        Cortina sulla strada del vino/Kurtinig an der Weinstraße;11;81;119;328;33;40;612
        Corvara in Badia/Corvara;38;156;336;562;65;112;1269
        Curon Venosta/Graun im Vinschgau;84;303;560;1076;51;100;2174
        Dobbiaco/Toblach;90;349;741;1529;121;239;3069
        Egna/Neumarkt;185;603;1125;2417;245;445;5020
        Falzes/Pfalzen;86;323;658;1327;114;245;2753
        Fiè allo Sciliar/Völs am Schlern;111;438;803;1549;114;255;3270
        Fortezza/Franzensfeste;39;127;252;436;37;80;971
        Funes/Villnöß;83;367;590;1102;67;107;2316
        Gais/Gais;101;447;800;1336;98;179;2961
        Gargazzone/Gargazon;47;208;348;746;77;170;1596
        Glorenza/Glurns;33;99;185;426;33;60;836
        La Valle/Wengen;41;167;292;620;39;82;1241
        Laces/Latsch;174;560;1120;2405;157;287;4703
        Lagundo/Algund;160;511;1050;2183;223;422;4549
        Laion/Lajen;94;346;673;1196;74;117;2500
        Laives/Leifers;543;2016;4111;7810;840;1389;16709
        Lana/Lana;392;1348;2668;5499;487;865;11259
        Lasa/Laas;133;597;872;1771;125;191;3689
        Lauregno/Laurein;3;45;89;143;10;5;295
        Luson/Lüsen;44;206;338;699;53;69;1409
        Magrè sulla strada del vino/Margreid an der Weinstraße;41;156;301;569;38;73;1178
        Malles Venosta/Mals;168;582;1208;2339;153;287;4737
        Marebbe/Enneberg;83;376;704;1329;100;219;2811
        Marlengo/Marling;76;299;613;1279;109;213;2589
        Martello/Martell;18;152;235;335;8;21;769
        Meltina/Mölten;61;220;362;780;57;71;1551
        Merano/Meran;1321;4368;9271;16443;1875;4424;37702
        Monguelfo-Tesido/Welsberg-Taisten;85;341;687;1288;71;184;2656
        Montagna sulla Strada del Vino/Montan an der Weinstraße;39;197;315;813;58;112;1534
        Moso in Passiria/Moos In Passeier;62;354;449;851;40;56;1812
        Nalles/Nals;52;245;376;948;85;171;1877
        Naturno/Naturns;202;776;1405;2613;197;334;5527
        Naz-Sciaves/Natz-Schabs;96;260;698;1449;154;290;2947
        Nova Levante/Welschnofen;48;195;422;938;77;147;1827
        Nova Ponente/Deutschnofen;112;401;783;1950;130;255;3631
        Ora/Auer;112;416;773;1745;162;297;3505
        Ortisei/St. Ulrich;106;499;1153;2107;186;336;4387
        Parcines/Partschins;113;506;902;1675;96;206;3498
        Perca/Percha;48;167;306;775;58;138;1492
        Plaus/Plaus;27;98;145;357;20;32;679
        Ponte Gardena/Waidbruck;5;22;33;92;14;16;182
        Postal/Burgstall;58;203;373;960;77;158;1829
        Prato allo Stelvio/Prad am Stilfserjoch;114;389;817;1719;124;208;3371
        Predoi/Prettau;5;103;130;216;16;23;493
        Proves/Proveis;10;42;66;102;8;8;236
        Racines/Ratschings;137;577;1192;1870;115;223;4114
        Rasun-Anterselva/Rasen-Antholz;76;351;641;1328;91;143;2630
        Renon/Ritten;222;902;1781;3475;300;605;7285
        Rifiano/Riffian;38;184;305;599;38;74;1238
        Rio di Pusteria/Mühlbach;116;363;719;1384;89;186;2857
        Rodengo/Rodeneck;41;131;295;572;43;59;1141
        Salorno sulla strada del vino/Salurn an der Weinstraße;133;466;887;1502;153;258;3399
        San Candido/Innichen;119;395;764;1447;123;221;3069
        San Genesio Atesino/Jenesien;94;382;707;1257;95;208;2743
        San Leonardo in Passiria/St. Leonhard in Passeier;103;532;849;1500;92;144;3220
        San Lorenzo di Sebato/St. Lorenzen;124;451;889;1653;131;253;3501
        San Martino in Badia/St. Martin in Thurn;41;231;398;736;68;107;1581
        San Martino in Passiria/St. Martin in Passeier;110;505;803;1331;71;107;2927
        San Pancrazio/St. Pankraz;24;248;354;701;36;50;1413
        Santa Cristina Valgardena/St. Christina in Gröden;63;198;461;874;71;134;1801
        Sarentino/Sarntal;234;1072;1612;3031;216;328;6493
        Scena/Schenna;82;447;712;1264;90;134;2729
        Selva dei Molini/Mühlwald;49;243;330;607;22;31;1282
        Selva di Val Gardena/Wolkenstein in Gröden;62;204;534;1308;93;180;2381
        Senales/Schnals;27;207;288;516;29;35;1102
        Senale-San Felice/Unsere Liebe Frau im Walde-St. Felix;23;89;158;367;22;28;687
        Sesto/Sexten;44;251;472;784;54;101;1706
        Silandro/Schlanders;211;707;1272;2847;235;388;5660
        Sluderno/Schluderns;52;235;356;885;61;94;1683
        Stelvio/Stilfs;30;149;278;479;24;66;1026
        Terento/Terenten;43;222;506;678;59;81;1589
        Terlano/Terlan;159;509;931;2049;274;454;4376
        Termeno sulla strada del vino/Tramin an der Weinstraße;115;467;685;1461;112;196;3036
        Tesimo/Tisens;45;279;429;852;60;108;1773
        Tires/Tiers;27;108;186;480;35;60;896
        Tirolo/Tirol;74;278;543;1098;80;182;2255
        Trodena nel parco naturale/Truden im Naturpark;39;151;184;449;40;70;933
        Tubre/Taufers im Münstertal;20;134;191;439;30;39;853
        Ultimo/Ulten;91;432;630;1212;69;116;2550
        Vadena/Pfatten;37;107;264;462;46;51;967
        Val di Vizze/Pfitsch;115;327;662;1378;101;207;2790
        Valdaora/Olang;105;388;698;1387;116;197;2891
        Valle Aurina/Ahrntal;179;805;1493;2533;131;251;5392
        Valle di Casies/Gsies;75;289;513;1041;64;88;2070
        Vandoies/Vintl;108;434;790;1410;95;140;2977
        Varna/Vahrn;167;528;1087;2075;206;424;4487
        Velturno/Feldthurns;96;345;569;1347;104;189;2650
        Verano/Vöran;32;129;191;440;31;46;869
        Villabassa/Niederdorf;44;174;363;757;58;80;1476
        Villandro/Villanders;54;266;408;866;53;85;1732
        Vipiteno/Sterzing;202;684;1642;2848;277;621;6274
    Provincia Autonoma Trento;14185;60705;123343;216326;27345;60643;502547
      Trento;14185;60705;123343;216326;27345;60643;502547
        Ala;214;1058;2038;3746;398;697;8151
        Albiano;49;227;400;552;72;81;1381
        Aldeno;78;286;862;1214;189;327;2956
        Altavalle;37;243;431;651;78;85;1525
        Altopiano della Vigolana;143;516;976;2141;337;601;4714
        Amblar-Don;12;65;127;218;20;40;482
        Andalo;31;119;227;537;49;100;1063
        Arco;469;1897;4250;7129;938;1793;16476
        Avio;105;440;1065;1729;158;258;3755
        Baselga di Pinè;141;571;1073;2168;281;519;4753
        Bedollo;28;220;333;645;62;84;1372
        Besenello;68;315;596;1146;134;271;2530
        Bieno;8;70;109;213;6;27;433
        Bleggio Superiore;37;221;364;619;70;88;1399
        Bocenago;3;43;107;164;10;33;360
        Bondone;30;113;194;232;16;22;607
        Borgo Chiese;57;271;466;791;82;135;1802
        Borgo d'Anaunia;71;356;635;1007;90;174;2333
        Borgo Lares;17;73;159;302;41;65;657
        Borgo Valsugana;166;842;1704;2813;333;668;6526
        Brentonico;110;507;971;1656;196;323;3763
        Bresimo;7;52;50;105;5;9;228
        Brez;..;..;..;..;..;..;..
        Caderzone Terme;16;90;178;284;34;51;653
        Cagnò;..;..;..;..;..;..;..
        Calceranica al Lago;36;176;276;591;74;129;1282
        Caldes;28;169;244;456;48;76;1021
        Caldonazzo;113;364;792;1628;245;441;3583
        Calliano;88;157;419;842;119;218;1843
        Campitello di Fassa;14;90;192;281;24;64;665
        Campodenno;29;196;393;578;67;122;1385
        Canal San Bovo;38;221;360;589;67;85;1360
        Canazei;47;218;519;709;68;138;1699
        Capriana;10;77;155;266;16;20;544
        Carano;..;..;..;..;..;..;..
        Carisolo;22;140;234;371;46;71;884
        Carzano;17;65;121;212;28;29;472
        Castel Condino;8;42;70;90;1;6;217
        Castel Ivano;67;359;797;1419;159;245;3046
        Castelfondo;..;..;..;..;..;..;..
        Castello Tesino;18;171;284;494;46;84;1097
        Castello-Molina di Fiemme;53;281;601;942;115;193;2185
        Castelnuovo;25;110;256;472;61;81;1005
        Cavalese;112;470;1002;1587;194;392;3757
        Cavareno;27;127;231;498;54;110;1047
        Cavedago;20;76;110;240;20;56;522
        Cavedine;67;371;764;1297;149;233;2881
        Cavizzana;1;31;47;115;13;16;223
        Cembra Lisignago;54;337;545;942;111;127;2116
        Cimone;27;91;187;274;31;55;665
        Cinte Tesino;8;66;97;142;9;16;338
        Cis;10;52;78;126;13;8;287
        Civezzano;119;450;878;1638;210;505;3800
        Cles;216;779;1639;2813;357;830;6634
        Cloz;..;..;..;..;..;..;..
        Comano Terme;90;337;665;1208;139;257;2696
        Commezzadura;24;149;231;456;39;42;941
        Contà;32;214;340;554;55;122;1317
        Croviana;7;70;174;303;32;68;654
        Daiano;..;..;..;..;..;..;..
        Dambel;7;55;84;163;28;44;381
        Denno;35;146;326;473;63;119;1162
        Dimaro Folgarida;54;262;482;894;97;150;1939
        Drena;9;65;153;258;27;40;552
        Dro;169;533;1233;2062;220;383;4600
        Faedo;..;..;..;..;..;..;..
        Fai della Paganella;25;135;211;360;45;99;875
        Fiavè;38;132;268;426;43;59;966
        Fierozzo;13;90;144;164;6;16;433
        Folgaria;61;367;688;1385;149;329;2979
        Fondo;..;..;..;..;..;..;..
        Fornace;38;158;272;584;73;97;1222
        Frassilongo;6;80;93;111;14;19;323
        Garniga Terme;10;49;99;152;16;30;356
        Giovo;67;363;585;992;122;183;2312
        Giustino;14;83;139;319;45;67;667
        Grigno;39;308;511;874;83;106;1921
        Imer;31;146;238;541;44;91;1091
        Isera;94;312;535;1147;174;294;2556
        Lavarone;21;105;276;564;63;92;1121
        Lavis;280;1011;2181;3543;506;872;8393
        Ledro;128;642;1284;2293;210;379;4936
        Levico Terme;217;907;1843;3302;422;898;7589
        Livo;19;112;217;296;28;37;709
        Lona-Lases;36;112;232;315;36;56;787
        Luserna;9;51;43;115;9;18;245
        Madruzzo;66;345;677;1204;148;266;2706
        Malé;63;317;543;886;97;205;2111
        Malosco;..;..;..;..;..;..;..
        Massimeno;3;5;30;72;7;11;128
        Mazzin;13;72;159;227;19;49;539
        Mezzana;16;100;225;378;35;62;816
        Mezzano;39;176;330;713;74;133;1465
        Mezzocorona;147;665;1279;2104;282;547;5024
        Mezzolombardo;214;839;1912;2943;337;673;6918
        Moena;63;308;624;1072;121;226;2414
        Molveno;19;131;237;517;48;86;1038
        Mori;236;1121;2307;4256;469;912;9301
        Nago-Torbole;63;295;638;1192;141;309;2638
        Nave San Rocco;..;..;..;..;..;..;..
        Nogaredo;58;239;452;831;112;215;1907
        Nomi;28;170;310;539;76;93;1216
        Novaledo;31;137;286;479;34;61;1028
        Novella;74;467;772;1500;178;313;3304
        Ospedaletto;28;115;182;345;27;50;747
        Ossana;15;77;167;401;37;75;772
        Palù del Fersina;5;26;46;58;3;17;155
        Panchià;20;93;231;327;38;51;760
        Peio;48;224;416;821;76;107;1692
        Pellizzano;13;117;165;316;38;73;722
        Pelugo;8;40;97;177;20;42;384
        Pergine Valsugana;573;2375;4877;8585;1152;2352;19914
        Pieve di Bono-Prezzo;36;224;335;605;61;88;1349
        Pieve Tesino;6;86;183;255;26;49;605
        Pinzolo;56;353;692;1259;165;315;2840
        Pomarolo;71;271;576;963;139;238;2258
        Porte di Rendena;52;212;409;756;68;145;1642
        Predaia;209;830;1596;2750;336;506;6227
        Predazzo;89;496;1168;1872;189;414;4228
        Primiero San Martino di Castrozza;137;607;1182;2189;208;494;4817
        Rabbi;26;205;304;566;56;108;1265
        Revò;..;..;..;..;..;..;..
        Riva del Garda;559;1846;4355;6965;801;2008;16534
        Romallo;..;..;..;..;..;..;..
        Romeno;28;188;360;583;80;103;1342
        Roncegno Terme;85;377;657;1242;123;236;2720
        Ronchi Valsugana;9;59;97;198;17;26;406
        Ronzo-Chienis;25;164;211;405;46;61;912
        Ronzone;17;54;93;207;27;41;439
        Roverè della Luna;47;225;429;617;61;120;1499
        Rovereto;1131;4116;8643;15240;2172;5677;36979
        Ruffrè-Mendola;4;50;114;182;16;28;394
        Rumo;18;131;202;328;33;39;751
        Sagron Mis;4;28;30;90;8;12;172
        Samone;14;86;135;228;21;27;511
        San Lorenzo Dorsino;27;230;367;655;69;107;1455
        San Michele all'Adige;129;411;943;1635;199;354;3671
        Sant'Orsola Terme;22;138;222;493;59;103;1037
        Sanzeno;25;118;209;359;56;70;837
        Sarnonico;22;100;161;355;35;63;736
        Scurelle;32;174;302;569;59;101;1237
        Segonzano;25;189;357;575;76;80;1302
        Sella Giudicarie;72;368;744;1198;114;164;2660
        San Giovanni di Fassa-Sèn Jan;107;404;906;1485;130;271;3303
        Sfruz;6;48;87;141;22;36;340
        Soraga di Fassa;8;74;200;296;30;41;649
        Sover;25;124;202;326;21;38;736
        Spiazzo;30;147;322;509;62;112;1182
        Spormaggiore;42;127;298;530;64;105;1166
        Sporminore;17;110;179;287;28;44;665
        Stenico;35;134;255;506;41;102;1073
        Storo;133;641;1182;1794;183;263;4196
        Strembo;12;63;144;255;18;56;548
        Telve;46;270;463;749;91;164;1783
        Telve di Sopra;13;95;139;268;24;28;567
        Tenna;18;106;185;472;64;142;987
        Tenno;65;246;440;842;82;177;1852
        Terragnolo;11;89;185;325;29;39;678
        Terre d'Adige;86;388;707;1241;152;227;2801
        Terzolas;9;79;143;271;30;48;580
        Tesero;75;369;773;1213;115;202;2747
        Tione di Trento;102;394;850;1472;157;400;3375
        Ton;32;190;340;527;51;60;1200
        Torcegno;7;101;182;303;35;31;659
        Trambileno;38;177;331;605;76;126;1353
        Trento;2996;10890;24310;43583;6895;20984;109658
        Tre Ville;38;166;271;596;71;127;1269
        Valdaone;22;201;268;485;50;61;1087
        Valfloriana;15;70;137;175;14;31;442
        Vallarsa;32;183;305;637;55;88;1300
        Vallelaghi;143;623;1158;2113;279;518;4834
        Varena;..;..;..;..;..;..;..
        Vermiglio;41;201;426;823;57;111;1659
        Vignola-Falesina;5;24;36;74;11;18;168
        Villa Lagarina;112;438;839;1581;203;399;3572
        Ville d'Anaunia;114;550;1093;1973;235;437;4402
        Ville di Fiemme;68;350;657;1069;111;207;2462
        Volano;73;355;696;1252;169;350;2895
        Zambana;..;..;..;..;..;..;..
        Ziano di Fiemme;45;213;443;738;69;127;1635
    Veneto;148909;670159;1289435;1728559;211515;474515;4523092
      Verona;27288;122584;237182;336421;42177;92391;858043
        Affi;65;308;622;978;100;187;2260
        Albaredo d'Adige;157;823;1636;1782;186;274;4858
        Angiari;65;370;626;885;124;203;2273
        Arcole;224;959;1870;2139;282;382;5856
        Badia Calavena;85;409;743;914;98;112;2361
        Bardolino;192;947;1718;2649;284;716;6506
        Belfiore;109;494;921;1176;126;211;3037
        Bevilacqua;51;255;518;654;75;88;1641
        Bonavigo;69;322;569;725;61;104;1850
        Boschi Sant'Anna;34;221;454;458;44;54;1265
        Bosco Chiesanuova;98;542;993;1285;141;236;3295
        Bovolone;529;2495;4726;5608;546;992;14896
        Brentino Belluno;59;192;450;493;37;48;1279
        Brenzone sul Garda;74;347;629;962;87;192;2291
        Bussolengo;608;2704;5325;7759;1018;1734;19148
        Buttapietra;188;923;1872;2600;356;490;6429
        Caldiero;242;1028;2223;2932;330;568;7323
        Caprino Veronese;223;1164;2281;3358;338;720;8084
        Casaleone;235;1052;1757;1731;171;253;5199
        Castagnaro;113;706;1123;1118;114;179;3353
        Castel d'Azzano;345;1699;3354;4473;494;813;11178
        Castelnuovo del Garda;386;1735;3611;4994;530;965;12221
        Cavaion Veronese;190;761;1560;2384;242;469;5606
        Cazzano di Tramigna;34;241;394;564;58;110;1401
        Cerea;516;2716;4783;5859;635;1034;15543
        Cerro Veronese;55;291;763;1010;102;196;2417
        Cologna Veneta;279;1216;2400;2974;338;564;7771
        Colognola ai Colli;284;1195;2287;3181;330;737;8014
        Concamarise;53;200;327;328;28;40;976
        Costermano sul Garda;107;454;1028;1538;208;379;3714
        Dolcè;80;384;773;885;87;116;2325
        Erbè;60;296;567;655;58;72;1708
        Erbezzo;18;122;223;304;31;43;741
        Ferrara di Monte Baldo;2;33;85;110;11;25;266
        Fumane;105;519;1000;1614;212;388;3838
        Garda;111;521;1024;1594;167;437;3854
        Gazzo Veronese;180;931;1712;1645;119;223;4810
        Grezzana;298;1589;2949;3780;488;858;9962
        Illasi;159;728;1348;1904;229;405;4773
        Isola della Scala;373;1633;3331;4207;406;845;10795
        Isola Rizza;119;516;970;1117;126;157;3005
        Lavagno;227;933;2136;3339;458;822;7915
        Lazise;192;928;1826;2609;286;603;6444
        Legnago;735;3641;6555;9079;1180;2532;23722
        Malcesine;112;483;953;1418;116;281;3363
        Marano di Valpolicella;72;418;759;1147;186;312;2894
        Mezzane di Sotto;72;387;600;907;135;263;2364
        Minerbe;166;784;1336;1527;175;281;4269
        Montecchia di Crosara;136;682;1336;1429;137;184;3904
        Monteforte d'Alpone;317;1316;2551;2894;375;656;8109
        Mozzecane;273;984;2259;2993;304;517;7330
        Negrar di Valpolicella;368;2011;3855;6242;954;2095;15525
        Nogara;293;1239;2426;2850;278;505;7591
        Nogarole Rocca;150;584;1146;1303;126;193;3502
        Oppeano;324;1481;2926;3659;394;561;9345
        Palù;46;239;395;388;22;35;1125
        Pastrengo;103;379;837;1160;124;238;2841
        Pescantina;474;2013;4291;6769;936;1611;16094
        Peschiera del Garda;325;1299;2616;4233;511;1245;10229
        Povegliano Veronese;180;1052;1910;2756;328;548;6774
        Pressana;74;384;745;862;92;116;2273
        Rivoli Veronese;50;328;620;839;80;143;2060
        Roncà;109;625;1183;1225;139;177;3458
        Ronco all'Adige;178;999;1780;2044;209;340;5550
        Roverchiara;93;405;865;808;74;124;2369
        Roverè Veronese;43;336;668;728;62;113;1950
        Roveredo di Guà;73;221;498;541;50;101;1484
        Salizzole;116;676;1176;1262;86;145;3461
        San Bonifacio;712;2741;5791;7565;914;1955;19678
        San Giovanni Ilarione;148;801;1548;1635;167;219;4518
        San Giovanni Lupatoto;781;3618;6546;9203;1192;2146;23486
        San Martino Buon Albergo;502;2138;3955;5988;778;1440;14801
        San Mauro di Saline;26;94;179;184;20;29;532
        San Pietro di Morubio;121;523;902;1019;88;150;2803
        San Pietro in Cariano;311;1636;2976;4996;755;1504;12178
        San Zeno di Montagna;44;200;364;554;54;145;1361
        Sanguinetto;161;676;1193;1445;146;218;3839
        Sant'Ambrogio di Valpolicella;355;1663;2974;4439;559;1009;10999
        Sant'Anna d'Alfaedo;68;386;703;951;129;157;2394
        Selva di Progno;20;161;295;318;18;38;850
        Soave;206;927;1781;2613;360;734;6621
        Sommacampagna;420;2067;3930;5391;603;1125;13536
        Sona;512;2280;4560;6734;840;1387;16313
        Sorgà;91;492;959;953;86;152;2733
        Terrazzo;78;375;597;740;59;124;1973
        Torri del Benaco;63;400;719;1102;126;331;2741
        Tregnago;149;767;1337;1725;240;360;4578
        Trevenzuolo;104;411;826;940;89;153;2523
        Valeggio sul Mincio;508;2112;4118;5857;683;1345;14623
        Velo Veronese;20;139;228;284;26;32;729
        Verona;6999;28797;56117;92881;13698;40480;238972
        Veronella;192;688;1496;1843;161;266;4646
        Vestenanova;72;427;794;783;108;116;2300
        Vigasio;341;1351;2811;3784;425;648;9360
        Villa Bartolomea;186;932;1647;2032;226;393;5416
        Villafranca di Verona;953;4287;8265;12656;1570;2946;30677
        Zevio;516;1906;4246;5837;663;1162;14330
        Zimella;154;721;1532;1632;160;267;4466
      Vicenza;22893;118243;237809;304298;36920;73265;793428
        Agugliaro;39;208;404;519;51;69;1290
        Albettone;43;291;696;653;72;88;1843
        Alonte;35;171;422;646;72;136;1482
        Altavilla Vicentina;333;1486;3297;4508;540;889;11053
        Altissimo;70;353;727;672;77;69;1968
        Arcugnano;145;1052;2002;2800;387;790;7176
        Arsiero;79;511;947;1070;83;171;2861
        Arzignano;750;3565;7443;8787;1025;1764;23334
        Asiago;151;734;1711;2489;234;592;5911
        Asigliano Veneto;22;160;252;256;33;43;766
        Barbarano Mossano;190;1031;1942;2035;220;335;5753
        Bassano del Grappa;1149;5343;10533;14767;2201;5750;39743
        Bolzano Vicentino;170;929;1785;2366;319;466;6035
        Breganze;217;1306;2203;3081;344;668;7819
        Brendola;165;1113;1932;2264;250;476;6200
        Bressanvido;94;512;882;1122;138;184;2932
        Brogliano;121;549;1238;1412;172;214;3706
        Caldogno;270;1478;2999;4239;531;1028;10545
        Caltrano;69;381;751;885;101;131;2318
        Calvene;26;231;383;412;54;86;1192
        Camisano Vicentino;362;1534;3062;4018;487;795;10258
        Campiglia dei Berici;35;233;488;604;72;113;1545
        Campolongo sul Brenta;..;..;..;..;..;..;..
        Carrè;91;469;1040;1298;144;247;3289
        Cartigliano;102;560;1210;1205;134;252;3463
        Cassola;414;1829;4270;5441;687;1293;13934
        Castegnero;75;419;878;1031;108;145;2656
        Castelgomberto;155;865;1873;2168;220;388;5669
        Chiampo;412;2160;4012;4047;419;531;11581
        Chiuppano;66;341;794;911;84;172;2368
        Cismon del Grappa;..;..;..;..;..;..;..
        Cogollo del Cengio;63;400;912;1254;116;189;2934
        Colceresa;141;860;1807;2156;232;324;5520
        Conco;..;..;..;..;..;..;..
        Cornedo Vicentino;307;1678;3374;4245;447;807;10858
        Costabissara;214;956;1921;2774;400;799;7064
        Creazzo;283;1574;2887;4136;517;1061;10458
        Crespadoro;33;178;471;397;44;46;1169
        Dueville;355;2145;3839;4849;591;907;12686
        Enego;33;263;543;506;42;72;1459
        Fara Vicentino;93;602;1127;1305;111;234;3472
        Foza;18;113;255;193;11;26;616
        Gallio;54;294;715;917;85;164;2229
        Gambellara;122;505;978;1173;135;204;3117
        Gambugliano;18;120;256;296;30;62;782
        Grisignano di Zocco;113;671;1257;1507;165;267;3980
        Grumolo delle Abbadesse;89;535;1078;1446;143;198;3489
        Isola Vicentina;278;1461;2938;3729;411;683;9500
        Laghi;4;23;36;44;6;7;120
        Lastebasse;7;39;59;69;7;9;190
        Longare;122;888;1467;1995;237;474;5183
        Lonigo;470;2051;4374;5668;702;1375;14640
        Lugo di Vicenza;93;553;1074;1283;146;204;3353
        Lusiana;..;..;..;..;..;..;..
        Lusiana Conco;100;739;1459;1585;157;266;4306
        Malo;400;2096;4291;5216;606;988;13597
        Marano Vicentino;196;1350;2787;3326;385;610;8654
        Marostica;387;1996;3936;4849;626;1244;13038
        Mason Vicentino;..;..;..;..;..;..;..
        Molvena;..;..;..;..;..;..;..
        Monte di Malo;63;457;868;959;110;141;2598
        Montebello Vicentino;205;958;1949;2127;235;378;5852
        Montecchio Maggiore;699;3264;6871;8299;993;1520;21646
        Montecchio Precalcino;159;750;1446;1735;217;286;4593
        Montegalda;97;518;994;1184;116;224;3133
        Montegaldella;45;264;535;640;62;118;1664
        Monteviale;72;312;753;990;136;346;2609
        Monticello Conte Otto;232;1259;2376;3378;389;846;8480
        Montorso Vicentino;79;527;973;1045;95;128;2847
        Mussolente;253;1010;2314;2611;310;530;7028
        Nanto;81;462;956;1102;110;152;2863
        Nogarole Vicentino;39;191;406;393;43;46;1118
        Nove;126;740;1544;1653;205;297;4565
        Noventa Vicentina;287;1219;2558;3263;358;648;8333
        Orgiano;93;510;881;1102;73;165;2824
        Pedemonte;19;158;213;214;16;20;640
        Pianezze;57;350;605;783;95;145;2035
        Piovene Rocchette;232;1170;2374;3065;306;503;7650
        Pojana Maggiore;107;651;1283;1503;158;239;3941
        Posina;16;86;180;217;18;25;542
        Pove del Grappa;65;406;835;1150;171;364;2991
        Pozzoleone;75;415;966;903;82;135;2576
        Quinto Vicentino;127;750;1722;2081;252;477;5409
        Recoaro Terme;119;961;1798;2302;207;282;5669
        Roana;90;482;1111;1663;207;331;3884
        Romano d'Ezzelino;373;1986;4303;4894;630;1078;13264
        Rosà;439;2180;4361;4910;637;980;13507
        Rossano Veneto;233;1195;2437;2807;337;534;7543
        Rotzo;16;92;153;237;47;53;598
        Salcedo;25;191;337;328;25;40;946
        San Nazario;..;..;..;..;..;..;..
        San Pietro Mussolino;48;241;506;503;52;64;1414
        San Vito di Leguzzano;93;479;1043;1293;163;268;3339
        Sandrigo;208;1256;2430;2861;350;567;7672
        Santorso;124;789;1591;2086;243;401;5234
        Sarcedo;128;795;1515;1888;233;347;4906
        Sarego;231;944;2064;2283;240;377;6139
        Schiavon;56;389;749;969;105;152;2420
        Schio;998;5079;10038;14253;1782;3874;36024
        Solagna;44;251;560;613;78;137;1683
        Sossano;117;692;1279;1428;128;225;3869
        Sovizzo;224;949;1937;2760;334;712;6916
        Sovizzo;..;..;..;..;..;..;..
        Tezze sul Brenta;382;1729;4142;4416;535;716;11920
        Thiene;677;2944;6221;8590;1104;2488;22024
        Tonezza del Cimone;8;55;123;231;26;25;468
        Torrebelvicino;132;765;1744;2253;235;343;5472
        Torri di Quartesolo;330;1593;3247;4296;517;928;10911
        Trissino;229;1416;2570;3030;311;486;8042
        Val Liona;79;472;990;1026;112;172;2851
        Valbrenta;112;855;1444;1671;193;296;4571
        Valdagno;719;3896;6842;9368;1105;2134;24064
        Valdastico;21;213;363;437;29;36;1099
        Valli del Pasubio;71;541;913;1144;77;135;2881
        Valstagna;..;..;..;..;..;..;..
        Velo d'Astico;45;323;687;861;75;112;2103
        Vicenza;2843;12855;25852;39466;5623;16477;103116
        Villaga;53;276;636;649;65;92;1771
        Villaverla;153;824;1867;2172;225;343;5584
        Zanè;165;927;1787;2404;306;553;6142
        Zermeghedo;42;139;436;484;56;72;1229
        Zovencedo;23;121;229;271;43;52;739
        Zugliano;172;1017;1885;2430;324;545;6373
      Belluno;4624;28312;49409;78188;8085;17888;186506
        Agordo;77;495;989;1636;181;419;3797
        Alano di Piave;76;438;822;915;108;165;2524
        Alleghe;25;176;289;426;37;78;1031
        Alpago;197;916;1679;2603;254;547;6196
        Arsiè;50;401;564;864;74;141;2094
        Auronzo di Cadore;60;515;906;1203;88;167;2939
        Belluno;804;4194;7471;13904;1865;5176;33414
        Borca di Cadore;18;77;212;352;34;95;788
        Borgo Valbelluna;353;2176;3510;5236;493;848;12616
        Calalzo di Cadore;34;273;477;736;82;137;1739
        Canale d'Agordo;12;159;270;457;41;64;1003
        Cencenighe Agordino;21;194;348;479;40;63;1145
        Cesiomaggiore;98;642;982;1538;152;271;3683
        Chies d'Alpago;18;229;322;504;42;82;1197
        Cibiana di Cadore;4;76;86;117;15;21;319
        Colle Santa Lucia;3;54;101;142;13;17;330
        Comelico Superiore;32;327;592;833;57;121;1962
        Cortina d'Ampezzo;103;614;1363;2277;212;745;5314
        Danta di Cadore;8;84;122;160;12;24;410
        Domegge di Cadore;45;329;530;971;79;175;2129
        Falcade;26;312;410;759;67;143;1717
        Feltre;534;2690;4881;7918;952;2255;19230
        Fonzaso;81;476;837;1187;97;156;2834
        Gosaldo;7;101;140;214;15;24;501
        La Valle Agordina;23;167;266;446;38;56;996
        Lamon;87;507;666;991;96;160;2507
        Lentiai;..;..;..;..;..;..;..
        Limana;146;720;1263;2101;261;467;4958
        Livinallongo del Col di Lana;25;193;382;464;31;58;1153
        Longarone;106;795;1393;2098;148;249;4789
        Lorenzago di Cadore;10;63;157;241;18;36;525
        Lozzo di Cadore;22;188;374;489;40;96;1209
        Mel;..;..;..;..;..;..;..
        Ospitale di Cadore;1;40;76;113;11;6;247
        Pedavena;109;613;996;1751;184;415;4068
        Perarolo di Cadore;5;54;110;149;8;22;348
        Pieve di Cadore;87;462;888;1479;163;401;3480
        Ponte nelle Alpi;185;1099;2015;3241;315;601;7456
        Quero Vas;98;480;952;1108;98;157;2893
        Rivamonte Agordino;12;97;142;266;25;47;589
        Rocca Pietore;19;201;343;430;31;61;1085
        San Gregorio nelle Alpi;42;225;414;653;61;97;1492
        San Nicolò di Comelico;10;30;97;171;17;31;356
        San Pietro di Cadore;26;281;473;528;28;77;1413
        San Tomaso Agordino;17;119;185;219;8;23;571
        San Vito di Cadore;51;214;457;752;97;232;1803
        Santa Giustina;160;970;1621;2657;272;517;6197
        Santo Stefano di Cadore;39;361;667;953;67;136;2223
        Sedico;250;1405;2552;4053;415;731;9406
        Selva di Cadore;12;73;147;200;13;30;475
        Seren del Grappa;60;375;618;926;75;144;2198
        Setteville;..;..;..;..;..;..;..
        Sospirolo;69;486;794;1210;101;209;2869
        Soverzene;6;56;81;164;11;36;354
        Sovramonte;29;221;327;508;54;91;1230
        Taibon Agordino;35;269;446;717;60;86;1613
        Tambre;21;225;360;479;43;96;1224
        Trichiana;..;..;..;..;..;..;..
        Val di Zoldo;60;498;826;980;93;190;2647
        Vallada Agordina;9;85;94;197;22;39;446
        Valle di Cadore;37;298;473;737;67;140;1752
        Vigo di Cadore;32;217;350;556;46;88;1289
        Vodo Cadore;10;124;225;326;26;61;772
        Voltago Agordino;22;113;210;351;21;54;771
        Zoppè di Cadore;6;40;66;53;11;14;190
      Treviso;27611;123424;230317;317674;38908;79490;817424
        Altivole;225;1022;2076;2423;271;394;6411
        Arcade;125;662;1250;1638;159;314;4148
        Asolo;293;1161;2594;3155;405;671;8279
        Borso del Grappa;172;745;1670;2157;260;453;5457
        Breda di Piave;240;1130;2172;2835;326;470;7173
        Caerano di San Marco;298;1296;2416;2529;288;447;7274
        Cappella Maggiore;147;684;1149;1791;187;380;4338
        Carbonera;350;1519;2846;4204;534;1050;10503
        Casale sul Sile;423;1798;3543;4920;598;969;12251
        Casier;286;1336;2485;4400;681;1415;10603
        Castelcucco;82;335;700;738;108;159;2122
        Castelfranco Veneto;973;4342;7992;11877;1627;4087;30898
        Castello di Godego;221;951;1959;2481;327;534;6473
        Cavaso del Tomba;80;444;822;1082;103;177;2708
        Cessalto;156;593;1028;1333;107;210;3427
        Chiarano;140;545;1036;1357;117;173;3368
        Cimadolmo;124;551;1006;1152;133;150;3116
        Cison di Valmarino;100;378;738;871;97;182;2366
        Codognè;156;895;1429;1891;170;298;4839
        Colle Umberto;133;765;1292;1884;240;406;4720
        Conegliano;1091;4253;8111;12528;1697;4534;32214
        Cordignano;194;1127;1802;2668;277;389;6457
        Cornuda;204;884;1705;2252;270;465;5780
        Crespano del Grappa;..;..;..;..;..;..;..
        Crocetta del Montello;189;1052;1750;2003;203;349;5546
        Farra di Soligo;295;1341;2397;2965;323;545;7866
        Follina;101;572;975;1321;137;286;3392
        Fontanelle;181;985;1653;1998;201;271;5289
        Fonte;222;852;1704;2131;209;403;5521
        Fregona;73;422;703;1110;131;202;2641
        Gaiarine;191;1096;1689;2049;230;334;5589
        Giavera del Montello;167;762;1563;1781;182;304;4759
        Godega di Sant'Urbano;182;975;1630;2164;212;403;5566
        Gorgo al Monticano;130;649;1190;1432;122;182;3705
        Istrana;326;1161;2660;3319;415;543;8424
        Loria;318;1313;2860;3189;307;449;8436
        Mansuè;193;784;1360;1773;177;264;4551
        Mareno di Piave;283;1457;2447;3628;390;596;8801
        Maser;174;929;1486;1653;205;241;4688
        Maserada sul Piave;271;1364;2667;3380;390;536;8608
        Meduna di Livenza;98;482;888;1065;94;156;2783
        Miane;93;510;891;1106;125;211;2936
        Mogliano Veneto;786;3433;6317;10424;1383;3785;26128
        Monastier di Treviso;144;723;1156;1607;163;248;4041
        Monfumo;35;213;382;473;49;81;1233
        Montebelluna;1028;4179;8215;10995;1419;3185;29021
        Morgano;142;668;1217;1585;214;299;4125
        Moriago della Battaglia;101;488;871;927;96;125;2608
        Motta di Livenza;412;1495;2954;3914;491;756;10022
        Nervesa della Battaglia;194;1105;1929;2269;232;406;6135
        Oderzo;628;2768;4776;7542;875;2152;18741
        Ormelle;148;699;1274;1591;165;256;4133
        Orsago;109;622;1015;1429;158;234;3567
        Paderno del Grappa;..;..;..;..;..;..;..
        Paese;672;2858;5667;8255;1089;1890;20431
        Pederobba;221;1095;2236;2571;305;413;6841
        Pieve del Grappa;225;1002;1817;2434;241;488;6207
        Pieve di Soligo;394;1732;3255;4022;491;890;10784
        Ponte di Piave;308;1147;2262;3080;338;549;7684
        Ponzano Veneto;405;1626;3234;4749;631;1375;12020
        Portobuffolè;25;119;222;255;33;37;691
        Possagno;76;314;665;801;73;147;2076
        Povegliano;176;681;1390;1878;234;371;4730
        Preganziol;486;1987;3927;6598;901;1813;15712
        Quinto di Treviso;326;1447;2707;3593;429;692;9194
        Refrontolo;59;285;492;589;61;122;1608
        Resana;339;1212;2861;3271;381;556;8620
        Revine Lago;56;312;580;814;84;144;1990
        Riese Pio X;325;1372;3259;3990;483;653;10082
        Roncade;486;2313;3900;5304;588;1022;13613
        Salgareda;230;967;1796;2492;221;371;6077
        San Biagio di Callalta;393;1959;3581;4509;538;787;11767
        San Fior;204;1057;1805;2502;293;458;6319
        San Pietro di Feletto;124;847;1191;1855;271;549;4837
        San Polo di Piave;184;806;1406;1756;206;233;4591
        San Vendemiano;325;1509;2481;3699;431;779;9224
        San Zenone degli Ezzelini;260;1079;2346;2471;255;347;6758
        Santa Lucia di Piave;307;1352;2508;3328;378;621;8494
        Sarmede;66;450;830;1171;121;158;2796
        Segusino;59;331;488;634;73;90;1675
        Sernaglia della Battaglia;237;1042;1782;1999;205;351;5616
        Silea;305;1486;2515;3787;542;1053;9688
        Spresiano;416;1622;3480;4519;486;822;11345
        Susegana;389;1688;3282;4328;481;759;10927
        Tarzo;119;752;1142;1497;164;266;3940
        Trevignano;346;1664;3100;3728;454;603;9895
        Treviso;2447;9246;17725;30139;4573;15233;79363
        Valdobbiadene;295;1522;2798;3530;445;733;9323
        Vazzola;236;1084;1953;2404;225;367;6269
        Vedelago;536;2459;4874;5719;642;923;15153
        Vidor;119;601;1079;1246;165;207;3417
        Villorba;463;2463;4461;6631;804;1768;16590
        Vittorio Veneto;763;3907;6354;10258;1296;3112;25690
        Volpago del Montello;316;1631;2900;3402;395;658;9302
        Zenson di Piave;49;244;502;659;59;103;1616
        Zero Branco;417;1639;3024;4218;543;848;10689
      Venezia;30034;118462;226388;293688;34186;80995;783753
        Annone Veneto;193;556;1179;1283;115;214;3540
        Campagna Lupia;274;1200;2220;2400;238;343;6675
        Campolongo Maggiore;396;1693;3565;3423;359;554;9990
        Camponogara;448;1930;4096;4458;468;702;12102
        Caorle;473;1716;3584;3735;348;704;10560
        Cavallino-Treporti;550;2259;4356;4369;397;642;12573
        Cavarzere;592;2404;4068;4019;392;770;12245
        Ceggia;209;804;1660;2389;239;393;5694
        Chioggia;1787;7569;15584;14944;1805;3298;44987
        Cinto Caomaggiore;91;480;882;1193;112;190;2948
        Cona;102;486;915;877;96;143;2619
        Concordia Sagittaria;372;1686;2893;3449;436;764;9600
        Dolo;459;2163;3842;5248;663;1621;13996
        Eraclea;541;2152;3752;3876;404;533;11258
        Fiesso d'Artico;329;1296;2225;2883;380;706;7819
        Fossalta di Piave;154;607;1178;1463;190;256;3848
        Fossalta di Portogruaro;201;902;1535;2114;225;404;5381
        Fossò;255;1152;2077;2395;259;473;6611
        Gruaro;96;434;770;970;100;193;2563
        Jesolo;1042;3657;7218;9968;1085;2078;25048
        Marcon;511;2141;4455;6980;781;1445;16313
        Martellago;704;3035;5458;8058;942;1757;19954
        Meolo;201;979;1706;2289;238;379;5792
        Mira;1383;5761;10529;13480;1380;2846;35379
        Mirano;904;3742;6477;9821;1271;3263;25478
        Musile di Piave;430;1746;3167;4053;442;793;10631
        Noale;541;2234;4168;5880;740;1577;15140
        Noventa di Piave;258;958;1889;2577;266;533;6481
        Pianiga;432;1680;3409;4259;526;1058;11364
        Portogruaro;807;3315;6117;8743;1111;2874;22967
        Pramaggiore;210;639;1443;1691;177;218;4378
        Quarto d'Altino;321;1201;2204;2884;320;566;7496
        Salzano;446;1895;3537;4652;605;890;12025
        San Donà di Piave;1438;5172;10367;15345;2016;4567;38905
        San Michele al Tagliamento;516;1965;3409;3987;353;616;10846
        Santa Maria di Sala;574;2353;5185;6343;639;1162;16256
        San Stino di Livenza;559;1809;3676;4554;420;775;11793
        Scorzè;690;2698;5129;6960;829;1466;17772
        Spinea;937;3739;7021;10419;1242;2573;25931
        Stra;301;1234;2092;2435;279;695;7036
        Teglio Veneto;98;332;630;813;89;158;2120
        Torre di Mosto;220;720;1413;1702;149;270;4474
        Venezia;8620;32410;62338;87045;10678;34906;235997
        Vigonovo;369;1558;2970;3262;382;627;9168
      Padova;28049;124388;242017;319480;42577;112080;868591
        Abano Terme;602;2495;5016;7362;972;2579;19026
        Agna;117;548;1099;972;93;149;2978
        Albignasego;800;3377;6152;9222;1477;3730;24758
        Anguillara Veneta;162;747;1434;1305;122;158;3928
        Arquà Petrarca;55;297;444;621;85;205;1707
        Arre;49;277;695;720;70;153;1964
        Arzergrande;149;746;1431;1658;156;318;4458
        Bagnoli di Sopra;125;531;1085;1121;108;222;3192
        Baone;79;443;710;1103;159;402;2896
        Barbona;15;93;189;208;19;37;561
        Battaglia Terme;103;529;1001;1371;165;392;3561
        Boara Pisani;74;415;721;800;104;142;2256
        Borgo Veneto;219;977;2197;2510;244;399;6546
        Borgoricco;265;1258;2543;3188;369;660;8283
        Bovolenta;123;538;1015;1187;131;229;3223
        Brugine;218;1025;2232;2442;301;442;6660
        Cadoneghe;511;2164;4065;5621;711;1739;14811
        Campo San Martino;152;865;1625;2007;196;354;5199
        Campodarsego;467;2122;4135;5309;667;1177;13877
        Campodoro;67;308;801;971;113;178;2438
        Camposampiero;401;1518;3179;4205;535;1154;10992
        Candiana;50;325;730;738;82;119;2044
        Carceri;27;220;446;530;76;87;1386
        Carmignano di Brenta;213;1045;2278;2573;291;474;6874
        Cartura;141;703;1453;1563;152;274;4286
        Casale di Scodosia;176;797;1561;1390;155;235;4314
        Casalserugo;148;836;1659;1824;204;388;5059
        Castelbaldo;47;277;466;456;51;51;1348
        Cervarese Santa Croce;150;825;1742;1971;220;355;5263
        Cinto Euganeo;64;345;531;621;70;187;1818
        Cittadella;542;2705;5334;6981;926;2224;18712
        Codevigo;214;943;2164;2057;192;322;5892
        Conselve;329;1457;2827;3432;408;851;9304
        Correzzola;151;843;1730;1622;145;265;4756
        Curtarolo;223;1025;2173;2529;254;430;6634
        Due Carrare;233;1199;2539;3352;410;725;8458
        Este;484;2199;3904;5674;767;2114;15142
        Fontaniva;219;1243;2471;2622;300;568;7423
        Galliera Veneta;198;999;1956;2574;311;510;6548
        Galzignano Terme;133;719;1240;1442;194;315;4043
        Gazzo;140;568;1242;1550;166;262;3928
        Grantorto;185;735;1441;1469;136;213;4179
        Granze;67;271;575;698;75;114;1800
        Legnaro;293;1348;2493;3267;427;915;8743
        Limena;222;1114;1987;3045;433;878;7679
        Loreggia;281;1014;2262;2635;298;548;7038
        Lozzo Atestino;98;485;918;1051;118;179;2849
        Maserà di Padova;266;1331;2674;3171;415;686;8543
        Masi;65;280;543;612;75;95;1670
        Massanzago;180;762;1755;2230;237;391;5555
        Megliadino San Vitale;64;242;587;612;65;116;1686
        Merlara;66;441;865;841;68;116;2397
        Mestrino;398;1529;3242;4268;497;965;10899
        Monselice;511;2521;4425;6032;790;1928;16207
        Montagnana;296;1359;2422;3212;360;794;8443
        Montegrotto Terme;316;1603;2825;4141;545;1331;10761
        Noventa Padovana;359;1477;2735;3997;543;1593;10704
        Ospedaletto Euganeo;170;838;1670;1985;201;379;5243
        Padova;5814;21635;40991;66569;11569;47751;194329
        Pernumia;139;569;1064;1300;154;293;3519
        Piacenza d'Adige;49;214;432;380;33;53;1161
        Piazzola sul Brenta;362;1791;3129;3824;402;825;10333
        Piombino Dese;318;1380;2746;3297;346;592;8679
        Piove di Sacco;708;2957;5518;6805;880;1851;18719
        Polverara;111;460;960;1218;133;252;3134
        Ponso;92;340;693;854;99;170;2248
        Ponte San Nicolò;368;1753;3422;4615;628;1688;12474
        Pontelongo;161;565;1154;1152;135;212;3379
        Pozzonovo;116;527;1044;1178;125;253;3243
        Rovolon;163;724;1441;1693;177;365;4563
        Rubano;584;2087;4005;6122;840;2049;15687
        Saccolongo;148;728;1405;1690;217;424;4612
        San Giorgio delle Pertiche;314;1443;2875;3619;366;693;9310
        San Giorgio in Bosco;198;935;1951;2125;253;389;5851
        San Martino di Lupari;390;1886;3642;4662;546;1059;12185
        San Pietro in Gu;117;677;1303;1424;152;285;3958
        San Pietro Viminario;91;418;891;1077;122;235;2834
        Santa Caterina d'Este;..;..;..;..;..;..;..
        Santa Giustina in Colle;219;986;2069;2504;294;527;6599
        Sant'Angelo di Piove di Sacco;254;1131;2311;2383;320;491;6890
        Sant'Elena;86;360;697;936;84;163;2326
        Sant'Urbano;64;336;589;647;66;101;1803
        Saonara;333;1399;2863;3673;533;1006;9807
        Selvazzano Dentro;622;2887;5364;8222;1255;3192;21542
        Solesino;274;1194;2144;2152;196;383;6343
        Stanghella;146;668;1218;1419;132;295;3878
        Teolo;233;1175;2253;3191;448;1048;8348
        Terrassa Padovana;75;361;807;967;114;149;2473
        Tombolo;242;1226;2317;2907;326;584;7602
        Torreglia;155;892;1658;2181;216;568;5670
        Trebaseleghe;392;1823;3850;4617;531;741;11954
        Tribano;128;644;1258;1475;151;294;3950
        Urbana;83;296;666;658;78;120;1901
        Veggiano;138;605;1411;1804;177;331;4466
        Vescovana;60;246;484;610;76;139;1615
        Vighizzolo d'Este;23;118;261;322;31;55;810
        Vigodarzere;351;1789;3504;4764;633;1301;12342
        Vigonza;648;3154;5956;8149;1156;2414;21477
        Villa del Conte;178;800;1726;1907;199;341;5151
        Villa Estense;60;348;639;744;77;140;2008
        Villafranca Padovana;276;1486;2863;3764;497;824;9710
        Villanova di Camposampiero;191;934;1839;2102;237;394;5697
        Vo';103;545;970;1108;119;224;3069
      Rovigo;8410;34746;66313;78810;8662;18406;215347
        Adria;653;2669;5189;6559;838;1753;17661
        Ariano nel Polesine;170;723;1277;1278;108;166;3722
        Arquà Polesine;96;375;722;947;105;206;2451
        Badia Polesine;409;1410;2992;3555;372;754;9492
        Bagnolo di Po;64;238;379;386;40;68;1175
        Bergantino;85;409;712;856;76;145;2283
        Bosaro;57;227;442;493;52;77;1348
        Calto;31;106;190;238;22;50;637
        Canaro;76;463;765;936;72;135;2447
        Canda;27;145;257;282;24;53;788
        Castelguglielmo;50;236;462;520;54;87;1409
        Castelmassa;166;532;1053;1496;151;341;3739
        Castelnovo Bariano;95;418;698;973;77;160;2421
        Ceneselli;67;248;479;546;35;90;1465
        Ceregnano;145;515;1059;1159;137;204;3219
        Corbola;94;375;728;702;61;104;2064
        Costa di Rovigo;110;446;676;845;80;157;2314
        Crespino;67;341;525;565;50;103;1651
        Ficarolo;125;389;594;753;63;142;2066
        Fiesso Umbertiano;148;619;1161;1327;131;264;3650
        Frassinelle Polesine;57;250;440;424;51;55;1277
        Fratta Polesine;83;439;744;798;70;185;2319
        Gaiba;32;190;284;301;33;72;912
        Gavello;55;261;478;474;49;84;1401
        Giacciano con Baruchella;91;340;644;705;51;103;1934
        Guarda Veneta;39;166;343;384;32;74;1038
        Lendinara;473;1841;3415;3828;414;764;10735
        Loreo;124;589;1028;1099;101;161;3102
        Lusia;120;523;1155;1036;105;162;3101
        Melara;55;305;499;569;47;109;1584
        Occhiobello;378;1624;3267;4423;509;1066;11267
        Papozze;45;240;423;468;43;84;1303
        Pettorazza Grimani;47;240;507;479;39;63;1375
        Pincara;34;215;339;345;44;46;1023
        Polesella;108;532;1083;1348;140;249;3460
        Pontecchio Polesine;76;290;568;842;105;187;2068
        Porto Tolle;438;1731;3050;2890;198;283;8590
        Porto Viro;557;2295;4599;4435;432;684;13002
        Rosolina;296;1056;2007;2017;189;317;5882
        Rovigo;1529;5998;12191;18196;2574;6933;47421
        Salara;42;167;295;391;28;73;996
        San Bellino;31;143;304;379;27;58;942
        San Martino di Venezze;168;624;1205;1220;136;183;3536
        Stienta;87;541;940;1020;108;221;2917
        Taglio di Po;308;1363;2660;2533;217;401;7482
        Trecenta;103;485;777;815;83;179;2442
        Villadose;137;755;1441;1678;163;300;4474
        Villamarzana;41;177;337;382;36;84;1057
        Villanova del Ghebbo;80;319;659;628;68;138;1892
        Villanova Marchesana;41;163;271;287;22;29;813
    Friuli-Venezia Giulia;30083;143828;310271;456786;51463;128135;1120566
      Udine;12655;71300;129291;200159;21486;51923;486814
        Aiello del Friuli;40;310;565;865;83;163;2026
        Amaro;20;106;200;379;29;63;797
        Ampezzo;14;195;233;354;26;45;867
        Aquileia;82;509;909;1149;102;248;2999
        Arta Terme;44;316;597;777;78;124;1936
        Artegna;60;386;739;1161;123;259;2728
        Attimis;42;262;444;646;68;116;1578
        Bagnaria Arsa;93;579;961;1260;118;247;3258
        Basiliano;120;859;1321;1957;207;384;4848
        Bertiolo;47;430;651;881;83;127;2219
        Bicinicco;51;306;479;711;55;106;1708
        Bordano;19;106;226;269;20;40;680
        Buja;157;867;1580;2648;247;477;5976
        Buttrio;110;517;943;1562;152;393;3677
        Camino al Tagliamento;36;246;414;591;56;91;1434
        Campoformido;210;919;1745;3023;387;1015;7299
        Campolongo Tapogliano;17;165;304;433;36;84;1039
        Carlino;69;500;810;958;62;123;2522
        Cassacco;70;401;663;1167;83;237;2621
        Castions di Strada;94;612;1013;1405;126;211;3461
        Cavazzo Carnico;24;137;221;395;44;61;882
        Cercivento;16;97;192;250;20;24;599
        Cervignano del Friuli;359;1674;3592;5277;587;1254;12743
        Chiopris-Viscone;27;96;176;262;23;45;629
        Chiusaforte;7;96;183;238;15;40;579
        Cividale del Friuli;264;1333;2632;4362;511;1170;10272
        Codroipo;440;2287;4005;5976;635;1479;14822
        Colloredo di Monte Albano;61;333;539;838;73;191;2035
        Comeglians;13;78;122;181;8;26;428
        Corno di Rosazzo;79;498;867;1199;111;198;2952
        Coseano;40;329;559;783;66;142;1919
        Dignano;48;452;571;846;70;148;2135
        Dogna;3;30;38;64;1;10;146
        Drenchia;2;30;22;40;2;2;98
        Enemonzo;27;195;337;524;48;76;1207
        Faedis;70;413;689;1115;115;219;2621
        Fagagna;135;894;1432;2277;258;626;5622
        Fiumicello Villa Vicentina;145;996;1761;2375;221;437;5935
        Flaibano;23;190;268;414;36;80;1011
        Forgaria nel Friuli;36;255;441;726;61;85;1604
        Forni Avoltri;14;87;126;228;10;17;482
        Forni di Sopra;14;164;228;396;21;57;880
        Forni di Sotto;17;126;153;194;10;22;522
        Gemona del Friuli;236;1459;2592;4201;436;941;9865
        Gonars;124;792;1255;1731;159;242;4303
        Grimacco;9;44;82;135;6;19;295
        Latisana;375;1836;3600;5063;460;977;12311
        Lauco;15;128;179;262;13;28;625
        Lestizza;92;613;1012;1365;125;213;3420
        Lignano Sabbiadoro;148;825;1750;2811;273;645;6452
        Lusevera;13;109;172;237;14;35;580
        Magnano in Riviera;59;343;523;935;70;185;2115
        Majano;148;891;1508;2308;199;400;5454
        Malborghetto Valbruna;17;110;236;394;23;65;845
        Manzano;178;1061;1809;2306;225;378;5957
        Marano Lagunare;59;339;532;550;56;90;1626
        Martignacco;171;915;1531;2621;362;815;6415
        Mereto di Tomba;68;466;645;934;78;201;2392
        Moggio Udinese;40;249;449;621;59;128;1546
        Moimacco;33;205;388;692;70;145;1533
        Montenars;11;68;130;197;12;42;460
        Mortegliano;121;699;1255;1896;190;391;4552
        Moruzzo;65;339;524;844;109;397;2278
        Muzzana del Turgnano;63;439;628;896;81;126;2233
        Nimis;66;420;755;953;79;170;2443
        Osoppo;63;387;757;1126;118;164;2615
        Ovaro;25;276;431;790;41;95;1658
        Pagnacco;115;606;1047;1936;250;798;4752
        Palazzolo dello Stella;76;555;844;1019;59;149;2702
        Palmanova;154;734;1404;1915;190;562;4959
        Paluzza;40;354;590;722;53;108;1867
        Pasian di Prato;200;1070;2068;3686;456;1175;8655
        Paularo;55;435;822;793;45;60;2210
        Pavia di Udine;139;902;1431;2109;211;400;5192
        Pocenia;68;438;754;821;80;100;2261
        Pontebba;34;187;358;522;37;80;1218
        Porpetto;71;441;693;934;75;123;2337
        Povoletto;129;861;1339;2107;236;418;5090
        Pozzuolo del Friuli;202;1027;1765;2572;267;583;6416
        Pradamano;78;455;776;1422;170;382;3283
        Prato Carnico;16;161;203;345;24;49;798
        Precenicco;31;239;428;546;56;70;1370
        Premariacco;88;597;1002;1580;164;276;3707
        Preone;6;37;56;112;9;13;233
        Prepotto;13;112;185;285;24;58;677
        Pulfero;21;161;231;316;26;39;794
        Ragogna;61;392;746;1195;96;176;2666
        Ravascletto;9;82;125;224;14;20;474
        Raveo;10;56;114;199;19;28;426
        Reana del Rojale;100;657;1169;1917;218;355;4416
        Remanzacco;163;803;1473;2358;273;548;5618
        Resia;17;194;268;340;21;35;875
        Resiutta;7;61;83;84;6;12;253
        Rigolato;5;56;94;171;9;13;348
        Rive d'Arcano;44;368;606;942;96;182;2238
        Rivignano Teor;170;1051;1863;2213;228;339;5864
        Ronchis;44;281;582;739;53;122;1821
        Ruda;71;408;730;1124;81;214;2628
        San Daniele del Friuli;165;1047;2013;3167;350;756;7498
        San Giorgio di Nogaro;185;1139;2113;2609;268;519;6833
        San Giovanni al Natisone;165;993;1646;2332;202;338;5676
        San Leonardo;19;119;264;451;45;88;986
        San Pietro al Natisone;44;240;469;969;85;183;1990
        San Vito al Torre;31;189;347;475;41;60;1143
        San Vito di Fagagna;44;265;427;597;68;143;1544
        Santa Maria la Longa;96;353;543;922;86;163;2163
        Sappada;38;188;321;537;44;104;1232
        Sauris;6;61;91;177;14;17;366
        Savogna;5;85;100;141;6;16;353
        Sedegliano;102;652;963;1407;94;210;3428
        Socchieve;19;131;211;395;32;49;837
        Stregna;2;42;74;133;11;21;283
        Sutrio;30;197;316;487;44;68;1142
        Taipana;9;88;181;226;14;27;545
        Talmassons;83;635;1091;1478;140;191;3618
        Tarcento;212;1157;2214;3637;343;791;8354
        Tarvisio;73;458;1184;1585;134;328;3762
        Tavagnacco;353;1673;3226;5711;793;1924;13680
        Terzo d'Aquileia;91;439;728;1026;100;190;2574
        Tolmezzo;204;1192;2359;4010;462;1040;9267
        Torreano;53;313;557;807;83;127;1940
        Torviscosa;70;459;786;996;71;120;2502
        Trasaghis;46;366;602;791;54;111;1970
        Treppo Grande;26;230;451;713;58;143;1621
        Treppo Ligosullo;15;116;231;237;12;28;639
        Tricesimo;191;956;1698;3030;332;862;7069
        Trivignano Udinese;37;298;380;578;60;109;1462
        Udine;2335;9688;20718;36699;5231;17283;91954
        Varmo;76;440;765;984;89;179;2533
        Venzone;36;279;546;814;74;94;1843
        Verzegnis;21;122;229;346;30;62;810
        Villa Santina;39;307;564;876;81;140;2007
        Visco;30;120;192;330;26;59;757
        Zuglio;9;88;148;214;18;39;516
      Gorizia;3235;13827;37816;55219;5895;13371;129363
        Capriva del Friuli;36;184;444;669;76;138;1547
        Cormons;137;831;1949;2916;342;610;6785
        Doberdò del Lago-Doberdob;22;142;325;575;74;140;1278
        Dolegna del Collio;6;54;88;119;12;19;298
        Farra d'Isonzo;27;137;430;757;71;166;1588
        Fogliano Redipuglia;60;314;917;1209;114;217;2831
        Gorizia;791;2847;8347;13803;1643;4236;31667
        Gradisca d'Isonzo;133;578;1620;2653;315;715;6014
        Grado;135;792;2271;3100;292;729;7319
        Mariano del Friuli;26;134;485;587;44;107;1383
        Medea;29;112;262;380;34;65;882
        Monfalcone;895;3052;8592;10748;1097;2635;27019
        Moraro;14;93;241;253;23;37;661
        Mossa;31;163;418;634;69;124;1439
        Romans d'Isonzo;80;429;983;1525;155;259;3431
        Ronchi dei Legionari;265;1126;3224;4830;519;1075;11039
        Sagrado;35;192;574;918;104;246;2069
        San Canzian d'Isonzo;128;732;1781;2409;220;382;5652
        San Floriano del Collio-Števerjan;15;95;223;265;36;63;697
        San Lorenzo Isontino;32;157;417;623;68;140;1437
        San Pier d'Isonzo;55;251;576;784;65;129;1860
        Savogna d'Isonzo-Sovodnje ob Soci;43;183;494;708;63;129;1620
        Staranzano;164;749;1957;2846;291;684;6691
        Turriaco;47;256;763;1225;118;220;2629
        Villesse;29;224;435;683;50;106;1527
      Trieste;5123;17809;63542;82943;11026;34933;215376
        Duino Aurisina-Devin Nabrežina;125;603;2153;3295;372;1310;7858
        Monrupino-Repentabor;18;71;238;320;45;110;802
        Muggia;293;1243;4320;4695;513;1153;12217
        San Dorligo della Valle-Dolina;141;527;1881;2160;235;445;5389
        Sgonico-Zgonik;38;100;526;832;105;283;1884
        Trieste;4508;15265;54424;71641;9756;31632;187226
      Pordenone;9070;40892;79622;118465;13056;27908;289013
        Andreis;7;57;82;67;5;15;233
        Arba;44;157;352;498;48;79;1178
        Aviano;274;1156;2301;3543;397;731;8402
        Azzano Decimo;509;2119;4181;6053;580;1064;14506
        Barcis;3;48;55;88;5;14;213
        Brugnera;332;1476;2560;3384;314;513;8579
        Budoia;68;277;615;990;108;269;2327
        Caneva;220;1060;1651;2334;224;406;5895
        Casarsa della Delizia;247;1085;2127;3209;368;597;7633
        Castelnovo del Friuli;22;114;259;331;33;53;812
        Cavasso Nuovo;50;236;430;552;49;78;1395
        Chions;135;700;1394;1983;190;319;4721
        Cimolais;5;65;116;126;9;10;331
        Claut;22;168;249;360;24;31;854
        Clauzetto;7;74;94;152;14;22;363
        Cordenons;455;2271;4570;6924;789;1771;16780
        Cordovado;78;412;716;1018;132;218;2574
        Erto e Casso;7;50;110;151;14;17;349
        Fanna;44;225;423;549;51;92;1384
        Fiume Veneto;320;1526;2941;4657;545;899;10888
        Fontanafredda;467;1680;3211;4849;529;988;11724
        Frisanco;9;79;165;226;20;48;547
        Maniago;321;1484;3133;4451;482;811;10682
        Meduno;35;224;402;623;47;104;1435
        Montereale Valcellina;117;598;1120;1698;158;283;3974
        Morsano al Tagliamento;71;504;810;938;70;120;2513
        Pasiano di Pordenone;269;1202;2212;2848;282;411;7224
        Pinzano al Tagliamento;47;261;405;587;52;75;1427
        Polcenigo;80;446;765;1237;119;303;2950
        Porcia;395;2076;3718;5779;677;1436;14081
        Pordenone;1380;5420;11729;19380;2617;7933;48459
        Prata di Pordenone;263;1228;2300;3079;272;518;7660
        Pravisdomini;121;479;1148;1181;83;141;3153
        Roveredo in Piano;138;690;1430;2244;293;655;5450
        Sacile;610;2440;4952;7695;866;1976;18539
        San Giorgio della Richinvelda;149;674;1272;1737;150;278;4260
        San Martino al Tagliamento;47;229;363;574;59;116;1388
        San Quirino;135;624;1100;1623;159;357;3998
        San Vito al Tagliamento;432;1837;3852;5840;686;1444;14091
        Sequals;57;316;604;868;68;121;2034
        Sesto al Reghena;178;899;1671;2487;253;401;5889
        Spilimbergo;359;1571;3044;4477;527;1042;11020
        Tramonti di Sopra;2;66;77;104;4;15;268
        Tramonti di Sotto;6;58;77;144;17;14;316
        Travesio;53;253;525;672;58;103;1664
        Vajont;54;189;491;662;44;69;1509
        Valvasone Arzene;100;552;1086;1553;173;248;3712
        Vito d'Asio;26;109;193;290;15;50;683
        Vivaro;35;184;356;523;41;89;1228
        Zoppola;265;1244;2185;3127;336;561;7718
    Emilia-Romagna;154024;575097;1134269;1560131;193200;519908;4136629
      Piacenza;8998;37146;72164;105794;11754;28794;264650
        Agazzano;53;281;463;812;69;186;1864
        Alseno;151;672;1267;1810;148;322;4370
        Alta Val Tidone;78;561;728;1108;96;216;2787
        Besenzone;38;169;236;333;27;66;869
        Bettola;65;451;797;936;61;180;2490
        Bobbio;83;612;850;1361;112;240;3258
        Borgonovo Val Tidone;277;1140;2378;2895;287;516;7493
        Cadeo;210;844;1693;2177;228;375;5527
        Calendasco;82;360;694;900;96;139;2271
        Caorso;176;745;1355;1650;161;291;4378
        Carpaneto Piacentino;219;1108;1901;2962;301;633;7124
        Castel San Giovanni;502;1819;4039;5014;497;1050;12921
        Castell'Arquato;134;639;1172;1772;202;431;4350
        Castelvetro Piacentino;152;775;1424;2000;184;389;4924
        Cerignale;..;25;32;51;3;4;115
        Coli;25;156;245;296;17;59;798
        Corte Brugnatella;9;105;149;203;11;24;501
        Cortemaggiore;163;634;1287;1666;168;345;4263
        Farini;23;271;304;339;19;65;1021
        Ferriere;23;247;300;402;34;74;1080
        Fiorenzuola d'Arda;530;1992;3833;5452;652;1447;13906
        Gazzola;46;235;453;852;105;286;1977
        Gossolengo;152;614;1300;2314;316;649;5345
        Gragnano Trebbiense;164;562;1228;1706;196;375;4231
        Gropparello;60;394;613;762;65;146;2040
        Lugagnano Val d'Arda;114;654;1115;1419;139;209;3650
        Monticelli d'Ongina;172;857;1365;1841;185;363;4783
        Morfasso;23;204;255;298;23;48;851
        Ottone;12;93;120;165;8;27;425
        Piacenza;3269;11382;23720;37460;4898;14423;95152
        Pianello Val Tidone;62;310;546;874;69;172;2033
        Piozzano;16;84;134;251;18;59;562
        Podenzano;314;1161;2285;3563;360;761;8444
        Ponte dell'Olio;133;667;1345;1755;163;306;4369
        Pontenure;235;897;1734;2412;234;511;6023
        Rivergaro;184;845;1690;2871;288;780;6658
        Rottofreno;359;1413;3181;4805;538;951;11247
        San Giorgio Piacentino;186;811;1535;2033;217;418;5200
        San Pietro in Cerro;36;137;196;300;28;46;743
        Sarmato;97;398;848;1074;91;172;2680
        Travo;55;304;520;856;95;253;2083
        Vernasca;49;321;565;766;60;152;1913
        Vigolzone;141;565;1173;1648;134;297;3958
        Villanova sull'Arda;62;256;466;627;65;122;1598
        Zerba;1;22;17;24;2;4;70
        Ziano Piacentino;63;354;613;979;84;212;2305
      Parma;14787;55197;112284;160098;19783;56822;418971
        Albareto;54;293;543;858;56;154;1958
        Bardi;49;427;579;700;44;127;1926
        Bedonia;80;543;864;1191;87;210;2975
        Berceto;52;296;567;755;62;150;1882
        Bore;19;176;187;208;11;34;635
        Borgo Val di Taro;181;1033;1790;2496;266;593;6359
        Busseto;291;1081;1798;2370;237;498;6275
        Calestano;68;307;595;750;49;144;1913
        Collecchio;471;1874;3574;5434;588;1586;13527
        Colorno;320;1094;2552;3277;299;702;8244
        Compiano;28;173;297;407;31;64;1000
        Corniglio;48;359;539;583;34;106;1669
        Felino;316;1217;2454;3346;338;837;8508
        Fidenza;897;3419;6676;9760;1197;2901;24850
        Fontanellato;283;1064;1910;2519;223;536;6535
        Fontevivo;189;698;1588;2029;232;409;5145
        Fornovo di Taro;197;903;1639;2096;215;449;5499
        Langhirano;413;1403;3074;3744;350;896;9880
        Lesignano de' Bagni;126;627;1403;1847;206;495;4704
        Medesano;381;1525;2985;3986;361;735;9973
        Mezzani;..;..;..;..;..;..;..
        Monchio delle Corti;22;162;279;297;14;39;813
        Montechiarugolo;373;1422;2932;4031;491;1157;10406
        Neviano degli Arduini;127;550;980;1233;103;211;3204
        Noceto;438;1615;3473;4808;539;1308;12181
        Palanzano;41;177;327;364;27;54;990
        Parma;6311;20517;42908;67410;10513;35019;182678
        Pellegrino Parmense;33;187;306;315;18;62;921
        Polesine Zibello;100;472;926;1150;86;178;2912
        Roccabianca;99;481;864;970;104;192;2710
        Sala Baganza;187;724;1610;2095;212;613;5441
        Salsomaggiore Terme;628;2351;5597;7514;774;1818;18682
        San Secondo Parmense;227;765;1553;2149;213;472;5379
        Sissa Trecasali;282;1102;2264;2806;260;573;7287
        Solignano;62;300;497;623;33;94;1609
        Soragna;142;629;1337;1793;160;339;4400
        Sorbolo;..;..;..;..;..;..;..
        Sorbolo Mezzani;416;1789;3634;4630;442;997;11908
        Terenzo;26;158;311;473;27;87;1082
        Tizzano Val Parma;85;311;638;741;60;146;1981
        Tornolo;10;154;295;340;29;59;887
        Torrile;300;921;2276;2844;283;522;7146
        Traversetolo;277;1194;2526;3546;382;976;8901
        Valmozzola;18;101;142;201;15;41;518
        Varano de' Melegari;91;359;678;996;88;189;2401
        Varsi;29;244;317;413;24;50;1077
      Reggio nell'Emilia;18665;70140;142773;187738;21305;48515;489136
        Albinea;268;1091;2045;3189;433;1234;8260
        Bagnolo in Piano;387;1447;2725;3264;373;694;8890
        Baiso;161;526;942;1148;87;167;3031
        Bibbiano;361;1429;3027;3555;346;694;9412
        Boretto;202;749;1528;1819;166;388;4852
        Brescello;184;844;1677;1957;187;347;5196
        Cadelbosco di Sopra;445;1448;3275;3696;319;643;9826
        Campagnola Emilia;231;818;1607;1882;219;349;5106
        Campegine;203;766;1505;1878;169;313;4834
        Canossa;128;554;1124;1352;129;223;3510
        Carpineti;136;635;1110;1417;151;241;3690
        Casalgrande;724;2699;5743;6743;603;1079;17591
        Casina;148;708;1222;1687;160;308;4233
        Castellarano;503;1909;4411;5736;596;1033;14188
        Castelnovo di Sotto;325;1209;2556;2986;285;528;7889
        Castelnovo ne' Monti;337;1381;2637;3982;440;862;9639
        Cavriago;341;1467;2719;3509;346;756;9138
        Correggio;912;3414;6575;8899;1101;2377;23278
        Fabbrico;280;967;1921;2337;211;419;6135
        Gattatico;207;794;1643;2019;217;388;5268
        Gualtieri;218;840;1891;2279;208;397;5833
        Guastalla;482;2052;4113;5096;585;1317;13645
        Luzzara;346;1313;2480;2974;281;562;7956
        Montecchio Emilia;331;1415;2697;3860;416;969;9688
        Novellara;550;1957;3824;4650;449;920;12350
        Poviglio;252;1050;2053;2495;215;507;6572
        Quattro Castella;416;1826;3398;4815;586;1207;12248
        Reggio nell'Emilia;5754;19253;42360;60545;8170;21758;157840
        Reggiolo;337;1355;2830;3088;316;550;8476
        Rio Saliceto;256;924;1889;2009;208;311;5597
        Rolo;159;586;1172;1366;126;293;3702
        Rubiera;492;2016;3881;5370;595;1382;13736
        San Martino in Rio;294;1117;2282;3004;307;596;7600
        San Polo d'Enza;249;891;1790;2161;187;443;5721
        Sant'Ilario d'Enza;390;1573;3021;4100;436;944;10464
        Scandiano;921;3627;7122;9164;1041;1979;23854
        Toano;162;711;1233;1499;108;186;3899
        Ventasso;111;721;1114;1454;122;245;3767
        Vetto;68;344;469;648;49;108;1686
        Vezzano sul Crostolo;159;619;1218;1550;152;345;4043
        Viano;114;445;967;1320;102;250;3198
        Villa Minozzo;121;650;977;1236;108;203;3295
      Modena;25335;96233;185417;245310;28887;73025;654207
        Bastiglia;155;615;1163;1469;148;318;3868
        Bomporto;411;1326;2887;3689;373;704;9390
        Campogalliano;330;1197;2346;3001;359;696;7929
        Camposanto;141;476;986;1098;122;208;3031
        Carpi;2548;10005;19179;25369;2916;6899;66916
        Castelfranco Emilia;1257;4429;9285;11787;1275;2628;30661
        Castelnuovo Rangone;546;1972;3771;5369;667;1583;13908
        Castelvetro di Modena;424;1611;3153;3751;446;905;10290
        Cavezzo;227;1143;1987;2492;234;518;6601
        Concordia sulla Secchia;350;1298;2516;2807;261;513;7745
        Fanano;94;419;840;1096;101;238;2788
        Finale Emilia;526;2111;4115;5403;593;1212;13960
        Fiorano Modenese;663;2638;5001;5628;675;1079;15684
        Fiumalbo;19;185;331;443;28;87;1093
        Formigine;1097;4497;8626;12452;1600;3634;31906
        Frassinoro;48;322;485;663;56;79;1653
        Guiglia;153;565;1257;1451;130;290;3846
        Lama Mocogno;82;447;774;976;73;160;2512
        Maranello;634;2525;4933;6052;595;1304;16043
        Marano sul Panaro;234;798;1591;1778;182;328;4911
        Medolla;216;897;1730;2316;223;592;5974
        Mirandola;865;3463;6233;8448;1001;2495;22505
        Modena;6167;22178;41521;62458;9186;30273;171783
        Montecreto;37;172;256;325;33;50;873
        Montefiorino;75;383;549;788;51;121;1967
        Montese;142;560;1033;1084;89;179;3087
        Nonantola;586;2255;4488;5714;628;1261;14932
        Novi di Modena;398;1712;3174;3307;309;597;9497
        Palagano;60;367;576;756;43;139;1941
        Pavullo nel Frignano;700;2507;4943;6597;671;1432;16850
        Pievepelago;73;288;624;814;65;161;2025
        Polinago;75;299;451;537;45;96;1503
        Prignano sulla Secchia;119;594;1104;1390;114;207;3528
        Ravarino;224;890;1745;2274;228;413;5774
        Riolunato;24;108;174;242;29;58;635
        San Cesario sul Panaro;219;944;1845;2313;236;543;6100
        San Felice sul Panaro;451;1492;2975;3832;395;814;9959
        San Possidonio;151;544;1078;1176;105;259;3313
        San Prospero;203;854;1775;2148;211;391;5582
        Sassuolo;1554;5777;11241;14410;1576;3370;37928
        Savignano sul Panaro;406;1425;2827;3284;315;616;8873
        Serramazzoni;288;1157;2652;3059;289;621;8066
        Sestola;69;362;719;860;91;201;2302
        Soliera;539;2331;4377;5534;587;1134;14502
        Spilamberto;527;1848;3588;4403;432;1029;11827
        Vignola;1051;3506;7111;8837;959;2311;23775
        Zocca;177;741;1402;1630;142;279;4371
      Bologna;31573;119569;235763;349662;49099;159989;945655
        Alto Reno Terme;238;968;1982;2437;262;640;6527
        Anzola dell'Emilia;437;1683;3407;4320;501;1143;11491
        Argelato;279;1315;2530;3635;384;889;9032
        Baricella;287;1016;2142;2438;233;488;6604
        Bentivoglio;173;775;1546;2061;223;494;5272
        Bologna;11155;37620;75033;124095;22503;92578;362984
        Borgo Tossignano;110;469;906;1150;107;236;2978
        Budrio;653;2362;4579;6600;810;2017;17021
        Calderara di Reno;430;1706;3507;5099;585;1278;12605
        Camugnano;52;310;546;659;57;116;1740
        Casalecchio di Reno;1104;4511;8040;12114;1762;5659;33190
        Casalfiumanese;148;545;928;1120;120;253;3114
        Castel d'Aiano;54;314;584;660;66;138;1816
        Castel del Rio;43;193;342;415;42;105;1140
        Castel di Casio;86;468;955;1219;120;287;3135
        Castel Guelfo di Bologna;160;593;1249;1625;177;357;4161
        Castel Maggiore;539;2267;4385;6855;879;2304;17229
        Castel San Pietro Terme;693;2856;5205;7445;901;2267;19367
        Castello d'Argile;195;870;1895;2451;267;513;6191
        Castenaso;501;2044;3689;5742;853;2087;14916
        Castiglione dei Pepoli;172;882;1575;1983;177;362;5151
        Crevalcore;527;1771;3747;5053;538;1089;12725
        Dozza;216;850;1802;2433;270;560;6131
        Fontanelice;69;312;592;658;52;117;1800
        Gaggio Montano;163;728;1468;1660;175;303;4497
        Galliera;210;804;1620;1965;198;386;5183
        Granarolo dell'Emilia;420;1464;3063;4607;682;1523;11759
        Grizzana Morandi;127;546;1177;1392;145;293;3680
        Imola;2212;8512;16099;25857;3319;8627;64626
        Lizzano in Belvedere;55;332;600;797;83;183;2050
        Loiano;133;555;1276;1629;165;403;4161
        Malalbergo;339;1294;2695;3188;319;685;8520
        Marzabotto;213;917;1969;2370;283;650;6402
        Medicina;560;2292;4633;6009;617;1360;15471
        Minerbio;267;1157;2472;3287;288;819;8290
        Molinella;568;2268;4503;5630;510;1109;14588
        Monghidoro;118;571;1173;1311;115;303;3591
        Monte San Pietro;289;1322;2938;4046;413;1144;10152
        Monterenzio;195;748;1757;2301;215;550;5766
        Monzuno;190;875;1930;2320;236;495;6046
        Mordano;190;683;1198;1690;175;335;4271
        Ozzano dell'Emilia;432;1847;3420;5098;655;1621;13073
        Pianoro;598;2262;4437;6170;800;2296;16563
        Pieve di Cento;242;999;1833;2580;373;705;6732
        Sala Bolognese;266;1070;2363;3160;300;644;7803
        San Benedetto Val di Sambro;114;604;1255;1588;135;277;3973
        San Giorgio di Piano;301;1190;2371;3503;386;946;8697
        San Giovanni in Persiceto;901;3580;6870;10358;1170;3040;25919
        San Lazzaro di Savena;956;3860;6923;11414;1657;5748;30558
        San Pietro in Casale;478;1579;3375;4753;521;1128;11834
        Sant'Agata Bolognese;233;977;2002;2694;309;593;6808
        Sasso Marconi;439;1986;3647;5379;611;1892;13954
        Valsamoggia;1150;4275;8708;11107;1203;2930;29373
        Vergato;310;1129;2209;2630;270;502;7050
        Zola Predosa;583;2443;4613;6902;882;2522;17945
      Ferrara;13357;51868;91298;114509;13591;35637;320260
        Argenta;1024;3426;5978;7079;656;1535;19698
        Berra;..;..;..;..;..;..;..
        Bondeno;633;2296;3864;4760;456;1009;13018
        Cento;1297;4707;9865;12319;1438;3124;32750
        Codigoro;565;2042;3620;3353;381;604;10565
        Comacchio;992;3869;7363;6962;583;1260;21029
        Copparo;618;2870;4584;5259;522;1148;15001
        Ferrara;4087;16391;28687;45115;6720;21581;122581
        Fiscaglia;456;1576;2649;2711;246;392;8030
        Formignana;..;..;..;..;..;..;..
        Goro;187;760;1461;770;51;77;3306
        Jolanda di Savoia;156;547;800;839;66;119;2527
        Lagosanto;224;877;1630;1404;119;208;4462
        Masi Torello;93;405;638;755;84;184;2159
        Mesola;391;1330;2251;1787;170;220;6149
        Ostellato;250;1178;1751;1784;156;281;5400
        Poggio Renatico;374;1469;2736;3445;334;677;9035
        Portomaggiore;513;2042;3262;4051;395;813;11076
        Riva del Po;379;1463;2366;2285;182;406;7081
        Ro;..;..;..;..;..;..;..
        Terre del Reno;389;1525;2796;3535;361;682;9288
        Tresigallo;..;..;..;..;..;..;..
        Tresignana;304;1193;2078;2353;230;428;6586
        Vigarano Mainarda;300;1206;1972;2730;289;618;7115
        Voghiera;125;696;947;1213;152;271;3404
      Ravenna;14372;50517;99982;140438;16099;40047;361455
        Alfonsine;487;1835;3286;4066;360;830;10864
        Bagnacavallo;766;2332;4213;5834;680;1534;15359
        Bagnara di Romagna;98;315;604;919;97;166;2199
        Brisighella;264;1081;2038;2548;255;620;6806
        Casola Valsenio;98;383;825;854;60;167;2387
        Castel Bolognese;360;1209;2560;3429;410;845;8813
        Cervia;969;3717;7454;11125;1133;2873;27271
        Conselice;453;1472;2888;3212;253;581;8859
        Cotignola;280;1061;1924;2680;274;619;6838
        Faenza;2107;7462;14259;21030;2716;7183;54757
        Fusignano;376;1300;2343;2707;294;516;7536
        Lugo;1217;4317;7980;11516;1396;3476;29902
        Massa Lombarda;486;1450;2990;3737;381;741;9785
        Ravenna;5354;19099;39748;57622;6834;17926;146583
        Riolo Terme;216;775;1670;2053;224;415;5353
        Russi;511;1686;3230;4442;465;1020;11354
        Sant'Agata sul Santerno;111;360;730;1125;131;219;2676
        Solarolo;219;663;1240;1539;136;316;4113
      Forlì-Cesena;14867;52856;107252;133844;16619;40128;365566
        Bagno di Romagna;187;853;1612;2051;191;387;5281
        Bertinoro;406;1468;3156;3873;435;919;10257
        Borghi;110;388;984;952;93;162;2689
        Castrocaro Terme e Terra del Sole;222;831;1768;2252;257;567;5897
        Cesena;3374;12699;24425;32998;4547;11955;89998
        Cesenatico;914;3615;7146;9321;1055;2269;24320
        Civitella di Romagna;180;541;1168;1209;90;207;3395
        Dovadola;65;223;510;517;59;101;1475
        Forlì;4310;14767;29436;40158;5356;14916;108943
        Forlimpopoli;516;1924;3621;4458;557;1116;12192
        Galeata;132;351;714;793;85;166;2241
        Gambettola;402;1555;3153;3603;409;779;9901
        Gatteo;384;1267;2869;3128;355;586;8589
        Longiano;305;1091;2155;2343;289;523;6706
        Meldola;424;1456;2976;3283;364;709;9212
        Mercato Saraceno;260;952;2074;2409;226;439;6360
        Modigliana;149;632;1464;1378;138;299;4060
        Montiano;63;251;523;539;86;146;1608
        Portico e San Benedetto;36;127;196;237;26;57;679
        Predappio;262;911;2010;2095;219;400;5897
        Premilcuore;23;104;218;246;23;51;665
        Rocca San Casciano;55;253;596;606;68;130;1708
        Roncofreddo;134;430;1090;1146;121;245;3166
        San Mauro Pascoli;536;1733;3774;3960;481;799;11283
        Santa Sofia;217;528;1224;1383;122;283;3757
        Sarsina;146;520;1027;1148;90;210;3141
        Savignano sul Rubicone;753;2392;5429;5862;699;1372;16507
        Sogliano al Rubicone;144;506;1020;956;105;168;2899
        Tredozio;66;179;381;346;30;71;1073
        Verghereto;92;309;533;594;43;96;1667
      Rimini;12070;41571;87336;122738;16063;36951;316729
        Bellaria-Igea Marina;732;2435;5394;7197;839;1618;18215
        Casteldelci;5;76;105;133;7;26;352
        Cattolica;541;2047;4257;6138;751;1900;15634
        Coriano;403;1346;3034;3717;447;777;9724
        Gemmano;46;166;359;387;32;65;1055
        Maiolo;27;132;220;306;32;51;768
        Misano Adriatico;498;1760;3722;5201;611;1223;13015
        Mondaino;36;168;383;475;62;126;1250
        Montecopiolo;39;206;311;313;40;55;964
        Montefiore Conca;77;251;694;863;77;184;2146
        Montegridolfo;40;116;326;339;34;73;928
        Montescudo-Monte Colombo;306;748;2070;2411;279;448;6262
        Morciano di Romagna;259;794;2043;2615;326;585;6622
        Novafeltria;226;980;1973;2477;262;615;6533
        Pennabilli;83;430;795;901;94;193;2496
        Poggio Torriana;205;700;1564;1737;232;331;4769
        Riccione;1224;4600;8494;12875;1556;3826;32575
        Rimini;5193;16982;35367;54113;7953;20060;139668
        Saludecio;106;408;994;1079;125;192;2904
        San Clemente;239;598;1719;2117;217;363;5253
        San Giovanni in Marignano;347;1228;2553;3445;389;861;8823
        San Leo;96;432;811;969;113;203;2624
        Sant'Agata Feltria;60;331;668;621;67;114;1861
        Santarcangelo di Romagna;840;2963;5892;7847;1035;2086;20663
        Sassofeltrio;50;197;438;463;42;66;1256
        Talamello;47;132;314;393;51;67;1004
        Verucchio;345;1345;2836;3606;390;843;9365
  Centro;399833;1443699;2911360;4189756;510655;1500348;10955651
    Toscana;124889;520297;996319;1237960;151375;402332;3433172
      Massa-Carrara;4963;25459;50729;70512;7288;18436;177387
        Aulla;352;1498;2978;4064;366;764;10022
        Bagnone;43;313;425;645;50;144;1620
        Carrara;1449;7452;16108;22593;2385;6707;56694
        Casola in Lunigiana;25;206;227;347;31;74;910
        Comano;22;119;183;244;27;52;647
        Filattiera;61;362;527;881;79;164;2074
        Fivizzano;184;1349;1878;2587;262;517;6777
        Fosdinovo;115;694;1308;1648;184;427;4376
        Licciana Nardi;131;653;1272;1834;174;374;4438
        Massa;1774;8534;18060;24760;2693;6770;62591
        Montignoso;279;1381;2934;3656;374;841;9465
        Mulazzo;58;371;588;929;87;160;2193
        Podenzana;60;300;620;802;66;135;1983
        Pontremoli;188;1029;1570;2747;273;738;6545
        Tresana;52;329;569;696;57;128;1831
        Villafranca in Lunigiana;149;599;1212;1795;163;387;4305
        Zeri;21;270;270;284;17;54;916
      Lucca;10932;54177;111049;130597;14679;38078;359512
        Altopascio;590;2417;5333;4933;469;863;14605
        Bagni di Lucca;160;983;1905;1826;142;330;5346
        Barga;266;1385;2939;3178;335;799;8902
        Borgo a Mozzano;206;1174;2196;2174;201;381;6332
        Camaiore;851;4756;9825;10612;1182;2932;30158
        Camporgiano;54;361;592;677;85;155;1924
        Capannori;1530;7322;13627;15417;1702;3683;43281
        Careggine;14;127;192;115;7;33;488
        Castelnuovo di Garfagnana;172;855;1779;1827;208;458;5299
        Castiglione di Garfagnana;51;316;528;557;45;118;1615
        Coreglia Antelminelli;154;869;1715;1675;156;247;4816
        Fabbriche di Vergemoli;30;157;262;190;18;32;689
        Forte dei Marmi;151;863;1668;2580;281;1044;6587
        Fosciandora;12;115;175;165;16;45;528
        Gallicano;111;645;1225;1132;118;193;3424
        Lucca;2515;10501;22297;31781;4216;12288;83598
        Massarosa;583;3318;7159;7188;725;1556;20529
        Minucciano;49;388;594;588;44;79;1742
        Molazzana;19;176;316;327;37;73;948
        Montecarlo;127;663;1314;1463;155;378;4100
        Pescaglia;76;619;1090;1104;100;171;3160
        Piazza al Serchio;60;368;706;705;54;145;2038
        Pietrasanta;582;3245;6569;8023;856;2484;21759
        Pieve Fosciana;54;349;694;777;77;178;2129
        Porcari;315;1340;2758;2921;286;525;8145
        San Romano in Garfagnana;34;213;363;493;52;112;1267
        Seravezza;321;1891;3811;4342;387;959;11711
        Sillano Giuncugnano;25;174;331;343;30;53;956
        Stazzema;72;568;1011;882;64;140;2737
        Vagli Sotto;20;165;335;229;15;41;805
        Viareggio;1647;7326;16842;21562;2540;7458;57375
        Villa Basilica;32;300;498;452;38;55;1375
        Villa Collemandina;49;228;400;359;38;70;1144
      Pistoia;9340;47508;86521;93282;10685;24014;271350
        Abetone Cutigliano;52;356;539;680;57;77;1761
        Agliana;715;3410;5904;5229;562;859;16679
        Buggiano;218;1310;2564;3071;315;753;8231
        Chiesina Uzzanese;175;783;1499;1375;116;240;4188
        Lamporecchio;272;1411;2371;2226;235;405;6920
        Larciano;214;1260;2041;1890;193;337;5935
        Marliana;76;511;1036;1103;92;231;3049
        Massa e Cozzile;211;1190;2228;2708;281;655;7273
        Monsummano Terme;708;3743;6984;6070;690;1214;19409
        Montale;325;2073;3400;3144;339;633;9914
        Montecatini-Terme;688;2762;5662;7079;803;2439;19433
        Pescia;601;3125;5761;6188;753;1622;18050
        Pieve a Nievole;249;1432;2806;3076;319;719;8601
        Pistoia;2744;13416;24128;29995;3808;9863;83954
        Ponte Buggianese;298;1548;2794;2760;262;546;8208
        Quarrata;940;4785;8704;7935;856;1639;24859
        Sambuca Pistoiese;48;265;485;478;35;72;1383
        Serravalle Pistoiese;416;1888;3602;3776;470;827;10979
        Uzzano;170;759;1638;1955;212;477;5211
        San Marcello Piteglio;220;1481;2375;2544;287;406;7313
      Firenze;33963;134016;253432;327938;44405;131107;924861
        Bagno a Ripoli;718;3607;6096;8632;1114;3509;23676
        Barberino di Mugello;374;1631;3221;3740;434;769;10169
        Barberino Tavarnelle;438;1774;3327;3981;509;1152;11181
        Barberino Val d'Elsa;..;..;..;..;..;..;..
        Borgo San Lorenzo;613;2502;5115;6249;828;1597;16904
        Calenzano;607;2843;4900;6082;827;1554;16813
        Campi Bisenzio;2154;7467;14837;15128;1578;3065;44229
        Capraia e Limite;272;1229;2226;2539;367;674;7307
        Castelfiorentino;764;2895;5390;5202;548;1244;16043
        Cerreto Guidi;430;1957;3353;3249;386;671;10046
        Certaldo;617;2654;4806;4722;616;1170;14585
        Dicomano;210;914;1735;1793;192;316;5160
        Empoli;1903;7275;13329;15996;2127;5182;45812
        Fiesole;410;1872;2966;4656;643;2276;12823
        Figline e Incisa Valdarno;811;3461;6438;7826;949;2189;21674
        Firenze;11522;38646;77275;120682;18894;72747;339766
        Firenzuola;157;785;1407;1440;134;250;4173
        Fucecchio;987;3910;6987;7137;696;1572;21289
        Gambassi Terme;166;758;1476;1588;179;354;4521
        Greve in Chianti;409;1793;3764;4675;584;1297;12522
        Impruneta;482;2035;3582;4967;686;1779;13531
        Lastra a Signa;757;3073;5937;6258;802;1507;18334
        Londa;48;255;557;646;67;168;1741
        Marradi;87;504;923;948;88;195;2745
        Montaione;161;571;1101;1041;131;286;3291
        Montelupo Fiorentino;504;2254;4152;4546;590;1197;13243
        Montespertoli;435;1835;3918;4432;594;1214;12428
        Palazzuolo sul Senio;31;215;347;360;29;71;1053
        Pelago;276;1120;2293;2643;301;656;7289
        Pontassieve;729;3130;5555;6744;834;1964;18956
        Reggello;519;2501;4615;5717;689;1354;15395
        Rignano sull'Arno;268;1168;2285;2989;362;901;7973
        Rufina;206;1129;2222;2415;243;516;6731
        San Casciano in Val di Pesa;530;2596;4336;5484;722;1796;15464
        San Godenzo;36;157;329;389;25;69;1005
        Scandicci;1622;7640;13374;16943;2121;4731;46431
        Scarperia e San Piero;409;1707;3564;4176;460;925;11241
        Sesto Fiorentino;1578;6922;12026;16752;2262;6137;45677
        Signa;777;2839;5898;6025;664;1390;17593
        Tavarnelle Val di Pesa;..;..;..;..;..;..;..
        Vaglia;113;611;1148;1866;246;857;4841
        Vicchio;269;1245;2348;2789;302;625;7578
        Vinci;564;2536;4274;4491;582;1181;13628
      Livorno;10342;42639;90027;119153;12968;32284;307413
        Bibbona;123;501;937;1082;108;209;2960
        Campiglia Marittima;439;2074;3735;4331;377;857;11813
        Campo nell'Elba;149;633;1484;1656;158;359;4439
        Capoliveri;114;420;1081;1551;137;364;3667
        Capraia Isola;7;33;111;152;8;47;358
        Castagneto Carducci;385;1391;2618;2905;277;611;8187
        Cecina;929;3861;7571;10144;1061;2682;26248
        Collesalvetti;575;2248;4819;5958;614;1018;15232
        Livorno;4625;18440;40929;56196;6695;17525;144410
        Marciana;64;266;631;711;71;199;1942
        Marciana Marina;46;249;568;686;63;174;1786
        Piombino;1095;4465;9291;11740;1157;2975;30723
        Porto Azzurro;96;407;1241;1313;106;260;3423
        Portoferraio;347;1408;3384;4403;447;1100;11089
        Rio;110;385;1043;1283;103;278;3202
        Rosignano Marittimo;918;4303;7892;11368;1240;2825;28546
        San Vincenzo;195;1006;1658;2460;253;573;6145
        Sassetta;14;69;140;161;17;41;442
        Suvereto;111;480;894;1053;76;187;2801
      Pisa;13783;60344;107607;136856;18545;52398;389533
        Bientina;258;1266;2327;2917;408;720;7896
        Buti;169;935;1696;1818;203;419;5240
        Calci;179;793;1406;2088;341;1108;5915
        Calcinaia;436;1808;3387;4334;609;1177;11751
        Capannoli;254;1068;1800;2058;261;479;5920
        Casale Marittimo;23;153;278;360;50;137;1001
        Casciana Terme Lari;432;1887;3519;4124;472;944;11378
        Cascina;1550;6552;11306;15157;2051;5073;41689
        Castelfranco di Sotto;533;2408;4398;4106;387;800;12632
        Castellina Marittima;54;279;538;650;57;139;1717
        Castelnuovo di Val di Cecina;81;365;565;709;76;139;1935
        Chianni;38;234;414;414;43;107;1250
        Crespina Lorenzana;188;863;1482;1893;233;458;5117
        Fauglia;111;532;1026;1321;143;302;3435
        Guardistallo;36;168;310;415;47;126;1102
        Lajatico;46;251;334;439;40;102;1212
        Montecatini Val di Cecina;58;311;498;520;74;110;1571
        Montescudaio;70;266;581;803;91;199;2010
        Monteverdi Marittimo;33;128;235;244;17;63;720
        Montopoli in Val d'Arno;455;1949;3503;3454;361;665;10387
        Orciano Pisano;24;110;191;220;20;30;595
        Palaia;169;777;1247;1521;170;366;4250
        Peccioli;169;888;1325;1457;168;381;4388
        Pisa;2433;9414;17824;28143;5066;20825;83705
        Pomarance;204;965;1559;1723;175;383;5009
        Ponsacco;590;2421;4399;5120;666;1244;14440
        Pontedera;1096;4006;7494;9878;1324;3504;27302
        Riparbella;51;234;472;529;61;140;1487
        San Giuliano Terme;895;4131;7232;10426;1459;4781;28924
        San Miniato;948;4790;7612;9036;1096;2352;25834
        Santa Croce sull'Arno;685;2512;4641;4277;418;842;13375
        Santa Luce;62;246;497;553;57;140;1555
        Santa Maria a Monte;463;2319;4223;4157;431;760;12353
        Terricciola;166;746;1301;1474;138;332;4157
        Vecchiano;321;1856;3337;4061;497;1093;11165
        Vicopisano;248;1310;2105;2954;401;982;8000
        Volterra;255;1403;2545;3503;434;976;9116
      Arezzo;11174;46442;91307;117579;13942;32401;312845
        Anghiari;184;815;1397;1942;209;495;5042
        Arezzo;3014;11894;24222;34400;4645;12317;90492
        Badia Tedalda;51;166;277;313;32;78;917
        Bibbiena;385;1669;3156;4395;495;1031;11131
        Bucine;342;1660;3150;3179;346;627;9304
        Capolona;155;734;1592;1818;203;388;4890
        Caprese Michelangelo;34;228;383;486;42;94;1267
        Castel Focognano;87;464;897;1041;110;198;2797
        Castel San Niccolò;85;421;767;829;85;175;2362
        Castelfranco Piandiscò;299;1440;2819;3409;351;772;9090
        Castiglion Fibocchi;84;339;587;722;71;182;1985
        Castiglion Fiorentino;487;1756;3659;4566;507;1091;12066
        Cavriglia;274;1283;2834;3417;345;698;8851
        Chitignano;26;148;246;298;28;61;807
        Chiusi della Verna;65;311;509;691;79;135;1790
        Civitella in Val di Chiana;317;1311;2699;2910;330;636;8203
        Cortona;788;2946;5489;7759;855;2054;19891
        Foiano della Chiana;382;1358;2706;3092;292;611;8441
        Laterina Pergine Valdarno;223;1033;2089;1989;241;398;5973
        Loro Ciuffenna;184;827;1664;2067;270;496;5508
        Lucignano;120;506;925;1177;136;312;3176
        Marciano della Chiana;153;507;1047;1152;113;217;3189
        Monte San Savino;309;1212;2534;2993;307;650;8005
        Montemignaio;21;94;163;170;19;30;497
        Monterchi;54;263;493;597;54;148;1609
        Montevarchi;865;3528;6701;8151;975;2220;22440
        Ortignano Raggiolo;21;133;209;323;30;73;789
        Pieve Santo Stefano;104;402;816;1102;115;260;2799
        Poppi;177;835;1500;2170;229;553;5464
        Pratovecchio Stia;161;755;1447;2016;255;521;5155
        San Giovanni Valdarno;589;2465;4538;5624;703;1648;15567
        Sansepolcro;457;1940;3643;5878;659;1643;14220
        Sestino;43;175;410;387;41;71;1127
        Subbiano;205;933;1917;2131;245;484;5915
        Talla;35;157;319;317;28;88;944
        Terranuova Bracciolini;394;1734;3503;4068;497;946;11142
      Siena;10079;37132;65147;87254;11623;32758;243993
        Abbadia San Salvatore;228;939;1817;1983;222;509;5698
        Asciano;274;1015;1920;2187;285;671;6352
        Buonconvento;110;462;872;973;119;259;2795
        Casole d'Elsa;125;524;1067;1248;139;364;3467
        Castellina in Chianti;103;382;660;921;112;283;2461
        Castelnuovo Berardenga;348;1027;2034;3040;488;1401;8338
        Castiglione d'Orcia;94;406;592;694;69;181;2036
        Cetona;148;464;679;802;78;216;2387
        Chianciano Terme;273;992;1722;2607;279;701;6574
        Chiusdino;79;251;471;613;53;137;1604
        Chiusi;294;1318;2005;2944;288;776;7625
        Colle di Val d'Elsa;828;3051;5952;7172;951;2149;20103
        Gaiole in Chianti;98;364;708;860;95;224;2349
        Montalcino;255;924;1548;1877;221;443;5268
        Montepulciano;629;2139;3389;4493;527;1353;12530
        Monteriggioni;320;1193;2247;3221;536;1725;9242
        Monteroni d'Arbia;399;1263;2387;2883;414;946;8292
        Monticiano;71;248;461;522;45;118;1465
        Murlo;96;318;658;835;92;258;2257
        Piancastagnaio;189;631;1205;1265;132;233;3655
        Pienza;99;322;461;732;76;190;1880
        Poggibonsi;1151;4470;7757;9181;1165;2759;26483
        Radda in Chianti;43;228;446;493;45;112;1367
        Radicofani;63;209;335;322;29;42;1000
        Radicondoli;38;142;274;320;38;85;897
        Rapolano Terme;243;836;1381;1608;198;491;4757
        San Casciano dei Bagni;75;302;385;476;62;127;1427
        San Gimignano;252;1080;2144;2562;333;683;7054
        San Quirico d'Orcia;92;426;685;899;95;207;2404
        Sarteano;207;756;1116;1591;152;392;4214
        Siena;1577;5821;9898;17828;3047;11714;49885
        Sinalunga;534;2006;3238;3956;502;1085;11321
        Sovicille;369;1196;2401;3457;476;1258;9157
        Torrita di Siena;340;1224;1941;2275;220;538;6538
        Trequanda;35;203;291;414;40;128;1111
      Grosseto;7362;31939;60187;75866;8030;21118;204502
        Arcidosso;198;610;1191;1492;159;332;3982
        Campagnatico;94;442;716;715;70;181;2218
        Capalbio;146;634;1106;1300;124;357;3667
        Castel del Piano;245;681;1368;1612;140;405;4451
        Castell'Azzara;53;290;346;457;25;88;1259
        Castiglione della Pescaia;211;1128;2034;2400;241;801;6815
        Cinigiano;120;478;784;631;73;152;2238
        Civitella Paganico;126;545;862;942;90;178;2743
        Follonica;588;2963;5586;7374;729;2177;19417
        Gavorrano;284;1266;2669;2781;243;543;7786
        Grosseto;2464;10073;21003;29861;3602;9624;76627
        Isola del Giglio;38;221;348;494;54;115;1270
        Magliano in Toscana;97;657;1010;1006;106;283;3159
        Manciano;270;1183;2101;2301;236;569;6660
        Massa Marittima;342;1377;2279;2757;252;703;7710
        Monte Argentario;422;1860;3218;4343;427;983;11253
        Monterotondo Marittimo;71;199;470;353;31;62;1186
        Montieri;43;197;375;357;28;113;1113
        Orbetello;437;2128;3930;5175;512;1392;13574
        Pitigliano;147;565;1009;1288;141;268;3418
        Roccalbegna;35;186;308;273;24;60;886
        Roccastrada;370;1616;2831;2708;241;518;8284
        Santa Fiora;74;368;679;948;99;217;2385
        Scansano;173;796;1324;1337;129;324;4083
        Scarlino;136;518;1167;1321;118;273;3533
        Seggiano;40;166;280;336;28;87;937
        Semproniano;28;184;290;313;20;86;921
        Sorano;110;608;903;991;88;227;2927
      Prato;12951;40641;80313;78923;9210;19738;241776
        Cantagallo;85;543;1094;926;117;171;2936
        Carmignano;596;2187;4786;4647;532;941;13689
        Montemurlo;1005;3614;6246;5323;578;1033;17799
        Poggio a Caiano;395;1609;3021;3089;350;788;9252
        Prato;10300;29862;60073;59870;7093;15768;182966
        Vaiano;346;1664;2962;3242;359;738;9311
        Vernio;224;1162;2131;1826;181;299;5823
    Umbria;30821;111180;202817;320067;36452;101656;802993
      Perugia;23948;82936;150496;236507;27024;77222;598133
        Assisi;1107;3614;6415;10309;1224;3245;25914
        Bastia Umbra;793;2815;5251;7885;854;2065;19663
        Bettona;166;576;1104;1553;159;378;3936
        Bevagna;183;634;1180;1840;223;462;4522
        Campello sul Clitunno;83;309;568;919;82;219;2180
        Cannara;177;567;1056;1607;170;328;3905
        Cascia;86;387;909;1093;103;231;2809
        Castel Ritaldi;115;436;799;1176;117;247;2890
        Castiglione del Lago;663;2238;3710;5583;606;1349;14149
        Cerreto di Spoleto;41;137;325;333;30;53;919
        Citerna;124;480;899;1262;136;247;3148
        Città della Pieve;325;1129;1843;2766;291;659;7013
        Città di Castello;1310;4538;8982;15085;1650;4180;35745
        Collazzone;148;509;851;1144;114;285;3051
        Corciano;770;2443;4892;7787;1015;3018;19925
        Costacciaro;32;193;284;397;43;72;1021
        Deruta;402;1309;2505;3347;333;930;8826
        Foligno;2031;6420;12064;21788;2547;6895;51745
        Fossato di Vico;108;366;697;992;96;217;2476
        Fratta Todina;60;279;448;679;92;197;1755
        Giano dell'Umbria;169;504;869;1479;118;256;3395
        Gualdo Cattaneo;293;908;1356;2192;190;420;5359
        Gualdo Tadino;598;2160;3178;5743;595;1266;13540
        Gubbio;1204;4475;6648;11756;1373;3284;28740
        Lisciano Niccone;20;91;142;223;29;57;562
        Magione;540;2017;3988;5266;531;1349;13691
        Marsciano;747;2531;4363;6599;735;1830;16805
        Massa Martana;157;504;843;1369;133;360;3366
        Monte Castello di Vibio;72;235;363;501;43;139;1353
        Monte Santa Maria Tiberina;37;148;268;443;45;86;1027
        Montefalco;195;807;1338;2043;208;431;5022
        Monteleone di Spoleto;11;100;197;189;19;18;534
        Montone;51;229;386;598;67;159;1490
        Nocera Umbra;207;807;1299;2311;178;431;5233
        Norcia;157;634;1258;1681;163;336;4229
        Paciano;37;140;245;337;44;102;905
        Panicale;179;852;1422;1915;185;443;4996
        Passignano sul Trasimeno;209;648;1504;2153;238;585;5337
        Perugia;5464;18480;35349;56117;7798;28549;151757
        Piegaro;153;520;959;1193;105;263;3193
        Pietralunga;67;299;529;784;63;138;1880
        Poggiodomo;2;21;30;28;5;4;90
        Preci;19;115;204;236;24;40;638
        San Giustino;379;1390;2793;4451;393;944;10350
        Sant'Anatolia di Narco;15;84;138;192;15;35;479
        Scheggia e Pascelupo;42;220;345;476;27;60;1170
        Scheggino;16;61;123;182;11;29;422
        Sellano;34;186;271;363;17;59;930
        Sigillo;96;349;568;903;91;200;2207
        Spello;317;1060;1962;3316;293;848;7796
        Spoleto;1339;5095;8973;13822;1342;3723;34294
        Todi;670;2440;3657;5655;569;1859;14850
        Torgiano;257;900;1713;2288;257;732;6147
        Trevi;353;1186;2038;3027;272;684;7560
        Tuoro sul Trasimeno;162;504;1073;1289;147;349;3524
        Umbertide;733;2042;4055;6066;643;1570;15109
        Valfabbrica;160;535;839;1164;104;213;3015
        Vallo di Nera;14;54;116;117;14;21;336
        Valtopina;49;226;312;495;55;73;1210
      Terni;6873;28244;52321;83560;9428;24434;204860
        Acquasparta;184;660;1068;1708;173;379;4172
        Allerona;71;285;467;584;69;111;1587
        Alviano;33;194;420;511;52;73;1283
        Amelia;407;1584;2750;4345;541;1240;10867
        Arrone;70;344;671;1033;83;211;2412
        Attigliano;64;267;471;785;81;164;1832
        Avigliano Umbro;109;349;649;831;86;196;2220
        Baschi;75;416;690;950;83;220;2434
        Calvi dell'Umbria;59;262;464;624;69;150;1628
        Castel Giorgio;77;354;547;706;80;153;1917
        Castel Viscardo;86;475;736;937;95;225;2554
        Fabro;89;505;668;995;74;157;2488
        Ferentillo;51;253;501;697;66;122;1690
        Ficulle;64;232;389;601;64;132;1482
        Giove;64;247;536;692;66;153;1758
        Guardea;56;237;511;622;52;158;1636
        Lugnano in Teverina;70;261;387;478;52;104;1352
        Montecastrilli;195;689;1345;1742;184;384;4539
        Montecchio;33;240;432;568;56;135;1464
        Montefranco;34;168;347;477;48;104;1178
        Montegabbione;45;217;297;382;44;79;1064
        Monteleone d'Orvieto;47;231;336;486;61;128;1289
        Narni;591;2572;4597;6974;702;1622;17058
        Orvieto;686;2679;4485;7201;875;2494;18420
        Otricoli;63;304;490;582;54;121;1614
        Parrano;23;103;111;173;12;46;468
        Penna in Teverina;24;147;261;408;44;91;975
        Polino;2;43;56;76;9;10;196
        Porano;69;237;463;740;97;216;1822
        San Gemini;138;648;1059;1830;221;579;4475
        San Venanzo;59;357;508;837;77;242;2080
        Stroncone;163;656;1162;1790;193;400;4364
        Terni;3072;12028;24447;42195;4965;13835;100542
    Marche;56163;208151;377348;514064;63115;170660;1389501
      Pesaro e Urbino;12732;46083;90111;123646;14861;39533;326966
        Acqualagna;175;638;1133;1488;154;311;3899
        Apecchio;66;293;437;641;68;117;1622
        Auditore;..;..;..;..;..;..;..
        Belforte all'Isauro;35;108;212;243;25;51;674
        Borgo Pace;22;101;166;144;17;46;496
        Cagli;265;1186;1982;3048;315;712;7508
        Cantiano;89;329;461;805;61;172;1917
        Carpegna;55;225;464;580;61;142;1527
        Cartoceto;334;1115;2345;2828;269;531;7422
        Colli al Metauro;458;1698;3308;4412;453;930;11259
        Fano;2002;7209;13290;21981;2864;8785;56131
        Fermignano;327;1049;2183;2868;364;855;7646
        Fossombrone;340;1290;2372;3226;344;904;8476
        Fratte Rosa;48;148;267;235;44;65;807
        Frontino;11;56;82;94;4;27;274
        Frontone;53;179;338;465;36;86;1157
        Gabicce Mare;193;806;1546;1993;221;454;5213
        Gradara;162;563;1438;1754;196;390;4503
        Isola del Piano;18;88;159;181;16;58;520
        Lunano;87;220;411;474;54;78;1324
        Macerata Feltria;78;278;575;607;86;147;1771
        Mercatello sul Metauro;57;216;379;424;46;108;1230
        Mercatino Conca;31;152;293;368;29;90;963
        Mombaroccio;85;278;618;762;74;159;1976
        Mondavio;129;583;1032;1235;149;313;3441
        Mondolfo;594;2075;3965;5031;543;1129;13337
        Monte Cerignone;37;106;186;198;16;35;578
        Monte Grimano Terme;44;186;298;390;35;89;1042
        Monte Porzio;118;402;811;963;118;187;2599
        Montecalvo in Foglia;139;427;830;879;87;145;2507
        Monteciccardo;..;..;..;..;..;..;..
        Montecopiolo;..;..;..;..;..;..;..
        Montefelcino;85;400;752;875;80;169;2361
        Montelabbate;302;857;2181;2390;261;436;6427
        Peglio;19;82;184;245;26;55;611
        Pergola;214;944;1555;2048;196;509;5466
        Pesaro;3102;11442;22261;34424;4673;13977;89879
        Petriano;115;467;880;843;72;160;2537
        Piandimeleto;81;312;609;660;58;131;1851
        Pietrarubbia;22;123;208;185;12;27;577
        Piobbico;80;252;472;680;69;155;1708
        San Costanzo;174;640;1300;1560;159;395;4228
        San Lorenzo in Campo;142;534;937;1064;92;211;2980
        Sant'Angelo in Vado;134;447;1126;1375;148;360;3590
        Sant'Ippolito;58;238;474;460;37;103;1370
        Sassocorvaro;..;..;..;..;..;..;..
        Sassocorvaro Auditore;199;676;1425;1580;179;426;4485
        Sassofeltrio;..;..;..;..;..;..;..
        Serra Sant'Abbondio;44;170;269;309;27;53;872
        Tavoleto;34;125;241;294;25;59;778
        Tavullia;300;998;2567;2736;253;485;7339
        Terre Roveresche;223;884;1560;1667;165;362;4861
        Urbania;307;882;1782;2449;301;663;6384
        Urbino;471;1596;3060;4423;724;2723;12997
        Vallefoglia;574;2010;4687;5062;555;958;13846
      Ancona;16433;64680;111358;163401;21054;55448;432374
        Agugliano;160;639;1134;1753;233;464;4383
        Ancona;3381;11509;21808;35242;4834;15879;92653
        Arcevia;171;832;1181;1434;132;303;4053
        Barbara;39;245;346;418;60;83;1191
        Belvedere Ostrense;66;380;608;641;74;174;1943
        Camerano;248;1059;1736;2566;307;707;6623
        Camerata Picena;90;326;595;1000;95;215;2321
        Castelbellino;185;702;1272;1757;239;399;4554
        Castelfidardo;753;2668;5090;6435;756;1500;17202
        Castelleone di Suasa;52;261;490;516;71;84;1474
        Castelplanio;136;590;944;1185;135;296;3286
        Cerreto d'Esi;118;517;930;1256;114;291;3226
        Chiaravalle;482;2144;3547;5146;621;1482;13422
        Corinaldo;166;830;1279;1632;207;358;4472
        Cupramontana;191;807;1110;1391;186;399;4084
        Fabriano;1015;3958;6745;10653;1312;3565;27248
        Falconara Marittima;849;3604;6135;9297;1116;3097;24098
        Filottrano;416;1610;2825;2618;337;524;8330
        Genga;55;270;432;633;53;137;1580
        Jesi;1391;5418;9053;13543;1915;5430;36750
        Loreto;475;1832;3111;4709;603;1372;12102
        Maiolati Spontini;234;996;1533;2096;234;543;5636
        Mergo;34;168;256;367;52;77;954
        Monsano;96;449;807;1184;155;386;3077
        Monte Roberto;102;447;826;1028;124;271;2798
        Monte San Vito;236;889;1585;2591;325;660;6286
        Montecarotto;100;318;473;594;67;164;1716
        Montemarciano;313;1318;2359;3734;439;1062;9225
        Morro d'Alba;80;304;456;597;74;190;1701
        Numana;99;427;821;1519;175;530;3571
        Offagna;71;263;481;755;87;248;1905
        Osimo;1315;4946;8377;12098;1591;3821;32148
        Ostra;223;1024;1734;2078;267;518;5844
        Ostra Vetere;121;617;898;1010;109;190;2945
        Poggio San Marcello;24;109;177;228;26;66;630
        Polverigi;170;562;1162;1682;231;442;4249
        Rosora;63;312;490;636;67;153;1721
        San Marcello;71;300;480;713;106;197;1867
        San Paolo di Jesi;32;139;245;311;39;67;833
        Santa Maria Nuova;153;688;1190;1251;154;278;3714
        Sassoferrato;267;1141;1868;2428;213;559;6476
        Senigallia;1440;6020;9525;15780;2327;6491;41583
        Serra de' Conti;167;602;942;1235;127;270;3343
        Serra San Quirico;94;457;694;863;107;197;2412
        Sirolo;133;530;839;1539;213;593;3847
        Staffolo;99;337;567;666;77;182;1928
        Trecastelli;257;1116;2202;2593;268;534;6970
      Macerata;12301;44956;79155;100614;12054;34665;283745
        Apiro;101;408;537;600;76;197;1919
        Appignano;172;695;1229;1174;152;351;3773
        Belforte del Chienti;90;282;443;665;60;180;1720
        Bolognola;5;19;49;55;2;3;133
        Caldarola;50;188;388;603;66;186;1481
        Camerino;186;764;1169;2118;285;1324;5846
        Camporotondo di Fiastrone;29;84;144;146;18;47;468
        Castelraimondo;148;598;1072;1613;162;520;4113
        Castelsantangelo sul Nera;8;37;68;90;5;11;219
        Cessapalombo;21;84;117;142;14;28;406
        Cingoli;424;1666;2801;3003;323;806;9023
        Civitanova Marche;1583;5469;10457;14419;1830;5276;39034
        Colmurano;52;184;313;384;39;125;1097
        Corridonia;605;2428;4066;4660;547;1275;13581
        Esanatoglia;81;317;525;670;73;116;1782
        Fiastra;15;123;156;238;16;45;593
        Fiuminata;40;188;334;493;37;128;1220
        Gagliole;16;80;126;195;25;43;485
        Gualdo;30;139;191;219;29;75;683
        Loro Piceno;124;398;629;608;70;205;2034
        Macerata;1487;5032;8725;13383;1812;7423;37862
        Matelica;377;1319;2348;3390;354;863;8651
        Mogliano;183;787;1226;1238;161;426;4021
        Monte Cavallo;3;18;36;42;..;1;100
        Monte San Giusto;396;1403;2239;2098;218;531;6885
        Monte San Martino;23;118;198;239;20;66;664
        Montecassiano;282;1057;1983;2168;253;641;6384
        Montecosaro;330;1131;1881;2499;316;606;6763
        Montefano;145;596;1033;966;131;232;3103
        Montelupone;154;579;944;1022;142;300;3141
        Morrovalle;418;1641;2953;3031;323;715;9081
        Muccia;36;117;170;330;28;77;758
        Penna San Giovanni;53;172;244;315;24;95;903
        Petriolo;89;324;538;532;63;156;1702
        Pieve Torina;54;206;379;413;35;82;1169
        Pioraco;30;123;268;358;37;106;922
        Poggio San Vicino;14;52;64;64;9;14;217
        Pollenza;214;1001;1651;2081;227;638;5812
        Porto Recanati;484;1401;3112;4386;524;1501;11408
        Potenza Picena;647;2245;4249;5244;663;1401;14449
        Recanati;817;3010;5475;6705;893;2453;19353
        Ripe San Ginesio;30;142;209;265;30;72;748
        San Ginesio;157;536;762;1065;116;300;2936
        San Severino Marche;527;1822;2968;4108;450;1242;11117
        Sant'Angelo in Pontano;44;236;359;389;26;122;1176
        Sarnano;115;446;719;1097;127;358;2862
        Sefro;18;65;133;143;12;33;404
        Serrapetrona;31;137;229;327;31;94;849
        Serravalle di Chienti;42;160;318;362;32;65;979
        Tolentino;688;2638;4975;5939;694;1912;16846
        Treia;474;1558;2684;2665;328;761;8470
        Urbisaglia;87;400;686;803;78;227;2281
        Ussita;11;47;105;145;6;41;355
        Valfornace;40;134;236;348;33;64;855
        Visso;21;152;242;359;29;106;909
      Ascoli Piceno;7464;25904;49139;73849;8438;24261;189055
        Acquasanta Terme;96;479;700;856;72;178;2381
        Acquaviva Picena;146;493;1010;1318;128;336;3431
        Appignano del Tronto;79;276;468;584;42;119;1568
        Arquata del Tronto;23;182;308;323;37;60;933
        Ascoli Piceno;1468;5460;9573;17838;2124;6743;43206
        Carassai;37;176;262;316;39;103;933
        Castel di Lama;322;1087;2151;3109;326;774;7769
        Castignano;123;366;677;901;77;263;2407
        Castorano;100;383;638;734;77;164;2096
        Colli del Tronto;151;471;953;1296;170;332;3373
        Comunanza;121;402;838;1045;88;208;2702
        Cossignano;32;151;269;264;33;79;828
        Cupra Marittima;185;738;1298;1968;225;665;5079
        Folignano;272;1037;2106;3475;364;899;8153
        Force;40;203;366;374;33;67;1083
        Grottammare;581;1873;3576;5862;713;2190;14795
        Maltignano;82;294;602;824;92;185;2079
        Massignano;55;248;444;522;56;177;1502
        Monsampolo del Tronto;180;586;1335;1547;150;331;4129
        Montalto delle Marche;75;306;478;667;91;172;1789
        Montedinove;23;79;129;154;8;50;443
        Montefiore dell'Aso;109;361;528;624;64;195;1881
        Montegallo;14;81;122;145;14;34;410
        Montemonaco;21;85;167;171;17;36;497
        Monteprandone;598;1760;3727;4407;472;923;11887
        Offida;198;696;1236;1608;186;497;4421
        Palmiano;4;23;59;57;7;8;158
        Ripatransone;159;587;1196;1303;137;436;3818
        Roccafluvione;59;297;570;649;65;93;1733
        Rotella;36;140;221;282;24;71;774
        San Benedetto del Tronto;1686;5325;10594;17367;2119;7173;44264
        Spinetoli;316;953;2013;2596;308;567;6753
        Venarotta;73;306;525;663;80;133;1780
      Fermo;7233;26528;47585;52554;6708;16753;157361
        Altidona;147;493;904;1172;144;414;3274
        Amandola;78;418;824;1276;137;355;3088
        Belmonte Piceno;20;120;187;156;17;41;541
        Campofilone;91;260;508;675;72;181;1787
        Falerone;155;511;889;1013;121;252;2941
        Fermo;1443;4875;9225;12005;1670;4551;33769
        Francavilla d'Ete;40;197;293;244;36;66;876
        Grottazzolina;117;469;981;986;132;301;2986
        Lapedona;33;182;324;365;51;139;1094
        Magliano di Tenna;82;222;439;415;62;108;1328
        Massa Fermana;41;192;249;256;29;54;821
        Monsampietro Morico;22;130;207;153;11;51;574
        Montappone;58;286;488;441;46;143;1462
        Monte Giberto;26;121;216;228;26;71;688
        Monte Rinaldo;10;67;96;93;13;25;304
        Monte San Pietrangeli;128;448;653;640;85;152;2106
        Monte Urano;400;1498;2570;2109;271;490;7338
        Monte Vidon Combatte;21;77;103;118;15;39;373
        Monte Vidon Corrado;34;131;181;192;30;71;639
        Montefalcone Appennino;18;53;84;142;16;36;349
        Montefortino;24;186;282;382;44;86;1004
        Montegiorgio;310;1062;1939;1872;272;534;5989
        Montegranaro;620;2404;4036;3440;359;795;11654
        Monteleone di Fermo;14;58;119;104;10;34;339
        Montelparo;33;115;187;226;30;76;667
        Monterubbiano;88;306;590;607;63;224;1878
        Montottone;34;178;235;283;29;77;836
        Moresco;20;89;147;162;17;56;491
        Ortezzano;23;123;219;215;24;78;682
        Pedaso;95;327;770;1025;128;291;2636
        Petritoli;90;348;628;719;84;195;2064
        Ponzano di Fermo;74;261;518;488;60;126;1527
        Porto San Giorgio;542;1902;3522;5305;752;2646;14669
        Porto Sant'Elpidio;1146;4149;7587;7912;1036;2146;23976
        Rapagnano;93;316;566;564;79;180;1798
        Santa Vittoria in Matenano;55;186;342;391;43;112;1129
        Sant'Elpidio a Mare;792;2958;5142;4891;536;1203;15522
        Servigliano;85;341;651;703;90;202;2072
        Smerillo;13;60;97;107;13;30;320
        Torre San Patrizio;118;409;587;479;55;122;1770
    Lazio;187960;604071;1334876;2117665;259713;825700;5329985
      Viterbo;10588;40752;85087;108234;13659;30849;289169
        Acquapendente;220;768;1447;1739;256;551;4981
        Arlena di Castro;37;150;270;258;21;60;796
        Bagnoregio;90;492;898;1244;144;338;3206
        Barbarano Romano;32;134;279;376;35;95;951
        Bassano in Teverina;39;179;380;464;47;93;1202
        Bassano Romano;123;587;1387;1685;184;393;4359
        Blera;116;444;901;995;123;222;2801
        Bolsena;96;587;1025;1300;142;400;3550
        Bomarzo;52;242;473;598;65;131;1561
        Calcata;42;101;288;310;35;70;846
        Canepina;93;434;915;906;114;283;2745
        Canino;234;842;1623;1595;151;290;4735
        Capodimonte;53;210;408;625;88;197;1581
        Capranica;214;792;1861;2227;281;554;5929
        Caprarola;174;760;1598;1675;219;381;4807
        Carbognano;49;261;553;674;85;176;1798
        Castel Sant'Elia;85;304;783;887;91;162;2312
        Castiglione in Teverina;92;373;634;804;76;150;2129
        Celleno;56;197;394;441;56;90;1234
        Cellere;45;189;321;360;30;77;1022
        Civita Castellana;591;2227;4372;5298;608;1314;14410
        Civitella d'Agliano;50;232;434;493;38;114;1361
        Corchiano;139;524;1130;1218;115;218;3344
        Fabrica di Roma;269;1023;2436;3004;329;590;7651
        Faleria;78;267;523;767;81;165;1881
        Farnese;52;267;399;452;36;114;1320
        Gallese;113;413;791;862;79;178;2436
        Gradoli;49;210;371;434;48;99;1211
        Graffignano;59;352;619;723;72;148;1973
        Grotte di Castro;87;403;725;770;79;198;2262
        Ischia di Castro;88;371;745;635;60;128;2027
        Latera;24;148;221;259;29;55;736
        Lubriano;21;155;229;281;31;82;799
        Marta;132;472;936;1078;157;270;3045
        Montalto di Castro;356;1478;2594;2888;289;601;8206
        Monte Romano;59;312;556;643;82;87;1739
        Montefiascone;447;1743;3472;4455;639;1416;12172
        Monterosi;176;523;1295;1825;204;433;4456
        Nepi;334;1145;2743;3329;379;879;8809
        Onano;42;173;304;268;18;39;844
        Oriolo Romano;120;375;1075;1385;183;359;3497
        Orte;370;1092;2108;3379;423;1007;8379
        Piansano;67;257;583;674;82;175;1838
        Proceno;14;82;163;193;10;43;505
        Ronciglione;256;1007;2460;3071;395;787;7976
        San Lorenzo Nuovo;77;331;597;661;89;162;1917
        Soriano nel Cimino;268;1111;2343;2751;314;719;7506
        Sutri;184;762;1812;2514;295;731;6298
        Tarquinia;517;2017;4404;5781;720;1597;15036
        Tessennano;4;60;72;95;13;26;270
        Tuscania;312;1131;2322;2895;370;717;7747
        Valentano;103;343;770;1014;130;242;2602
        Vallerano;70;359;697;784;109;238;2257
        Vasanello;156;587;1127;1354;156;320;3700
        Vejano;67;316;664;733;82;167;2029
        Vetralla;460;1720;3809;4753;573;1135;12450
        Vignanello;144;720;1307;1380;168;321;4040
        Villa San Giovanni in Tuscia;35;162;338;438;62;112;1147
        Viterbo;2096;7292;15799;23588;3568;9562;61905
        Vitorchiano;160;544;1304;1946;301;588;4843
      Rieti;4501;19395;38634;57590;6607;15026;141753
        Accumoli;15;105;173;176;11;31;511
        Amatrice;61;420;647;784;76;145;2133
        Antrodoco;75;289;639;966;71;181;2221
        Ascrea;6;36;71;71;5;11;200
        Belmonte in Sabina;25;112;178;221;18;43;597
        Borbona;15;85;159;217;23;41;540
        Borgo Velino;32;126;228;370;41;86;883
        Borgorose;129;561;1246;1620;129;288;3973
        Cantalice;94;355;628;924;110;193;2304
        Cantalupo in Sabina;60;242;438;628;68;134;1570
        Casaprota;24;97;223;260;26;36;666
        Casperia;28;157;271;497;43;119;1115
        Castel di Tora;6;35;79;114;8;12;254
        Castel Sant'Angelo;25;178;312;465;49;77;1106
        Castelnuovo di Farfa;34;126;275;368;35;102;940
        Cittaducale;183;862;1653;2537;305;530;6070
        Cittareale;9;75;132;131;9;24;380
        Collalto Sabino;10;59;113;145;12;42;381
        Colle di Tora;13;66;100;142;7;19;347
        Collegiove;5;14;41;45;14;8;127
        Collevecchio;68;233;514;529;50;116;1510
        Colli sul Velino;12;76;132;165;23;31;439
        Concerviano;7;57;65;98;14;28;269
        Configni;18;110;185;176;22;40;551
        Contigliano;89;409;795;1516;188;401;3398
        Cottanello;17;79;152;179;21;34;482
        Fara in Sabina;489;1734;3775;5049;545;1227;12819
        Fiamignano;30;173;345;460;46;89;1143
        Forano;97;374;946;1197;127;228;2969
        Frasso Sabino;24;67;187;312;36;64;690
        Greccio;39;226;328;593;79;136;1401
        Labro;8;54;80;139;15;42;338
        Leonessa;56;311;621;836;57;134;2015
        Longone Sabino;9;150;136;164;13;38;510
        Magliano Sabina;99;463;972;1316;131;267;3248
        Marcetelli;7;16;10;22;7;5;67
        Micigliano;5;17;27;51;3;4;107
        Mompeo;13;82;134;198;17;41;485
        Montasola;8;71;116;143;11;22;371
        Monte San Giovanni in Sabina;16;106;182;270;13;36;623
        Montebuono;35;135;255;270;27;58;780
        Monteleone Sabino;49;159;339;425;55;78;1105
        Montenero Sabino;6;55;70;100;8;24;263
        Montopoli di Sabina;163;493;1095;1575;173;348;3847
        Morro Reatino;10;61;99;109;11;20;310
        Nespolo;3;24;53;87;7;14;188
        Orvinio;10;54;90;173;18;36;381
        Paganico Sabino;2;24;38;65;6;19;154
        Pescorocchiano;49;381;582;616;55;95;1778
        Petrella Salto;32;165;305;376;32;78;988
        Poggio Bustone;60;266;623;696;78;120;1843
        Poggio Catino;24;144;328;491;58;125;1170
        Poggio Mirteto;202;703;1479;2498;259;623;5764
        Poggio Moiano;80;345;790;1066;112;256;2649
        Poggio Nativo;80;304;747;1015;92;190;2428
        Poggio San Lorenzo;13;57;149;208;33;43;503
        Posta;17;85;183;213;15;26;539
        Pozzaglia Sabina;15;64;81;106;15;13;294
        Rieti;1238;5003;9684;17778;2594;6552;42849
        Rivodutri;28;156;306;445;48;110;1093
        Rocca Sinibalda;19;113;220;319;17;66;754
        Roccantica;22;79;127;204;19;53;504
        Salisano;14;82;117;185;17;32;447
        Scandriglia;93;389;962;1186;93;274;2997
        Selci;33;176;331;393;34;76;1043
        Stimigliano;73;262;652;829;68;155;2039
        Tarano;50;200;469;456;36;103;1314
        Toffia;36;143;298;419;31;76;1003
        Torri in Sabina;31;200;317;435;52;110;1145
        Torricella in Sabina;43;151;359;517;48;96;1214
        Turania;5;35;73;96;5;14;228
        Vacone;3;48;63;81;7;23;225
        Varco Sabino;3;31;42;64;6;15;161
      Roma;133204;404038;935204;1583669;196972;682519;3935606
        Affile;34;179;386;548;69;116;1332
        Agosta;46;232;476;672;50;110;1586
        Albano Laziale;1326;4308;9803;15215;1729;4751;37132
        Allumiere;122;533;1145;1339;124;268;3531
        Anguillara Sabazia;594;1986;4817;7445;855;2062;17759
        Anticoli Corrado;26;102;227;361;21;57;794
        Anzio;2063;5886;14777;23306;2456;6505;54993
        Arcinazzo Romano;41;155;353;496;39;102;1186
        Ardea;1643;5216;14285;19669;1737;3716;46266
        Ariccia;590;2026;4367;6874;851;2269;16977
        Arsoli;45;202;360;546;45;123;1321
        Artena;506;1933;3905;4940;419;913;12616
        Bellegra;105;419;808;941;96;140;2509
        Bracciano;619;1771;4076;7513;940;2444;17363
        Camerata Nuova;9;62;124;164;10;25;394
        Campagnano di Roma;385;1054;2716;4455;468;1165;10243
        Canale Monterano;111;463;1104;1612;211;407;3908
        Canterano;8;44;94;173;11;28;358
        Capena;402;1054;2708;4314;442;935;9855
        Capranica Prenestina;4;40;94;123;9;23;293
        Carpineto Romano;120;595;1106;1392;170;389;3772
        Casape;23;91;213;232;20;34;613
        Castel Gandolfo;249;892;1996;3436;417;996;7986
        Castel Madama;216;859;1876;2716;285;622;6574
        Castel San Pietro Romano;19;90;225;325;45;99;803
        Castelnuovo di Porto;276;786;2063;3472;378;1009;7984
        Cave;372;1330;3023;4057;393;795;9970
        Cerreto Laziale;25;126;292;435;38;85;1001
        Cervara di Roma;11;54;117;187;13;38;420
        Cerveteri;1160;3987;9942;15328;1467;3575;35459
        Ciampino;1115;3756;8789;15333;1878;5135;36006
        Ciciliano;47;141;333;516;44;106;1187
        Cineto Romano;17;90;195;211;14;30;557
        Civitavecchia;1538;5645;12577;20845;2347;5441;48393
        Civitella San Paolo;57;230;552;781;66;172;1858
        Colleferro;597;2261;4582;8287;996;2593;19316
        Colonna;143;470;1103;1621;197;382;3916
        Fiano Romano;659;1588;4139;6381;657;1435;14859
        Filacciano;10;73;138;157;13;42;433
        Fiumicino;2857;8482;21197;32065;3168;7447;75216
        Fonte Nuova;1245;3424;8661;12779;1279;2607;29995
        Formello;422;1178;3009;5319;654;2003;12585
        Frascati;677;2304;5018;8570;1118;3516;21203
        Gallicano nel Lazio;233;752;1904;2479;198;449;6015
        Gavignano;46;232;532;720;93;157;1780
        Genazzano;187;818;1526;2093;198;474;5296
        Genzano di Roma;750;2552;5733;8779;1092;2529;21435
        Gerano;28;162;331;433;36;96;1086
        Gorga;17;116;155;243;23;62;616
        Grottaferrata;570;1805;3906;8096;988;3780;19145
        Guidonia Montecelio;3020;9144;22699;35402;3922;8158;82345
        Jenne;12;55;91;120;15;26;319
        Labico;213;727;1756;2464;263;521;5944
        Ladispoli;1344;4032;10510;16440;1777;3962;38065
        Lanuvio;451;1550;3617;4850;502;1035;12005
        Lariano;475;1668;3925;4723;521;879;12191
        Licenza;29;137;310;299;22;35;832
        Magliano Romano;42;144;404;535;59;130;1314
        Mandela;28;112;200;397;40;88;865
        Manziana;212;653;1812;3186;386;1025;7274
        Marano Equo;23;97;163;337;22;77;719
        Marcellina;262;806;2006;2628;251;472;6425
        Marino;1468;4378;10637;18311;2211;5432;42437
        Mazzano Romano;105;296;933;1104;104;222;2764
        Mentana;836;2319;6085;8671;959;1996;20866
        Monte Compatri;395;1194;3122;4596;494;1204;11005
        Monte Porzio Catone;231;769;1761;3213;463;1568;8005
        Monteflavio;27;175;377;422;36;81;1118
        Montelanico;73;244;530;812;84;171;1914
        Montelibretti;187;665;1397;1824;208;487;4768
        Monterotondo;1444;4167;9624;15826;1883;5052;37996
        Montorio Romano;76;262;676;608;56;116;1794
        Moricone;74;328;680;902;85;211;2280
        Morlupo;284;838;2037;3490;362;933;7944
        Nazzano;55;171;381;505;40;103;1255
        Nemi;56;172;418;744;83;308;1781
        Nerola;59;209;531;761;69;163;1792
        Nettuno;1559;5561;13184;18416;1955;4557;45232
        Olevano Romano;178;824;1785;2351;243;594;5975
        Palestrina;735;2400;5766;8589;848;2056;20394
        Palombara Sabina;433;1481;3611;4940;437;1059;11961
        Percile;2;31;67;89;4;23;216
        Pisoniano;20;98;240;253;34;48;693
        Poli;80;342;692;768;69;110;2061
        Pomezia;2165;6407;16292;25549;2777;6217;59407
        Ponzano Romano;41;149;324;467;41;105;1127
        Riano;364;1074;2484;4045;450;1143;9560
        Rignano Flaminio;346;1006;2572;4080;404;984;9392
        Riofreddo;19;92;206;288;30;69;704
        Rocca Canterano;2;21;52;73;6;11;165
        Rocca di Cave;8;61;94;140;9;25;337
        Rocca di Papa;625;1718;4693;6545;739;1939;16259
        Rocca Priora;376;1221;3165;4738;551;1182;11233
        Rocca Santo Stefano;28;111;302;340;31;50;862
        Roccagiovine;12;37;84;97;5;10;245
        Roiate;19;78;208;232;27;41;605
        Roma;84537;246461;559729;1010998;134656;532036;2568417
        Roviano;44;164;333;488;60;92;1181
        Sacrofano;214;621;1640;3092;313;1068;6948
        Sambuci;21;103;288;311;24;37;784
        San Cesareo;589;1729;4605;6017;544;1200;14684
        San Gregorio da Sassola;48;217;421;505;50;108;1349
        San Polo dei Cavalieri;108;345;754;1037;125;212;2581
        San Vito Romano;107;408;817;1200;137;230;2899
        Santa Marinella;567;1880;4435;7155;860;2494;17391
        Sant'Angelo Romano;174;468;1331;1991;180;435;4579
        Sant'Oreste;122;498;965;1275;130;261;3251
        Saracinesco;4;24;48;70;6;11;163
        Segni;290;1154;2087;3502;430;943;8406
        Subiaco;270;1067;2039;3351;395;865;7987
        Tivoli;1804;5913;13497;21369;2571;6109;51263
        Tolfa;124;680;1305;1785;187;392;4473
        Torrita Tiberina;40;132;261;433;44;111;1021
        Trevignano Romano;176;529;1336;2394;245;842;5522
        Vallepietra;4;62;95;70;1;4;236
        Vallinfreda;7;45;82;118;10;23;285
        Valmontone;547;2035;4258;5846;578;1167;14431
        Velletri;1801;6367;14005;19299;2201;5276;48949
        Vicovaro;121;483;1131;1271;112;212;3330
        Vivaro Romano;4;20;60;60;2;9;155
        Zagarolo;623;2055;5321;6868;667;1447;16981
      Latina;22408;74020;156713;196307;23546;53593;526587
        Aprilia;2958;9476;21682;26534;2743;5001;68394
        Bassiano;59;273;446;461;35;94;1368
        Campodimele;19;95;181;179;20;40;534
        Castelforte;135;513;1125;1462;169;360;3764
        Cisterna di Latina;1528;5255;11276;11844;1289;2260;33452
        Cori;416;1339;3127;3646;409;801;9738
        Fondi;1860;5284;11688;12595;1657;3399;36483
        Formia;1182;4329;8796;13617;1843;5051;34818
        Gaeta;563;2067;4113;7743;972;2965;18423
        Itri;386;1187;2677;3870;497;1053;9670
        Latina;4483;14651;31119;46607;6156;15878;118894
        Lenola;140;638;1150;1365;178;332;3803
        Maenza;116;475;988;894;94;178;2745
        Minturno;676;2386;5358;7290;921;2246;18877
        Monte San Biagio;323;1062;2056;1746;156;290;5633
        Norma;135;583;1127;1204;128;218;3395
        Pontinia;713;2428;4723;4647;422;806;13739
        Ponza;120;412;1041;1190;100;217;3080
        Priverno;637;2062;4154;4312;548;1035;12748
        Prossedi;48;184;389;359;30;60;1070
        Rocca Massima;37;163;331;374;25;71;1001
        Roccagorga;231;643;1214;1283;222;304;3897
        Roccasecca dei Volsci;43;201;333;310;39;57;983
        Sabaudia;793;2623;5723;6524;761;1642;18066
        San Felice Circeo;449;1568;3020;3350;302;850;9539
        Santi Cosma e Damiano;293;939;1989;2379;238;552;6390
        Sermoneta;389;1314;2798;3315;421;895;9132
        Sezze;1128;3600;7444;7460;859;1566;22057
        Sonnino;364;1228;2417;2200;216;354;6779
        Sperlonga;137;441;754;1052;138;369;2891
        Spigno Saturnia;105;388;735;1099;107;238;2672
        Terracina;1922;6134;12552;15101;1818;4353;41880
        Ventotene;20;79;187;295;33;58;672
      Frosinone;17259;65866;119238;171865;18929;43713;436870
        Acquafondata;4;48;99;68;12;18;249
        Acuto;51;261;528;696;63;120;1719
        Alatri;1066;4117;7782;9766;1004;2076;25811
        Alvito;88;370;579;970;102;259;2368
        Amaseno;199;667;1266;1329;121;228;3810
        Anagni;800;3081;5336;7691;763;1680;19351
        Aquino;188;659;1263;1836;187;492;4625
        Arce;175;715;1172;2233;223;543;5061
        Arnara;82;386;598;801;67;138;2072
        Arpino;192;936;1267;2785;288;819;6287
        Atina;145;518;1022;1532;181;488;3886
        Ausonia;87;338;615;933;93;199;2265
        Belmonte Castello;15;115;177;274;24;35;640
        Boville Ernica;416;1489;2578;2538;238;458;7717
        Broccostella;76;383;657;978;143;279;2516
        Campoli Appennino;60;288;387;565;74;138;1512
        Casalattico;30;103;141;168;19;43;504
        Casalvieri;95;371;643;885;81;206;2281
        Cassino;1095;4009;7573;13025;1822;5242;32766
        Castelliri;108;445;781;1239;116;274;2963
        Castelnuovo Parano;28;124;231;304;36;70;793
        Castro dei Volsci;174;756;1207;1613;156;308;4214
        Castrocielo;132;520;968;1363;181;347;3511
        Ceccano;798;3176;5744;8457;940;1697;20812
        Ceprano;262;1070;2013;3277;323;745;7690
        Cervaro;209;964;1772;3121;344;841;7251
        Colfelice;73;265;482;676;59;98;1653
        Colle San Magno;36;104;152;238;21;45;596
        Collepardo;40;153;247;347;24;29;840
        Coreno Ausonio;65;184;327;611;66;178;1431
        Esperia;150;499;943;1327;126;262;3307
        Falvaterra;16;76;123;215;19;27;476
        Ferentino;785;2700;5301;7563;740;1686;18775
        Filettino;13;77;173;183;13;32;491
        Fiuggi;306;1287;2830;3718;426;984;9551
        Fontana Liri;88;314;565;1104;119;330;2520
        Fontechiari;67;160;279;493;41;109;1149
        Frosinone;1489;5048;9703;16578;1989;5956;40763
        Fumone;86;406;572;666;47;82;1859
        Gallinaro;28;155;325;432;49;130;1119
        Giuliano di Roma;99;352;629;817;84;171;2152
        Guarcino;56;235;436;525;50;117;1419
        Isola del Liri;315;1428;2404;4272;468;1303;10190
        Monte San Giovanni Campano;473;1923;3194;4179;457;954;11180
        Morolo;127;462;860;1232;97;209;2987
        Paliano;300;1168;2266;2865;295;509;7403
        Pastena;45;248;319;456;50;78;1196
        Patrica;124;441;748;1205;126;233;2877
        Pescosolido;51;264;364;502;42;123;1346
        Picinisco;60;182;270;389;41;92;1034
        Pico;92;382;703;995;92;206;2470
        Piedimonte San Germano;272;790;1667;2280;272;489;5770
        Piglio;177;661;1274;1565;158;273;4108
        Pignataro Interamna;92;371;620;855;91;204;2233
        Pofi;212;801;1109;1247;119;183;3671
        Pontecorvo;479;1626;3165;4517;590;1148;11525
        Posta Fibreno;30;175;184;395;48;134;966
        Ripi;209;766;1350;1812;170;377;4684
        Rocca d'Arce;34;145;193;351;35;80;838
        Roccasecca;267;919;1704;2638;276;628;6432
        San Biagio Saracinisco;20;72;83;84;9;18;286
        San Donato Val di Comino;43;237;458;741;83;215;1777
        San Giorgio a Liri;108;370;773;1077;130;314;2772
        San Giovanni Incarico;112;485;865;1108;113;194;2877
        San Vittore del Lazio;88;347;665;908;91;177;2276
        Sant'Ambrogio sul Garigliano;22;120;220;338;38;86;824
        Sant'Andrea del Garigliano;59;191;363;463;55;88;1219
        Sant'Apollinare;57;222;443;732;77;176;1707
        Sant'Elia Fiumerapido;219;872;1529;1991;257;458;5326
        Santopadre;62;158;253;506;41;103;1123
        Serrone;116;451;905;1049;97;192;2810
        Settefrati;35;114;166;277;27;47;666
        Sgurgola;82;389;742;827;74;115;2229
        Sora;875;3353;5611;9354;1173;2960;23326
        Strangolagalli;116;406;747;714;64;96;2143
        Supino;166;651;1293;1692;171;329;4302
        Terelle;35;71;67;96;8;16;293
        Torre Cajetani;41;182;424;463;33;76;1219
        Torrice;201;677;1203;1564;229;478;4352
        Trevi nel Lazio;58;231;546;645;66;111;1657
        Trivigliano;50;248;534;550;47;84;1513
        Vallecorsa;137;445;681;758;85;164;2270
        Vallemaio;41;118;274;307;35;50;825
        Vallerotonda;49;232;420;499;45;98;1343
        Veroli;807;3219;5668;6572;700;1301;18267
        Vicalvi;22;110;154;274;30;87;677
        Vico nel Lazio;70;297;657;674;75;138;1911
        Villa Latina;50;211;298;371;41;105;1076
        Villa Santa Lucia;113;398;684;911;79;143;2328
        Villa Santo Stefano;69;267;528;521;43;75;1503
        Viticuso;5;46;104;104;12;17;288
  Sud;596740;1912261;3771790;4390058;463699;1368338;12502886
    Abruzzo;47859;164651;311552;458104;54062;153277;1189505
      L'Aquila;9263;35591;67871;107166;12796;36913;269600
        Acciano;11;52;67;95;10;18;253
        Aielli;39;186;336;540;71;134;1306
        Alfedena;32;96;199;388;61;136;912
        Anversa degli Abruzzi;10;49;54;141;10;36;300
        Ateleta;32;190;263;412;31;112;1040
        Avezzano;1307;4318;9144;15188;2012;6008;37977
        Balsorano;139;555;916;1167;112;172;3061
        Barete;20;99;161;209;31;60;580
        Barisciano;65;182;451;635;75;132;1540
        Barrea;24;121;182;262;21;57;667
        Bisegna;5;50;46;75;12;24;212
        Bugnara;31;147;279;363;44;93;957
        Cagnano Amiterno;43;222;295;432;26;57;1075
        Calascio;3;19;32;57;4;8;123
        Campo di Giove;20;93;154;306;40;108;721
        Campotosto;6;86;145;179;5;28;449
        Canistro;31;158;243;346;38;58;874
        Cansano;4;41;44;76;11;32;208
        Capestrano;28;163;202;315;19;68;795
        Capistrello;205;871;1221;1662;174;406;4539
        Capitignano;27;94;163;241;21;36;582
        Caporciano;5;25;56;83;4;26;199
        Cappadocia;24;105;168;205;11;45;558
        Carapelle Calvisio;..;7;23;31;4;8;73
        Carsoli;156;645;1432;1985;183;333;4734
        Castel del Monte;26;71;96;148;10;53;404
        Castel di Ieri;5;43;63;117;21;31;280
        Castel di Sangro;181;676;1402;2745;313;913;6230
        Castellafiume;43;190;408;285;16;35;977
        Castelvecchio Calvisio;..;24;26;60;..;5;115
        Castelvecchio Subequo;22;180;224;280;15;71;792
        Celano;521;1423;2795;3391;412;978;9520
        Cerchio;76;223;441;528;53;113;1434
        Civita d'Antino;35;172;290;329;22;48;896
        Civitella Alfedena;4;45;66;109;19;35;278
        Civitella Roveto;106;446;932;1054;103;194;2835
        Cocullo;4;37;54;89;3;17;204
        Collarmele;23;115;204;316;24;76;758
        Collelongo;41;160;261;422;57;116;1057
        Collepietro;7;48;40;81;2;12;190
        Corfinio;28;111;271;391;35;81;917
        Fagnano Alto;18;45;70;167;12;35;347
        Fontecchio;5;47;70;109;10;33;274
        Fossa;41;82;147;250;41;74;635
        Gagliano Aterno;3;34;57;84;8;32;218
        Gioia dei Marsi;80;252;459;622;42;138;1593
        Goriano Sicoli;15;75;129;201;21;47;488
        Introdacqua;54;235;459;765;93;259;1865
        L'Aquila;1937;6624;13505;25910;3782;13092;64850
        Lecce nei Marsi;54;224;450;519;73;130;1450
        Luco dei Marsi;312;953;1758;1793;200;386;5402
        Lucoli;18;113;202;352;34;94;813
        Magliano de' Marsi;115;470;956;1277;131;330;3279
        Massa d'Albe;41;146;324;521;56;206;1294
        Molina Aterno;4;51;74;156;12;32;329
        Montereale;73;402;601;764;78;149;2067
        Morino;47;242;402;444;30;69;1234
        Navelli;21;70;144;206;19;48;508
        Ocre;27;119;261;418;53;173;1051
        Ofena;10;67;124;158;10;32;401
        Opi;12;59;98;143;11;39;362
        Oricola;54;182;358;456;37;77;1164
        Ortona dei Marsi;10;112;104;133;13;33;405
        Ortucchio;68;237;502;624;67;109;1607
        Ovindoli;28;167;211;467;65;158;1096
        Pacentro;45;167;307;361;37;103;1020
        Pereto;10;104;168;263;18;41;604
        Pescasseroli;64;225;529;829;86;235;1968
        Pescina;130;560;978;1321;141;341;3471
        Pescocostanzo;28;158;212;438;48;146;1030
        Pettorano sul Gizio;39;166;363;481;58;139;1246
        Pizzoli;132;505;1071;1653;178;417;3956
        Poggio Picenze;33;119;245;402;37;111;947
        Prata d'Ansidonia;29;60;93;165;19;49;415
        Pratola Peligna;212;921;1771;2772;269;705;6650
        Prezza;23;160;195;357;23;79;837
        Raiano;82;328;676;981;120;292;2479
        Rivisondoli;12;80;147;254;26;125;644
        Rocca di Botte;29;111;277;333;24;51;825
        Rocca di Cambio;16;62;112;202;22;57;471
        Rocca di Mezzo;36;171;278;560;63;188;1296
        Rocca Pia;5;25;30;69;8;25;162
        Roccacasale;6;108;172;220;23;43;572
        Roccaraso;34;168;302;649;55;196;1404
        San Benedetto dei Marsi;139;485;940;1351;141;357;3413
        San Benedetto in Perillis;6;24;17;33;1;16;97
        San Demetrio ne' Vestini;58;210;486;701;96;197;1748
        San Pio delle Camere;27;70;177;245;23;60;602
        San Vincenzo Valle Roveto;100;424;597;696;62;132;2011
        Sante Marie;38;211;296;404;24;62;1035
        Sant'Eusanio Forconese;8;51;79;152;14;33;337
        Santo Stefano di Sessanio;4;13;22;53;7;11;110
        Scanno;65;314;373;656;51;151;1610
        Scontrone;11;91;155;194;23;29;503
        Scoppito;135;359;731;1455;206;553;3439
        Scurcola Marsicana;88;325;662;1020;106;319;2520
        Secinaro;10;64;97;127;9;3;310
        Sulmona;581;2624;5033;8582;1040;3174;21034
        Tagliacozzo;192;859;1794;2362;241;641;6089
        Tione degli Abruzzi;7;67;46;105;9;23;257
        Tornimparte;93;379;692;1073;131;247;2615
        Trasacco;215;800;1591;2085;196;474;5361
        Villa Santa Lucia degli Abruzzi;4;16;22;31;2;12;87
        Villa Sant'Angelo;14;46;107;193;24;65;449
        Villalago;6;89;119;229;19;47;509
        Villavallelonga;26;129;252;288;23;57;775
        Villetta Barrea;14;98;147;249;24;52;584
        Vittorito;21;99;196;295;36;107;754
      Teramo;11776;39048;81909;102526;12024;32002;279285
        Alba Adriatica;522;1581;3515;4474;487;1378;11957
        Ancarano;59;268;571;589;78;149;1714
        Arsita;43;115;231;220;21;61;691
        Atri;390;1459;2703;3379;416;1078;9425
        Basciano;84;327;737;739;104;170;2161
        Bellante;257;927;2150;2268;242;529;6373
        Bisenti;101;242;558;545;51;111;1608
        Campli;260;924;2051;2213;234;494;6176
        Canzano;93;283;534;564;61;133;1668
        Castel Castagna;27;76;135;135;9;22;404
        Castellalto;256;972;2174;2456;284;549;6691
        Castelli;39;142;296;338;27;86;928
        Castiglione Messer Raimondo;116;326;684;602;71;135;1934
        Castilenti;66;219;460;394;42;77;1258
        Cellino Attanasio;98;354;823;647;57;138;2117
        Cermignano;102;260;491;406;37;68;1364
        Civitella del Tronto;176;707;1435;1522;161;327;4328
        Colledara;86;307;627;713;67;135;1935
        Colonnella;188;512;1167;1180;119;270;3436
        Controguerra;88;369;648;706;87;190;2088
        Corropoli;250;689;1471;1651;190;435;4686
        Cortino;37;91;224;168;24;26;570
        Crognaleto;31;179;342;396;25;65;1038
        Fano Adriano;3;39;56;104;9;35;246
        Giulianova;808;2916;5615;8358;1040;3220;21957
        Isola del Gran Sasso d'Italia;166;666;1392;1428;162;376;4190
        Martinsicuro;710;2118;5068;5395;552;1328;15171
        Montefino;63;160;315;265;36;52;891
        Montorio al Vomano;305;1018;2207;2595;222;602;6949
        Morro d'Oro;180;531;1150;1077;140;260;3338
        Mosciano Sant'Angelo;396;1330;2636;3011;320;713;8406
        Nereto;245;734;1400;1782;179;534;4874
        Notaresco;277;924;1970;2076;213;475;5935
        Penna Sant'Andrea;56;206;512;576;53;131;1534
        Pietracamela;4;24;60;92;11;22;213
        Pineto;658;2057;4001;4816;624;1437;13593
        Rocca Santa Maria;17;98;159;136;13;32;455
        Roseto degli Abruzzi;973;3190;6409;9103;1160;3004;23839
        Sant'Egidio alla Vibrata;410;1354;2916;3226;346;752;9004
        Sant'Omero;252;733;1529;1642;202;427;4785
        Silvi;565;1918;4043;5650;612;1510;14298
        Teramo;1669;5400;11657;18616;2512;8465;48319
        Torano Nuovo;63;261;382;469;49;154;1378
        Torricella Sicura;88;322;728;811;109;206;2264
        Tortoreto;415;1372;2942;4337;516;1504;11086
        Tossicia;49;188;371;429;36;95;1168
        Valle Castellana;35;160;364;227;14;42;842
      Pescara;11790;37195;72437;114002;13451;42777;291652
        Abbateggio;15;57;98;141;17;23;351
        Alanno;155;440;854;1330;127;225;3131
        Bolognano;40;147;272;382;36;73;950
        Brittoli;8;66;79;82;4;4;243
        Bussi sul Tirino;58;299;626;895;77;213;2168
        Cappelle sul Tavo;194;509;1088;1445;143;291;3670
        Caramanico Terme;66;285;470;668;53;159;1701
        Carpineto della Nora;29;108;164;165;19;30;515
        Castiglione a Casauria;29;93;167;294;25;59;667
        Catignano;58;207;338;459;36;72;1170
        Cepagatti;413;1418;2758;4025;467;984;10065
        Città Sant'Angelo;611;1881;3694;5387;608;1477;13658
        Civitaquana;47;197;345;381;39;71;1080
        Civitella Casanova;73;296;462;544;45;85;1505
        Collecorvino;299;868;1786;1948;203;375;5479
        Corvara;12;48;58;65;12;13;208
        Cugnoli;58;203;374;504;36;100;1275
        Elice;67;269;509;511;53;104;1513
        Farindola;101;247;456;358;33;87;1282
        Lettomanoppello;144;404;805;989;82;116;2540
        Loreto Aprutino;306;1055;2035;2490;247;547;6680
        Manoppello;271;899;1621;2616;295;541;6243
        Montebello di Bertona;63;148;242;277;24;65;819
        Montesilvano;1981;5695;12214;20327;2320;6975;49512
        Moscufo;122;413;795;1157;126;281;2894
        Nocciano;75;207;553;578;56;122;1591
        Penne;516;1537;3029;3871;507;1135;10595
        Pescara;3911;12425;23570;42228;5638;23423;111195
        Pescosansonesco;20;64;159;159;13;23;438
        Pianella;373;1145;2195;3078;342;742;7875
        Picciano;79;208;382;414;24;88;1195
        Pietranico;19;79;126;154;10;34;422
        Popoli Terme;136;516;1163;1910;202;546;4473
        Roccamorice;41;120;239;328;41;67;836
        Rosciano;176;526;1061;1450;166;310;3689
        Salle;9;53;56;105;4;30;257
        San Valentino in Abruzzo Citeriore;85;246;453;745;65;128;1722
        Sant'Eufemia a Maiella;8;40;67;101;4;27;247
        Scafa;135;473;880;1396;104;257;3245
        Serramonacesca;31;98;127;179;18;29;482
        Spoltore;655;2237;4256;7253;876;2270;17547
        Tocco da Casauria;103;301;596;898;105;233;2236
        Torre de' Passeri;115;375;698;1131;88;262;2669
        Turrivalignani;30;114;231;294;23;40;732
        Vicoli;14;75;101;142;12;13;357
        Villa Celiera;39;104;185;148;26;28;530
      Chieti;15030;52817;89335;134410;15791;41585;348968
        Altino;137;438;756;1133;109;213;2786
        Archi;90;367;530;683;74;130;1874
        Ari;69;199;257;368;35;92;1020
        Arielli;65;207;279;334;37;87;1009
        Atessa;438;1588;2645;3735;361;843;9610
        Bomba;28;96;178;292;29;70;693
        Borrello;16;59;92;133;10;22;332
        Bucchianico;249;857;1279;1634;203;388;4610
        Canosa Sannita;43;260;343;415;35;106;1202
        Carpineto Sinello;33;119;150;140;8;28;478
        Carunchio;32;104;186;180;13;30;545
        Casacanditella;50;228;332;366;45;81;1102
        Casalanguida;45;183;227;253;32;40;780
        Casalbordino;266;894;1585;1999;216;497;5457
        Casalincontrada;160;436;691;1122;150;255;2814
        Casoli;219;807;1221;1881;194;532;4854
        Castel Frentano;175;632;1006;1630;160;360;3963
        Castelguidone;17;45;115;76;16;23;292
        Castiglione Messer Marino;146;346;365;442;38;101;1438
        Celenza sul Trigno;33;137;245;247;34;55;751
        Chieti;1605;5998;10435;17932;2475;7437;45882
        Civitaluparella;11;56;92;97;5;7;268
        Civitella Messer Raimondo;48;124;144;290;34;87;727
        Colledimacine;6;49;37;53;6;7;158
        Colledimezzo;17;96;103;158;8;34;416
        Crecchio;168;466;603;899;97;242;2475
        Cupello;221;806;1324;1583;144;322;4400
        Dogliola;17;69;113;84;5;12;300
        Fallo;4;20;40;43;4;6;117
        Fara Filiorum Petri;63;264;503;676;76;211;1793
        Fara San Martino;48;204;274;501;65;126;1218
        Filetto;24;179;200;312;25;78;818
        Fossacesia;292;902;1573;2250;262;569;5848
        Fraine;16;59;90;79;8;6;258
        Francavilla al Mare;848;2767;5387;9331;1363;4212;23908
        Fresagrandinaria;47;154;251;330;25;56;863
        Frisa;56;271;471;549;58;138;1543
        Furci;38;156;213;271;30;68;776
        Gamberale;20;38;72;107;9;24;270
        Gessopalena;44;181;269;491;34;143;1162
        Gissi;124;409;707;819;103;175;2337
        Giuliano Teatino;55;204;280;419;43;87;1088
        Guardiagrele;304;1168;1934;3147;371;980;7904
        Guilmi;31;83;107;124;9;21;375
        Lama dei Peligni;42;151;212;477;49;98;1029
        Lanciano;1164;4226;7607;12517;1561;4792;31867
        Lentella;29;141;195;211;15;35;626
        Lettopalena;14;67;78;110;14;19;302
        Liscia;26;152;189;193;12;27;599
        Miglianico;230;700;1289;1555;174;380;4328
        Montazzoli;36;208;245;240;14;53;796
        Montebello sul Sangro;5;24;23;21;1;3;77
        Monteferrante;3;36;23;36;..;2;100
        Montelapiano;3;19;15;27;3;4;71
        Montenerodomo;37;101;176;210;11;32;567
        Monteodorisio;115;387;711;742;76;145;2176
        Mozzagrogna;88;326;627;821;109;228;2199
        Orsogna;152;526;891;1446;108;326;3449
        Ortona;801;2915;4867;8690;983;2625;20881
        Paglieta;232;634;1167;1423;139;294;3889
        Palena;49;151;322;523;37;83;1165
        Palmoli;28;197;260;255;17;29;786
        Palombaro;49;154;230;356;45;66;900
        Pennadomo;7;46;49;82;6;13;203
        Pennapiedimonte;15;82;92;166;16;23;394
        Perano;51;258;378;575;43;104;1409
        Pietraferrazzana;5;20;24;56;4;11;120
        Pizzoferrato;39;161;227;399;34;76;936
        Poggiofiorito;28;154;198;270;26;73;749
        Pollutri;126;379;536;641;74;174;1930
        Pretoro;30;126;224;331;41;66;818
        Quadri;22;121;163;272;26;77;681
        Rapino;46;217;280;438;37;104;1122
        Ripa Teatina;169;590;1052;1252;157;389;3609
        Rocca San Giovanni;90;349;637;778;97;186;2137
        Roccamontepiano;110;242;436;527;64;99;1478
        Roccascalegna;46;170;265;406;41;76;1004
        Roccaspinalveti;87;289;340;336;26;56;1134
        Roio del Sangro;3;21;29;29;3;12;97
        Rosello;4;56;32;48;9;15;164
        San Buono;47;187;264;248;22;40;808
        San Giovanni Lipioni;7;37;29;43;3;12;131
        San Giovanni Teatino;535;1709;3347;5356;671;1491;13109
        San Martino sulla Marrucina;25;127;212;322;42;71;799
        San Salvo;863;2853;5353;7016;656;1536;18277
        San Vito Chietino;193;677;1190;2088;217;509;4874
        Santa Maria Imbaro;79;226;516;768;87;177;1853
        Sant'Eusanio del Sangro;95;389;590;821;78;160;2133
        Scerni;168;503;789;981;89;259;2789
        Schiavi di Abruzzo;85;199;134;149;11;35;613
        Taranta Peligna;13;55;73;103;9;40;293
        Tollo;192;623;1024;1272;167;352;3630
        Torino di Sangro;135;461;734;1033;106;242;2711
        Tornareccio;64;274;414;638;63;101;1554
        Torrebruna;60;186;156;213;19;46;680
        Torrevecchia Teatina;186;600;1126;1456;176;339;3883
        Torricella Peligna;43;239;273;394;32;91;1072
        Treglio;64;200;413;652;78;192;1599
        Tufillo;17;68;91;114;13;19;322
        Vacri;69;234;419;544;53;109;1428
        Vasto;1482;5098;9277;14671;1921;5651;38100
        Villa Santa Maria;34;171;301;474;34;81;1095
        Villalfonsina;39;161;236;311;30;66;843
        Villamagna;136;419;581;676;84;170;2066
    Molise;11459;41337;74473;99226;12044;34751;273290
      Campobasso;8477;29698;55035;71448;8545;25035;198238
        Acquaviva Collecroce;33;122;161;176;19;40;551
        Baranello;118;377;741;807;105;221;2369
        Bojano;248;950;1970;2550;334;899;6951
        Bonefro;45;213;374;368;47;108;1155
        Busso;52;201;325;372;53;100;1103
        Campobasso;1403;4940;9802;17332;2319;8675;44471
        Campochiaro;32;84;189;190;27;42;564
        Campodipietra;86;302;654;905;90;246;2283
        Campolieto;43;155;249;237;33;71;788
        Campomarino;320;1048;2317;2664;262;616;7227
        Casacalenda;98;342;562;608;61;122;1793
        Casalciprano;22;94;124;143;9;47;439
        Castelbottaccio;23;71;61;59;10;20;244
        Castellino del Biferno;19;87;145;129;12;29;421
        Castelmauro;113;238;378;317;30;56;1132
        Castropignano;31;156;261;286;25;75;834
        Cercemaggiore;177;570;1181;1079;99;234;3340
        Cercepiccola;32;106;196;200;18;41;593
        Civitacampomarano;15;101;97;57;13;20;303
        Colle d'Anchise;18;127;206;236;29;68;684
        Colletorto;86;306;466;513;70;155;1596
        Duronia;23;74;134;118;15;26;390
        Ferrazzano;97;351;611;1158;187;632;3036
        Fossalto;56;226;356;375;36;59;1108
        Gambatesa;60;258;370;391;43;103;1225
        Gildone;39;154;236;199;35;45;708
        Guardialfiera;61;167;274;310;32;63;907
        Guardiaregia;32;104;239;241;22;32;670
        Guglionesi;191;735;1312;1669;182;543;4632
        Jelsi;80;261;478;505;67;138;1529
        Larino;249;826;1804;2094;278;774;6025
        Limosano;32;103;251;181;31;62;660
        Lucito;42;136;184;168;15;62;607
        Lupara;38;84;123;114;7;25;391
        Macchia Valfortore;29;97;150;141;8;36;461
        Mafalda;61;200;323;313;45;75;1017
        Matrice;36;165;306;350;31;71;959
        Mirabello Sannitico;78;250;514;725;97;251;1915
        Molise;12;33;45;47;3;5;145
        Monacilioni;43;100;133;122;15;28;441
        Montagano;49;144;255;369;37;97;951
        Montecilfone;54;252;344;379;37;87;1153
        Montefalcone nel Sannio;98;258;390;434;46;105;1331
        Montelongo;13;60;78;94;13;37;295
        Montemitro;7;68;74;109;10;19;287
        Montenero di Bisaccia;275;1009;1761;2087;182;482;5796
        Montorio nei Frentani;16;66;96;116;14;44;352
        Morrone del Sannio;35;128;158;138;11;29;499
        Oratino;50;184;352;688;95;208;1577
        Palata;108;326;474;404;33;100;1445
        Petacciato;153;509;1006;1202;97;279;3246
        Petrella Tifernina;47;201;284;330;30;100;992
        Pietracatella;54;198;399;393;35;76;1155
        Pietracupa;7;47;57;57;5;24;197
        Portocannone;88;367;696;740;95;197;2183
        Provvidenti;10;16;37;31;1;9;104
        Riccia;238;782;1292;1541;263;435;4551
        Ripabottoni;29;90;141;127;19;24;430
        Ripalimosani;125;350;761;1116;141;332;2825
        Roccavivara;41;114;175;197;18;51;596
        Rotello;43;174;346;370;23;77;1033
        Salcito;49;126;232;164;8;21;600
        San Biase;10;43;28;33;5;9;128
        San Felice del Molise;44;114;158;169;15;39;539
        San Giacomo degli Schiavoni;31;150;348;508;63;169;1269
        San Giovanni in Galdo;21;88;155;169;15;43;491
        San Giuliano del Sannio;40;168;264;334;38;84;928
        San Giuliano di Puglia;30;157;321;306;26;82;922
        San Martino in Pensilis;177;724;1474;1366;151;334;4226
        San Massimo;18;142;193;326;27;71;777
        San Polo Matese;19;70;121;179;19;36;444
        Santa Croce di Magliano;173;697;1355;1063;130;335;3753
        Sant'Angelo Limosano;14;68;95;84;9;20;290
        Sant'Elia a Pianisi;80;289;424;514;50;134;1491
        Sepino;73;350;611;482;55;122;1693
        Spinete;49;235;309;396;34;89;1112
        Tavenna;52;156;161;155;14;43;581
        Termoli;1040;3725;7593;11760;1431;4635;30184
        Torella del Sannio;39;149;196;221;16;55;676
        Toro;61;212;365;403;58;100;1199
        Trivento;360;834;1301;1228;114;260;4097
        Tufara;42;156;255;241;26;55;775
        Ururi;103;337;682;816;86;264;2288
        Vinchiaturo;139;451;916;1160;136;308;3110
      Isernia;2982;11639;19438;27778;3499;9716;75052
        Acquaviva d'Isernia;12;71;80;148;17;29;357
        Agnone;185;657;1076;1720;196;595;4429
        Bagnoli del Trigno;40;131;189;183;10;30;583
        Belmonte del Sannio;33;186;154;187;7;41;608
        Cantalupo nel Sannio;27;104;205;225;22;89;672
        Capracotta;39;149;170;282;37;102;779
        Carovilli;31;161;293;501;48;145;1179
        Carpinone;40;163;303;336;38;94;974
        Castel del Giudice;21;43;54;112;12;41;283
        Castel San Vincenzo;12;72;104;182;9;42;421
        Castelpetroso;61;259;474;456;70;135;1455
        Castelpizzuto;11;31;42;37;1;9;131
        Castelverrino;1;21;17;45;5;6;95
        Cerro al Volturno;43;208;285;427;53;94;1110
        Chiauci;9;34;48;71;6;20;188
        Civitanova del Sannio;23;167;226;314;22;67;819
        Colli a Volturno;27;153;285;524;67;141;1197
        Conca Casale;8;39;56;45;6;12;166
        Filignano;17;85;157;192;24;76;551
        Forlì del Sannio;27;118;117;240;21;77;600
        Fornelli;71;290;484;611;80;154;1690
        Frosolone;146;535;819;815;79;231;2625
        Isernia;567;2416;4656;7272;953;3446;19310
        Longano;27;104;209;181;19;44;584
        Macchia d'Isernia;34;149;243;369;46;81;922
        Macchiagodena;117;324;533;424;51;93;1542
        Miranda;33;208;244;271;36;90;882
        Montaquila;104;334;577;775;108;239;2137
        Montenero Val Cocchiara;21;76;121;167;18;66;469
        Monteroduni;64;298;507;726;86;276;1957
        Pesche;50;170;293;560;99;241;1413
        Pescolanciano;37;124;222;276;32;52;743
        Pescopennataro;3;47;37;91;7;35;220
        Pettoranello del Molise;16;68;96;162;22;53;417
        Pietrabbondante;38;113;147;230;23;38;589
        Pizzone;6;39;84;116;17;37;299
        Poggio Sannita;40;150;166;154;9;35;554
        Pozzilli;70;282;491;830;121;253;2047
        Rionero Sannitico;21;151;278;352;34;105;941
        Roccamandolfi;32;156;235;285;42;54;804
        Roccasicura;25;70;148;163;17;42;465
        Rocchetta a Volturno;33;141;235;413;48;134;1004
        San Pietro Avellana;12;64;117;164;17;31;405
        Santa Maria del Molise;26;103;171;227;22;62;611
        Sant'Agapito;58;191;332;474;63;146;1264
        Sant'Angelo del Pesco;10;68;87;107;9;26;307
        Sant'Elena Sannita;10;70;98;75;5;21;279
        Scapoli;23;106;163;210;26;39;567
        Sessano del Molise;36;125;206;210;18;56;651
        Sesto Campano;129;392;572;686;84;155;2018
        Vastogirardi;19;90;128;267;29;67;600
        Venafro;437;1333;2404;3888;608;1469;10139
    Campania;225096;755036;1640864;1819294;178794;559520;5178604
      Caserta;39205;114898;267997;298029;29019;84957;834105
        Ailano;33;197;351;428;35;112;1156
        Alife;320;910;2047;2743;199;621;6840
        Alvignano;229;635;1225;1621;133;375;4218
        Arienzo;275;750;1710;1619;169;358;4881
        Aversa;2057;5960;13463;15821;1820;7114;46235
        Baia e Latina;100;290;559;714;63;169;1895
        Bellona;283;770;1848;1889;190;472;5452
        Caianello;66;247;437;669;69;151;1639
        Caiazzo;215;689;1336;1826;216;538;4820
        Calvi Risorta;228;674;1471;2030;199;497;5099
        Camigliano;74;237;564;735;61;156;1827
        Cancello ed Arnone;270;701;1763;1849;126;383;5092
        Capodrise;382;1148;2752;3548;358;939;9127
        Capriati a Volturno;49;163;431;483;58;162;1346
        Capua;682;2037;4903;6401;568;1948;16539
        Carinaro;307;896;2292;2212;238;505;6450
        Carinola;386;1020;2250;2373;194;564;6787
        Casagiove;501;1557;3279;4789;463;1558;12147
        Casal di Principe;1078;2842;7027;6452;521;1590;19510
        Casaluce;500;1362;3411;2726;248;543;8790
        Casapesenna;549;1181;2295;1714;160;492;6391
        Casapulla;317;1038;2222;2976;311;778;7642
        Caserta;2321;7081;15632;26065;3143;14189;68431
        Castel Campagnano;69;207;417;514;47;115;1369
        Castel di Sasso;75;183;303;324;32;78;995
        Castel Morrone;169;465;1118;1170;135;318;3375
        Castel Volturno;1689;3853;9897;8336;556;1379;25710
        Castello del Matese;57;152;423;533;46;106;1317
        Cellole;292;996;2502;2833;248;670;7541
        Cervino;243;738;1687;1387;116;224;4395
        Cesa;363;1158;3081;3044;292;679;8617
        Ciorlano;22;56;110;137;15;19;359
        Conca della Campania;48;198;344;388;32;84;1094
        Curti;261;939;1862;2313;256;626;6257
        Dragoni;79;248;540;739;66;180;1852
        Falciano del Massico;149;483;1151;1032;80;226;3121
        Fontegreca;37;104;220;249;26;71;707
        Formicola;51;173;400;466;36;134;1260
        Francolise;216;658;1612;1405;135;259;4285
        Frignano;399;1267;3026;2634;224;596;8146
        Gallo Matese;14;77;172;161;16;31;471
        Galluccio;70;296;637;689;57;167;1916
        Giano Vetusto;27;73;160;226;26;78;590
        Gioia Sannitica;183;552;990;1042;102;219;3088
        Grazzanise;279;907;2181;2228;200;412;6207
        Gricignano di Aversa;548;1559;4292;3822;328;788;11337
        Letino;29;98;220;190;21;44;602
        Liberi;50;171;314;367;36;72;1010
        Lusciano;717;2055;4808;5046;537;1452;14615
        Macerata Campania;406;1383;3285;3355;271;583;9283
        Maddaloni;1577;4962;12284;11304;1054;2743;33924
        Marcianise;1435;4608;11717;12989;1330;3266;35345
        Marzano Appio;85;295;558;712;69;176;1895
        Mignano Monte Lungo;125;440;920;1070;85;185;2825
        Mondragone;1661;4241;8998;8540;779;2065;26284
        Orta di Atella;1260;3368;9525;8131;702;1317;24303
        Parete;558;1612;3723;3851;424;1065;11233
        Pastorano;122;357;892;985;78;246;2680
        Piana di Monte Verna;85;330;553;746;65;184;1963
        Piedimonte Matese;371;1211;2616;3881;364;1138;9581
        Pietramelara;164;641;1259;1595;149;374;4182
        Pietravairano;112;341;736;1024;108;289;2610
        Pignataro Maggiore;261;758;1578;2079;157;551;5384
        Pontelatone;65;211;436;530;49;144;1435
        Portico di Caserta;289;890;2302;2609;270;662;7022
        Prata Sannita;80;224;423;430;45;79;1281
        Pratella;65;221;466;430;53;100;1335
        Presenzano;70;230;475;573;47;109;1504
        Raviscanina;43;162;330;421;41;102;1099
        Recale;271;909;2235;2756;267;584;7022
        Riardo;83;344;627;782;56;181;2073
        Rocca d'Evandro;125;417;933;1025;84;251;2835
        Roccamonfina;121;455;882;1171;98;268;2995
        Roccaromana;43;97;262;281;24;66;773
        Rocchetta e Croce;25;66;138;146;11;34;420
        Ruviano;83;248;481;542;56;175;1585
        San Cipriano d'Aversa;668;1916;4272;3842;392;1077;12167
        San Felice a Cancello;896;2488;5519;5156;465;985;15509
        San Gregorio Matese;66;125;273;292;24;51;831
        San Marcellino;691;1867;4755;4417;455;1043;13228
        San Marco Evangelista;261;817;1941;2169;186;513;5887
        San Nicola la Strada;778;2443;5532;8345;907;2600;20605
        San Pietro Infine;38;112;250;302;31;68;801
        San Potito Sannitico;103;250;457;758;72;187;1827
        San Prisco;469;1490;3513;4069;482;1120;11143
        San Tammaro;210;672;1646;2023;161;425;5137
        Santa Maria a Vico;620;1908;4135;4704;441;1330;13138
        Santa Maria Capua Vetere;1215;3679;8402;11021;1078;4268;29663
        Santa Maria la Fossa;133;340;914;791;54;159;2391
        Sant'Angelo d'Alife;90;275;562;782;53;181;1943
        Sant'Arpino;619;1957;4872;4682;450;1080;13660
        Sessa Aurunca;960;2860;5925;6986;620;1687;19038
        Sparanise;323;896;2049;2556;227;589;6640
        Succivo;379;1126;2731;2732;298;641;7907
        Teano;461;1512;3336;3976;359;939;10583
        Teverola;653;1814;4735;4661;452;1035;13350
        Tora e Piccilli;33;106;211;278;20;87;735
        Trentola Ducenta;832;2383;6096;6630;664;1783;18388
        Vairano Patenora;266;730;1762;2275;241;622;5896
        Valle Agricola;47;143;236;248;25;32;731
        Valle di Maddaloni;100;359;814;847;110;211;2441
        Villa di Briano;346;935;2252;2288;234;608;6663
        Villa Literno;719;1823;4335;3503;303;756;11439
        Vitulazio;286;800;2103;2780;272;702;6943
      Benevento;11158;35651;66792;92110;9576;30623;245910
        Airola;338;946;1911;2966;301;1023;7485
        Amorosi;117;333;633;989;99;292;2463
        Apice;254;800;1501;1810;155;401;4921
        Apollosa;103;379;630;878;98;231;2319
        Arpaia;77;240;543;709;74;180;1823
        Arpaise;13;118;172;262;25;104;694
        Baselice;167;419;532;659;64;146;1987
        Benevento;1845;6294;12502;20340;2265;9520;52766
        Bonea;72;198;396;436;55;110;1267
        Bucciano;91;284;612;614;62;134;1797
        Buonalbergo;84;247;448;478;53;143;1453
        Calvi;88;298;595;942;102;316;2341
        Campolattaro;43;164;236;333;37;109;922
        Campoli del Monte Taburno;94;251;443;448;59;118;1413
        Casalduni;98;243;338;371;23;68;1141
        Castelfranco in Miscano;41;128;231;247;34;53;734
        Castelpagano;56;274;427;387;22;92;1258
        Castelpoto;40;211;297;387;44;84;1063
        Castelvenere;110;308;590;874;99;270;2251
        Castelvetere in Val Fortore;94;229;289;258;20;72;962
        Cautano;84;264;541;626;70;189;1774
        Ceppaloni;126;424;799;1167;134;347;2997
        Cerreto Sannita;153;501;886;1293;133;414;3380
        Circello;94;396;568;729;83;201;2071
        Colle Sannita;85;359;582;724;80;213;2043
        Cusano Mutri;219;605;1180;1199;81;233;3517
        Dugenta;117;414;724;932;91;222;2500
        Durazzano;111;352;693;587;41;171;1955
        Faicchio;204;494;958;1097;103;278;3134
        Foglianise;102;385;813;1118;144;358;2920
        Foiano di Val Fortore;80;201;354;454;45;104;1238
        Forchia;43;172;358;431;29;70;1103
        Fragneto l'Abate;56;163;278;299;31;74;901
        Fragneto Monforte;62;266;453;576;68;157;1582
        Frasso Telesino;72;285;515;733;70;214;1889
        Ginestra degli Schiavoni;21;75;162;102;7;23;390
        Guardia Sanframondi;217;663;1298;1505;171;482;4336
        Limatola;181;563;1200;1497;122;315;3878
        Melizzano;71;246;437;563;78;206;1601
        Moiano;190;553;1048;1426;110;390;3717
        Molinara;65;238;402;457;60;146;1368
        Montefalcone di Val Fortore;69;228;355;450;37;125;1264
        Montesarchio;542;1603;3231;4743;462;1423;12004
        Morcone;214;856;1149;1445;157;445;4266
        Paduli;208;669;960;1157;122;264;3380
        Pago Veiano;127;367;697;728;75;125;2119
        Pannarano;63;257;559;761;78;160;1878
        Paolisi;82;197;507;714;61;253;1814
        Paupisi;48;229;414;475;42;140;1348
        Pesco Sannita;89;313;453;642;65;154;1716
        Pietraroja;31;106;146;153;15;25;476
        Pietrelcina;120;372;710;1080;94;315;2691
        Ponte;115;339;604;867;83;259;2267
        Pontelandolfo;87;281;482;793;78;198;1919
        Puglianello;50;173;367;463;40;124;1217
        Reino;57;193;284;369;39;97;1039
        San Bartolomeo in Galdo;280;731;1151;1404;148;429;4143
        San Giorgio del Sannio;329;993;2000;3715;403;1584;9024
        San Giorgio La Molara;179;531;817;773;87;210;2597
        San Leucio del Sannio;106;385;839;1104;93;240;2767
        San Lorenzello;59;287;504;824;84;231;1989
        San Lorenzo Maggiore;95;273;545;648;53;158;1772
        San Lupo;43;95;153;278;25;85;679
        San Marco dei Cavoti;150;464;741;992;121;357;2825
        San Martino Sannita;31;132;301;476;39;137;1116
        San Nazzaro;24;114;200;324;30;96;788
        San Nicola Manfredi;137;370;786;1344;145;485;3267
        San Salvatore Telesino;170;510;993;1400;137;384;3594
        Santa Croce del Sannio;44;133;248;311;21;74;831
        Sant'Agata de' Goti;514;1547;2968;3293;367;923;9612
        Sant'Angelo a Cupolo;128;435;1032;1560;172;486;3813
        Sant'Arcangelo Trimonte;30;87;101;178;14;44;454
        Sassinoro;35;129;176;189;24;55;608
        Solopaca;130;440;949;1191;133;434;3277
        Telese Terme;243;798;1627;2887;349;1166;7070
        Tocco Caudio;70;218;496;430;34;92;1340
        Torrecuso;156;463;884;1124;111;274;3012
        Vitulano;125;350;788;922;96;299;2580
      Napoli;113645;417443;908541;930024;88567;283019;2741239
        Acerra;2331;8007;19274;17891;1654;4010;53167
        Afragola;2950;10133;21344;16938;1376;3551;56292
        Agerola;336;1187;2171;2494;224;575;6987
        Anacapri;253;931;2118;2372;170;546;6390
        Arzano;1239;5244;11164;9389;798;1670;29504
        Bacoli;832;3677;7749;8308;825;2189;23580
        Barano d'Ischia;363;1424;2722;3657;307;815;9288
        Boscoreale;1100;4014;8364;8020;664;1707;23869
        Boscotrecase;406;1378;2902;3261;280;792;9019
        Brusciano;615;2299;5220;4872;402;1112;14520
        Caivano;1665;5657;13149;9566;813;1877;32727
        Calvizzano;510;1815;4078;3719;354;878;11354
        Camposano;169;721;1469;1702;148;507;4716
        Capri;270;910;1874;2398;203;831;6486
        Carbonara di Nola;117;296;733;799;87;218;2250
        Cardito;952;3362;7412;6198;521;1309;19754
        Casalnuovo di Napoli;1595;6289;15537;15350;1450;2977;43198
        Casamarciano;67;311;886;1118;105;400;2887
        Casamicciola Terme;261;879;1937;2983;281;783;7124
        Casandrino;572;1951;4705;3651;337;736;11952
        Casavatore;640;2606;6300;5578;504;1105;16733
        Casola di Napoli;161;643;1267;1035;92;157;3355
        Casoria;2544;10851;24402;23360;2043;4932;68132
        Castellammare di Stabia;2226;8402;18048;20634;2134;6682;58126
        Castello di Cisterna;295;1072;2386;2489;216;597;7055
        Cercola;588;2325;5319;5410;552;1418;15612
        Cicciano;446;1738;3657;4004;412;1153;11410
        Cimitile;265;909;1821;2308;247;806;6356
        Comiziano;73;234;428;603;46;207;1591
        Crispano;498;1995;4168;3277;309;583;10830
        Ercolano;2109;8261;15617;14982;1360;3919;46248
        Forio;677;2070;4701;6441;547;1715;16151
        Frattamaggiore;1311;4346;8476;8505;923;3065;26626
        Frattaminore;742;2423;5590;4143;486;888;14272
        Giugliano in Campania;4966;16134;39272;39399;3590;9189;112550
        Gragnano;1006;3897;8269;9156;908;2504;25740
        Grumo Nevano;888;2817;5802;4725;487;1204;15923
        Ischia;661;2519;5081;7123;651;2231;18266
        Lacco Ameno;149;620;1171;1684;137;511;4272
        Lettere;225;915;2117;1762;161;320;5500
        Liveri;53;194;386;512;40;201;1386
        Marano di Napoli;1991;7847;18202;18656;1856;4614;53166
        Mariglianella;288;970;2294;2585;242;725;7104
        Marigliano;1031;3661;7826;9972;972;3307;26769
        Massa di Somma;174;772;1726;1519;131;296;4618
        Massa Lubrense;565;2010;4187;4774;381;1108;13025
        Melito di Napoli;1319;5174;13090;10546;934;1936;32999
        Meta;248;875;1725;3118;284;961;7211
        Monte di Procida;420;1951;3308;3982;368;1019;11048
        Mugnano di Napoli;1183;4651;11073;11012;1088;2610;31617
        Napoli;34671;127532;275461;274383;26961;109541;848549
        Nola;1163;4207;9225;10959;1134;4348;31036
        Ottaviano;858;3190;7055;7291;734;2229;21357
        Palma Campania;850;2217;4944;4800;440;1532;14783
        Piano di Sorrento;369;1447;2836;4905;425;1538;11520
        Pimonte;266;833;2081;1707;161;277;5325
        Poggiomarino;1000;3095;6783;6988;613;1575;20054
        Pollena Trocchia;402;1624;3876;4144;463;1211;11720
        Pomigliano d'Arco;1443;5237;10684;13470;1351;4382;36567
        Pompei;791;3287;6474;8184;818;2487;22041
        Portici;1661;6498;12876;18020;1956;7727;48738
        Pozzuoli;2739;10986;23312;24457;2369;7377;71240
        Procida;342;1316;2193;4224;334;1140;9549
        Qualiano;1026;3875;9012;6834;526;1156;22429
        Quarto;1553;5701;12751;13426;1210;2839;37480
        Roccarainola;300;1001;2059;2053;181;512;6106
        San Gennaro Vesuviano;687;1580;3419;3672;373;1234;10965
        San Giorgio a Cremano;1382;5829;11326;14883;1569;4876;39865
        San Giuseppe Vesuviano;1529;4315;9353;8912;812;2600;27521
        San Paolo Bel Sito;108;411;873;1132;129;490;3143
        San Sebastiano al Vesuvio;303;1085;2138;3012;335;1229;8102
        San Vitaliano;235;803;1832;2167;219;668;5924
        Santa Maria la Carità;424;1754;3641;3597;366;765;10547
        Sant'Agnello;296;1016;1921;3411;317;1096;8057
        Sant'Anastasia;934;3642;7883;8499;806;2405;24169
        Sant'Antimo;1456;5068;11317;8802;811;2023;29477
        Sant'Antonio Abate;822;2763;6461;5863;552;1123;17584
        Saviano;603;2109;4502;5203;520;1562;14499
        Scisciano;226;675;1556;2192;246;793;5688
        Serrara Fontana;92;431;895;1142;72;240;2872
        Somma Vesuviana;1169;4675;10031;11110;1135;3017;31137
        Sorrento;492;1795;3783;5772;540;2089;14471
        Striano;376;1267;2859;2751;210;543;8006
        Terzigno;792;2557;5694;5273;438;1090;15844
        Torre Annunziata;1515;5445;12173;12972;1077;3604;36786
        Torre del Greco;2946;12238;24386;25663;2389;6750;74372
        Trecase;297;1075;2300;2962;286;989;7909
        Tufino;129;410;1073;1175;89;243;3119
        Vico Equense;720;2784;5337;7276;660;2011;18788
        Villaricca;1209;4260;10134;9673;952;2212;28440
        Visciano;165;631;1361;1238;125;351;3871
        Volla;959;3412;8154;7847;763;1699;22834
      Avellino;17802;50923;102669;142507;14895;44437;373233
        Aiello del Sabato;137;451;1051;1464;174;432;3709
        Altavilla Irpina;194;495;1050;1505;109;317;3670
        Andretta;85;297;440;587;54;140;1603
        Aquilonia;107;198;421;519;56;104;1405
        Ariano Irpino;1190;3024;5336;7255;805;2166;19776
        Atripalda;345;1096;2631;4004;449;1222;9747
        Avella;337;1047;2176;2418;249;712;6939
        Avellino;1694;5153;10764;18974;2338;10336;49259
        Bagnoli Irpino;99;395;874;1115;93;265;2841
        Baiano;206;541;1110;1590;179;534;4160
        Bisaccia;209;519;854;1266;156;325;3329
        Bonito;106;308;671;770;69;179;2103
        Cairano;24;76;77;60;15;15;267
        Calabritto;146;355;579;687;64;183;2014
        Calitri;232;650;992;1619;172;384;4049
        Candida;46;143;352;371;36;79;1027
        Caposele;174;434;953;1022;110;310;3003
        Capriglia Irpina;94;278;527;882;94;211;2086
        Carife;62;209;345;408;45;145;1214
        Casalbore;80;267;464;550;30;108;1499
        Cassano Irpino;54;140;283;304;23;74;878
        Castel Baronia;52;160;304;365;22;92;995
        Castelfranci;133;281;499;572;55;158;1698
        Castelvetere sul Calore;62;216;417;513;62;133;1403
        Cervinara;327;969;2206;3264;291;1029;8086
        Cesinali;75;276;641;1006;115;274;2387
        Chianche;19;63;133;172;20;50;457
        Chiusano di San Domenico;126;264;613;709;76;150;1938
        Contrada;138;401;909;980;80;244;2752
        Conza della Campania;70;215;274;453;52;129;1193
        Domicella;71;212;540;659;68;173;1723
        Flumeri;129;352;680;840;82;254;2337
        Fontanarosa;111;412;668;1046;109;353;2699
        Forino;217;666;1670;1757;150;372;4832
        Frigento;159;467;956;1266;136;276;3260
        Gesualdo;163;427;705;1212;137;396;3040
        Greci;57;125;122;191;12;38;545
        Grottaminarda;371;940;1953;2847;262;824;7197
        Grottolella;68;208;452;699;73;190;1690
        Guardia Lombardi;94;251;395;511;37;155;1443
        Lacedonia;80;234;452;815;110;261;1952
        Lapio;58;177;395;527;49;150;1356
        Lauro;127;373;728;1269;146;444;3087
        Lioni;259;852;1447;2167;191;587;5503
        Luogosano;27;137;287;409;39;131;1030
        Manocalzati;114;378;822;1102;116;318;2850
        Marzano di Nola;62;178;432;616;57;166;1511
        Melito Irpino;91;338;532;552;52;107;1672
        Mercogliano;393;1167;2547;4401;586;1748;10842
        Mirabella Eclano;290;921;1721;2461;254;691;6338
        Montaguto;14;67;103;112;12;32;340
        Montecalvo Irpino;233;529;909;1141;102;239;3153
        Montefalcione;135;420;877;1166;86;242;2926
        Monteforte Irpino;421;1092;2761;4339;467;1417;10497
        Montefredane;104;264;507;838;83;195;1991
        Montefusco;61;159;295;449;47;134;1145
        Montella;421;1001;1910;2512;259;739;6842
        Montemarano;137;452;705;916;76;171;2457
        Montemiletto;219;685;1343;1795;187;514;4743
        Monteverde;43;103;189;271;21;38;665
        Montoro;895;2531;5974;6286;588;1465;17739
        Morra De Sanctis;61;227;287;395;31;74;1075
        Moschiano;68;162;536;522;45;102;1435
        Mugnano del Cardinale;202;581;1318;1873;204;576;4754
        Nusco;271;596;1106;1245;123;309;3650
        Ospedaletto d'Alpinolo;76;238;470;788;76;248;1896
        Pago del Vallo di Lauro;69;182;478;645;64;169;1607
        Parolise;18;109;147;232;26;64;596
        Paternopoli;90;294;503;810;57;240;1994
        Petruro Irpino;14;46;80;100;3;29;272
        Pietradefusi;91;229;487;693;88;258;1846
        Pietrastornina;59;229;395;539;41;102;1365
        Prata di Principato Ultra;117;344;744;991;91;249;2536
        Pratola Serra;127;413;918;1416;138;360;3372
        Quadrelle;68;188;475;697;53;209;1690
        Quindici;87;185;473;676;58;161;1640
        Rocca San Felice;46;132;205;262;24;65;734
        Roccabascerana;75;282;632;927;75;180;2171
        Rotondi;161;387;868;1143;137;438;3134
        Salza Irpina;23;106;191;240;33;89;682
        San Mango sul Calore;38;175;255;423;39;108;1038
        San Martino Valle Caudina;233;580;1231;1831;168;424;4467
        San Michele di Serino;93;283;653;925;83;235;2272
        San Nicola Baronia;33;80;171;283;36;96;699
        San Potito Ultra;42;203;380;544;57;175;1401
        San Sossio Baronia;113;237;446;463;36;107;1402
        Santa Lucia di Serino;55;208;397;468;39;100;1267
        Santa Paolina;58;151;322;378;61;126;1096
        Sant'Andrea di Conza;78;195;341;492;75;180;1361
        Sant'Angelo a Scala;31;120;211;259;14;45;680
        Sant'Angelo all'Esca;41;144;168;238;33;74;698
        Sant'Angelo dei Lombardi;218;581;1027;1329;150;346;3651
        Santo Stefano del Sole;112;262;575;719;67;224;1959
        Savignano Irpino;51;201;278;321;25;68;944
        Scampitella;83;175;246;357;28;107;996
        Senerchia;32;112;217;245;34;63;703
        Serino;319;1054;1940;2206;220;490;6229
        Sirignano;113;272;704;1094;116;294;2593
        Solofra;573;1607;3318;4350;414;934;11196
        Sorbo Serpico;29;68;121;210;20;58;506
        Sperone;134;427;971;1292;157;348;3329
        Sturno;117;347;680;987;112;329;2572
        Summonte;53;188;371;582;78;147;1419
        Taurano;75;216;462;462;48;113;1376
        Taurasi;93;265;550;819;90;235;2052
        Teora;69;233;375;501;48;149;1375
        Torella dei Lombardi;120;287;590;674;50;136;1857
        Torre Le Nocelle;44;162;373;421;40;100;1140
        Torrioni;27;80;170;139;11;20;447
        Trevico;54;139;228;278;32;72;803
        Tufo;31;105;211;306;23;62;738
        Vallata;155;353;667;806;104;278;2363
        Vallesaccarda;84;201;312;410;42;117;1166
        Venticano;97;291;507;812;97;356;2160
        Villamaina;23;124;244;312;44;94;841
        Villanova del Battista;94;239;469;471;32;93;1398
        Volturara Irpina;144;463;903;984;83;209;2786
        Zungoli;73;126;249;346;35;83;912
      Salerno;43286;136121;294865;356624;36737;116484;984117
        Acerno;88;361;860;908;65;130;2412
        Agropoli;712;2447;5196;7681;834;2982;19852
        Albanella;267;937;1847;2071;171;450;5743
        Alfano;75;131;353;255;30;46;890
        Altavilla Silentina;352;1038;2100;2232;179;572;6473
        Amalfi;152;590;1255;1809;139;521;4466
        Angri;1288;4140;9623;11391;1292;3345;31079
        Aquara;70;196;432;433;38;110;1279
        Ascea;239;810;1524;2050;192;609;5424
        Atena Lucana;143;308;660;790;86;196;2183
        Atrani;30;121;187;304;19;83;744
        Auletta;113;338;693;652;50;142;1988
        Baronissi;539;1948;4290;5903;704;2186;15570
        Battipaglia;2025;5828;13183;17594;1662;5610;45902
        Bellizzi;572;1804;4039;4487;366;953;12221
        Bellosguardo;23;105;200;227;30;70;655
        Bracigliano;222;623;1686;1658;188;506;4883
        Buccino;223;728;1348;1462;148;403;4312
        Buonabitacolo;101;361;696;812;85;179;2234
        Caggiano;152;439;700;820;81;187;2379
        Calvanico;57;190;425;459;49;129;1309
        Camerota;363;1063;2132;2126;187;546;6417
        Campagna;751;2133;4959;5547;552;1215;15157
        Campora;20;60;74;105;18;36;313
        Cannalonga;37;147;282;304;25;101;896
        Capaccio Paestum;1067;2908;6414;7567;663;1973;20592
        Casal Velino;207;703;1457;1873;155;547;4942
        Casalbuono;45;183;277;375;26;77;983
        Casaletto Spartano;170;251;342;356;35;58;1212
        Caselle in Pittari;152;281;519;599;55;137;1743
        Castel San Giorgio;462;1516;3823;4764;569;1427;12561
        Castel San Lorenzo;91;310;671;703;96;207;2078
        Castelcivita;110;261;413;451;34;119;1388
        Castellabate;303;1074;2382;3094;284;932;8069
        Castelnuovo Cilento;125;343;852;940;81;234;2575
        Castelnuovo di Conza;46;97;195;170;15;32;555
        Castiglione del Genovesi;46;154;432;446;27;93;1198
        Cava de' Tirreni;1741;6840;14160;16652;1882;6058;47333
        Celle di Bulgheria;83;255;558;555;59;115;1625
        Centola;198;725;1439;1755;146;429;4692
        Ceraso;109;333;648;730;68;217;2105
        Cetara;111;337;539;641;55;189;1872
        Cicerale;63;200;366;386;33;87;1135
        Colliano;190;454;1155;1142;86;148;3175
        Conca dei Marini;24;97;160;242;13;70;606
        Controne;38;126;190;263;19;97;733
        Contursi Terme;132;362;849;1205;108;322;2978
        Corbara;133;324;792;773;91;205;2318
        Corleto Monforte;29;72;124;188;15;57;485
        Cuccaro Vetere;16;91;144;174;17;57;499
        Eboli;1775;4681;10811;12557;1252;3540;34616
        Felitto;50;179;295;412;45;102;1083
        Fisciano;537;1734;3832;4549;547;1783;12982
        Furore;18;96;198;246;17;60;635
        Futani;39;197;296;353;36;97;1018
        Giffoni Sei Casali;172;665;1468;1734;193;413;4645
        Giffoni Valle Piana;544;1712;3820;3526;327;765;10694
        Gioi;38;159;255;424;29;130;1035
        Giungano;73;194;339;432;39;110;1187
        Ispani;39;119;248;336;32;149;923
        Laureana Cilento;51;159;339;405;38;111;1103
        Laurino;49;205;312;505;40;117;1228
        Laurito;24;106;192;234;26;90;672
        Laviano;96;188;410;417;40;56;1207
        Lustra;45;150;346;321;23;45;930
        Magliano Vetere;41;108;177;173;12;58;569
        Maiori;204;748;1424;1973;179;520;5048
        Mercato San Severino;805;2835;6299;7067;738;2229;19973
        Minori;97;330;692;984;76;253;2432
        Moio della Civitella;55;236;410;654;86;259;1700
        Montano Antilia;111;304;533;495;38;110;1591
        Monte San Giacomo;89;250;389;465;34;124;1351
        Montecorice;107;324;670;951;78;274;2404
        Montecorvino Pugliano;372;1259;3006;4169;323;947;10076
        Montecorvino Rovella;560;1712;3919;3853;352;874;11270
        Monteforte Cilento;18;79;162;172;21;44;496
        Montesano sulla Marcellana;311;907;1887;2032;182;470;5789
        Morigerati;37;110;193;185;13;35;573
        Nocera Inferiore;1646;5387;12121;14685;1751;5428;41018
        Nocera Superiore;810;2966;7078;8150;813;2105;21922
        Novi Velia;100;250;674;768;78;226;2096
        Ogliastro Cilento;88;311;658;769;72;228;2126
        Olevano sul Tusciano;269;891;2038;2162;162;440;5962
        Oliveto Citra;190;483;1084;1229;136;261;3383
        Omignano;85;225;513;535;36;109;1503
        Orria;74;161;262;318;24;92;931
        Ottati;30;97;169;193;23;40;552
        Padula;185;719;1539;1586;168;411;4608
        Pagani;1364;4588;10523;10811;1153;3053;31492
        Palomonte;198;514;1232;1163;103;231;3441
        Pellezzano;344;1268;2680;3770;441;1541;10044
        Perdifumo;70;239;513;603;53;170;1648
        Perito;51;111;267;244;30;71;774
        Pertosa;20;105;174;258;18;54;629
        Petina;46;161;349;301;37;70;964
        Piaggine;41;199;295;414;31;128;1108
        Pisciotta;117;361;595;862;77;302;2314
        Polla;248;765;1389;1676;188;479;4745
        Pollica;67;311;540;775;74;273;2040
        Pontecagnano Faiano;1163;3377;7292;8989;885;2406;24112
        Positano;129;493;1048;1399;110;325;3504
        Postiglione;116;278;678;621;41;125;1859
        Praiano;79;318;528;721;51;161;1858
        Prignano Cilento;33;117;342;387;25;100;1004
        Ravello;78;304;647;887;82;222;2220
        Ricigliano;85;180;299;319;40;80;1003
        Roccadaspide;363;1035;2029;2208;223;596;6454
        Roccagloriosa;77;258;522;499;30;97;1483
        Roccapiemonte;365;1017;2405;2950;373;943;8053
        Rofrano;96;188;452;351;32;80;1199
        Romagnano al Monte;17;56;103;139;12;27;354
        Roscigno;39;97;178;228;14;45;601
        Rutino;26;100;257;269;21;50;723
        Sacco;38;102;114;129;8;37;428
        Sala Consilina;528;1639;3458;4207;393;1104;11329
        Salento;71;225;495;627;48;171;1637
        Salerno;4088;13405;27184;43326;5349;26343;119695
        Salvitelle;22;95;160;148;14;24;463
        San Cipriano Picentino;242;863;1825;2256;228;583;5997
        San Giovanni a Piro;198;536;1087;1168;98;312;3399
        San Gregorio Magno;279;684;1182;1130;121;302;3698
        San Mango Piemonte;73;280;728;926;94;263;2364
        San Marzano sul Sarno;554;1339;3474;2941;301;690;9299
        San Mauro Cilento;33;138;197;317;21;91;797
        San Mauro la Bruca;25;100;148;193;13;43;522
        San Pietro al Tanagro;63;208;480;540;76;151;1518
        San Rufo;88;253;548;489;29;70;1477
        San Valentino Torio;500;1401;3666;3195;315;730;9807
        Santa Marina;174;479;919;1063;74;279;2988
        Sant'Angelo a Fasanella;33;89;136;138;12;74;482
        Sant'Arsenio;124;297;649;964;126;329;2489
        Sant'Egidio del Monte Albino;355;1168;2857;2765;261;660;8066
        Santomenna;21;77;124;114;12;27;375
        Sanza;116;402;749;729;78;190;2264
        Sapri;218;748;1618;2369;253;806;6012
        Sarno;1582;4077;9739;9365;884;2397;28044
        Sassano;269;699;1409;1457;118;380;4332
        Scafati;1815;6019;13314;16844;1816;4510;44318
        Scala;58;238;464;460;61;106;1387
        Serramezzana;9;53;88;80;3;26;259
        Serre;161;500;1157;1217;108;260;3403
        Sessa Cilento;45;175;335;404;31;109;1099
        Siano;331;1154;2535;3419;349;954;8742
        Sicignano degli Alburni;146;422;980;998;77;228;2851
        Stella Cilento;28;132;160;244;15;56;635
        Stio;41;111;206;260;29;86;733
        Teggiano;357;1124;2064;2188;223;693;6649
        Torchiara;72;211;479;693;60;203;1718
        Torraca;59;174;364;414;33;85;1129
        Torre Orsaia;97;289;551;703;53;176;1869
        Tortorella;22;108;135;140;13;40;458
        Tramonti;206;630;1389;1239;106;226;3796
        Trentinara;65;211;462;553;54;121;1466
        Valle dell'Angelo;7;35;47;97;6;24;216
        Vallo della Lucania;256;865;1842;2921;340;1296;7520
        Valva;82;211;513;482;46;93;1427
        Vibonati;108;411;785;1219;104;386;3013
        Vietri sul Mare;256;925;2009;2506;239;822;6757
    Puglia;188059;611012;1129600;1214321;134349;367450;3644791
      Foggia;30842;93482;177776;179389;22024;50172;553685
        Accadia;135;332;653;695;71;189;2075
        Alberona;76;151;261;232;25;66;811
        Anzano di Puglia;81;172;347;330;31;63;1024
        Apricena;752;2242;3785;3464;464;964;11671
        Ascoli Satriano;307;954;1982;1642;193;373;5451
        Biccari;132;425;777;829;74;225;2462
        Bovino;150;519;691;1125;98;236;2819
        Cagnano Varano;435;1440;1998;1732;211;340;6156
        Candela;132;346;724;938;79;156;2375
        Carapelle;464;1108;2483;1812;163;249;6279
        Carlantino;63;144;265;230;15;49;766
        Carpino;328;742;1255;942;100;228;3595
        Casalnuovo Monterotaro;76;264;409;407;36;101;1293
        Casalvecchio di Puglia;76;351;520;461;63;117;1588
        Castelluccio dei Sauri;101;288;656;638;78;109;1870
        Castelluccio Valmaggiore;72;201;372;355;46;77;1123
        Castelnuovo della Daunia;56;214;414;396;37;101;1218
        Celenza Valfortore;95;284;410;378;39;83;1289
        Celle di San Vito;1;33;47;48;3;9;141
        Cerignola;2926;9918;18499;15807;1685;3630;52465
        Chieuti;94;244;499;460;49;92;1438
        Deliceto;187;558;1012;1128;133;228;3246
        Faeto;31;79;209;199;18;41;577
        Foggia;6560;18939;39821;48481;5859;16301;135961
        Ischitella;267;760;1403;1068;119;245;3862
        Isole Tremiti;12;73;130;163;22;53;453
        Lesina;360;1203;1772;1777;223;476;5811
        Lucera;1523;4549;9062;9778;1195;2887;28994
        Manfredonia;2727;8718;15833;16534;2110;4456;50378
        Mattinata;383;937;1729;1871;192;435;5547
        Monte Sant'Angelo;692;1874;3230;3305;569;1018;10688
        Monteleone di Puglia;46;116;324;300;33;80;899
        Motta Montecorvino;29;123;164;218;25;58;617
        Ordona;191;462;1009;713;67;102;2544
        Orsara di Puglia;138;394;769;794;83;172;2350
        Orta Nova;890;2932;5428;4977;475;798;15500
        Panni;58;136;191;231;14;33;663
        Peschici;259;684;1478;1210;138;203;3972
        Pietramontecorvino;144;433;779;706;90;185;2337
        Poggio Imperiale;169;490;700;713;74;155;2301
        Rignano Garganico;102;333;550;493;72;144;1694
        Rocchetta Sant'Antonio;107;268;453;628;51;97;1604
        Rodi Garganico;162;532;1112;967;114;246;3133
        Roseto Valfortore;66;190;370;235;23;50;934
        San Giovanni Rotondo;1139;3403;6756;8461;1625;3086;24470
        San Marco in Lamis;658;1879;3691;3737;663;1152;11780
        San Marco la Catola;48;162;297;244;24;57;832
        San Nicandro Garganico;972;2575;4094;3763;455;1025;12884
        San Paolo di Civitate;313;984;1880;1455;166;298;5096
        San Severo;2364;8645;15812;13401;1629;4133;45984
        Sant'Agata di Puglia;153;295;442;624;66;99;1679
        Serracapriola;191;661;1235;991;105;205;3388
        Stornara;403;974;2136;1361;132;225;5231
        Stornarella;307;823;1654;1502;167;309;4762
        Torremaggiore;904;2814;5090;4583;575;1343;15309
        Troia;308;953;1815;2236;318;610;6240
        Vico del Gargano;425;1235;2407;1984;260;495;6806
        Vieste;674;1955;4161;4240;429;949;12408
        Volturara Appula;19;86;109;120;9;22;365
        Volturino;96;274;459;464;47;103;1443
        Zapponeta;213;609;1163;813;95;141;3034
      Bari;49600;188657;331135;395016;42933;132790;1140131
        Acquaviva delle Fonti;771;3061;4930;6680;955;2197;18594
        Adelfia;721;2450;4656;5572;607;1382;15388
        Alberobello;435;1688;2779;3440;338;941;9621
        Altamura;3008;11335;19690;21211;2431;6360;64035
        Bari;12224;45197;79772;100462;11235;47933;296823
        Binetto;69;260;603;740;85;186;1943
        Bitetto;462;1708;3200;4027;409;1052;10858
        Bitonto;2134;8553;15919;15669;1815;5169;49259
        Bitritto;387;1425;2914;4050;433;1183;10392
        Capurso;594;2604;4331;4912;468;1211;14120
        Casamassima;758;2944;5293;6523;691;1686;17895
        Cassano delle Murge;588;2075;4222;5156;548;1357;13946
        Castellana Grotte;806;3009;5303;6516;699;1828;18161
        Cellamare;205;720;1690;2096;195;402;5308
        Conversano;1036;3850;6642;8470;1007;2899;23904
        Corato;1809;7854;13139;15178;1603;4068;43651
        Gioia del Colle;1126;4274;7318;8470;955;2722;24865
        Giovinazzo;736;2987;4789;6746;754;2157;18169
        Gravina in Puglia;1839;6304;12453;13330;1474;4017;39417
        Grumo Appula;530;1987;3811;3821;361;824;11334
        Locorotondo;689;2313;4138;4318;432;1106;12996
        Modugno;1461;5629;10636;12251;1048;2721;33746
        Mola di Bari;1026;3935;6387;8335;848;2421;22952
        Molfetta;2594;9620;13921;18881;1980;6529;53525
        Monopoli;2016;7654;12803;16000;1656;4703;44832
        Noci;787;3211;4648;6128;643;1862;17279
        Noicattaro;1022;3899;7399;8148;894;2554;23916
        Palo del Colle;823;3352;6429;6351;596;1574;19125
        Poggiorsini;45;186;408;408;55;102;1204
        Polignano a Mare;766;2924;4904;5581;597;1576;16348
        Putignano;1001;4479;6957;8462;935;2586;24420
        Rutigliano;779;3218;5258;5522;643;1464;16884
        Ruvo di Puglia;984;3898;6963;7686;846;2255;22632
        Sammichele di Bari;251;988;1505;2082;232;613;5671
        Sannicandro di Bari;384;1354;2767;3176;351;809;8841
        Santeramo in Colle;1164;4078;7474;8449;904;1838;23907
        Terlizzi;973;3844;7614;8530;968;2342;24271
        Toritto;339;1278;2382;2596;246;621;7462
        Triggiano;1044;4063;7001;8618;916;2525;24167
        Turi;568;1930;3512;4394;456;1190;12050
        Valenzano;646;2519;4575;6031;624;1825;16220
      Taranto;26705;84938;171555;173387;18663;45118;520366
        Avetrana;366;1172;2077;1758;172;381;5926
        Carosino;288;1055;1879;2182;240;470;6114
        Castellaneta;708;2426;4738;5428;557;1414;15271
        Crispiano;649;2058;4123;4148;408;800;12186
        Faggiano;214;648;1175;935;82;143;3197
        Fragagnano;268;909;1537;1489;155;291;4649
        Ginosa;1215;3183;6707;7134;719;1397;20355
        Grottaglie;1527;4500;9333;9344;1150;2674;28528
        Laterza;753;2237;4442;4517;555;1189;13693
        Leporano;280;987;2413;2853;347;764;7644
        Lizzano;506;1605;3568;2568;250;468;8965
        Manduria;1652;4957;9455;8602;962;2476;28104
        Martina Franca;2210;7209;13882;14566;1736;4516;44119
        Maruggio;304;866;1557;1630;143;477;4977
        Massafra;1646;4798;10478;9503;985;2316;29726
        Monteiasi;256;875;1735;1667;164;289;4986
        Montemesola;212;643;1151;1044;108;181;3339
        Monteparano;95;365;788;719;55;137;2159
        Mottola;787;2604;4779;4526;522;1127;14345
        Palagianello;423;1261;2530;2297;187;373;7071
        Palagiano;913;2522;5129;4599;485;995;14643
        Pulsano;508;1758;3543;3409;357;791;10366
        Roccaforzata;90;336;608;479;55;82;1650
        San Giorgio Ionico;609;2170;4142;4791;515;1064;13291
        San Marzano di San Giuseppe;542;1373;3254;2434;242;410;8255
        Sava;977;2701;5177;4048;503;931;14337
        Statte;682;2376;4670;3487;293;617;12125
        Taranto;7749;26570;55281;62134;6600;18101;176435
        Torricella;276;774;1404;1096;116;244;3910
      Brindisi;20326;59153;115868;117479;12578;29967;355371
        Brindisi;3554;11861;23310;28378;2896;7497;77496
        Carovigno;1121;2630;5359;5045;555;1039;15749
        Ceglie Messapica;1114;3408;5839;5305;574;1411;17651
        Cellino San Marco;339;1050;1892;1903;171;384;5739
        Cisternino;554;1827;3003;3779;434;948;10545
        Erchie;561;1398;2797;2193;259;499;7707
        Fasano;2068;6215;11768;12180;1184;2734;36149
        Francavilla Fontana;1732;5067;11998;10129;1058;2615;32599
        Latiano;791;2269;4527;3793;486;907;12773
        Mesagne;1547;4175;7781;8008;854;2222;24587
        Oria;744;2274;4924;4171;470;1013;13596
        Ostuni;1511;4509;8275;9740;1140;3319;28494
        San Donaci;418;1083;1696;1886;195;518;5796
        San Michele Salentino;398;983;2204;1619;156;320;5680
        San Pancrazio Salentino;626;1509;2820;2821;342;660;8778
        San Pietro Vernotico;845;2182;3817;4012;406;1003;12265
        San Vito dei Normanni;1026;2922;5703;5363;601;1429;17044
        Torchiarolo;296;822;1650;1677;149;324;4918
        Torre Santa Susanna;588;1526;3470;2841;360;682;9467
        Villa Castelli;493;1443;3035;2636;288;443;8338
      Lecce;41806;119074;212356;242000;26424;81143;722803
        Acquarica del Capo;..;..;..;..;..;..;..
        Alessano;275;944;1717;1944;220;586;5686
        Alezio;303;858;1554;1910;171;459;5255
        Alliste;444;971;2124;1878;190;408;6015
        Andrano;199;733;1131;1538;228;455;4284
        Aradeo;483;1578;2624;2702;281;634;8302
        Arnesano;229;623;1067;1225;132;411;3687
        Bagnolo del Salento;124;318;529;514;50;105;1640
        Botrugno;188;490;663;777;96;248;2462
        Calimera;340;1071;1615;2186;262;865;6339
        Campi Salentina;571;1421;2674;3069;347;1171;9253
        Cannole;119;357;441;477;52;88;1534
        Caprarica di Lecce;122;419;617;706;76;220;2160
        Carmiano;680;1940;3300;3565;388;1071;10944
        Carpignano Salentino;196;676;1067;1079;115;295;3428
        Casarano;1055;3056;5586;5949;600;1712;17958
        Castri di Lecce;161;466;869;840;73;180;2589
        Castrignano de' Greci;225;643;1049;1123;109;323;3472
        Castrignano del Capo;282;846;1399;1561;185;564;4837
        Castro;90;459;636;782;110;217;2294
        Cavallino;570;1483;3149;4553;502;1782;12039
        Collepasso;363;996;1570;1817;171;401;5318
        Copertino;1488;3913;6495;7023;786;1812;21517
        Corigliano d'Otranto;336;903;1424;1914;180;559;5316
        Corsano;228;783;1476;1585;191;526;4789
        Cursi;229;612;1234;1163;119;268;3625
        Cutrofiano;511;1645;2423;2591;276;714;8160
        Diso;114;513;689;971;97;309;2693
        Gagliano del Capo;274;840;1436;1452;181;401;4584
        Galatina;1227;4004;6679;8469;883;2907;24169
        Galatone;852;2204;4293;4895;472;1229;13945
        Gallipoli;837;2698;5232;6549;698;2167;18181
        Giuggianello;51;219;320;328;41;102;1061
        Giurdignano;109;333;587;606;59;128;1822
        Guagnano;420;1000;1514;1519;141;494;5088
        Lecce;3969;10730;19962;30903;3959;19104;88627
        Lequile;404;1266;2444;2776;269;820;7979
        Leverano;1022;2316;4037;3765;452;1009;12601
        Lizzanello;602;1686;3497;3725;381;1039;10930
        Maglie;528;1801;3145;4693;477;2104;12748
        Martano;588;1547;2384;2530;302;745;8096
        Martignano;66;268;420;495;43;169;1461
        Matino;738;1898;3208;3261;297;816;10218
        Melendugno;485;1622;3007;3109;326;916;9465
        Melissano;440;1167;2170;1820;179;463;6239
        Melpignano;155;345;582;674;66;184;2006
        Miggiano;219;548;998;952;124;260;3101
        Minervino di Lecce;167;732;944;1093;99;240;3275
        Monteroni di Lecce;773;2115;4020;3895;404;1266;12473
        Montesano Salentino;118;387;760;798;114;260;2437
        Morciano di Leuca;252;596;816;890;98;262;2914
        Muro Leccese;250;748;1282;1522;164;469;4435
        Nardò;1644;4701;8630;9829;1009;3038;28851
        Neviano;296;865;1412;1577;147;345;4642
        Nociglia;87;362;628;676;70;192;2015
        Novoli;463;1180;1975;2360;255;940;7173
        Ortelle;86;370;548;774;83;226;2087
        Otranto;283;804;1556;1866;206;611;5326
        Palmariggi;64;284;402;410;41;114;1315
        Parabita;447;1368;2405;2876;301;776;8173
        Patù;61;293;449;524;50;161;1538
        Poggiardo;261;880;1548;1907;263;589;5448
        Porto Cesareo;341;924;1954;1955;204;535;5913
        Presicce;..;..;..;..;..;..;..
        Presicce-Acquarica;633;1622;2817;2664;289;668;8693
        Racale;687;1752;3270;3156;289;900;10054
        Ruffano;577;1592;3053;2712;256;556;8746
        Salice Salentino;468;1344;2228;2323;238;689;7290
        Salve;267;843;1234;1418;128;407;4297
        San Cassiano;95;335;467;657;83;191;1828
        San Cesario di Lecce;381;1129;2052;2628;276;902;7368
        San Donato di Lecce;313;895;1666;1675;138;457;5144
        San Pietro in Lama;181;558;975;1064;87;290;3155
        Sanarica;70;282;393;470;48;114;1377
        Sannicola;331;959;1536;1819;165;454;5264
        Santa Cesarea Terme;158;473;656;951;113;310;2661
        Scorrano;365;1092;2018;1943;231;579;6228
        Seclì;106;286;511;599;81;139;1722
        Sogliano Cavour;209;617;1080;1206;132;388;3632
        Soleto;252;808;1394;1665;176;589;4884
        Specchia;235;713;1351;1440;183;339;4261
        Spongano;173;539;942;1180;141;297;3272
        Squinzano;745;2232;3949;4093;409;1183;12611
        Sternatia;93;325;505;737;67;291;2018
        Supersano;283;719;1400;1154;102;224;3882
        Surano;79;306;402;468;56;136;1447
        Surbo;740;2058;4566;4729;427;1075;13595
        Taurisano;779;1749;3726;3275;313;622;10464
        Taviano;685;1886;3348;3403;394;1049;10765
        Tiggiano;125;412;761;873;121;278;2570
        Trepuzzi;723;2221;4060;4314;413;1327;13058
        Tricase;790;2307;4369;5637;868;2010;15981
        Tuglie;303;793;1398;1666;140;385;4685
        Ugento;777;1874;3837;3559;368;843;11258
        Uggiano la Chiesa;277;767;1311;1218;146;319;4038
        Veglie;940;2204;4287;3731;412;939;12513
        Vernole;381;1253;1933;2040;206;538;6351
        Zollino;81;311;495;618;63;191;1759
      Barletta-Andria-Trani;18780;65708;120910;107050;11727;28260;352435
        Andria;4929;18311;33320;25088;2544;5823;90015
        Barletta;4347;15478;28699;26285;3211;7829;85849
        Bisceglie;2737;8820;16383;15715;1827;4293;49775
        Canosa di Puglia;1353;5052;8963;8223;810;1880;26281
        Margherita di Savoia;519;1987;3391;3437;337;839;10510
        Minervino Murge;406;1380;2764;2404;274;502;7730
        San Ferdinando di Puglia;876;2549;4395;3660;334;740;12554
        Spinazzola;256;903;1796;1975;217;434;5581
        Trani;2426;8662;16585;16817;1828;5088;51406
        Trinitapoli;931;2566;4614;3446;345;832;12734
    Basilicata;27204;75811;138497;187005;20666;54881;504064
      Potenza;18123;50149;88230;120382;13744;34774;325402
        Abriola;98;239;407;379;43;83;1249
        Acerenza;128;284;638;678;77;182;1987
        Albano di Lucania;71;168;387;484;47;91;1248
        Anzi;105;245;455;500;59;92;1456
        Armento;29;89;168;209;10;30;535
        Atella;219;493;1015;1298;141;264;3430
        Avigliano;533;1404;2953;3760;490;869;10009
        Balvano;217;286;541;415;49;102;1610
        Banzi;61;195;328;422;41;81;1128
        Baragiano;147;381;677;820;76;214;2315
        Barile;158;339;583;1016;101;234;2431
        Bella;330;853;1395;1358;149;295;4380
        Brienza;243;638;970;1321;165;306;3643
        Brindisi Montagna;45;123;223;300;24;46;761
        Calvello;108;311;532;484;83;150;1668
        Calvera;37;67;108;107;8;15;342
        Campomaggiore;35;99;232;237;23;48;674
        Cancellara;50;204;290;405;29;113;1091
        Carbone;28;141;145;159;13;23;509
        Castelgrande;63;159;239;244;21;58;784
        Castelluccio Inferiore;71;308;475;740;68;159;1821
        Castelluccio Superiore;46;111;219;225;24;41;666
        Castelmezzano;57;157;200;206;21;36;677
        Castelsaraceno;102;211;317;374;34;92;1130
        Castronuovo di Sant'Andrea;76;183;253;268;18;63;861
        Cersosimo;30;91;120;196;16;56;509
        Chiaromonte;115;280;475;583;73;117;1643
        Corleto Perticara;115;390;636;779;70;178;2168
        Episcopia;65;245;324;412;45;94;1185
        Fardella;32;86;169;182;15;49;533
        Filiano;127;449;733;954;121;190;2574
        Forenza;138;284;601;545;46;99;1713
        Francavilla in Sinni;256;662;1077;1316;129;236;3676
        Gallicchio;57;128;184;275;31;89;764
        Genzano di Lucania;281;878;1333;1758;211;476;4937
        Ginestra;49;111;219;234;13;35;661
        Grumento Nova;104;230;398;554;51;129;1466
        Guardia Perticara;29;96;154;176;15;36;506
        Lagonegro;184;497;1164;1873;288;727;4733
        Latronico;236;749;935;1397;161;411;3889
        Laurenzana;76;283;475;479;57;148;1518
        Lauria;709;1869;2760;4282;510;1096;11226
        Lavello;641;1780;3825;4507;389;1034;12176
        Maratea;170;613;1205;1782;178;538;4486
        Marsico Nuovo;196;648;902;1244;167;410;3567
        Marsicovetere;283;608;1312;2061;283;606;5153
        Maschito;103;268;486;448;36;59;1400
        Melfi;801;2058;4241;6548;630;1475;15753
        Missanello;26;70;148;158;8;35;445
        Moliterno;214;595;769;1313;116;373;3380
        Montemilone;88;260;450;424;31;67;1320
        Montemurro;47;176;322;366;34;89;1034
        Muro Lucano;359;874;1440;1471;169;349;4662
        Nemoli;59;216;367;465;58;138;1303
        Noepoli;61;151;199;209;21;67;708
        Oppido Lucano;167;506;939;1205;155;372;3344
        Palazzo San Gervasio;216;587;1393;1544;154;314;4208
        Paterno;199;516;764;1065;116;210;2870
        Pescopagano;76;257;339;633;88;193;1586
        Picerno;334;1013;1486;1800;185;449;5267
        Pietragalla;199;553;1032;1310;167;367;3628
        Pietrapertosa;64;182;285;271;23;29;854
        Pignola;246;828;1751;2389;303;765;6282
        Potenza;2353;7471;13005;23814;3175;10746;60564
        Rapolla;251;579;1310;1354;105;237;3836
        Rapone;75;140;225;293;25;71;829
        Rionero in Vulture;592;1484;3182;4524;565;1383;11730
        Ripacandida;103;236;436;561;53;98;1487
        Rivello;124;379;707;840;116;223;2389
        Roccanova;119;194;384;413;46;102;1258
        Rotonda;142;569;790;1152;103;253;3009
        Ruoti;252;621;963;919;105;158;3018
        Ruvo del Monte;97;157;274;336;23;59;946
        San Chirico Nuovo;122;162;275;406;62;100;1127
        San Chirico Raparo;62;184;245;292;25;82;890
        San Costantino Albanese;56;125;127;222;14;38;582
        San Fele;234;487;688;835;75;184;2503
        San Martino d'Agri;37;133;192;193;20;59;634
        San Paolo Albanese;26;37;44;61;5;30;203
        San Severino Lucano;86;243;325;489;43;128;1314
        Sant'Angelo Le Fratte;82;222;372;411;38;93;1218
        Sant'Arcangelo;358;1025;1734;1828;193;473;5611
        Sarconi;62;211;345;519;46;123;1306
        Sasso di Castalda;46;111;202;230;31;70;690
        Satriano di Lucania;103;313;591;792;104;214;2117
        Savoia di Lucania;83;160;277;328;34;70;952
        Senise;360;1018;1848;2105;214;581;6126
        Spinoso;60;218;387;471;44;86;1266
        Teana;46;88;137;166;22;42;501
        Terranova di Pollino;68;174;272;345;33;80;972
        Tito;345;970;1805;2520;264;616;6520
        Tolve;173;452;753;1043;126;254;2801
        Tramutola;141;448;699;1021;132;319;2760
        Trecchina;83;399;594;747;67;177;2067
        Trivigno;29;97;153;188;20;58;545
        Vaglio Basilicata;101;319;425;678;46;199;1768
        Venosa;533;1567;2978;3858;466;952;10354
        Vietri di Potenza;167;398;821;830;95;176;2487
        Viggianello;192;579;656;856;98;187;2568
        Viggiano;151;404;847;1125;134;261;2922
      Matera;9081;25662;50267;66623;6922;20107;178662
        Accettura;94;302;506;492;35;92;1521
        Aliano;76;160;256;274;24;46;836
        Bernalda;599;1799;3478;3970;392;975;11213
        Calciano;37;115;195;213;29;43;632
        Cirigliano;32;50;84;86;6;19;277
        Colobraro;69;183;329;339;45;65;1030
        Craco;38;124;187;188;19;36;592
        Ferrandina;351;1151;1962;3148;298;687;7597
        Garaguso;42;148;328;324;23;53;918
        Gorgoglione;62;144;299;253;21;31;810
        Grassano;228;648;1263;1756;193;388;4476
        Grottole;90;341;663;635;63;112;1904
        Irsina;341;723;1412;1245;138;385;4244
        Matera;2165;6434;13460;22394;2622;8675;55750
        Miglionico;91;402;644;854;58;189;2238
        Montalbano Jonico;337;929;1872;2207;233;649;6227
        Montescaglioso;482;1353;2680;3005;287;786;8593
        Nova Siri;418;891;1673;2377;218;716;6293
        Oliveto Lucano;17;89;121;88;3;18;336
        Pisticci;758;2253;4703;5781;542;1666;15703
        Policoro;846;2245;4615;6159;629;1931;16425
        Pomarico;213;598;1243;1163;95;225;3537
        Rotondella;169;439;604;844;69;157;2282
        Salandra;120;413;697;906;59;194;2389
        San Giorgio Lucano;89;190;300;309;16;105;1009
        San Mauro Forte;101;240;403;363;29;68;1204
        Scanzano Jonico;395;1002;2445;2395;200;456;6893
        Stigliano;189;603;844;1315;140;363;3454
        Tricarico;240;745;1218;1565;275;481;4524
        Tursi;311;745;1409;1501;121;383;4470
        Valsinni;81;203;374;474;40;113;1285
    Calabria;97063;264414;476804;612108;63784;198459;1712632
      Cosenza;37449;97298;166965;225762;22240;75745;625459
        Acquaformosa;78;190;298;272;22;71;931
        Acquappesa;89;245;432;658;45;153;1622
        Acri;1358;2972;4734;6251;613;1811;17739
        Aiello Calabro;95;234;442;442;37;97;1347
        Aieta;75;158;233;175;20;48;709
        Albidona;171;218;290;311;28;70;1088
        Alessandria del Carretto;44;78;96;102;3;24;347
        Altilia;28;116;186;238;19;50;637
        Altomonte;275;680;1262;1193;95;229;3734
        Amantea;690;1854;3134;5217;528;1460;12883
        Amendolara;162;467;620;918;84;298;2549
        Aprigliano;126;354;662;812;79;227;2260
        Belmonte Calabro;120;297;424;561;69;150;1621
        Belsito;54;146;263;294;17;70;844
        Belvedere Marittimo;558;1466;2228;2951;311;857;8371
        Bianchi;71;174;410;385;28;65;1133
        Bisignano;658;1512;2620;3040;280;693;8803
        Bocchigliero;119;181;224;398;19;69;1010
        Bonifati;188;452;707;807;68;251;2473
        Buonvicino;132;384;597;630;54;103;1900
        Calopezzati;86;214;326;426;36;115;1203
        Caloveto;109;222;327;310;18;46;1032
        Campana;161;272;373;471;30;88;1395
        Canna;54;117;171;195;20;39;596
        Cariati;483;1141;1923;2378;222;737;6884
        Carolei;148;452;775;1046;98;405;2924
        Carpanzano;6;39;55;73;4;23;200
        Casali del Manco;404;1199;2185;3578;348;1160;8874
        Cassano all'Ionio;1127;2682;4416;5442;430;1254;15351
        Castiglione Cosentino;163;370;715;885;84;258;2475
        Castrolibero;348;993;1687;3445;377;1785;8635
        Castroregio;15;52;48;93;6;14;228
        Castrovillari;913;2692;4847;7487;735;2753;19427
        Celico;114;367;675;866;83;231;2336
        Cellara;20;55;117;188;22;57;459
        Cerchiara di Calabria;193;417;562;630;69;151;2022
        Cerisano;130;381;738;1062;95;339;2745
        Cervicati;42;157;239;225;18;50;731
        Cerzeto;83;206;322;397;22;88;1118
        Cetraro;508;1782;2522;2900;305;781;8798
        Civita;62;148;160;289;19;81;759
        Cleto;88;194;402;346;25;54;1109
        Colosimi;52;147;352;405;36;67;1059
        Corigliano-Rossano;4724;11143;20105;23303;2228;6599;68102
        Cosenza;2704;7170;12882;21869;2414;12509;59548
        Cropalati;60;165;269;348;29;60;931
        Crosia;660;1523;2790;3061;265;603;8902
        Diamante;233;729;1112;1840;190;664;4768
        Dipignano;171;522;1079;1455;137;474;3838
        Domanico;63;155;283;286;17;68;872
        Fagnano Castello;207;613;906;1083;92;316;3217
        Falconara Albanese;82;220;360;516;48;122;1348
        Figline Vegliaturo;37;123;296;383;46;137;1022
        Firmo;132;318;574;565;45;107;1741
        Fiumefreddo Bruzio;158;571;708;890;97;224;2648
        Francavilla Marittima;185;463;701;938;70;220;2577
        Frascineto;83;320;468;652;72;191;1786
        Fuscaldo;366;1163;1877;2851;249;702;7208
        Grimaldi;78;226;418;510;50;152;1434
        Grisolia;155;341;685;681;63;132;2057
        Guardia Piemontese;62;253;422;660;73;191;1661
        Lago;118;331;683;746;86;183;2147
        Laino Borgo;130;346;541;454;44;119;1634
        Laino Castello;58;157;222;213;27;35;712
        Lappano;41;102;204;337;20;112;816
        Lattarico;200;633;1049;1224;102;260;3468
        Longobardi;145;424;789;822;64;144;2388
        Longobucco;228;476;730;790;74;179;2477
        Lungro;134;367;548;785;68;193;2095
        Luzzi;591;1508;2570;2653;210;608;8140
        Maierà;74;210;310;361;31;77;1063
        Malito;36;136;206;241;13;64;696
        Malvito;81;291;538;478;24;115;1527
        Mandatoriccio;161;388;606;850;80;200;2285
        Mangone;92;250;475;673;45;206;1741
        Marano Marchesato;138;323;784;1270;115;442;3072
        Marano Principato;143;360;713;1127;118;338;2799
        Marzi;59;135;247;331;25;100;897
        Mendicino;322;962;2003;3406;395;1306;8394
        Mongrassano;99;320;418;427;26;89;1379
        Montalto Uffugo;960;2444;4541;6795;789;2418;17947
        Montegiordano;123;235;375;571;33;167;1504
        Morano Calabro;260;736;1057;1208;92;333;3686
        Mormanno;174;432;643;938;86;233;2506
        Mottafollone;61;155;280;367;28;120;1011
        Nocara;21;52;106;104;7;16;306
        Oriolo;160;363;380;615;63;182;1763
        Orsomarso;98;201;317;359;24;69;1068
        Paludi;107;179;279;254;28;71;918
        Panettieri;17;37;76;121;11;32;294
        Paola;659;1837;3081;5620;548;2047;13792
        Papasidero;39;136;207;177;20;33;612
        Parenti;105;308;602;704;63;114;1896
        Paterno Calabro;55;222;351;462;36;118;1244
        Pedivigliano;30;141;234;237;15;49;706
        Piane Crati;45;157;317;514;57;183;1273
        Pietrafitta;44;166;300;431;50;117;1108
        Pietrapaola;68;159;300;314;33;69;943
        Plataci;70;128;174;199;22;36;629
        Praia a Mare;272;827;1622;2373;226;717;6037
        Rende;1417;3491;6039;12236;1885;8727;33795
        Rocca Imperiale;198;562;942;1032;63;198;2995
        Roggiano Gravina;454;1094;2004;2005;184;558;6299
        Rogliano;248;724;1276;1850;198;622;4918
        Rose;262;654;1171;1304;111;301;3803
        Roseto Capo Spulico;115;311;502;608;50;191;1777
        Rota Greca;35;170;298;328;23;63;917
        Rovito;134;377;692;1110;116;384;2813
        San Basile;34;189;207;299;27;132;888
        San Benedetto Ullano;72;281;376;441;27;92;1289
        San Cosmo Albanese;52;93;136;188;11;55;535
        San Demetrio Corone;166;607;805;895;114;288;2875
        San Donato di Ninea;64;251;329;327;16;77;1064
        San Fili;120;362;657;869;64;255;2327
        San Giorgio Albanese;103;242;340;416;37;98;1236
        San Giovanni in Fiore;832;2009;3928;5960;656;1489;14874
        San Lorenzo Bellizzi;57;120;166;148;13;18;522
        San Lorenzo del Vallo;206;625;968;823;57;169;2848
        San Lucido;357;980;1645;2212;209;537;5940
        San Marco Argentano;398;1140;1925;2247;176;598;6484
        San Martino di Finita;62;161;287;312;23;77;922
        San Nicola Arcella;91;275;522;680;64;196;1828
        San Pietro in Amantea;22;109;141;147;16;38;473
        San Pietro in Guarano;149;499;814;1222;109;362;3155
        San Sosti;148;262;539;612;40;164;1765
        San Vincenzo La Costa;118;343;536;642;68;158;1865
        Sangineto;72;205;292;441;39;129;1178
        Santa Caterina Albanese;79;239;321;339;18;64;1060
        Santa Domenica Talao;69;210;377;296;29;74;1055
        Santa Maria del Cedro;257;702;1388;1760;164;408;4679
        Santa Sofia d'Epiro;183;385;580;682;80;151;2061
        Sant'Agata di Esaro;124;274;577;481;36;89;1581
        Santo Stefano di Rogliano;60;231;405;616;74;187;1573
        Saracena;240;649;959;1006;96;241;3191
        Scala Coeli;126;145;220;215;10;52;768
        Scalea;547;1502;3161;3841;350;1021;10422
        Scigliano;49;208;266;427;22;77;1049
        Serra d'Aiello;31;79;155;169;25;34;493
        Spezzano Albanese;416;1049;1766;2051;188;608;6078
        Spezzano della Sila;162;597;936;1637;161;499;3992
        Tarsia;154;292;535;579;41;95;1696
        Terranova da Sibari;378;777;1190;1438;128;355;4266
        Terravecchia;73;111;198;138;8;31;559
        Torano Castello;250;625;1131;1477;120;435;4038
        Tortora;324;939;1663;2037;167;482;5612
        Trebisacce;417;1124;1894;3139;299;1176;8049
        Vaccarizzo Albanese;69;166;227;344;32;98;936
        Verbicaro;240;537;811;703;62;137;2490
        Villapiana;325;861;1408;1824;156;476;5050
        Zumpano;112;331;648;975;74;242;2382
      Catanzaro;17419;48401;86103;114414;14202;37125;317664
        Albi;23;167;238;260;22;52;762
        Amaroni;128;292;474;488;56;119;1557
        Amato;39;155;230;220;28;52;724
        Andali;47;141;159;199;24;37;607
        Argusto;13;79;147;148;10;30;427
        Badolato;219;418;716;939;104;252;2648
        Belcastro;120;228;418;305;26;51;1148
        Borgia;313;955;1970;2452;356;633;6679
        Botricello;337;789;1390;1567;145;372;4600
        Caraffa di Catanzaro;117;255;569;518;63;102;1624
        Cardinale;150;330;554;526;47;138;1745
        Carlopoli;108;243;346;467;57;100;1321
        Catanzaro;3302;9845;18390;30834;4093;12567;79031
        Cenadi;30;89;140;156;16;41;472
        Centrache;23;80;109;93;7;18;330
        Cerva;48;207;389;301;33;43;1021
        Chiaravalle Centrale;313;892;1462;1533;180;396;4776
        Cicala;49;116;261;310;23;57;816
        Conflenti;92;242;371;407;34;73;1219
        Cortale;105;325;474;627;78;174;1783
        Cropani;252;679;1338;1437;194;392;4292
        Curinga;389;1038;1691;2141;222;550;6031
        Davoli;268;792;1457;1893;207;551;5168
        Decollatura;113;424;720;1039;114;276;2686
        Falerna;216;491;963;1350;156;340;3516
        Feroleto Antico;121;331;529;649;66;100;1796
        Fossato Serralta;27;82;161;186;23;31;510
        Gagliato;24;75;122;135;12;43;411
        Gasperina;115;353;559;592;62;115;1796
        Gimigliano;176;607;845;887;108;195;2818
        Girifalco;310;889;1228;1816;278;583;5104
        Gizzeria;391;714;1323;1552;196;452;4628
        Guardavalle;263;705;1174;1236;129;346;3853
        Isca sullo Ionio;96;210;347;501;43;131;1328
        Jacurso;29;108;121;186;28;57;529
        Lamezia Terme;3489;9168;17120;21992;2758;7512;62039
        Magisano;45;204;298;365;41;82;1035
        Maida;279;760;1261;1339;126;321;4086
        Marcedusa;22;94;117;86;13;15;347
        Marcellinara;84;312;546;695;91;235;1963
        Martirano;62;164;268;238;22;33;787
        Martirano Lombardo;60;232;281;258;27;73;931
        Miglierina;47;125;205;216;17;45;655
        Montauro;83;212;349;626;97;308;1675
        Montepaone;325;701;1205;1905;312;787;5235
        Motta Santa Lucia;43;144;214;283;16;56;756
        Nocera Terinese;285;635;1323;1646;160;320;4369
        Olivadi;37;92;151;135;18;37;470
        Palermiti;82;209;315;278;37;65;986
        Pentone;86;298;533;611;72;176;1776
        Petrizzi;49;170;273;328;35;109;964
        Petronà;146;396;775;662;71;142;2192
        Pianopoli;97;379;623;901;98;221;2319
        Platania;135;397;583;584;56;110;1865
        San Floro;40;98;182;232;29;51;632
        San Mango d'Aquino;93;216;376;511;60;101;1357
        San Pietro a Maida;253;631;1085;1141;125;262;3497
        San Pietro Apostolo;73;269;478;438;64;104;1426
        San Sostene;71;224;407;450;45;83;1280
        San Vito sullo Ionio;108;250;471;488;57;133;1507
        Santa Caterina dello Ionio;143;320;547;591;71;149;1821
        Sant'Andrea Apostolo dello Ionio;79;249;426;642;57;155;1608
        Satriano;177;417;789;1194;159;411;3147
        Sellia;37;91;137;124;22;29;440
        Sellia Marina;452;1094;2020;2495;292;643;6996
        Serrastretta;128;517;840;922;110;177;2694
        Sersale;226;676;1303;1253;179;322;3959
        Settingiano;139;401;745;1145;166;368;2964
        Simeri Crichi;221;618;1260;1657;201;386;4343
        Sorbo San Basile;43;114;247;259;18;26;707
        Soverato;302;988;1617;3153;414;1710;8184
        Soveria Mannelli;110;388;704;994;150;306;2652
        Soveria Simeri;77;267;427;405;51;122;1349
        Squillace;143;460;800;1240;167;458;3268
        Stalettì;98;353;544;813;112;325;2245
        Taverna;143;371;741;854;92;194;2395
        Tiriolo;195;643;1024;1101;149;230;3342
        Torre di Ruggiero;53;170;315;280;15;49;882
        Vallefiorita;112;285;379;481;42;109;1408
        Zagarise;81;253;414;453;48;106;1355
      Reggio di Calabria;25024;71263;136269;172560;17365;57181;479662
        Africo;149;322;733;984;78;175;2441
        Agnana Calabra;28;79;135;165;14;22;443
        Anoia;104;306;653;631;51;152;1897
        Antonimina;50;165;389;383;25;87;1099
        Ardore;255;687;1269;1613;149;456;4429
        Bagaladi;72;172;257;276;30;66;873
        Bagnara Calabra;450;1466;2760;2974;257;646;8553
        Benestare;138;433;810;633;75;138;2227
        Bianco;209;555;1081;1355;153;526;3879
        Bivongi;49;135;347;439;42;82;1094
        Bova;26;65;102;150;13;40;396
        Bova Marina;207;495;1064;1456;137;542;3901
        Bovalino;444;1145;2173;2792;274;970;7798
        Brancaleone;233;467;789;1173;88;312;3062
        Bruzzano Zeffirio;72;181;265;336;41;79;974
        Calanna;35;144;216;257;16;61;729
        Camini;54;128;249;199;10;53;693
        Campo Calabro;170;571;1024;1663;172;515;4115
        Candidoni;32;72;140;92;7;28;371
        Canolo;44;180;232;159;7;29;651
        Caraffa del Bianco;20;73;141;135;15;56;440
        Cardeto;116;417;398;254;26;53;1264
        Careri;116;309;771;581;58;102;1937
        Casignana;33;134;179;205;26;71;648
        Caulonia;418;1106;1896;2077;176;658;6331
        Ciminà;46;89;190;129;8;23;485
        Cinquefrondi;328;905;1922;1923;179;463;5720
        Cittanova;582;1453;2698;2870;316;1024;8943
        Condofuri;265;705;1194;1528;144;449;4285
        Cosoleto;51;128;226;224;23;62;714
        Delianuova;131;364;812;1049;126;341;2823
        Feroleto della Chiesa;122;319;510;389;29;74;1443
        Ferruzzano;41;105;189;270;18;80;703
        Fiumara;63;150;248;271;21;50;803
        Galatro;69;253;473;433;39;111;1378
        Gerace;98;393;691;760;63;188;2193
        Giffone;91;265;663;373;22;66;1480
        Gioia Tauro;1049;2650;5636;6179;548;1470;17532
        Gioiosa Ionica;317;1030;2136;2096;202;525;6306
        Grotteria;132;610;963;752;52;129;2638
        Laganadi;14;72;119;91;6;19;321
        Laureana di Borrello;347;874;1500;1271;126;224;4342
        Locri;553;1554;2754;4024;461;1621;10967
        Mammola;170;454;826;635;65;116;2266
        Marina di Gioiosa Ionica;326;1020;1798;1909;186;596;5835
        Maropati;75;235;378;434;44;108;1274
        Martone;37;87;160;130;13;34;461
        Melicuccà;52;125;288;240;24;59;788
        Melicucco;301;783;1791;1179;101;238;4393
        Melito di Porto Salvo;446;1426;2555;3579;472;1333;9811
        Molochio;160;338;709;636;79;189;2111
        Monasterace;195;499;929;1110;84;277;3094
        Montebello Jonico;324;980;1739;1745;161;383;5332
        Motta San Giovanni;230;828;1364;2078;211;549;5260
        Oppido Mamertina;311;808;1512;1300;147;380;4458
        Palizzi;97;319;556;651;49;173;1845
        Palmi;738;2182;4395;6190;675;2343;16523
        Pazzano;38;80;151;150;21;25;465
        Placanica;77;221;315;285;16;56;970
        Platì;219;560;1525;784;39;81;3208
        Polistena;482;1208;3034;3276;279;851;9130
        Portigliola;69;238;308;275;27;78;995
        Reggio di Calabria;6534;19656;37045;63016;6770;26071;159092
        Riace;94;293;481;567;56;159;1650
        Rizziconi;560;1075;2333;2348;213;526;7055
        Roccaforte del Greco;18;87;117;92;9;16;339
        Roccella Ionica;225;746;1382;2215;280;907;5755
        Roghudi;75;141;259;298;35;57;865
        Rosarno;864;2158;4568;4267;353;890;13100
        Samo;38;101;191;231;23;92;676
        San Ferdinando;251;693;1227;1399;124;352;4046
        San Giorgio Morgeto;162;507;991;795;83;166;2704
        San Giovanni di Gerace;11;72;156;112;8;31;390
        San Lorenzo;149;403;622;658;69;194;2095
        San Luca;247;563;1323;786;38;123;3080
        San Pietro di Caridà;88;210;307;282;20;46;953
        San Procopio;23;81;158;142;10;24;438
        San Roberto;71;264;487;496;46;78;1442
        Santa Cristina d'Aspromonte;53;108;233;258;27;57;736
        Sant'Agata del Bianco;25;99;156;168;20;62;530
        Sant'Alessio in Aspromonte;19;53;86;103;8;20;289
        Sant'Eufemia d'Aspromonte;206;602;1149;1040;115;289;3401
        Sant'Ilario dello Ionio;81;263;345;378;37;122;1226
        Santo Stefano in Aspromonte;38;145;303;355;39;112;992
        Scido;41;129;274;251;17;39;751
        Scilla;240;663;1217;1594;131;396;4241
        Seminara;155;373;837;701;63;168;2297
        Serrata;50;140;253;233;24;57;757
        Siderno;804;2474;4653;5798;588;1887;16204
        Sinopoli;96;275;699;493;39;96;1698
        Staiti;8;47;47;56;3;18;179
        Stignano;91;199;375;317;31;78;1091
        Stilo;105;361;801;732;76;129;2204
        Taurianova;816;2288;4352;4560;444;1206;13666
        Terranova Sappo Minulio;18;70;119;168;10;31;416
        Varapodio;116;326;604;576;54;187;1863
        Villa San Giovanni;482;1481;2789;4875;486;1788;11901
      Crotone;9273;26059;45865;49853;5234;13524;149808
        Belvedere di Spinello;123;360;601;530;64;134;1812
        Caccuri;70;228;432;518;60;114;1422
        Carfizzi;37;161;118;139;18;37;510
        Casabona;192;443;678;664;71;137;2185
        Castelsilano;53;143;237;293;25;84;835
        Cerenzia;33;153;272;387;38;79;962
        Cirò;153;506;776;660;68;189;2352
        Cirò Marina;961;2412;3866;4113;432;1063;12847
        Cotronei;280;799;1255;1843;232;416;4825
        Crotone;2639;7968;14905;20048;2214;6528;54302
        Crucoli;160;470;763;848;96;238;2575
        Cutro;819;2054;2871;2307;192;465;8708
        Isola di Capo Rizzuto;1114;3064;6065;4385;365;712;15705
        Melissa;296;524;997;941;73;173;3004
        Mesoraca;314;1043;1888;1545;137;413;5340
        Pallagorio;77;197;271;317;19;60;941
        Petilia Policastro;467;1358;2635;2614;262;600;7936
        Rocca di Neto;266;825;1544;1595;176;442;4848
        Roccabernarda;214;522;859;950;118;265;2928
        San Mauro Marchesato;123;251;517;646;66;178;1781
        San Nicola dell'Alto;52;168;157;232;20;56;685
        Santa Severina;135;350;548;505;65;183;1786
        Savelli;65;201;282;340;39;87;1014
        Scandale;180;454;896;858;92;169;2649
        Strongoli;309;959;1789;1845;236;540;5678
        Umbriatico;40;175;203;203;23;43;687
        Verzino;101;271;440;527;33;119;1491
      Vibo Valentia;7898;21393;41602;49519;4743;14884;140039
        Acquaro;190;362;637;448;32;94;1763
        Arena;54;174;441;410;41;92;1212
        Briatico;211;533;1140;1170;98;297;3449
        Brognaturo;44;107;168;188;34;77;618
        Capistrano;56;165;271;302;23;81;898
        Cessaniti;192;532;882;954;88;156;2804
        Dasà;54;144;345;326;41;96;1006
        Dinami;129;369;705;376;30;70;1679
        Drapia;70;336;520;681;69;274;1950
        Fabrizia;161;341;760;452;37;69;1820
        Filadelfia;365;952;1253;1579;154;352;4655
        Filandari;81;267;550;555;53;109;1615
        Filogaso;65;178;415;421;47;100;1226
        Francavilla Angitola;144;307;511;573;56;119;1710
        Francica;95;259;542;425;40;71;1432
        Gerocarne;85;277;764;515;47;121;1809
        Jonadi;179;500;1082;1696;192;418;4067
        Joppolo;88;323;482;484;31;142;1550
        Limbadi;169;508;885;1067;117;276;3022
        Maierato;117;251;604;718;59;183;1932
        Mileto;405;959;1990;1977;187;369;5887
        Mongiana;51;94;258;157;17;22;599
        Monterosso Calabro;65;209;405;556;50;155;1440
        Nardodipace;134;212;439;197;14;20;1016
        Nicotera;298;938;1712;1795;163;610;5516
        Parghelia;64;161;334;438;45;146;1188
        Pizzo;403;1289;1993;3386;311;880;8262
        Pizzoni;110;177;260;285;19;59;910
        Polia;69;163;210;268;20;56;786
        Ricadi;231;700;1244;1774;172;520;4641
        Rombiolo;183;682;1315;1342;117;298;3937
        San Calogero;265;591;1191;1177;96;281;3601
        San Costantino Calabro;126;345;564;652;57;166;1910
        San Gregorio d'Ippona;115;404;775;767;59;159;2279
        San Nicola da Crissa;95;172;338;397;38;92;1132
        Sant'Onofrio;157;350;681;999;94;334;2615
        Serra San Bruno;283;807;1858;2103;208;549;5808
        Simbario;69;146;263;241;37;78;834
        Sorianello;75;117;388;324;23;77;1004
        Soriano Calabro;122;259;788;647;73;213;2102
        Spadola;36;112;176;295;28;107;754
        Spilinga;58;225;345;432;53;156;1269
        Stefanaconi;127;337;602;739;77;258;2140
        Tropea;218;629;1620;2146;180;729;5522
        Vallelonga;55;103;249;208;9;61;685
        Vazzano;62;166;237;312;42;85;904
        Vibo Valentia;1249;3500;7012;11276;1159;4927;29123
        Zaccanopoli;32;105;175;217;25;73;627
        Zambrone;84;307;568;522;38;112;1631
        Zungri;108;249;655;550;43;95;1700
  Isole;281500;909818;1999297;1936777;205723;611717;5944832
    Sicilia;217637;688398;1471864;1463715;152055;459166;4452835
      Trapani;20652;63716;127665;124827;13600;35366;385826
        Alcamo;2253;6797;13680;12734;1752;4105;41321
        Buseto Palizzolo;179;376;1040;787;74;147;2603
        Calatafimi-Segesta;283;1102;1902;1814;208;436;5745
        Campobello di Mazara;701;2031;3448;3128;341;922;10571
        Castellammare del Golfo;724;2101;4436;4328;530;1502;13621
        Castelvetrano;1500;4655;9011;8604;1030;2682;27482
        Custonaci;305;928;1849;1406;128;278;4894
        Erice;1052;3556;7476;8666;944;2661;24355
        Favignana;167;679;1466;1438;131;352;4233
        Gibellina;155;591;1148;1151;134;302;3481
        Marsala;4309;12741;24374;23635;2396;6827;74282
        Mazara del Vallo;2691;7410;15736;14884;1609;3927;46257
        Misiliscemi;445;1453;2840;2454;253;473;7918
        Paceco;505;1717;3440;3364;301;736;10063
        Pantelleria;348;1124;2386;2350;189;456;6853
        Partanna;480;1555;2859;2948;395;1052;9289
        Petrosino;481;1271;2662;2126;204;525;7269
        Poggioreale;47;239;414;413;42;92;1247
        Salaparuta;84;233;476;503;53;117;1466
        Salemi;533;1777;2977;2848;342;946;9423
        San Vito Lo Capo;186;684;1621;1518;150;348;4507
        Santa Ninfa;206;775;1464;1497;168;364;4474
        Trapani;2429;7884;16771;18066;1778;5120;52048
        Valderice;474;1733;3640;3617;384;856;10704
        Vita;115;304;549;548;64;140;1720
      Palermo;52966;180953;373372;345813;35426;120764;1109294
        Alia;245;605;1131;864;62;193;3100
        Alimena;81;373;564;460;42;127;1647
        Aliminusa;64;226;383;250;30;52;1005
        Altavilla Milicia;368;1149;2596;2699;271;828;7911
        Altofonte;370;1438;3239;2954;318;716;9035
        Bagheria;2363;8616;17114;14802;1447;4298;48640
        Balestrate;374;1119;2017;1813;138;369;5830
        Baucina;101;362;608;493;47;113;1724
        Belmonte Mezzagno;573;1837;4200;2522;220;507;9859
        Bisacquino;204;721;1190;1318;132;306;3871
        Blufi;43;179;262;276;24;60;844
        Bolognetta;208;690;1442;1119;85;216;3760
        Bompietro;43;252;345;363;35;105;1143
        Borgetto;372;1125;2400;1882;177;439;6395
        Caccamo;506;1404;2639;1898;222;500;7169
        Caltavuturo;225;744;1176;908;87;240;3380
        Campofelice di Fitalia;18;90;173;95;12;28;416
        Campofelice di Roccella;278;1142;2346;2489;297;650;7202
        Campofiorito;67;216;391;319;14;68;1075
        Camporeale;185;484;1112;768;84;145;2778
        Capaci;485;1765;3665;3436;307;647;10305
        Carini;1754;5824;13199;11771;924;2292;35764
        Castelbuono;343;1239;2393;2398;294;992;7659
        Casteldaccia;592;1765;3653;3453;299;876;10638
        Castellana Sicula;153;558;904;961;77;220;2873
        Castronovo di Sicilia;151;552;989;696;75;198;2661
        Cefalà Diana;37;155;333;293;24;64;906
        Cefalù;550;1888;3491;4663;518;1924;13034
        Cerda;272;877;1869;1207;122;230;4577
        Chiusa Sclafani;128;438;805;795;66;158;2390
        Ciminna;187;643;1080;946;112;209;3177
        Cinisi;472;1721;3767;3831;342;884;11017
        Collesano;197;646;1180;1055;92;247;3417
        Contessa Entellina;51;296;541;408;20;96;1412
        Corleone;558;1594;3455;2933;324;765;9629
        Ficarazzi;577;2043;4426;3620;348;648;11662
        Gangi;403;1224;1633;1736;189;595;5780
        Geraci Siculo;74;297;582;470;52;142;1617
        Giardinello;98;323;754;713;70;111;2069
        Giuliana;57;282;490;574;49;150;1602
        Godrano;48;175;321;335;34;58;971
        Gratteri;36;187;312;203;17;59;814
        Isnello;54;287;444;344;39;97;1265
        Isola delle Femmine;272;968;2234;2277;195;518;6464
        Lascari;160;527;1150;1130;136;332;3435
        Lercara Friddi;395;1100;2176;1600;159;401;5831
        Marineo;330;1101;1848;1768;197;425;5669
        Mezzojuso;154;432;922;726;67;154;2455
        Misilmeri;1399;4745;10065;7704;679;1519;26111
        Monreale;1661;5518;12813;11335;1113;2852;35292
        Montelepre;240;774;1997;1785;191;370;5357
        Montemaggiore Belsito;150;650;918;783;97;219;2817
        Palazzo Adriano;62;329;628;520;59;128;1726
        Palermo;25857;88907;185471;183303;19672;79782;582992
        Partinico;1460;4545;9904;8824;959;2480;28172
        Petralia Soprana;137;495;834;1012;102;241;2821
        Petralia Sottana;104;388;659;867;84;263;2365
        Piana degli Albanesi;231;877;1634;1734;225;516;5217
        Polizzi Generosa;170;605;909;766;88;252;2790
        Pollina;140;458;943;803;109;227;2680
        Prizzi;204;748;1415;1215;93;304;3979
        Roccamena;90;266;489;322;38;53;1258
        Roccapalumba;133;436;765;582;46;117;2079
        San Cipirello;233;844;1798;1395;115;225;4610
        San Giuseppe Jato;438;1472;2806;2184;175;353;7428
        San Mauro Castelverde;114;309;468;289;29;64;1273
        Santa Cristina Gela;28;126;340;336;35;71;936
        Santa Flavia;534;1766;3452;3080;310;1065;10207
        Sciara;135;447;1028;547;54;108;2319
        Scillato;33;147;194;144;12;20;550
        Sclafani Bagni;29;91;142;75;10;15;362
        Termini Imerese;1102;4067;8219;6749;690;2280;23107
        Terrasini;642;2021;4147;3686;338;931;11765
        Torretta;206;639;1551;1179;113;227;3915
        Trabia;465;1677;3685;2922;288;737;9774
        Trappeto;162;508;993;854;71;251;2839
        Ustica;33;227;433;384;39;112;1228
        Valledolmo;175;603;1128;791;80;203;2980
        Ventimiglia di Sicilia;92;354;646;449;61;109;1711
        Vicari;148;442;831;658;63;148;2290
        Villabate;916;3229;7107;5050;414;882;17598
        Villafrati;167;564;1016;852;82;188;2869
      Messina;20892;76942;169288;203594;20674;68851;560241
        Acquedolci;256;852;1650;1667;161;501;5087
        Alcara li Fusi;95;338;511;513;48;122;1627
        Alì;28;111;218;205;17;29;608
        Alì Terme;60;284;546;908;87;284;2169
        Antillo;31;153;294;225;17;37;757
        Barcellona Pozzo di Gotto;1610;4967;10935;13181;1468;4734;36895
        Basicò;28;95;215;190;15;31;574
        Brolo;181;803;1570;2011;205;555;5325
        Capizzi;171;484;1009;740;71;166;2641
        Capo d'Orlando;436;1617;3159;4828;503;1689;12232
        Capri Leone;165;614;1449;1399;120;301;4048
        Caronia;131;522;932;1005;74;213;2877
        Casalvecchio Siculo;25;143;251;205;25;27;676
        Castel di Lucio;53;227;420;337;32;92;1161
        Castell'Umberto;115;471;852;908;91;225;2662
        Castelmola;42;187;343;351;19;60;1002
        Castroreale;92;402;664;704;72;170;2104
        Cesarò;82;377;719;674;57;126;2035
        Condrò;20;80;162;140;9;25;436
        Falcone;109;413;846;907;81;237;2593
        Ficarra;48;197;374;418;44;145;1226
        Fiumedinisi;72;211;466;326;23;66;1164
        Floresta;21;73;143;166;16;31;450
        Fondachelli-Fantina;40;186;360;313;41;75;1015
        Forza d'Agrò;37;122;262;281;25;51;778
        Francavilla di Sicilia;153;518;1141;1126;92;289;3319
        Frazzanò;43;108;194;157;14;47;563
        Furci Siculo;92;333;803;1187;116;483;3014
        Furnari;178;504;1157;1341;141;396;3717
        Gaggi;138;402;1070;982;70;189;2851
        Galati Mamertino;122;314;764;711;71;176;2158
        Gallodoro;10;63;103;121;8;23;328
        Giardini-Naxos;324;1196;2601;3332;299;921;8673
        Gioiosa Marea;204;940;1613;2504;258;771;6290
        Graniti;51;220;464;472;40;105;1352
        Gualtieri Sicaminò;50;282;530;492;40;89;1483
        Itala;45;214;464;538;40;109;1410
        Leni;23;89;226;211;24;65;638
        Letojanni;92;269;811;1153;78;250;2653
        Librizzi;61;241;494;505;51;125;1477
        Limina;40;156;215;199;17;56;683
        Lipari;458;1422;4017;4252;365;1144;11658
        Longi;64;169;429;431;51;105;1249
        Malfa;46;108;333;304;30;89;910
        Malvagna;27;117;206;203;18;31;602
        Mandanici;25;96;126;191;11;29;478
        Mazzarrà Sant'Andrea;80;221;457;374;31;117;1280
        Merì;101;357;763;656;84;132;2093
        Messina;6995;24435;60086;73511;8024;31615;204666
        Milazzo;847;3698;7423;11316;1163;3788;28235
        Militello Rosmarino;66;194;376;340;27;84;1087
        Mirto;42;115;290;296;27;64;834
        Mistretta;164;626;1290;1437;150;445;4112
        Moio Alcantara;17;106;235;230;12;44;644
        Monforte San Giorgio;99;419;759;857;63;168;2365
        Mongiuffi Melia;10;96;179;184;13;27;509
        Montagnareale;61;223;389;511;46;93;1323
        Montalbano Elicona;77;371;699;591;62;143;1943
        Motta Camastra;39;127;247;265;15;53;746
        Motta d'Affermo;37;114;192;210;18;66;637
        Naso;119;582;1049;1171;118;251;3290
        Nizza di Sicilia;103;384;943;1310;128;424;3292
        Novara di Sicilia;48;229;392;336;21;85;1111
        Oliveri;89;338;568;715;68;190;1968
        Pace del Mela;205;826;1763;2187;159;401;5541
        Pagliara;35;130;305;407;37;119;1033
        Patti;363;1633;3121;4670;479;1579;11845
        Pettineo;42;204;432;393;26;76;1173
        Piraino;139;532;1015;1297;124;406;3513
        Raccuja;22;131;273;297;34;86;843
        Reitano;35;111;242;221;25;52;686
        Roccafiorita;3;22;53;65;4;18;165
        Roccalumera;106;445;962;1504;164;547;3728
        Roccavaldina;23;143;376;330;20;50;942
        Roccella Valdemone;35;107;199;155;8;35;539
        Rodì Milici;69;277;550;678;62;192;1828
        Rometta;215;810;1833;2355;234;691;6138
        San Filippo del Mela;223;1050;2017;2335;192;417;6234
        San Fratello;125;624;1191;882;74;186;3082
        San Marco d'Alunzio;57;321;594;518;56;138;1684
        San Pier Niceto;143;474;756;798;69;208;2448
        San Piero Patti;99;432;787;861;78;207;2464
        San Salvatore di Fitalia;47;262;351;323;24;54;1061
        San Teodoro;49;243;388;374;27;81;1162
        Santa Domenica Vittoria;28;116;300;278;26;59;807
        Santa Lucia del Mela;228;738;1508;1282;120;202;4078
        Santa Marina Salina;38;95;257;274;29;129;822
        Santa Teresa di Riva;281;997;2272;3479;381;1329;8739
        Sant'Agata di Militello;421;1488;3301;4024;453;1510;11197
        Sant'Alessio Siculo;42;182;365;596;64;207;1456
        Sant'Angelo di Brolo;120;482;787;942;77;192;2600
        Santo Stefano di Camastra;156;644;1133;1543;138;440;4054
        Saponara;129;563;1144;1182;133;314;3465
        Savoca;62;201;538;571;54;161;1587
        Scaletta Zanclea;40;257;579;651;55;147;1729
        Sinagra;122;323;817;794;82;194;2332
        Spadafora;170;565;1342;1663;137;480;4357
        Taormina;324;1165;2860;3916;372;1198;9835
        Terme Vigliatore;288;1013;2056;2378;247;612;6594
        Torregrotta;251;997;2059;2653;272;535;6767
        Torrenova;157;513;1285;1612;186;394;4147
        Tortorici;270;1079;1947;1622;98;307;5323
        Tripi;25;154;216;233;21;57;706
        Tusa;102;424;761;844;79;271;2481
        Ucria;30;164;305;282;23;55;859
        Valdina;40;162;378;447;40;112;1179
        Venetico;123;492;1142;1397;152;369;3675
        Villafranca Tirrena;222;1026;2280;2957;314;761;7560
      Agrigento;23286;62431;122558;126214;12932;36640;384061
        Agrigento;2337;6622;13589;19316;2216;7876;51956
        Alessandria della Rocca;117;421;713;723;87;267;2328
        Aragona;454;1251;2476;2948;323;807;8259
        Bivona;144;447;985;1020;96;391;3083
        Burgio;150;403;750;733;65;236;2337
        Calamonaci;59;200;344;393;30;73;1099
        Caltabellotta;202;541;937;1013;91;238;3022
        Camastra;134;324;590;647;73;133;1901
        Cammarata;374;891;1874;1714;198;486;5537
        Campobello di Licata;562;1444;3008;2520;286;658;8478
        Canicattì;1821;5363;10620;10133;894;2779;31610
        Casteltermini;435;1154;2190;2392;216;529;6916
        Castrofilippo;230;484;857;669;54;130;2424
        Cattolica Eraclea;210;507;1079;939;79;292;3106
        Cianciana;178;467;851;1020;108;294;2918
        Comitini;34;119;271;277;30;61;792
        Favara;1612;4497;8991;10561;1061;2587;29309
        Grotte;271;791;1309;1776;168;530;4845
        Joppolo Giancaxio;47;156;274;369;39;126;1011
        Lampedusa e Linosa;375;1035;2559;1660;145;228;6002
        Licata;2193;5581;11449;9332;976;2291;31822
        Lucca Sicula;91;260;473;575;48;126;1573
        Menfi;733;1987;3427;3489;387;996;11019
        Montallegro;169;385;777;667;59;137;2194
        Montevago;144;467;835;755;79;241;2521
        Naro;482;1160;2096;2022;198;624;6582
        Palma di Montechiaro;1663;3766;7596;4853;518;1157;19553
        Porto Empedocle;928;2536;4854;4765;383;992;14458
        Racalmuto;387;1187;2130;2508;260;627;7099
        Raffadali;688;1717;3372;3860;416;1076;11129
        Ravanusa;585;1649;3528;2756;319;754;9591
        Realmonte;223;664;1315;1428;110;359;4099
        Ribera;1073;2500;4970;5789;578;1747;16657
        Sambuca di Sicilia;314;812;1527;1783;188;412;5036
        San Biagio Platani;187;503;948;794;69;193;2694
        San Giovanni Gemini;490;1181;2291;2202;233;641;7038
        Santa Elisabetta;115;300;690;670;79;190;2044
        Santa Margherita di Belice;399;923;1885;1844;183;421;5655
        Sant'Angelo Muxaro;66;216;306;371;32;98;1089
        Santo Stefano Quisquina;255;629;1261;1235;148;380;3908
        Sciacca;2053;6025;10789;11967;1261;4111;36206
        Siculiana;225;667;1346;1318;119;238;3913
        Villafranca Sicula;77;199;426;408;30;108;1248
      Caltanissetta;12905;39286;78842;72314;8037;20411;231795
        Acquaviva Platani;48;145;308;249;25;45;820
        Bompensiere;31;85;186;133;8;25;468
        Butera;179;720;1452;1111;138;334;3934
        Caltanissetta;2706;7950;16387;18728;2202;6883;54856
        Campofranco;121;461;816;899;60;195;2552
        Delia;244;539;1193;1195;118;336;3625
        Gela;3790;11706;22616;20483;2122;5194;65911
        Marianopoli;83;376;636;340;36;46;1517
        Mazzarino;565;1516;3615;3429;349;762;10236
        Milena;130;443;878;759;104;243;2557
        Montedoro;45;196;487;410;62;100;1300
        Mussomeli;481;1427;2864;3062;493;952;9279
        Niscemi;1412;4879;9585;5214;625;1291;23006
        Resuttano;145;295;573;447;40;148;1648
        Riesi;750;1601;3584;2868;280;587;9670
        San Cataldo;1023;3137;6330;6528;748;1722;19488
        Santa Caterina Villarmosa;311;867;1590;1225;121;285;4399
        Serradifalco;214;900;1663;1750;176;479;5182
        Sommatino;336;990;2120;1950;182;396;5974
        Sutera;62;188;344;358;48;136;1136
        Vallelunga Pratameno;149;597;1114;815;60;164;2899
        Villalba;80;268;501;361;40;88;1338
      Enna;7908;22734;50053;46126;4961;13115;144897
        Agira;328;1150;2751;2077;227;567;7100
        Aidone;231;680;1274;1358;127;326;3996
        Assoro;279;695;1753;1337;174;320;4558
        Barrafranca;725;1976;3923;3269;305;772;10970
        Calascibetta;168;597;1279;1266;151;367;3828
        Catenanuova;256;651;1634;1260;108;238;4147
        Centuripe;308;832;1698;1463;125;293;4719
        Cerami;108;312;641;538;44;107;1750
        Enna;881;3101;7076;8422;1052;3482;24014
        Gagliano Castelferrato;186;560;1032;944;111;235;3068
        Leonforte;756;1725;4627;2912;335;1067;11422
        Nicosia;667;1885;4166;3656;436;1132;11942
        Nissoria;153;337;1014;817;78;241;2640
        Piazza Armerina;884;2556;6329;7009;729;1823;19330
        Pietraperzia;348;1024;2185;1778;143;413;5891
        Regalbuto;395;1102;2245;1987;161;356;6246
        Sperlinga;41;122;220;195;20;55;653
        Troina;644;1594;2381;2487;321;605;8032
        Valguarnera Caropepe;338;1100;2336;2102;189;414;6479
        Villarosa;212;735;1489;1249;125;302;4112
      Catania;48215;141783;331661;327785;33892;104036;987372
        Aci Bonaccorsi;128;371;924;1218;148;458;3247
        Aci Castello;604;1783;4049;6346;756;3173;16711
        Aci Catena;1048;3262;8903;9267;958;2187;25625
        Aci Sant'Antonio;636;2048;5472;6080;636;1604;16476
        Acireale;1957;6126;14459;16484;1951;6023;47000
        Adrano;2255;6021;12150;7699;785;1850;30760
        Belpasso;1219;3618;9393;8639;743;1744;25356
        Biancavilla;1474;3676;7718;5771;661;1526;20826
        Bronte;1141;2843;6089;5209;560;1119;16961
        Calatabiano;270;835;1787;1504;129;248;4773
        Caltagirone;1623;5010;10701;11314;1366;3322;33336
        Camporotondo Etneo;213;588;1677;1742;111;260;4591
        Castel di Iudica;207;754;1708;1035;92;172;3968
        Castiglione di Sicilia;148;418;980;894;81;172;2693
        Catania;13295;40055;94324;83959;8685;35271;275589
        Fiumefreddo di Sicilia;422;1351;2809;2924;290;606;8402
        Giarre;1027;3416;7237;9025;939;2989;24633
        Grammichele;756;1910;4120;3366;371;905;11428
        Gravina di Catania;924;2937;6806;8969;981;2753;23370
        Licodia Eubea;159;460;1048;678;61;161;2567
        Linguaglossa;186;557;1601;1731;157;436;4668
        Maletto;294;602;1217;947;93;171;3324
        Maniace;232;579;1487;933;57;89;3377
        Mascali;552;1684;4401;4950;479;1121;13187
        Mascalucia;1137;3457;8786;11947;1135;2924;29386
        Mazzarrone;253;639;1582;907;86;148;3615
        Militello in Val di Catania;426;1094;2334;1852;178;415;6299
        Milo;43;147;268;387;31;107;983
        Mineo;356;799;1438;1274;121;269;4257
        Mirabella Imbaccari;366;737;1300;1171;136;244;3954
        Misterbianco;2289;6678;17062;14319;1164;2670;44182
        Motta Sant'Anastasia;519;1451;3873;3974;347;774;10938
        Nicolosi;245;818;2075;2675;329;875;7017
        Palagonia;898;2415;6216;3801;328;618;14276
        Paternò;2321;6969;15616;12347;1126;3056;41435
        Pedara;500;1583;4002;5561;548;1513;13707
        Piedimonte Etneo;140;514;1249;1292;114;320;3629
        Raddusa;146;476;1099;718;69;113;2621
        Ragalna;163;468;1190;1391;160;472;3844
        Ramacca;528;1446;3819;2771;299;468;9331
        Randazzo;487;1542;3278;3254;297;655;9513
        Riposto;577;1806;3824;4983;455;1374;13019
        San Cono;160;421;733;716;67;144;2241
        San Giovanni la Punta;857;2473;5863;8430;1013;3161;21797
        San Gregorio di Catania;318;1052;2278;4081;536;2409;10674
        San Michele di Ganzaria;184;459;921;883;87;178;2712
        San Pietro Clarenza;333;1010;2333;2948;277;557;7458
        Santa Maria di Licodia;386;1004;2576;2186;185;493;6830
        Santa Venerina;334;1090;2708;2719;279;654;7784
        Sant'Agata li Battiati;272;796;1759;3418;475;2052;8772
        Sant'Alfio;58;202;448;517;45;115;1385
        Scordia;912;2502;5686;4466;449;946;14961
        Trecastagni;410;1215;2854;3963;453;1458;10353
        Tremestieri Etneo;576;1836;4479;7472;812;3057;18232
        Valverde;273;891;1895;2880;340;928;7207
        Viagrande;295;938;2258;3081;363;1251;8186
        Vizzini;344;852;1967;1585;158;414;5320
        Zafferana Etnea;339;1099;2832;3132;340;844;8586
      Ragusa;14720;46980;104946;89258;10034;26543;292481
        Acate;779;1660;4083;2382;225;449;9578
        Chiaramonte Gulfi;385;1385;3036;1972;251;438;7467
        Comiso;1507;4872;10720;7540;757;2090;27486
        Giarratana;93;531;901;877;92;192;2686
        Ispica;755;2175;5237;4905;578;1367;15017
        Modica;2125;7217;16702;16270;1949;5179;49442
        Monterosso Almo;93;455;922;895;108;167;2640
        Pozzallo;868;2781;5859;6038;585;1225;17356
        Ragusa;2817;9674;21322;22958;2787;8649;68207
        Santa Croce Camerina;534;1605;3933;2957;341;763;10133
        Scicli;1337;4010;9165;7347;825;2091;24775
        Vittoria;3427;10615;23066;15117;1536;3933;57694
      Siracusa;16093;53573;113479;127784;12499;33440;356868
        Augusta;1164;4533;9258;12992;1196;3302;32445
        Avola;1363;4448;9219;9162;1089;2852;28133
        Buccheri;73;281;497;616;67;134;1668
        Buscemi;35;153;288;335;36;58;905
        Canicattini Bagni;277;922;1964;2111;214;601;6089
        Carlentini;694;2370;4657;6114;616;1485;15936
        Cassaro;30;125;229;253;15;43;695
        Ferla;165;396;790;651;47;109;2158
        Floridia;927;2874;6671;6775;662;1732;19641
        Francofonte;620;2154;3952;3333;226;506;10791
        Lentini;1059;3569;6749;6708;598;1538;20221
        Melilli;564;1960;4137;4451;357;677;12146
        Noto;1130;3401;7614;7472;749;2042;22408
        Pachino;1148;3252;7361;6374;503;1297;19935
        Palazzolo Acreide;301;1092;2240;2923;305;794;7655
        Portopalo di Capo Passero;155;640;1405;1093;82;156;3531
        Priolo Gargallo;383;1670;3774;3766;299;522;10414
        Rosolini;972;3040;6449;6122;711;1628;18922
        Siracusa;4392;14308;31390;41280;4241;12882;108493
        Solarino;350;1127;2397;2333;219;536;6962
        Sortino;291;1258;2438;2920;267;546;7720
    Sardegna;63863;221420;527433;473062;53668;152551;1491997
      Sassari;18375;66505;155762;144915;16015;45944;447516
        Aggius;45;206;465;437;43;148;1344
        Aglientu;66;186;377;349;37;97;1112
        Alà dei Sardi;79;366;666;431;39;73;1654
        Alghero;1516;5499;12476;13983;1713;5080;40267
        Anela;21;92;157;194;17;65;546
        Ardara;35;145;306;155;16;32;689
        Arzachena;535;1742;4671;4253;378;976;12555
        Badesi;86;302;600;560;54;116;1718
        Banari;23;114;167;142;15;26;487
        Benetutti;64;263;663;443;49;111;1593
        Berchidda;104;418;990;752;67;127;2458
        Bessude;9;83;115;122;20;20;369
        Bonnanaro;30;189;334;232;24;59;868
        Bono;128;450;1329;891;101;185;3084
        Bonorva;167;602;1158;859;89;159;3034
        Bortigiadas;33;142;255;192;18;33;673
        Borutta;5;41;80;89;9;25;249
        Bottidda;29;100;255;173;17;32;606
        Buddusò;155;685;1418;878;70;135;3341
        Budoni;232;716;1873;1655;181;436;5093
        Bultei;25;168;280;216;35;69;793
        Bulzi;28;98;163;116;11;22;438
        Burgos;59;132;332;213;39;32;807
        Calangianus;140;554;1409;1078;98;318;3597
        Cargeghe;19;100;205;165;20;38;547
        Castelsardo;298;950;2182;1492;136;339;5397
        Cheremule;19;62;150;104;19;26;380
        Chiaramonti;80;264;620;379;45;66;1454
        Codrongianos;38;203;446;399;36;85;1207
        Cossoine;51;118;260;233;18;46;726
        Erula;35;112;275;183;11;32;648
        Esporlatu;16;64;152;94;17;16;359
        Florinas;67;255;463;470;37;71;1363
        Giave;14;86;170;152;15;23;460
        Golfo Aranci;68;381;797;758;63;201;2268
        Illorai;27;132;289;204;26;41;719
        Ittireddu;18;78;177;139;9;27;448
        Ittiri;476;1437;3023;1933;275;425;7569
        La Maddalena;354;1274;3483;3748;321;891;10071
        Laerru;49;120;368;223;14;37;811
        Loiri Porto San Paolo;132;483;1218;1239;101;255;3428
        Luogosanto;78;321;724;486;41;67;1717
        Luras;113;412;867;687;63;110;2252
        Mara;37;114;217;108;8;26;510
        Martis;26;85;180;119;9;24;443
        Monteleone Rocca Doria;7;17;38;33;2;3;100
        Monti;107;449;894;591;48;102;2191
        Mores;93;265;720;440;37;67;1622
        Muros;24;113;292;245;34;56;764
        Nughedu San Nicolò;29;146;264;225;26;37;727
        Nule;50;276;519;265;32;70;1212
        Nulvi;127;447;1063;625;64;121;2447
        Olbia;2353;7525;19203;19967;2169;5666;56883
        Olmedo;152;569;1491;1313;136;264;3925
        Oschiri;132;502;1101;918;77;149;2879
        Osilo;112;454;994;846;97;173;2676
        Ossi;203;933;2162;1406;157;318;5179
        Ozieri;374;1397;3313;3014;381;845;9324
        Padria;37;117;207;158;15;36;570
        Padru;100;391;875;464;26;75;1931
        Palau;129;522;1289;1424;108;357;3829
        Pattada;111;439;1076;721;107;221;2675
        Perfugas;92;405;734;677;66;139;2113
        Ploaghe;164;649;1406;1247;177;361;4004
        Porto Torres;893;3394;7289;6331;646;1418;19971
        Pozzomaggiore;113;391;937;606;78;138;2263
        Putifigari;26;105;261;184;23;49;648
        Romana;38;89;202;105;9;24;467
        San Teodoro;170;667;1628;1689;181;434;4769
        Santa Maria Coghinas;69;226;511;344;24;58;1232
        Santa Teresa Gallura;187;624;1679;1754;144;388;4776
        Sant'Antonio di Gallura;65;268;573;365;24;41;1336
        Sassari;3894;14643;34391;38400;4667;18689;114684
        Sedini;84;199;442;363;38;56;1182
        Semestene;2;34;39;42;2;8;127
        Sennori;332;1112;2717;1791;201;338;6491
        Siligo;31;146;266;227;21;48;739
        Sorso;717;2292;5208;4042;452;885;13596
        Stintino;30;201;440;576;58;165;1470
        Telti;103;371;815;629;44;126;2088
        Tempio Pausania;476;1734;4628;4052;437;1253;12580
        Tergu;37;94;233;174;13;25;576
        Thiesi;112;423;947;813;88;245;2628
        Tissi;81;283;740;788;104;185;2181
        Torralba;22;149;329;265;35;33;833
        Trinità d'Agultu e Vignola;88;337;808;664;67;185;2149
        Tula;58;290;531;358;36;71;1344
        Uri;131;428;1088;757;94;153;2651
        Usini;191;677;1583;1121;146;226;3944
        Valledoria;214;722;1662;1171;96;212;4077
        Viddalba;74;277;624;415;45;84;1519
        Villanova Monteleone;112;369;745;582;59;125;1992
      Nuoro;8218;30169;71152;54674;6952;15975;187140
        Aritzo;50;167;451;374;37;59;1138
        Arzana;96;305;857;583;98;160;2099
        Atzara;42;152;369;274;43;76;956
        Austis;32;128;303;177;21;51;712
        Bari Sardo;185;631;1395;1013;133;259;3616
        Baunei;240;606;1143;823;137;268;3217
        Belvì;24;86;226;159;10;28;533
        Birori;17;74;188;154;15;22;470
        Bitti;108;482;900;560;72;304;2426
        Bolotana;111;460;839;642;56;153;2261
        Borore;55;386;744;504;47;104;1840
        Bortigali;40;209;402;384;44;94;1173
        Cardedu;55;232;708;545;78;166;1784
        Desulo;95;389;737;575;59;138;1993
        Dorgali;397;1240;3229;2063;294;576;7799
        Dualchi;27;140;210;137;13;20;547
        Elini;34;68;215;135;22;38;512
        Fonni;161;543;1471;828;131;256;3390
        Gadoni;25;132;300;165;9;24;655
        Gairo;75;200;580;279;37;40;1211
        Galtellì;130;390;1065;493;40;74;2192
        Gavoi;78;392;874;700;91;213;2348
        Girasole;38;165;474;408;40;108;1233
        Ilbono;95;315;759;497;68;138;1872
        Irgoli;102;373;956;492;51;81;2055
        Jerzu;114;486;1055;740;88;304;2787
        Lanusei;209;662;1775;1426;226;476;4774
        Lei;13;95;185;122;14;23;452
        Loceri;73;207;458;326;37;80;1181
        Loculi;25;110;197;104;2;20;458
        Lodè;121;322;563;346;29;83;1464
        Lodine;10;45;131;67;15;20;288
        Lotzorai;106;353;760;564;82;142;2007
        Lula;54;210;515;305;32;77;1193
        Macomer;296;1231;3026;3236;319;826;8934
        Mamoiada;102;407;932;608;81;91;2221
        Meana Sardo;73;301;624;394;50;86;1528
        Noragugume;15;64;119;59;2;8;267
        Nuoro;986;3875;9824;11265;1588;4676;32214
        Oliena;277;1058;2493;1795;255;389;6267
        Ollolai;48;227;437;282;38;78;1110
        Olzai;40;130;316;182;27;34;729
        Onanì;18;66;165;70;4;11;334
        Onifai;52;130;283;150;19;29;663
        Oniferi;31;143;352;202;19;43;790
        Orani;86;476;1028;652;96;217;2555
        Orgosolo;188;655;1692;914;94;163;3706
        Orosei;355;1080;2556;1765;220;398;6374
        Orotelli;81;377;778;421;53;80;1790
        Ortueri;43;186;443;231;37;52;992
        Orune;105;447;774;485;64;157;2032
        Osidda;8;49;69;61;6;12;205
        Osini;41;137;287;159;23;38;685
        Ottana;73;381;912;541;50;89;2046
        Ovodda;46;247;595;380;48;90;1406
        Perdasdefogu;75;266;630;516;64;102;1653
        Posada;146;448;1061;859;102;240;2856
        Sarule;68;327;581;331;50;95;1452
        Silanus;110;328;682;542;63;148;1873
        Sindia;65;262;599;426;41;102;1495
        Siniscola;478;1725;4014;3055;348;804;10424
        Sorgono;41;201;543;448;82;110;1425
        Talana;47;143;401;227;20;28;866
        Tertenia;193;633;1581;906;84;186;3583
        Teti;14;97;237;152;22;35;557
        Tiana;10;67;215;98;13;22;425
        Tonara;58;245;610;571;84;106;1674
        Torpè;139;491;1136;616;52;100;2534
        Tortolì;444;1436;3582;3325;387;1130;10304
        Triei;57;214;437;227;23;34;992
        Ulassai;60;188;472;366;60;128;1274
        Urzulei;64;145;417;310;36;68;1040
        Ussassai;20;83;176;110;10;33;432
        Villagrande Strisaili;128;448;1039;773;147;262;2797
      Cagliari;14955;47438;122462;135763;16613;60270;397501
        Assemini;1032;3294;8856;8234;895;2080;24391
        Cagliari;4553;14816;34948;47194;6554;33169;141234
        Capoterra;829;2625;7487;7771;790;2331;21833
        Decimomannu;312;1053;2851;2683;322;642;7863
        Elmas;321;1079;2792;3139;453;1116;8900
        Maracalagonis;344;1077;3012;2318;212;420;7383
        Monserrato;655;2297;5894;6392;714;2150;18102
        Pula;363;1091;2479;2186;187;438;6744
        Quartu Sant'Elena;2479;7899;20794;23200;2636;8102;65110
        Quartucciu;490;1470;4055;4258;519;1321;12113
        Sarroch;217;831;1775;1587;123;263;4796
        Selargius;899;2994;7984;9903;1234;3957;26971
        Sestu;870;2404;7106;6366;826;1842;19414
        Settimo San Pietro;344;864;2329;2065;242;553;6397
        Sinnai;682;2066;6031;5401;570;1358;16108
        Uta;470;1238;3258;2443;289;431;8129
        Villa San Pietro;95;340;811;623;47;97;2013
      Oristano;5854;24258;53661;42558;4899;11516;142746
        Abbasanta;97;359;892;819;85;188;2440
        Aidomaggiore;11;78;148;115;5;19;376
        Albagiara;10;47;89;66;10;12;234
        Ales;45;225;431;398;47;81;1227
        Allai;16;59;143;101;9;15;343
        Arborea;107;613;1353;1104;116;217;3510
        Ardauli;35;147;267;213;20;58;740
        Assolo;18;74;132;77;14;15;330
        Asuni;14;58;133;65;8;7;285
        Baradili;..;14;33;17;3;6;73
        Baratili San Pietro;25;208;459;360;40;68;1160
        Baressa;34;119;212;127;18;26;536
        Bauladu;24;110;250;164;20;31;599
        Bidonì;9;26;50;30;3;4;122
        Bonarcado;75;276;626;352;31;66;1426
        Boroneddu;15;32;65;25;2;7;146
        Bosa;325;976;2648;2258;279;610;7096
        Busachi;47;216;471;255;38;73;1100
        Cabras;381;1618;3191;2275;238;553;8256
        Cuglieri;103;422;816;732;87;189;2349
        Curcuris;12;45;123;75;10;16;281
        Flussio;12;83;134;123;13;23;388
        Fordongianus;52;123;322;233;26;35;791
        Ghilarza;118;634;1487;1268;134;326;3967
        Gonnoscodina;13;76;169;123;11;29;421
        Gonnosnò;26;132;302;160;22;34;676
        Gonnostramatza;41;158;335;201;15;27;777
        Laconi;72;289;614;486;45;108;1614
        Magomadas;19;98;208;188;18;52;583
        Marrubiu;184;751;1823;1233;155;199;4345
        Masullas;53;196;391;256;28;40;964
        Milis;67;268;560;321;36;76;1328
        Modolo;5;27;49;52;7;23;163
        Mogorella;14;89;189;75;8;12;387
        Mogoro;183;744;1389;1043;112;247;3718
        Montresta;38;94;181;92;3;9;417
        Morgongiori;32;132;270;151;17;34;636
        Narbolia;60;263;633;438;50;118;1562
        Neoneli;20;124;227;173;12;28;584
        Norbello;34;159;430;342;31;72;1068
        Nughedu Santa Vittoria;15;92;180;97;18;11;413
        Nurachi;52;266;653;461;50;102;1584
        Nureci;12;73;134;69;9;10;307
        Ollastra;59;190;493;284;28;26;1080
        Oristano;891;3498;8634;10226;1361;4371;28981
        Palmas Arborea;62;247;581;385;32;89;1396
        Pau;25;56;109;61;3;11;265
        Paulilatino;80;385;798;559;57;117;1996
        Pompu;12;58;90;42;5;7;214
        Riola Sardo;83;394;801;540;47;92;1957
        Ruinas;34;130;240;128;16;21;569
        Sagama;5;45;67;41;7;12;177
        Samugheo;147;578;985;723;64;136;2633
        San Nicolò d'Arcidano;143;478;997;588;55;83;2344
        San Vero Milis;79;396;950;634;79;178;2316
        Santa Giusta;142;680;1657;1437;157;336;4409
        Santu Lussurgiu;88;373;817;559;82;161;2080
        Scano di Montiferro;50;223;419;397;59;171;1319
        Sedilo;91;297;721;474;74;186;1843
        Seneghe;83;331;570;394;52;114;1544
        Senis;13;95;170;87;14;18;397
        Sennariolo;1;38;49;45;6;10;149
        Siamaggiore;35;136;323;241;33;63;831
        Siamanna;34;138;325;175;20;43;735
        Siapiccia;34;68;138;69;7;9;325
        Simala;8;41;91;90;13;33;276
        Simaxis;93;348;778;617;70;127;2033
        Sini;10;67;179;125;10;38;429
        Siris;4;47;103;49;3;5;211
        Soddì;6;28;43;23;3;5;108
        Solarussa;73;366;833;679;78;123;2152
        Sorradile;21;68;131;88;9;15;332
        Suni;48;166;348;272;33;75;942
        Tadasuni;7;25;54;38;5;4;133
        Terralba;436;1762;3797;2497;246;475;9213
        Tinnura;6;38;92;82;2;18;238
        Tramatza;43;168;398;211;28;36;884
        Tresnuraghes;26;174;347;311;32;89;979
        Ulà Tirso;24;72;228;93;7;15;439
        Uras;99;491;1020;732;65;125;2532
        Usellus;41;145;291;159;16;32;684
        Villa Sant'Antonio;12;70;105;102;11;20;320
        Villa Verde;9;53;117;68;9;11;267
        Villanova Truschedu;12;56;125;64;6;11;274
        Villaurbana;67;270;613;383;28;54;1415
        Zeddiani;49;187;423;313;40;43;1055
        Zerfaliu;44;189;399;260;24;32;948
      Sud Sardegna;16461;53050;124396;95152;9189;18846;317094
        Arbus;262;1012;2291;1518;137;265;5485
        Armungia;33;83;179;83;11;14;403
        Ballao;36;141;300;188;10;16;691
        Barrali;44;167;456;295;30;33;1025
        Barumini;48;177;400;357;38;77;1097
        Buggerru;53;170;420;294;27;36;1000
        Burcei;201;481;1195;498;41;53;2469
        Calasetta;110;408;917;880;103;210;2628
        Carbonia;1134;3998;8921;8462;760;1897;25172
        Carloforte;250;774;1677;2306;167;502;5676
        Castiadas;81;219;679;499;30;85;1593
        Collinas;43;162;282;204;14;45;750
        Decimoputzu;214;748;1679;981;108;158;3888
        Dolianova;426;1288;3499;2743;267;616;8839
        Domus de Maria;103;301;673;389;31;83;1580
        Domusnovas;299;940;2214;1676;169;292;5590
        Donori;70;254;846;538;61;84;1853
        Escalaplano;130;356;915;466;25;52;1944
        Escolca;20;105;226;136;8;21;516
        Esterzili;41;101;247;110;14;28;541
        Fluminimaggiore;110;417;1086;715;80;122;2530
        Furtei;92;241;622;393;40;57;1445
        Genoni;39;157;302;180;16;36;730
        Genuri;20;51;106;90;9;13;289
        Gergei;53;241;469;233;17;45;1058
        Gesico;36;144;341;163;14;19;717
        Gesturi;73;213;447;258;30;58;1079
        Giba;96;340;703;554;40;98;1831
        Goni;29;54;244;85;4;13;429
        Gonnesa;225;827;1703;1343;136;177;4411
        Gonnosfanadiga;343;940;2482;1631;147;286;5829
        Guamaggiore;58;128;385;218;31;30;850
        Guasila;148;406;1011;604;68;111;2348
        Guspini;537;1692;3859;3421;340;599;10448
        Iglesias;944;3420;7899;8724;872;2127;23986
        Isili;103;351;838;754;89;197;2332
        Las Plassas;10;40;94;48;2;10;204
        Lunamatrona;70;269;565;478;52;104;1538
        Mandas;120;320;877;460;49;79;1905
        Masainas;63;242;513;275;25;50;1168
        Monastir;258;780;1625;1190;120;213;4186
        Muravera;261;699;1648;1826;159;354;4947
        Musei;77;231;606;391;47;54;1406
        Narcao;167;551;1235;788;61;111;2913
        Nuragus;35;167;282;248;20;47;799
        Nurallao;53;226;424;333;32;35;1103
        Nuraminis;106;395;880;632;54;109;2176
        Nurri;102;402;822;479;32;61;1898
        Nuxis;81;279;544;384;32;52;1372
        Orroli;111;305;731;579;39;104;1869
        Ortacesus;39;149;355;221;17;34;815
        Pabillonis;125;381;1072;637;70;95;2380
        Pauli Arbarei;27;88;256;145;14;11;541
        Perdaxius;81;272;512;313;24;39;1241
        Pimentel;58;215;459;252;28;49;1061
        Piscinas;67;152;326;177;15;17;754
        Portoscuso;215;753;1755;1514;105;262;4604
        Sadali;47;143;322;206;22;54;794
        Samassi;265;802;1942;1191;131;248;4579
        Samatzai;75;247;595;419;39;73;1448
        San Basilio;55;173;485;279;32;39;1063
        San Gavino Monreale;391;1254;2782;2464;277;520;7688
        San Giovanni Suergiu;301;981;2155;1514;152;250;5353
        San Nicolò Gerrei;39;121;341;147;15;19;682
        San Sperate;379;1128;2818;2531;307;688;7851
        San Vito;216;579;1354;916;55;149;3269
        Sanluri;391;1138;3023;2281;261;610;7704
        Santadi;188;640;1190;816;64;116;3014
        Sant'Andrea Frius;76;257;648;480;51;86;1598
        Sant'Anna Arresi;132;477;1012;706;62;111;2500
        Sant'Antioco;583;1761;3638;3132;320;724;10158
        Sardara;181;630;1253;1124;116;284;3588
        Segariu;69;194;485;251;27;41;1067
        Selegas;70;175;577;315;28;47;1212
        Senorbì;205;584;1821;1445;182;272;4509
        Serdiana;120;366;987;756;88;165;2482
        Serramanna;467;1475;3259;2318;217;412;8148
        Serrenti;238;667;1782;1192;157;260;4296
        Serri;25;102;279;150;13;23;592
        Setzu;3;38;42;34;2;5;124
        Seui;56;165;529;257;28;67;1102
        Seulo;29;164;316;176;16;38;739
        Siddi;22;123;227;147;25;26;570
        Siliqua;176;564;1375;1024;91;169;3399
        Silius;54;163;511;225;22;26;1001
        Siurgus Donigala;106;356;786;394;37;48;1727
        Soleminis;58;276;742;549;53;86;1764
        Suelli;69;137;403;328;22;46;1005
        Teulada;161;539;1356;825;86;159;3126
        Tratalias;65;189;399;256;28;39;976
        Tuili;61;219;317;226;27;44;894
        Turri;5;69;160;94;6;20;354
        Ussana;172;607;1592;1104;91;234;3800
        Ussaramanna;25;95;178;139;7;28;472
        Vallermosa;88;337;679;471;56;72;1703
        Villacidro;698;1925;5212;3447;338;792;12412
        Villamar;139;449;984;603;56;96;2327
        Villamassargia;166;625;1321;852;72;163;3199
        Villanova Tulo;76;206;390;218;21;25;936
        Villanovaforru;28;107;213;159;19;30;556
        Villanovafranca;61;246;506;272;26;31;1142
        Villaperuccio;53;166;444;236;16;38;953
        Villaputzu;268;689;1632;1326;105;219;4239
        Villasalto;34;210;367;239;26;47;923
        Villasimius;134;504;1457;1085;96;226;3502
        Villasor;374;1221;2460;1766;145;282;6248
        Villaspeciosa;137;344;956;708;75;154;2374
Dati estratti il 31 mar 2026, 12h20 UTC (GMT) da I.Stat;;;;;;;
