Territorio;forze di lavoro;occupato;in cerca di occupazione;non forze di lavoro;percettore/rice di una o più pensioni per effetto di attività lavorativa precedente o di redditi da capitale;studente/ssa;casalinga/o;in altra condizione;totale
Italia;27.303.638;23.378.110;3.925.528;24.641.151;11.587.440;3.987.506;5.623.792;3.442.415;51.944.786
  Nord-ovest;7.619.390;6.847.770;771.621;6.294.511;3.454.299;976.695;1.173.440;690.078;13.913.901
    Piemonte;2.041.358;1.817.257;224.101;1.751.873;1.017.885;257.553;289.255;187.180;3.793.230
      Torino;1.055.591;932.170;123.421;901.917;513.151;136.953;151.991;99.822;1.957.508
        Agliè;1.251;1.123;129;1.051;661;140;146;104;2.302
        Airasca;1.758;1.563;195;1.342;726;222;266;128;3.100
        Ala di Stura;210;190;20;184;111;31;24;18;394
        Albiano d'Ivrea;777;697;80;684;431;99;87;67;1.461
        Alice Superiore;324;284;40;305;198;42;29;36;628
        Almese;3.087;2.829;259;2.513;1.439;424;408;242;5.600
        Alpette;117;103;14;109;80;7;11;12;226
        Alpignano;7.894;7.035;859;7.165;4.186;1.049;1.199;731;15.058
        Andezeno;961;871;90;765;446;128;125;67;1.726
        Andrate;228;201;28;208;132;26;28;22;436
        Angrogna;402;365;37;348;202;52;57;38;750
        Arignano;566;525;41;383;216;75;60;33;949
        Avigliana;5.945;5.336;609;4.955;2.712;819;933;492;10.900
        Azeglio;625;577;49;477;278;80;70;49;1.102
        Bairo;362;333;29;346;219;44;48;35;708
        Balangero;1.436;1.306;130;1.343;853;188;184;118;2.779
        Baldissero Canavese;262;220;42;222;135;29;34;25;484
        Baldissero Torinese;1.697;1.544;153;1.472;757;317;257;141;3.169
        Balme;54;52;2;44;26;4;6;8;97
        Banchette;1.496;1.336;160;1.338;836;188;178;136;2.833
        Barbania;722;658;64;669;415;79;116;59;1.391
        Bardonecchia;1.588;1.378;210;1.176;644;171;220;142;2.764
        Barone Canavese;264;237;27;262;166;37;37;22;525
        Beinasco;8.084;7.254;830;7.579;4.599;1.090;1.202;689;15.663
        Bibiana;1.665;1.500;165;1.277;764;191;205;118;2.942
        Bobbio Pellice;234;209;25;238;156;29;28;25;472
        Bollengo;1.015;908;107;903;563;135;116;89;1.918
        Borgaro Torinese;5.700;5.180;520;4.568;2.584;777;788;419;10.268
        Borgiallo;280;240;40;230;141;23;41;26;510
        Borgofranco d'Ivrea;1.666;1.489;177;1.525;940;203;243;139;3.191
        Borgomasino;353;305;48;342;213;47;50;32;695
        Borgone Susa;960;831;130;977;593;112;179;93;1.937
        Bosconero;1.428;1.276;152;1.267;735;185;218;129;2.695
        Brandizzo;4.176;3.753;423;3.129;1.691;480;637;321;7.304
        Bricherasio;2.246;2.066;180;1.742;1.057;252;271;162;3.988
        Brosso;188;174;14;165;117;15;19;14;353
        Brozolo;212;199;13;177;100;33;27;18;389
        Bruino;4.064;3.693;371;3.365;1.823;659;590;293;7.429
        Brusasco;643;563;80;688;400;92;124;72;1.331
        Bruzolo;710;624;87;633;370;93;120;50;1.343
        Buriasco;667;615;52;507;309;86;68;44;1.174
        Burolo;520;474;46;517;339;72;60;47;1.037
        Busano;798;729;69;568;298;88;131;51;1.366
        Bussoleno;2.556;2.230;326;2.735;1.579;356;503;297;5.291
        Buttigliera Alta;2.987;2.721;267;2.574;1.455;402;482;235;5.561
        Cafasse;1.586;1.438;148;1.369;848;170;222;129;2.955
        Caluso;3.482;3.089;393;3.119;1.913;427;462;318;6.601
        Cambiano;2.814;2.579;235;2.446;1.437;435;356;218;5.259
        Campiglione Fenile;652;601;51;514;318;65;81;50;1.166
        Candia Canavese;550;501;49;505;315;56;77;57;1.055
        Candiolo;2.731;2.476;255;2.095;1.182;365;361;187;4.826
        Canischio;126;109;17;125;76;13;28;9;251
        Cantalupa;1.199;1.102;97;1.085;623;170;186;106;2.284
        Cantoira;272;248;24;239;155;28;36;21;511
        Caprie;986;887;99;825;480;129;144;73;1.811
        Caravino;415;365;50;385;249;45;52;39;800
        Carema;341;302;40;327;210;35;49;33;668
        Carignano;4.307;3.858;449;3.661;2.163;547;611;340;7.968
        Carmagnola;13.614;12.051;1.564;10.790;5.774;1.718;2.228;1.070;24.404
        Casalborgone;881;800;81;773;457;124;113;80;1.654
        Cascinette d'Ivrea;682;613;69;654;392;115;80;67;1.336
        Caselette;1.419;1.288;132;1.174;672;198;201;103;2.593
        Caselle Torinese;6.862;6.164;698;4.976;2.657;853;932;534;11.838
        Castagneto Po;873;806;67;662;345;134;114;69;1.535
        Castagnole Piemonte;1.111;993;118;822;441;137;170;75;1.933
        Castellamonte;4.682;4.112;570;3.989;2.313;591;643;442;8.671
        Castelnuovo Nigra;201;180;21;187;131;12;23;21;388
        Castiglione Torinese;3.180;2.940;240;2.436;1.304;499;398;235;5.616
        Cavagnolo;1.061;938;123;971;549;144;171;107;2.032
        Cavour;2.672;2.443;230;2.125;1.299;292;338;196;4.797
        Cercenasco;860;776;84;712;422;109;125;56;1.572
        Ceres;467;395;72;493;289;59;86;59;960
        Ceresole Reale;86;82;4;67;47;9;6;5;153
        Cesana Torinese;528;442;86;344;187;43;63;51;871
        Chialamberto;158;143;15;160;108;13;22;18;318
        Chianocco;686;613;73;749;478;101;100;71;1.435
        Chiaverano;901;805;97;928;595;147;111;76;1.829
        Chieri;17.143;15.283;1.860;14.548;8.327;2.498;2.219;1.504;31.691
        Chiesanuova;95;85;10;100;57;12;11;20;195
        Chiomonte;365;316;49;446;287;37;71;51;811
        Chiusa di San Michele;759;661;98;650;353;108;120;69;1.409
        Chivasso;12.892;11.409;1.483;10.356;5.755;1.581;1.859;1.161;23.248
        Ciconio;193;177;16;148;92;26;18;12;341
        Cintano;110;100;10;104;70;9;13;12;214
        Cinzano;153;140;13;148;76;26;30;17;301
        Ciriè;8.566;7.677;889;7.607;4.383;1.168;1.265;791;16.173
        Claviere;102;83;19;77;22;21;16;18;179
        Coassolo Torinese;709;647;62;605;360;94;88;63;1.314
        Coazze;1.524;1.339;185;1.277;700;183;241;154;2.801
        Collegno;23.333;21.030;2.303;20.027;11.730;3.218;3.106;1.973;43.360
        Colleretto Castelnuovo;146;133;13;127;84;11;21;11;273
        Colleretto Giacosa;287;259;28;239;144;39;29;27;526
        Condove;2.071;1.891;180;1.955;1.176;278;325;177;4.026
        Corio;1.469;1.310;159;1.383;851;164;237;131;2.852
        Cossano Canavese;215;188;27;229;151;26;27;25;444
        Cuceglio;482;440;42;398;222;63;74;40;880
        Cumiana;3.741;3.396;345;3.136;1.803;520;527;286;6.877
        Cuorgnè;4.358;3.918;440;4.139;2.460;523;723;434;8.497
        Druento;4.230;3.782;448;3.406;1.932;563;578;333;7.636
        Exilles;133;109;24;99;65;16;15;4;232
        Favria;2.467;2.242;225;1.947;1.013;295;450;189;4.414
        Feletto;1.018;883;135;930;484;133;207;106;1.948
        Fenestrelle;233;204;29;238;161;22;30;26;471
        Fiano;1.187;1.084;103;1.119;664;186;177;92;2.306
        Fiorano Canavese;334;294;40;352;223;50;43;36;686
        Foglizzo;1.108;976;132;873;504;120;162;87;1.980
        Forno Canavese;1.441;1.305;136;1.517;903;186;292;136;2.958
        Frassinetto;141;131;10;116;81;15;9;12;257
        Front;750;671;79;692;403;102;112;75;1.441
        Frossasco;1.287;1.167;120;1.248;739;184;208;118;2.535
        Garzigliana;270;248;22;208;127;24;37;20;478
        Gassino Torinese;4.417;3.964;453;3.828;2.173;640;645;370;8.244
        Germagnano;542;467;75;507;316;58;82;52;1.049
        Giaglione;281;258;23;274;181;45;29;19;554
        Giaveno;7.292;6.490;802;6.950;3.910;1.063;1.245;733;14.242
        Givoletto;1.978;1.809;169;1.327;694;238;261;134;3.305
        Gravere;308;269;39;309;181;38;54;37;617
        Groscavallo;92;84;8;91;76;4;8;4;183
        Grosso;485;446;39;384;222;65;64;33;868
        Grugliasco;16.920;15.347;1.573;15.513;9.379;2.223;2.449;1.463;32.433
        Ingria;15;13;2;24;17;..;5;2;39
        Inverso Pinasca;318;289;29;310;197;33;52;28;627
        Isolabella;191;169;22;143;91;21;23;8;334
        Issiglio;190;168;22;157;99;15;22;21;346
        Ivrea;10.849;9.447;1.402;9.857;6.050;1.466;1.215;1.126;20.706
        La Cassa;873;779;94;654;358;120;116;60;1.527
        La Loggia;4.329;3.960;370;3.095;1.714;521;583;277;7.424
        Lanzo Torinese;2.277;2.038;240;2.110;1.260;304;336;210;4.387
        Lauriano;692;617;75;594;339;87;102;66;1.286
        Leini;7.961;7.114;847;5.861;3.200;904;1.161;596;13.822
        Lemie;74;63;11;102;66;8;19;9;176
        Lessolo;834;761;73;778;527;91;93;68;1.612
        Levone;215;192;23;173;113;19;24;17;388
        Locana;608;555;53;725;505;65;95;61;1.333
        Lombardore;817;739;78;683;369;105;143;66;1.500
        Lombriasco;502;462;40;425;230;69;77;50;926
        Loranzè;539;496;43;465;303;68;54;40;1.003
        Lugnacco;172;144;28;152;97;20;15;20;323
        Luserna San Giovanni;3.115;2.746;369;3.317;2.067;412;472;366;6.432
        Lusernetta;238;213;25;200;125;29;25;21;438
        Lusigliè;271;239;32;225;121;43;30;32;496
        Macello;542;498;44;482;276;75;90;41;1.024
        Maglione;183;167;16;198;115;41;25;17;381
        Mappano;3.600;3.256;344;2.707;1.380;537;503;288;6.307
        Marentino;582;532;50;562;323;106;74;59;1.144
        Massello;26;22;4;25;17;2;4;2;51
        Mathi;1.755;1.579;176;1.639;1.005;241;240;153;3.393
        Mattie;307;273;34;295;185;37;42;31;602
        Mazzè;1.913;1.727;186;1.691;1.019;241;263;169;3.604
        Meana di Susa;360;305;55;376;220;39;70;48;736
        Mercenasco;608;529;79;467;297;65;58;48;1.075
        Meugliano;32;28;4;37;28;3;2;4;69
        Mezzenile;334;287;47;392;253;37;65;37;725
        Mombello di Torino;198;180;18;153;79;33;26;16;351
        Mompantero;293;263;30;280;168;44;42;26;573
        Monastero di Lanzo;168;156;12;149;96;13;21;19;317
        Moncalieri;26.983;23.701;3.282;22.575;12.805;3.402;3.822;2.547;49.558
        Moncenisio;17;16;1;16;11;2;2;1;32
        Montaldo Torinese;348;319;29;287;168;53;44;22;634
        Montalenghe;466;405;61;403;218;66;78;42;869
        Montalto Dora;1.594;1.422;172;1.443;896;231;175;141;3.037
        Montanaro;2.247;2.025;222;2.246;1.375;286;380;205;4.493
        Monteu da Po;385;337;48;344;201;36;69;38;729
        Moriondo Torinese;386;341;45;365;215;58;60;32;751
        Nichelino;21.675;19.194;2.481;19.201;10.734;2.974;3.504;1.989;40.876
        Noasca;41;34;7;69;55;3;5;6;110
        Nole;3.274;2.956;318;2.644;1.533;428;432;252;5.918
        Nomaglio;122;106;16;132;91;12;14;15;254
        None;3.817;3.419;398;3.136;1.723;490;612;311;6.952
        Novalesa;242;225;17;244;159;38;25;23;485
        Oglianico;708;657;51;548;324;83;91;50;1.256
        Orbassano;10.866;9.707;1.159;9.320;5.433;1.389;1.596;903;20.186
        Orio Canavese;354;314;40;338;228;35;45;30;692
        Osasco;569;525;44;433;263;66;65;39;1.001
        Osasio;454;425;29;336;198;55;56;27;790
        Oulx;1.734;1.461;273;1.221;665;194;199;163;2.955
        Ozegna;594;541;53;466;286;66;67;47;1.059
        Palazzo Canavese;373;340;33;359;221;69;41;29;732
        Pancalieri;944;858;86;859;516;109;156;78;1.803
        Parella;196;178;18;183;124;19;23;17;379
        Pavarolo;561;519;43;388;209;76;61;43;949
        Pavone Canavese;1.753;1.605;148;1.617;1.078;219;168;153;3.370
        Pecco;94;79;15;109;70;15;14;10;203
        Pecetto Torinese;1.860;1.698;162;1.625;885;325;250;166;3.485
        Perosa Argentina;1.352;1.177;175;1.522;1.007;178;195;142;2.874
        Perosa Canavese;252;227;25;208;128;34;27;20;460
        Perrero;245;217;28;332;232;22;49;29;577
        Pertusio;361;333;28;297;177;43;52;25;658
        Pessinetto;279;242;37;274;168;38;35;33;553
        Pianezza;7.410;6.762;648;5.497;3.076;971;927;524;12.907
        Pinasca;1.292;1.187;106;1.305;828;156;201;121;2.597
        Pinerolo;16.733;14.582;2.151;14.563;8.473;2.184;2.225;1.681;31.296
        Pino Torinese;3.747;3.429;318;3.609;1.986;704;592;328;7.356
        Piobesi Torinese;1.856;1.687;169;1.436;816;255;243;122;3.292
        Piossasco;8.540;7.712;828;7.012;3.930;1.242;1.186;654;15.552
        Piscina;1.610;1.463;147;1.347;768;197;256;126;2.957
        Piverone;627;574;53;571;319;119;73;61;1.197
        Poirino;5.088;4.574;515;3.759;2.069;622;676;392;8.847
        Pomaretto;419;374;45;490;340;55;53;43;909
        Pont Canavese;1.450;1.259;191;1.472;916;179;216;161;2.922
        Porte;468;409;59;412;233;52;88;40;880
        Pragelato;395;316;79;229;118;32;43;36;624
        Prali;111;102;9;112;76;7;14;16;223
        Pralormo;899;826;73;714;405;98;130;82;1.613
        Pramollo;93;83;10;110;79;8;14;9;203
        Prarostino;591;526;65;540;319;85;84;53;1.131
        Prascorsano;347;314;33;321;196;41;56;28;668
        Pratiglione;219;195;24;247;148;24;48;27;466
        Quagliuzzo;162;140;22;138;93;21;15;9;300
        Quassolo;161;146;15;150;103;20;15;13;311
        Quincinetto;481;442;39;430;298;48;51;33;911
        Reano;813;732;81;688;386;107;134;61;1.500
        Ribordone;15;14;1;33;30;..;..;3;48
        Riva presso Chieri;2.364;2.185;179;1.580;890;304;254;132;3.944
        Rivalba;531;479;52;476;252;75;84;65;1.007
        Rivalta di Torino;9.610;8.681;930;7.463;4.140;1.290;1.295;739;17.073
        Rivara;1.181;1.074;107;1.041;617;130;195;100;2.221
        Rivarolo Canavese;5.801;5.171;630;5.094;2.922;780;866;526;10.895
        Rivarossa;771;695;76;611;298;121;119;74;1.382
        Rivoli;21.785;19.663;2.122;20.466;12.126;2.945;3.396;1.999;42.251
        Robassomero;1.463;1.331;132;1.241;720;219;194;108;2.703
        Rocca Canavese;803;730;73;707;408;96;124;79;1.510
        Roletto;986;900;86;783;448;140;131;64;1.769
        Romano Canavese;1.295;1.166;129;1.040;640;144;159;98;2.335
        Ronco Canavese;115;103;12;165;114;7;25;19;280
        Rondissone;884;793;91;725;397;92;164;72;1.609
        Rorà;121;107;14;92;57;11;11;13;213
        Rosta;2.266;2.057;209;1.822;1.020;336;309;157;4.087
        Roure;328;300;28;405;284;41;46;34;733
        Rubiana;1.137;993;144;962;517;141;195;109;2.098
        Rueglio;348;312;37;333;224;42;28;39;681
        Salassa;913;838;75;729;417;120;126;67;1.642
        Salbertrand;283;235;48;240;118;46;47;29;523
        Salerano Canavese;233;212;21;178;113;24;23;18;411
        Salza di Pinerolo;34;31;3;36;22;4;5;6;70
        Samone;779;698;81;588;352;98;78;61;1.367
        San Benigno Canavese;2.871;2.578;293;2.210;1.217;362;435;196;5.081
        San Carlo Canavese;1.942;1.757;185;1.548;894;260;243;151;3.490
        San Colombano Belmonte;181;165;16;123;73;26;13;11;304
        San Didero;262;238;24;229;133;38;37;21;491
        San Francesco al Campo;2.310;2.106;204;1.854;1.067;309;302;176;4.164
        San Germano Chisone;791;717;74;773;498;90;115;70;1.564
        San Gillio;1.540;1.412;128;1.119;616;184;200;119;2.659
        San Giorgio Canavese;1.233;1.114;119;1.006;610;147;145;104;2.239
        San Giorio di Susa;455;398;57;410;244;58;68;40;865
        San Giusto Canavese;1.547;1.359;189;1.342;806;191;205;140;2.889
        San Martino Canavese;387;352;35;328;211;54;38;26;715
        San Maurizio Canavese;5.047;4.631;416;3.638;2.030;635;626;348;8.685
        San Mauro Torinese;8.768;7.893;875;7.667;4.316;1.370;1.218;763;16.435
        San Pietro Val Lemina;656;599;57;591;365;81;89;56;1.247
        San Ponso;129;121;9;97;63;11;16;7;226
        San Raffaele Cimena;1.448;1.313;135;1.255;691;218;230;116;2.702
        San Sebastiano da Po;889;791;98;818;467;125;139;87;1.706
        San Secondo di Pinerolo;1.656;1.526;130;1.510;942;257;194;119;3.166
        Sangano;1.630;1.480;150;1.655;969;248;294;144;3.285
        Sant'Ambrogio di Torino;2.175;1.926;249;1.883;975;314;388;206;4.058
        Sant'Antonino di Susa;1.911;1.701;210;1.756;968;257;348;183;3.667
        Santena;5.007;4.489;518;4.110;2.273;605;840;392;9.117
        Sauze di Cesana;139;118;21;79;42;6;19;12;218
        Sauze d'Oulx;612;518;94;374;175;65;71;63;985
        Scalenghe;1.599;1.438;161;1.272;714;199;243;117;2.871
        Scarmagno;365;333;32;355;232;46;44;33;720
        Sciolze;682;629;53;616;361;106;95;54;1.298
        Sestriere;549;469;80;277;126;56;41;56;826
        Settimo Rottaro;211;191;20;217;140;30;32;15;428
        Settimo Torinese;21.998;19.638;2.360;19.352;10.856;3.021;3.530;1.947;41.350
        Settimo Vittone;717;641;77;632;411;80;75;67;1.349
        Sparone;431;388;43;425;276;47;59;44;856
        Strambinello;118;102;16;110;71;14;14;12;228
        Strambino;3.022;2.734;288;2.482;1.577;340;327;239;5.504
        Susa;2.716;2.350;367;2.779;1.612;389;463;315;5.495
        Tavagnasco;383;343;40;313;179;53;50;32;696
        Torino;409.815;353.482;56.334;347.687;193.000;51.344;59.032;44.311;757.502
        Torrazza Piemonte;1.389;1.243;146;1.152;626;179;220;127;2.541
        Torre Canavese;281;257;24;262;171;26;40;26;543
        Torre Pellice;1.941;1.700;241;2.155;1.314;270;318;254;4.096
        Trana;1.812;1.613;199;1.517;789;239;334;155;3.329
        Trausella;60;49;11;54;37;4;11;2;114
        Traversella;141;127;14;154;107;7;20;20;294
        Traves;228;204;24;245;149;28;46;22;472
        Trofarello;5.045;4.562;483;4.427;2.476;788;736;427;9.472
        Usseaux;85;70;15;83;53;5;14;11;167
        Usseglio;89;82;7;95;63;9;14;9;184
        Vaie;678;602;76;556;316;88;102;51;1.234
        Val della Torre;1.952;1.730;222;1.482;834;205;280;163;3.434
        Val di Chy;..;..;..;..;..;..;..;..;..
        Valchiusa;..;..;..;..;..;..;..;..;..
        Valgioie;444;384;60;373;177;56;92;48;816
        Vallo Torinese;345;319;26;334;206;44;56;28;679
        Valperga;1.397;1.279;118;1.259;760;177;215;107;2.656
        Valprato Soana;45;39;6;45;36;1;4;4;90
        Varisella;375;333;42;362;211;56;59;36;737
        Vauda Canavese;674;603;71;610;365;99;91;55;1.284
        Venaria Reale;15.394;13.731;1.663;14.045;8.153;2.282;2.217;1.393;29.438
        Venaus;381;343;38;411;259;49;70;33;792
        Verolengo;2.270;2.032;238;1.947;1.121;260;376;190;4.217
        Verrua Savoia;628;545;83;617;358;89;100;70;1.245
        Vestignè;373;343;30;358;233;50;37;38;731
        Vialfrè;118;112;6;86;62;9;8;7;204
        Vico Canavese;383;338;45;376;260;30;42;44;759
        Vidracco;289;238;51;181;102;20;30;29;469
        Vigone;2.446;2.214;232;2.046;1.210;272;375;189;4.491
        Villafranca Piemonte;2.209;2.036;173;1.817;1.033;233;378;173;4.026
        Villanova Canavese;599;538;61;456;257;69;87;43;1.054
        Villar Dora;1.345;1.213;132;1.166;631;202;223;110;2.511
        Villar Focchiardo;901;810;91;843;540;102;121;80;1.744
        Villar Pellice;474;427;47;483;326;71;42;45;957
        Villar Perosa;1.841;1.645;196;1.783;1.088;259;270;167;3.624
        Villarbasse;1.647;1.518;129;1.333;768;240;207;119;2.980
        Villareggia;439;395;44;441;276;55;66;44;880
        Villastellone;2.207;1.979;228;1.852;1.105;297;282;169;4.059
        Vinovo;7.185;6.596;589;5.630;3.218;937;968;507;12.815
        Virle Piemonte;583;532;51;441;248;60;87;47;1.024
        Vische;565;522;43;551;363;69;73;46;1.116
        Vistrorio;258;231;27;212;136;29;23;24;470
        Viù;441;394;47;479;298;51;80;50;920
        Volpiano;7.401;6.592;809;5.820;3.150;972;1.112;586;13.221
        Volvera;4.188;3.770;418;3.102;1.628;565;614;295;7.289
      Vercelli;78.989;70.615;8.374;72.097;44.485;9.761;10.283;7.568;151.086
        Alagna Valsesia;233;212;21;165;99;15;27;24;398
        Albano Vercellese;129;111;18;153;93;18;20;22;281
        Alice Castello;1.185;1.046;139;1.076;615;170;161;131;2.261
        Alto Sermenza;70;64;6;77;57;6;8;6;147
        Arborio;405;364;41;378;246;39;61;32;782
        Asigliano Vercellese;699;627;73;552;336;77;82;58;1.251
        Balmuccia;45;39;6;49;31;4;8;6;93
        Balocco;112;102;10;82;54;12;9;8;194
        Bianzè;909;812;98;814;525;109;93;87;1.723
        Boccioleto;69;63;6;98;72;8;10;8;167
        Borgo d'Ale;1.098;998;100;1.011;625;139;140;107;2.109
        Borgo Vercelli;1.104;1.005;99;842;505;145;106;86;1.946
        Borgosesia;5.693;5.212;482;5.609;3.814;698;606;492;11.302
        Buronzo;407;373;34;358;226;51;49;33;765
        Campertogno;125;116;9;80;50;9;12;10;205
        Carcoforo;36;30;6;30;24;2;1;3;66
        Caresana;493;419;74;483;295;59;66;64;976
        Caresanablot;541;500;41;456;277;77;61;41;996
        Carisio;376;342;34;331;221;41;40;29;707
        Casanova Elvo;106;98;9;91;53;16;16;6;197
        Cellio con Breia;455;411;44;449;298;43;59;49;903
        Cervatto;29;27;2;26;17;1;3;5;55
        Cigliano;2.082;1.884;198;1.837;1.112;274;260;192;3.919
        Civiasco;118;103;15;97;64;14;10;9;215
        Collobiano;48;45;3;31;19;4;4;4;78
        Costanzana;330;295;35;354;242;31;47;34;684
        Cravagliana;110;103;7;122;96;8;10;8;232
        Crescentino;3.446;3.061;385;3.337;1.867;429;661;380;6.783
        Crova;180;153;27;186;118;25;24;19;366
        Desana;497;454;43;421;261;68;50;42;918
        Fobello;91;83;8;93;66;7;11;10;184
        Fontanetto Po;469;412;57;519;321;69;77;52;988
        Formigliana;246;225;21;191;127;13;36;16;437
        Gattinara;3.650;3.316;334;3.341;2.126;430;472;313;6.991
        Ghislarengo;345;312;33;366;193;42;91;41;711
        Greggio;151;126;25;166;102;26;20;18;317
        Guardabosone;138;131;7;172;117;18;20;18;310
        Lamporo;227;205;22;224;138;26;39;22;451
        Lenta;409;377;32;339;230;47;33;29;748
        Lignana;259;229;30;221;136;33;29;23;480
        Livorno Ferraris;1.916;1.701;216;1.819;1.032;255;331;201;3.735
        Lozzolo;366;335;31;366;229;53;52;33;732
        Mollia;49;42;7;39;24;4;6;5;88
        Moncrivello;569;519;50;658;413;75;95;75;1.226
        Motta de' Conti;333;297;36;358;220;39;58;42;691
        Olcenengo;405;379;26;263;154;47;38;24;668
        Oldenico;99;87;12;97;64;10;14;9;196
        Palazzolo Vercellese;548;481;67;526;328;68;78;53;1.074
        Pertengo;132;119;13;124;82;10;24;8;256
        Pezzana;628;568;60;484;285;76;72;52;1.112
        Pila;67;62;5;48;31;4;10;3;115
        Piode;87;78;9;76;42;8;14;12;163
        Postua;287;271;16;233;172;20;24;18;520
        Prarolo;342;301;41;288;170;53;35;30;630
        Quarona;1.872;1.748;124;1.656;1.119;263;145;130;3.528
        Quinto Vercellese;206;194;12;128;90;12;15;11;334
        Rassa;39;39;..;22;18;1;2;1;61
        Rimella;69;65;4;59;47;2;5;5;128
        Riva Valdobbia;146;128;18;90;47;19;12;13;236
        Rive;185;152;33;217;126;27;34;30;402
        Roasio;1.137;1.033;104;942;564;126;155;97;2.078
        Ronsecco;249;228;21;236;152;32;30;23;485
        Rossa;83;82;1;82;52;10;7;13;165
        Rovasenda;455;410;46;366;242;40;54;30;821
        Salasco;102;83;19;77;46;5;17;9;179
        Sali Vercellese;40;31;9;58;37;8;10;3;98
        Saluggia;1.805;1.640;165;1.671;998;251;247;175;3.476
        San Germano Vercellese;703;609;94;652;386;86;115;65;1.355
        San Giacomo Vercellese;125;110;15;140;95;16;17;13;265
        Santhià;3.845;3.398;447;3.570;2.154;466;566;384;7.415
        Scopa;176;151;25;178;116;21;23;18;353
        Scopello;189;181;8;141;93;18;18;12;330
        Serravalle Sesia;2.194;1.981;213;2.123;1.369;295;269;191;4.317
        Stroppiana;553;502;51;493;304;64;88;37;1.046
        Tricerro;315;276;39;289;185;35;41;28;604
        Trino;2.899;2.563;336;3.173;1.836;451;569;317;6.072
        Tronzano Vercellese;1.595;1.427;168;1.411;867;218;193;133;3.006
        Valduggia;875;813;63;905;622;111;92;80;1.780
        Varallo;3.222;2.958;264;3.063;2.089;384;335;255;6.285
        Vercelli;21.982;19.195;2.788;18.846;11.114;2.681;2.732;2.319;40.828
        Villarboit;197;180;17;186;128;18;23;17;382
        Villata;710;647;63;662;451;70;84;57;1.372
        Vocca;83;71;12;60;29;13;12;6;143
      Novara;175.799;156.783;19.016;142.744;82.021;21.823;24.082;14.818;318.542
        Agrate Conturbia;784;703;81;565;282;106;114;64;1.349
        Ameno;455;386;69;416;238;61;59;58;871
        Armeno;1.039;941;98;896;560;133;114;90;1.935
        Arona;6.172;5.417;755;6.130;3.733;721;1.067;609;12.302
        Barengo;378;350;28;340;231;40;41;28;718
        Bellinzago Novarese;4.657;4.246;411;3.616;2.144;519;645;308;8.273
        Biandrate;640;583;57;447;263;61;79;45;1.087
        Boca;577;522;55;454;273;64;74;43;1.030
        Bogogno;603;548;55;503;313;61;84;45;1.105
        Bolzano Novarese;588;543;45;473;308;80;53;32;1.061
        Borgo Ticino;2.506;2.220;286;1.797;901;275;418;204;4.303
        Borgolavezzaro;925;834;91;846;519;119;125;83;1.771
        Borgomanero;10.329;9.238;1.091;8.262;4.740;1.331;1.337;854;18.591
        Briga Novarese;1.407;1.296;111;1.055;675;169;135;76;2.462
        Briona;557;508;50;438;280;53;68;37;995
        Caltignaga;1.207;1.107;100;978;606;163;131;78;2.185
        Cameri;5.275;4.825;450;4.059;2.372;643;689;355;9.334
        Carpignano Sesia;1.175;1.078;98;1.044;655;145;143;102;2.219
        Casalbeltrame;455;415;40;366;231;41;55;39;820
        Casaleggio Novara;469;437;32;319;187;48;57;27;788
        Casalino;705;627;78;606;372;81;87;66;1.310
        Casalvolone;418;369;49;328;184;58;52;35;746
        Castellazzo Novarese;153;138;15;113;62;17;23;11;265
        Castelletto sopra Ticino;4.694;4.157;537;3.708;2.014;572;756;367;8.402
        Cavaglietto;187;172;15;152;103;22;15;12;339
        Cavaglio d'Agogna;554;488;66;483;342;37;63;42;1.036
        Cavallirio;636;589;47;505;302;82;74;48;1.141
        Cerano;3.026;2.571;455;2.743;1.573;388;501;281;5.769
        Colazza;227;210;17;181;115;23;27;16;407
        Comignago;603;536;67;488;258;84;95;51;1.091
        Cressa;755;689;66;604;377;92;89;46;1.359
        Cureggio;1.259;1.143;116;1.007;582;175;157;94;2.266
        Divignano;650;571;79;541;297;70;120;55;1.191
        Dormelletto;1.143;1.005;138;1.101;667;136;196;102;2.244
        Fara Novarese;951;854;97;826;530;115;103;79;1.776
        Fontaneto d'Agogna;1.275;1.146;129;1.027;661;131;147;89;2.302
        Galliate;7.510;6.710;800;5.835;3.461;866;962;546;13.345
        Garbagna Novarese;700;643;57;503;283;99;79;43;1.203
        Gargallo;866;788;78;688;416;119;90;63;1.553
        Gattico;1.604;1.472;132;1.284;750;216;197;121;2.887
        Gattico-Veruno;..;..;..;..;..;..;..;..;..
        Ghemme;1.678;1.508;170;1.420;897;177;206;140;3.098
        Gozzano;2.612;2.363;249;2.348;1.417;373;317;241;4.960
        Granozzo con Monticello;666;612;54;517;291;74;94;58;1.183
        Grignasco;2.001;1.841;160;1.946;1.318;255;211;162;3.947
        Invorio;2.157;1.956;201;1.640;950;261;272;157;3.797
        Landiona;267;248;19;252;193;23;20;16;519
        Lesa;971;868;103;985;575;129;184;98;1.956
        Maggiora;798;729;69;651;409;93;91;58;1.449
        Mandello Vitta;100;92;8;108;69;14;18;7;207
        Marano Ticino;788;719;69;649;372;99;120;58;1.437
        Massino Visconti;468;417;51;504;307;64;79;54;971
        Meina;1.144;1.026;119;1.026;572;151;193;111;2.170
        Mezzomerico;589;534;55;437;243;75;76;43;1.025
        Miasino;313;283;30;414;287;30;59;38;727
        Momo;1.189;1.086;103;1.036;647;144;151;95;2.225
        Nebbiuno;918;814;104;659;372;93;123;71;1.577
        Nibbiola;380;349;31;327;202;49;48;28;707
        Novara;50.020;43.841;6.179;40.209;21.769;6.700;6.826;4.914;90.229
        Oleggio;6.755;6.124;631;5.274;3.083;736;959;496;12.029
        Oleggio Castello;1.048;962;86;827;484;147;128;68;1.875
        Orta San Giulio;573;479;94;650;312;76;144;118;1.223
        Paruzzaro;1.061;974;87;771;417;156;129;70;1.832
        Pella;466;431;36;381;261;54;34;32;847
        Pettenasco;685;631;54;537;304;105;71;58;1.222
        Pisano;379;333;46;328;172;53;70;33;707
        Pogno;651;591;60;575;371;83;69;52;1.226
        Pombia;1.092;971;121;738;404;111;145;78;1.830
        Prato Sesia;913;841;72;731;492;104;74;61;1.644
        Recetto;431;370;61;374;224;50;66;36;805
        Romagnano Sesia;1.849;1.684;165;1.602;1.020;220;202;160;3.451
        Romentino;2.760;2.441;319;1.872;1.034;307;356;176;4.632
        San Maurizio d'Opaglio;1.527;1.395;132;1.106;679;192;139;97;2.633
        San Nazzaro Sesia;345;310;35;311;202;35;44;30;656
        San Pietro Mosezzo;954;871;83;724;445;109;105;65;1.677
        Sillavengo;289;261;28;213;127;28;41;17;502
        Sizzano;682;621;61;566;385;77;58;46;1.248
        Soriso;365;323;42;294;178;47;43;26;659
        Sozzago;502;453;49;408;237;56;78;37;909
        Suno;1.337;1.219;118;1.086;688;144;153;101;2.422
        Terdobbiate;232;207;25;181;107;19;36;20;413
        Tornaco;431;385;46;381;223;51;65;42;812
        Trecate;9.840;8.651;1.189;7.582;3.839;1.204;1.741;798;17.422
        Vaprio d'Agogna;494;452;42;409;271;52;50;37;903
        Varallo Pombia;2.319;2.045;274;1.900;1.107;270;345;178;4.218
        Veruno;955;868;87;696;401;126;104;65;1.651
        Vespolate;959;857;102;844;504;109;146;85;1.803
        Vicolungo;437;403;34;333;195;58;55;26;770
        Vinzaglio;303;275;28;203;114;35;32;23;506
      Cuneo;283.812;262.148;21.664;225.150;134.350;34.483;35.262;21.055;508.961
        Acceglio;76;71;5;67;40;5;11;11;143
        Aisone;91;86;5;114;84;9;14;8;205
        Alba;15.399;14.171;1.228;12.129;7.437;1.835;1.623;1.234;27.528
        Albaretto della Torre;104;98;6;99;68;9;13;9;203
        Alto;56;51;5;58;33;9;8;8;114
        Argentera;34;30;4;32;24;1;3;4;66
        Arguello;87;86;1;86;62;9;11;4;173
        Bagnasco;443;410;33;449;283;61;69;36;892
        Bagnolo Piemonte;2.872;2.644;229;2.309;1.339;319;417;234;5.181
        Baldissero d'Alba;524;494;30;412;247;69;66;30;935
        Barbaresco;348;333;15;186;118;36;18;14;534
        Barge;3.590;3.300;290;2.912;1.712;374;551;275;6.502
        Barolo;374;348;26;234;143;36;33;22;608
        Bastia Mondovì;286;258;28;283;164;44;44;31;569
        Battifollo;92;82;10;113;93;5;7;9;205
        Beinette;1.718;1.594;125;1.162;670;204;187;101;2.880
        Bellino;57;53;4;48;39;2;3;5;105
        Belvedere Langhe;184;166;18;140;80;21;25;14;324
        Bene Vagienna;1.754;1.610;144;1.342;767;209;233;133;3.096
        Benevello;245;235;10;168;112;20;23;13;413
        Bergolo;26;23;3;28;23;2;1;2;54
        Bernezzo;2.099;1.965;134;1.309;704;268;219;118;3.408
        Bonvicino;42;37;5;49;32;6;7;4;91
        Borgo San Dalmazzo;5.961;5.514;447;4.725;2.707;780;813;425;10.686
        Borgomale;205;197;8;129;77;24;15;13;333
        Bosia;83;80;3;82;58;6;12;6;165
        Bossolasco;306;283;23;268;178;28;38;25;573
        Boves;4.794;4.464;330;3.656;2.116;607;605;329;8.450
        Bra;14.035;12.866;1.170;11.455;6.529;1.759;2.069;1.099;25.490
        Briaglia;151;143;8;119;64;25;21;9;269
        Briga Alta;21;20;1;18;15;..;2;1;39
        Brondello;133;126;7;124;76;18;20;10;256
        Brossasco;499;469;30;444;292;53;66;33;942
        Busca;5.023;4.689;334;3.662;2.165;580;578;339;8.685
        Camerana;264;249;15;277;195;24;38;21;541
        Camo;102;96;6;66;45;8;8;5;168
        Canale;2.739;2.528;211;2.103;1.218;333;356;196;4.842
        Canosio;40;38;2;34;22;3;5;4;74
        Caprauna;46;38;8;50;44;..;3;3;95
        Caraglio;3.400;3.159;241;2.479;1.446;419;384;231;5.879
        Caramagna Piemonte;1.460;1.358;102;1.134;641;172;219;102;2.594
        Cardè;583;551;32;413;238;55;82;38;996
        Carrù;2.122;1.953;169;1.657;1.051;212;251;143;3.779
        Cartignano;74;66;8;78;52;12;7;7;152
        Casalgrasso;672;623;49;575;329;85;114;47;1.247
        Castagnito;1.181;1.107;74;661;348;119;133;61;1.841
        Casteldelfino;68;64;4;72;58;6;4;5;140
        Castellar;99;91;8;69;46;10;9;5;168
        Castelletto Stura;713;673;40;446;260;78;68;40;1.159
        Castelletto Uzzone;150;141;9;142;94;19;16;13;292
        Castellinaldo d'Alba;453;417;36;352;214;57;46;35;805
        Castellino Tanaro;137;128;9;122;88;11;14;9;259
        Castelmagno;34;33;1;21;16;2;1;2;55
        Castelnuovo di Ceva;44;37;7;48;33;5;6;4;92
        Castiglione Falletto;380;364;16;237;140;55;25;17;617
        Castiglione Tinella;430;392;38;309;202;44;33;30;739
        Castino;251;230;21;179;110;23;30;16;430
        Cavallerleone;357;320;37;227;117;40;46;24;584
        Cavallermaggiore;2.629;2.419;210;2.053;1.097;372;391;193;4.682
        Celle di Macra;44;41;3;33;25;1;4;3;77
        Centallo;3.549;3.278;271;2.386;1.333;434;408;212;5.935
        Ceresole Alba;1.033;967;66;777;464;123;122;69;1.810
        Cerretto Langhe;206;194;12;194;122;23;25;24;400
        Cervasca;2.580;2.435;145;1.809;1.075;299;279;156;4.389
        Cervere;1.123;1.051;72;796;446;128;154;68;1.919
        Ceva;2.530;2.310;220;2.358;1.403;326;404;225;4.888
        Cherasco;4.659;4.346;313;3.166;1.785;503;588;290;7.825
        Chiusa di Pesio;1.774;1.605;169;1.389;854;200;210;125;3.163
        Cigliè;91;87;4;65;44;5;11;5;156
        Cissone;39;38;1;35;20;5;8;3;74
        Clavesana;359;327;32;348;223;35;52;38;707
        Corneliano d'Alba;1.082;1.008;74;776;473;117;119;68;1.857
        Cortemilia;1.100;1.039;61;923;611;103;126;83;2.023
        Cossano Belbo;485;452;33;358;240;39;50;30;843
        Costigliole Saluzzo;1.573;1.434;139;1.267;750;177;226;114;2.840
        Cravanzana;183;172;11;141;107;11;13;10;324
        Crissolo;93;85;8;56;40;4;7;5;148
        Cuneo;26.731;24.402;2.329;22.481;13.300;3.795;3.097;2.291;49.212
        Demonte;879;811;68;859;605;99;79;76;1.738
        Diano d'Alba;1.945;1.826;119;1.197;699;210;173;115;3.142
        Dogliani;2.280;2.098;182;1.861;1.110;271;308;172;4.141
        Dronero;3.281;3.011;270;2.813;1.751;400;388;274;6.094
        Elva;44;43;1;33;24;4;1;4;77
        Entracque;374;320;54;386;234;40;58;54;760
        Envie;986;904;82;727;455;90;112;70;1.713
        Farigliano;825;769;56;703;450;88;101;64;1.528
        Faule;244;231;13;165;92;25;35;13;409
        Feisoglio;124;116;8;163;136;10;9;8;287
        Fossano;11.820;10.973;847;9.397;5.532;1.534;1.459;872;21.217
        Frabosa Soprana;363;335;28;333;219;48;32;35;696
        Frabosa Sottana;756;668;88;626;342;100;102;83;1.382
        Frassino;125;113;12;112;80;14;10;9;237
        Gaiola;265;249;17;225;141;42;29;13;490
        Gambasca;156;140;16;145;90;14;28;13;301
        Garessio;1.296;1.192;104;1.451;978;153;198;122;2.747
        Genola;1.295;1.217;78;878;449;172;176;81;2.173
        Gorzegno;112;102;10;148;110;6;26;6;260
        Gottasecca;63;58;5;70;44;12;10;4;133
        Govone;1.155;1.083;72;820;506;119;125;71;1.975
        Grinzane Cavour;1.047;976;71;669;390;112;109;59;1.716
        Guarene;1.891;1.766;125;1.215;662;246;196;111;3.106
        Igliano;22;21;1;37;29;4;2;2;59
        Isasca;41;40;1;31;24;2;3;3;72
        La Morra;1.455;1.345;110;971;573;163;136;100;2.426
        Lagnasco;710;653;57;517;293;101;77;47;1.227
        Lequio Berria;213;203;10;211;162;21;17;11;424
        Lequio Tanaro;376;347;29;261;140;39;55;28;637
        Lesegno;390;338;52;342;207;43;52;40;731
        Levice;95;89;6;105;84;4;11;7;200
        Limone Piemonte;726;653;73;609;358;80;95;76;1.335
        Lisio;84;78;6;84;57;9;12;6;168
        Macra;22;21;1;29;18;3;5;4;51
        Magliano Alfieri;1.139;1.059;80;705;421;116;110;59;1.844
        Magliano Alpi;1.064;986;78;830;483;123;148;76;1.894
        Mango;650;587;63;508;333;61;67;48;1.158
        Manta;1.844;1.728;117;1.370;813;222;214;121;3.214
        Marene;1.650;1.536;114;1.121;616;195;216;94;2.771
        Margarita;701;651;50;555;320;85;101;49;1.256
        Marmora;34;32;2;22;18;2;1;1;56
        Marsaglia;85;80;5;113;86;7;11;9;198
        Martiniana Po;351;316;35;303;202;25;47;30;654
        Melle;139;128;11;124;88;12;12;12;263
        Moiola;103;96;7;96;68;9;12;7;199
        Mombarcaro;97;83;14;148;117;6;17;8;245
        Mombasiglio;281;264;17;266;194;30;25;17;547
        Monastero di Vasco;642;607;35;487;298;80;70;40;1.129
        Monasterolo Casotto;35;31;4;44;34;2;4;4;79
        Monasterolo di Savigliano;706;665;42;447;252;71;86;38;1.153
        Monchiero;282;255;27;204;111;36;40;17;486
        Mondovì;10.395;9.447;948;9.032;5.315;1.497;1.333;887;19.427
        Monesiglio;265;244;21;311;212;30;43;26;575
        Monforte d'Alba;1.017;951;66;696;450;92;94;60;1.713
        Montà;2.245;2.091;154;1.780;1.062;283;283;153;4.025
        Montaldo di Mondovì;259;239;20;248;170;20;34;24;506
        Montaldo Roero;411;385;26;340;213;54;46;27;751
        Montanera;402;378;24;239;136;42;39;22;641
        Montelupo Albese;254;239;15;159;96;23;26;14;413
        Montemale di Cuneo;116;110;6;85;54;13;10;8;201
        Monterosso Grana;241;211;31;219;131;39;25;25;460
        Monteu Roero;765;705;60;626;400;75;101;51;1.391
        Montezemolo;105;93;12;112;73;10;17;12;217
        Monticello d'Alba;1.196;1.119;77;793;420;155;140;78;1.989
        Moretta;1.957;1.825;133;1.573;956;231;251;135;3.530
        Morozzo;992;942;50;700;436;108;104;53;1.692
        Murazzano;370;330;40;366;241;33;54;38;736
        Murello;460;428;32;352;223;39;63;27;812
        Narzole;1.703;1.589;114;1.281;715;204;237;126;2.984
        Neive;1.727;1.612;115;1.192;694;191;194;114;2.919
        Neviglie;206;191;15;137;78;25;20;15;343
        Niella Belbo;168;162;6;168;100;15;20;33;335
        Niella Tanaro;474;428;46;440;269;57;71;43;913
        Novello;515;484;31;341;204;57;48;32;855
        Nucetto;184;173;11;171;101;22;33;15;355
        Oncino;50;48;2;27;22;1;1;3;77
        Ormea;639;572;67;844;599;69;98;78;1.483
        Ostana;48;46;2;30;21;2;4;3;78
        Paesana;1.189;1.084;105;1.247;876;131;133;107;2.436
        Pagno;278;260;19;222;142;33;29;18;500
        Pamparato;116;106;10;172;140;5;15;13;288
        Paroldo;111;108;3;77;55;8;9;5;188
        Perletto;134;123;11;116;74;16;15;11;249
        Perlo;44;42;2;63;40;6;17;..;107
        Peveragno;2.762;2.567;195;2.067;1.273;306;307;182;4.829
        Pezzolo Valle Uzzone;139;129;10;168;110;14;28;16;306
        Pianfei;1.031;972;59;776;462;123;128;63;1.807
        Piasco;1.290;1.218;72;1.126;744;172;129;81;2.416
        Pietraporzio;32;30;2;36;28;2;2;4;68
        Piobesi d'Alba;758;711;47;439;247;79;70;43;1.197
        Piozzo;469;434;35;377;248;44;53;33;846
        Pocapaglia;1.628;1.533;95;1.203;694;222;192;95;2.831
        Polonghera;511;476;36;484;299;51;96;38;995
        Pontechianale;80;76;4;78;65;3;4;7;158
        Pradleves;90;83;7;126;89;13;15;9;216
        Prazzo;79;70;9;75;52;5;11;7;154
        Priero;238;219;19;194;113;21;40;21;432
        Priocca;1.024;949;75;723;454;101;106;62;1.746
        Priola;307;288;19;308;208;35;42;23;615
        Prunetto;171;164;7;219;153;17;35;14;390
        Racconigi;4.548;4.161;388;4.065;2.308;627;735;395;8.613
        Revello;2.159;2.017;143;1.529;901;252;228;148;3.688
        Rifreddo;496;461;35;387;229;59;66;34;883
        Rittana;49;45;4;50;37;4;6;3;99
        Roaschia;38;34;4;69;52;2;9;6;107
        Roascio;42;40;2;42;27;4;9;2;84
        Robilante;1.019;939;80;922;550;127;157;88;1.941
        Roburent;216;201;15;243;177;17;32;18;459
        Rocca Cigliè;51;44;7;77;55;9;9;5;128
        Rocca de' Baldi;827;777;50;574;368;89;69;48;1.401
        Roccabruna;767;723;44;587;372;90;72;53;1.354
        Roccaforte Mondovì;997;892;105;879;564;117;108;90;1.876
        Roccasparvera;376;357;19;253;159;42;31;21;628
        Roccavione;1.254;1.134;120;1.097;635;152;203;107;2.351
        Rocchetta Belbo;92;88;4;56;38;6;8;4;148
        Roddi;854;795;59;553;298;139;72;44;1.407
        Roddino;199;185;14;165;109;17;25;15;364
        Rodello;500;466;34;353;227;50;43;33;853
        Rossana;432;403;29;335;241;38;29;28;767
        Ruffia;180;167;13;120;67;15;28;10;300
        Sale delle Langhe;230;212;18;222;134;25;40;23;451
        Sale San Giovanni;77;72;5;76;50;9;11;6;153
        Saliceto;548;519;29;599;402;64;97;36;1.147
        Salmour;347;319;28;276;162;46;40;29;623
        Saluzzo;8.108;7.386;723;6.488;3.773;1.011;1.039;665;14.596
        Sambuco;43;39;4;34;29;..;2;3;77
        Sampeyre;471;444;27;415;290;44;43;38;886
        San Benedetto Belbo;78;72;6;71;50;6;8;8;149
        San Damiano Macra;180;159;21;199;128;20;28;23;378
        San Michele Mondovì;840;761;79;819;485;98;164;72;1.659
        Sanfrè;1.468;1.369;99;1.137;617;169;244;107;2.605
        Sanfront;1.125;1.057;68;986;673;119;115;79;2.111
        Santa Vittoria d'Alba;1.454;1.351;103;967;545;146;185;91;2.421
        Sant'Albano Stura;1.189;1.120;69;822;490;130;127;75;2.011
        Santo Stefano Belbo;1.943;1.788;155;1.430;880;205;211;135;3.373
        Santo Stefano Roero;639;597;42;539;347;77;67;48;1.178
        Savigliano;10.513;9.596;917;8.199;4.630;1.422;1.333;814;18.711
        Scagnello;85;81;4;75;63;4;4;5;160
        Scarnafigi;1.055;997;58;766;456;124;123;64;1.821
        Serralunga d'Alba;301;272;29;178;96;38;25;19;479
        Serravalle Langhe;141;130;11;133;94;9;17;13;273
        Sinio;267;242;25;177;98;25;37;17;444
        Somano;165;149;16;133;86;21;14;12;298
        Sommariva del Bosco;2.956;2.700;256;2.497;1.339;370;542;246;5.453
        Sommariva Perno;1.389;1.305;84;1.030;645;145;155;85;2.419
        Stroppo;45;44;1;46;33;5;4;4;91
        Tarantasca;1.136;1.073;64;657;371;110;119;58;1.793
        Torre Bormida;66;61;5;91;68;6;10;7;157
        Torre Mondovì;207;187;20;230;141;22;49;19;437
        Torre San Giorgio;348;330;18;273;169;35;50;19;621
        Torresina;16;15;1;27;23;2;1;1;43
        Treiso;430;409;21;249;149;43;35;22;679
        Trezzo Tinella;164;155;9;112;81;13;9;9;276
        Trinità;1.066;992;74;801;478;120;134;69;1.867
        Valdieri;420;391;29;398;266;40;62;31;818
        Valgrana;383;359;24;302;194;43;42;23;685
        Valloriate;43;41;2;60;49;3;3;5;103
        Valmala;28;28;..;18;16;1;2;..;46
        Venasca;653;605;48;569;350;64;98;57;1.222
        Verduno;295;280;16;181;108;19;37;17;476
        Vernante;518;474;44;506;307;57;95;48;1.024
        Verzuolo;3.061;2.805;257;2.481;1.428;410;405;240;5.542
        Vezza d'Alba;1.169;1.111;58;804;513;114;113;64;1.972
        Vicoforte;1.512;1.408;105;1.309;809;210;184;107;2.821
        Vignolo;1.267;1.193;75;927;513;190;149;75;2.194
        Villafalletto;1.421;1.315;106;1.043;620;153;175;95;2.464
        Villanova Mondovì;2.727;2.561;166;2.295;1.322;379;392;203;5.022
        Villanova Solaro;370;350;20;284;179;35;46;24;654
        Villar San Costanzo;778;716;62;582;336;105;84;57;1.360
        Vinadio;288;270;18;255;184;23;29;19;543
        Viola;162;153;9;168;129;11;17;12;330
        Vottignasco;261;251;10;203;129;27;36;11;464
      Asti;100.670;89.397;11.273;86.849;51.133;12.192;14.426;9.098;187.519
        Agliano Terme;737;683;54;668;415;77;111;65;1.405
        Albugnano;249;219;30;224;133;35;23;33;473
        Antignano;436;398;38;442;287;44;68;43;878
        Aramengo;270;229;41;234;146;26;35;27;504
        Asti;36.079;31.359;4.720;30.238;17.100;4.608;5.012;3.518;66.317
        Azzano d'Asti;160;145;15;172;106;35;18;13;332
        Baldichieri d'Asti;535;477;58;437;229;63;101;45;972
        Belveglio;154;136;18;129;81;11;26;11;283
        Berzano di San Pietro;194;165;29;175;101;25;25;24;369
        Bruno;126;114;12;155;105;15;23;12;281
        Bubbio;386;355;31;357;251;35;43;28;743
        Buttigliera d'Asti;1.252;1.148;104;927;534;169;141;83;2.179
        Calamandrana;845;773;72;676;376;104;116;80;1.521
        Calliano Monferrato;556;480;77;572;347;66;103;56;1.128
        Calosso;610;546;64;479;300;58;71;50;1.089
        Camerano Casasco;184;164;20;203;134;24;27;18;387
        Canelli;4.870;4.298;572;4.149;2.436;565;713;436;9.019
        Cantarana;497;454;43;353;192;64;71;26;850
        Capriglio;141;116;25;138;72;24;23;19;279
        Casorzo Monferrato;265;238;27;305;212;26;39;28;570
        Cassinasco;300;264;36;240;129;32;50;29;539
        Castagnole delle Lanze;1.810;1.653;157;1.434;864;181;249;141;3.244
        Castagnole Monferrato;570;503;67;493;280;55;106;52;1.063
        Castel Boglione;312;278;34;248;150;36;33;30;560
        Castel Rocchero;167;154;13;173;108;12;24;29;340
        Castell'Alfero;1.285;1.189;96;1.088;628;175;192;94;2.372
        Castellero;129;119;10;123;85;13;17;8;252
        Castelletto Molina;79;67;12;60;31;7;14;9;139
        Castello di Annone;909;776;134;802;420;133;152;98;1.711
        Castelnuovo Belbo;360;307;53;391;223;49;79;41;751
        Castelnuovo Calcea;315;280;35;350;230;42;44;34;664
        Castelnuovo Don Bosco;1.463;1.301;162;1.329;778;188;213;150;2.792
        Cellarengo;335;301;34;263;156;39;45;23;598
        Celle Enomondo;203;187;16;217;145;22;35;15;420
        Cerreto d'Asti;95;83;12;89;62;6;15;7;184
        Cerro Tanaro;279;253;26;256;152;38;43;23;535
        Cessole;175;160;15;164;116;16;16;17;339
        Chiusano d'Asti;93;87;6;102;71;12;9;10;195
        Cinaglio;197;176;21;193;127;23;28;15;390
        Cisterna d'Asti;594;562;32;486;283;81;74;48;1.080
        Coazzolo;142;127;15;108;56;20;21;12;250
        Cocconato;651;591;61;619;389;71;95;64;1.270
        Corsione;93;85;8;103;60;16;14;13;196
        Cortandone;126;110;16;150;94;15;20;21;276
        Cortanze;119;105;14;126;83;16;21;6;245
        Cortazzone;278;246;32;253;144;38;47;24;531
        Cortiglione;236;208;28;238;137;28;40;33;474
        Cossombrato;245;224;21;192;113;24;36;19;437
        Costigliole d'Asti;2.784;2.554;230;2.266;1.368;288;378;232;5.050
        Cunico;196;178;18;215;138;32;27;18;411
        Dusino San Michele;517;467;50;393;205;70;75;43;909
        Ferrere;715;651;64;621;384;78;107;52;1.335
        Fontanile;255;210;45;241;141;29;43;28;496
        Frinco;344;303;41;296;168;43;55;30;640
        Grana Monferrato;259;228;31;277;177;33;39;28;536
        Grazzano Badoglio;274;245;29;263;168;34;37;25;537
        Incisa Scapaccino;1.030;896;134;809;458;98;165;88;1.839
        Isola d'Asti;975;889;86;796;480;102;143;72;1.771
        Loazzolo;166;152;14;128;95;13;13;8;294
        Maranzana;112;95;17;124;85;15;13;11;236
        Maretto;185;165;20;145;75;25;31;14;330
        Moasca;272;250;22;167;113;19;21;14;439
        Mombaldone;93;85;8;102;79;7;9;8;195
        Mombaruzzo;448;393;55;520;331;63;82;45;968
        Mombercelli;955;846;109;960;578;110;188;84;1.915
        Monale;462;414;48;405;233;76;62;35;867
        Monastero Bormida;419;386;33;408;268;49;50;41;826
        Moncalvo;1.319;1.187;132;1.242;798;158;172;115;2.561
        Moncucco Torinese;406;364;42;361;220;51;56;34;766
        Mongardino;424;391;33;369;241;38;55;35;792
        Montabone;158;140;18;130;93;7;19;12;288
        Montafia;417;372;45;424;254;58;69;43;841
        Montaldo Scarampi;320;295;25;320;202;41;53;24;639
        Montechiaro d'Asti;571;513;58;562;366;80;68;48;1.133
        Montegrosso d'Asti;1.123;1.022;102;889;534;125;146;84;2.012
        Montemagno Monferrato;459;412;47;543;355;60;78;50;1.002
        Montiglio Monferrato;740;652;88;685;449;80;92;64;1.425
        Moransengo;97;90;7;81;49;4;19;9;178
        Moransengo-Tonengo;..;..;..;..;..;..;..;..;..
        Nizza Monferrato;4.760;4.234;526;4.185;2.378;534;797;477;8.945
        Olmo Gentile;32;31;1;39;32;2;3;2;70
        Passerano Marmorito;197;172;25;186;117;11;35;24;383
        Penango;213;190;23;187;113;25;33;16;399
        Piea;254;219;35;270;158;36;48;29;524
        Pino d'Asti;112;96;16;89;51;19;10;9;200
        Piovà Massaia;270;238;32;274;166;38;42;28;543
        Portacomaro;953;866;87;801;497;118;123;63;1.753
        Quaranti;66;62;4;86;61;4;12;10;152
        Refrancore;740;680;60;642;410;88;93;51;1.382
        Revigliasco d'Asti;349;315;34;377;240;49;53;35;726
        Roatto;178;164;14;156;105;16;26;9;334
        Robella;215;177;38;227;141;27;31;28;442
        Rocca d'Arazzo;412;368;45;395;258;42;54;41;807
        Roccaverano;175;161;14;185;132;17;21;15;359
        Rocchetta Palafea;164;147;17;149;94;12;28;16;313
        Rocchetta Tanaro;594;517;77;646;419;76;91;60;1.239
        San Damiano d'Asti;3.924;3.556;368;3.034;1.697;497;540;301;6.957
        San Giorgio Scarampi;54;50;4;47;30;4;10;4;101
        San Martino Alfieri;341;311;30;246;161;31;35;20;587
        San Marzano Oliveto;512;472;40;387;231;56;64;36;899
        San Paolo Solbrito;558;510;48;506;272;102;91;41;1.064
        Scurzolengo;254;228;26;228;149;25;39;16;482
        Serole;51;45;6;53;38;2;8;5;104
        Sessame;114;102;12;115;70;12;18;15;228
        Settime;253;215;38;220;117;30;47;26;473
        Soglio;64;57;7;73;45;10;12;6;136
        Tigliole;816;743;73;689;417;81;127;64;1.505
        Tonco;389;338;51;342;214;48;52;28;731
        Tonengo;89;83;6;135;105;7;11;12;224
        Vaglio Serra;138;130;8;108;62;21;15;11;246
        Valfenera;1.172;1.067;105;933;525;140;178;90;2.104
        Vesime;262;240;22;281;190;33;33;26;543
        Viale;112;91;21;101;65;11;14;11;213
        Viarigi;399;363;36;400;258;51;56;36;799
        Vigliano d'Asti;388;350;38;334;216;38;52;29;722
        Villa San Secondo;163;149;14;160;114;9;24;13;323
        Villafranca d'Asti;1.327;1.191;136;1.267;734;176;244;114;2.594
        Villanova d'Asti;2.747;2.487;260;1.995;1.109;334;357;195;4.742
        Vinchio;268;249;19;246;176;23;25;23;514
      Alessandria;196.348;171.775;24.573;177.130;104.618;22.647;30.394;19.471;373.478
        Acqui Terme;9.029;7.875;1.154;8.742;5.167;1.107;1.419;1.049;17.771
        Albera Ligure;115;101;14;154;111;12;19;12;269
        Alessandria;44.500;38.034;6.466;37.350;21.037;4.989;6.652;4.672;81.850
        Alfiano Natta;357;291;67;343;186;51;64;43;700
        Alice Bel Colle;343;305;38;319;202;41;45;31;662
        Alluvioni Piovera;775;693;82;782;457;93;153;79;1.556
        Altavilla Monferrato;189;171;18;201;115;30;37;19;389
        Alzano Scrivia;163;142;21;149;81;15;37;16;312
        Arquata Scrivia;2.979;2.678;302;2.613;1.553;323;501;237;5.592
        Avolasca;117;100;17;125;89;10;16;10;241
        Balzola;568;495;73;629;407;81;78;63;1.196
        Basaluzzo;1.023;925;98;797;492;98;137;70;1.820
        Bassignana;797;700;97;718;402;102;139;76;1.515
        Belforte Monferrato;224;198;26;210;130;21;38;21;434
        Bergamasco;320;290;30;333;202;42;55;34;653
        Berzano di Tortona;69;60;9;62;37;10;9;7;131
        Bistagno;840;729;111;769;458;107;124;80;1.609
        Borghetto di Borbera;946;865;81;819;492;89;171;68;1.765
        Borgo San Martino;696;627;69;507;272;75;102;58;1.203
        Borgoratto Alessandrino;239;208;31;264;165;35;40;24;503
        Bosco Marengo;1.077;977;101;983;583;124;182;94;2.060
        Bosio;509;443;66;553;363;65;74;52;1.061
        Bozzole;148;118;30;153;83;23;26;22;301
        Brignano-Frascata;198;171;27;213;166;13;20;15;411
        Cabella Ligure;201;173;28;259;193;18;28;21;460
        Camagna Monferrato;238;210;28;210;144;24;27;15;448
        Camino;339;302;37;338;222;33;52;31;677
        Cantalupo Ligure;199;185;14;230;168;15;27;20;429
        Capriata d'Orba;852;771;81;789;496;95;131;67;1.641
        Carbonara Scrivia;537;486;51;423;242;63;77;41;960
        Carentino;130;118;12;145;79;16;31;20;275
        Carezzano;206;185;21;196;137;18;22;19;402
        Carpeneto;443;405;38;431;273;53;72;33;874
        Carrega Ligure;34;29;5;51;38;2;6;5;84
        Carrosio;236;209;27;202;117;25;37;23;438
        Cartosio;291;261;30;367;217;45;65;40;658
        Casal Cermelli;561;506;55;508;301;68;86;53;1.069
        Casale Monferrato;16.162;13.701;2.461;14.179;8.084;2.047;2.219;1.830;30.341
        Casaleggio Boiro;191;174;17;157;87;28;28;15;348
        Casalnoceto;476;432;44;376;225;52;58;41;852
        Casasco;61;52;9;62;43;5;9;5;122
        Cassano Spinola;808;738;70;851;527;89;163;73;1.659
        Cassine;1.331;1.136;195;1.303;780;132;238;153;2.634
        Cassinelle;368;325;43;432;273;48;72;39;800
        Castellania Coppi;36;33;3;42;31;1;6;4;77
        Castellar Guidobono;202;181;21;155;96;17;25;17;357
        Castellazzo Bormida;2.102;1.864;238;1.790;1.061;233;307;190;3.892
        Castelletto d'Erro;64;56;8;77;53;5;9;10;140
        Castelletto d'Orba;877;777;100;886;505;92;162;128;1.763
        Castelletto Merli;213;201;12;201;118;22;49;13;414
        Castelletto Monferrato;699;626;73;619;351;95;115;59;1.318
        Castelnuovo Bormida;302;259;43;298;182;36;52;29;600
        Castelnuovo Scrivia;2.406;2.145;261;2.119;1.278;264;371;206;4.525
        Castelspina;172;156;16;191;115;24;31;21;363
        Cavatore;122;104;18;122;78;14;17;13;244
        Cella Monte;245;225;20;197;120;34;26;18;442
        Cereseto;171;150;21;191;127;24;27;14;362
        Cerreto Grue;146;137;9;125;82;13;18;12;271
        Cerrina Monferrato;589;525;64;610;384;67;98;61;1.199
        Coniolo;218;202;16;168;113;19;22;15;386
        Conzano;447;387;60;410;227;68;67;48;857
        Costa Vescovato;142;125;17;146;97;14;21;14;287
        Cremolino;499;450;49;447;266;51;83;48;946
        Cuccaro Monferrato;141;131;10;154;98;13;29;14;295
        Denice;70;57;13;89;67;5;9;8;159
        Dernice;74;70;4;102;82;4;10;7;176
        Fabbrica Curone;250;221;29;319;243;23;28;26;569
        Felizzano;983;867;116;994;578;119;199;98;1.977
        Fraconalto;154;140;14;139;89;11;30;9;292
        Francavilla Bisio;238;217;21;204;136;21;30;17;441
        Frascaro;193;171;22;171;106;23;26;16;364
        Frassinello Monferrato;217;190;27;230;144;27;39;20;447
        Frassineto Po;652;584;68;561;338;79;88;57;1.213
        Fresonara;334;305;29;255;160;33;40;23;589
        Frugarolo;860;787;73;825;505;91;156;73;1.684
        Fubine Monferrato;754;696;58;652;408;74;98;72;1.406
        Gabiano;476;411;65;533;342;53;78;60;1.008
        Gamalero;370;327;43;366;208;53;72;33;735
        Garbagna;300;262;39;307;198;40;43;26;607
        Gavi;2.127;1.933;194;1.863;1.133;224;339;168;3.990
        Giarole;311;281;30;312;190;39;52;32;623
        Gremiasco;121;108;13;172;116;16;27;13;293
        Grognardo;105;91;14;119;80;8;19;13;224
        Grondona;219;195;24;226;148;23;35;20;445
        Guazzora;124;112;12;127;91;6;24;6;251
        Isola Sant'Antonio;328;285;43;278;180;26;48;24;606
        Lerma;370;334;36;377;245;29;66;38;747
        Lu;554;503;51;430;276;54;53;47;984
        Lu e Cuccaro Monferrato;..;..;..;..;..;..;..;..;..
        Malvicino;32;31;1;42;30;2;7;3;74
        Masio;595;539;56;609;408;76;77;49;1.204
        Melazzo;593;508;85;576;325;86;106;60;1.168
        Merana;82;72;10;77;52;6;12;7;158
        Mirabello Monferrato;568;494;74;602;375;68;110;49;1.170
        Molare;961;865;96;879;509;99;178;93;1.840
        Molino dei Torti;262;223;39;276;174;29;45;28;537
        Mombello Monferrato;438;396;42;447;274;48;73;53;885
        Momperone;104;95;9;94;61;10;11;12;197
        Moncestino;86;73;14;89;53;10;12;15;175
        Mongiardino Ligure;65;55;10;83;66;4;7;6;148
        Monleale;270;244;26;235;149;31;34;21;505
        Montacuto;106;90;16;137;109;10;8;11;243
        Montaldeo;93;79;14;143;96;11;20;16;236
        Montaldo Bormida;269;239;30;308;206;30;43;29;577
        Montecastello;149;131;18;130;80;12;24;14;279
        Montechiaro d'Acqui;244;212;32;246;150;24;41;31;490
        Montegioco;142;125;17;123;81;13;17;12;265
        Montemarzino;132;108;24;137;89;11;21;16;269
        Morano sul Po;633;555;78;610;375;63;108;64;1.243
        Morbello;180;151;29;215;144;20;31;20;395
        Mornese;326;295;31;330;198;35;64;33;656
        Morsasco;269;246;23;298;172;35;62;30;567
        Murisengo;589;536;53;637;400;79;94;65;1.226
        Novi Ligure;13.265;11.542;1.723;11.819;6.739;1.537;2.188;1.355;25.084
        Occimiano;597;516;81;522;294;83;90;55;1.119
        Odalengo Grande;167;150;17;229;165;13;32;19;396
        Odalengo Piccolo;102;94;8;113;73;11;18;11;215
        Olivola;47;42;5;55;33;6;7;10;102
        Orsara Bormida;173;148;25;183;125;19;28;11;356
        Ottiglio;291;245;46;268;157;28;49;34;559
        Ovada;4.997;4.481;516;4.983;3.074;560;879;471;9.980
        Oviglio;561;508;53;535;338;66;80;51;1.096
        Ozzano Monferrato;624;554;70;627;383;88;98;58;1.251
        Paderna;84;78;6;95;67;6;14;9;179
        Pareto;222;195;27;263;195;21;23;24;485
        Parodi Ligure;277;237;40;331;222;36;38;35;607
        Pasturana;619;579;41;499;283;87;84;46;1.118
        Pecetto di Valenza;548;499;49;522;306;71;97;48;1.070
        Pietra Marazzi;417;376;41;398;236;70;55;37;814
        Pomaro Monferrato;174;139;35;154;100;17;20;18;328
        Pontecurone;1.592;1.400;193;1.524;1.003;162;217;142;3.116
        Pontestura;630;556;74;640;399;78;96;67;1.270
        Ponti;238;211;27;269;181;18;49;21;507
        Ponzano Monferrato;156;140;16;144;89;15;26;14;299
        Ponzone;381;334;47;562;374;34;82;72;943
        Pozzol Groppo;124;112;12;160;116;12;18;14;284
        Pozzolo Formigaro;2.212;2.008;204;1.837;1.034;235;397;171;4.048
        Prasco;226;193;33;220;133;28;36;23;446
        Predosa;848;762;86;895;572;103;138;83;1.743
        Quargnento;644;582;62;560;334;80;94;52;1.204
        Quattordio;645;584;61;765;486;85;130;65;1.410
        Ricaldone;304;257;47;268;156;30;54;29;571
        Rivalta Bormida;654;593;61;617;397;76;81;63;1.271
        Rivarone;201;160;41;164;87;21;28;28;365
        Rocca Grimalda;712;646;66;609;372;68;110;60;1.321
        Roccaforte Ligure;47;41;6;69;54;3;7;5;116
        Rocchetta Ligure;89;77;12;106;71;9;16;11;195
        Rosignano Monferrato;747;682;65;620;359;109;89;63;1.366
        Sala Monferrato;153;141;12;163;116;19;13;16;316
        Sale;1.854;1.639;215;1.699;1.012;200;304;183;3.553
        San Cristoforo;261;237;24;265;174;33;38;21;526
        San Giorgio Monferrato;587;539;48;499;299;79;77;44;1.086
        San Salvatore Monferrato;1.894;1.708;186;1.859;1.123;236;309;191;3.752
        San Sebastiano Curone;257;216;41;236;140;25;43;28;493
        Sant'Agata Fossili;178;161;17;188;133;14;20;21;366
        Sardigliano;175;158;17;179;121;17;26;16;354
        Sarezzano;581;524;57;446;257;80;73;36;1.027
        Serralunga di Crea;247;218;29;236;158;20;34;24;483
        Serravalle Scrivia;2.729;2.342;387;2.462;1.387;297;535;244;5.191
        Sezzadio;606;532;74;496;311;49;86;50;1.102
        Silvano d'Orba;909;804;105;797;483;99;147;69;1.706
        Solero;728;643;85;750;452;97;128;73;1.478
        Solonghello;99;89;10;86;58;11;8;9;185
        Spigno Monferrato;435;384;51;485;327;45;63;50;920
        Spineto Scrivia;164;146;18;163;104;19;25;15;327
        Stazzano;1.131;1.031;101;981;570;141;172;99;2.112
        Strevi;883;764;119;809;440;92;182;95;1.692
        Tagliolo Monferrato;733;649;84;657;390;83;119;65;1.390
        Tassarolo;314;291;23;252;153;30;50;20;566
        Terruggia;447;412;35;344;198;63;45;38;791
        Terzo;409;363;46;352;219;47;53;34;761
        Ticineto;619;531;88;581;338;84;98;61;1.200
        Tortona;13.211;11.483;1.728;10.908;6.171;1.599;1.907;1.231;24.119
        Treville;129;117;12;119;70;18;20;11;248
        Trisobbio;286;252;34;324;195;31;63;36;610
        Valenza;8.869;7.781;1.088;7.837;4.569;1.106;1.323;839;16.706
        Valmacca;455;392;63;453;277;52;68;56;908
        Vignale Monferrato;475;419;56;427;269;42;69;47;902
        Vignole Borbera;960;870;91;890;526;122;159;84;1.850
        Viguzzolo;1.485;1.330;155;1.176;696;147;213;120;2.660
        Villadeati;219;195;24;207;134;16;36;21;425
        Villalvernia;426;380;46;369;211;41;81;36;795
        Villamiroglio;135;119;16;145;99;9;21;16;279
        Villanova Monferrato;863;773;90;753;454;105;125;69;1.616
        Villaromagnano;305;281;24;303;199;28;47;29;608
        Visone;564;479;85;516;314;58;83;61;1.080
        Volpedo;533;477;57;525;330;64;81;50;1.058
        Volpeglino;67;61;6;53;30;8;9;7;120
        Voltaggio;323;294;29;311;205;21;55;30;633
      Biella;79.992;72.514;7.478;76.473;49.759;10.439;8.853;7.422;156.465
        Ailoche;138;126;12;134;92;13;16;13;272
        Andorno Micca;1.369;1.237;132;1.453;935;184;169;165;2.822
        Benna;573;522;51;453;317;59;40;37;1.025
        Biella;20.321;17.999;2.322;19.191;11.773;2.805;2.432;2.181;39.512
        Bioglio;398;360;38;397;287;39;34;37;795
        Borriana;406;374;32;362;240;53;45;25;768
        Brusnengo;933;859;74;864;554;103;126;81;1.796
        Callabiana;64;59;5;54;37;6;6;5;118
        Camandona;138;121;17;167;110;22;20;15;305
        Camburzano;519;487;32;511;367;59;48;37;1.030
        Campiglia Cervo;219;196;23;239;152;28;30;30;458
        Candelo;3.427;3.156;271;3.163;2.111;438;347;268;6.590
        Caprile;90;82;8;79;59;5;9;6;169
        Casapinta;189;173;16;182;116;35;17;15;371
        Castelletto Cervo;386;344;42;319;179;51;53;36;704
        Cavaglià;1.684;1.501;183;1.509;928;202;223;156;3.193
        Cerreto Castello;299;269;30;242;153;36;33;21;541
        Cerrione;1.399;1.297;102;1.113;705;153;146;109;2.511
        Coggiola;731;665;66;902;668;82;73;80;1.633
        Cossato;6.471;5.901;570;6.450;4.318;839;706;587;12.920
        Crevacuore;656;599;57;682;484;77;65;56;1.338
        Curino;197;174;23;220;150;20;28;22;416
        Donato;337;312;25;318;206;39;42;31;655
        Dorzano;253;224;29;208;137;27;21;23;461
        Gaglianico;1.704;1.561;143;1.617;1.064;203;198;152;3.321
        Gifflenga;51;47;4;45;30;6;8;2;96
        Graglia;678;615;63;688;459;82;85;62;1.366
        Lessona;1.236;1.130;106;1.197;787;173;120;117;2.432
        Magnano;167;142;25;198;108;13;36;42;365
        Massazza;263;235;28;211;146;23;24;18;474
        Masserano;943;842;101;890;581;113;109;87;1.833
        Mezzana Mortigliengo;179;170;10;285;222;28;14;21;464
        Miagliano;246;216;30;249;165;30;34;20;495
        Mongrando;1.677;1.518;159;1.658;1.079;220;219;141;3.335
        Mosso;619;569;50;696;489;88;63;56;1.315
        Mottalciata;662;624;38;510;339;70;61;40;1.172
        Muzzano;289;268;22;258;160;38;32;29;547
        Netro;405;370;35;471;328;45;54;45;876
        Occhieppo Inferiore;1.784;1.634;150;1.682;1.140;221;174;147;3.466
        Occhieppo Superiore;1.236;1.145;91;1.194;774;182;141;98;2.430
        Pettinengo;659;579;80;705;457;101;70;77;1.364
        Piatto;235;221;14;224;146;37;24;17;459
        Piedicavallo;80;74;6;83;56;9;9;9;163
        Pollone;999;925;74;877;548;147;102;80;1.876
        Ponderano;1.775;1.624;151;1.600;1.038;233;178;151;3.375
        Portula;495;460;35;584;439;60;43;42;1.079
        Pralungo;1.101;1.001;101;1.042;675;143;126;98;2.143
        Pray;864;797;67;992;706;126;81;79;1.856
        Quaregna;696;644;52;533;334;83;70;46;1.228
        Quaregna Cerreto;..;..;..;..;..;..;..;..;..
        Ronco Biellese;694;627;67;618;358;130;80;52;1.312
        Roppolo;405;370;35;382;254;44;47;37;787
        Rosazza;35;30;5;48;29;4;9;6;82
        Sagliano Micca;736;658;79;696;428;97;86;85;1.432
        Sala Biellese;251;229;22;259;176;23;37;24;510
        Salussola;922;843;79;780;521;102;84;73;1.702
        Sandigliano;1.270;1.176;94;1.126;713;192;126;96;2.396
        Soprana;296;281;15;314;233;32;25;25;610
        Sordevolo;622;554;69;538;329;79;74;57;1.160
        Sostegno;368;345;23;319;211;47;37;24;687
        Strona;475;433;42;497;332;69;50;46;972
        Tavigliano;443;411;32;376;246;59;39;33;819
        Ternengo;121;110;11;130;92;13;13;12;250
        Tollegno;1.095;987;108;1.087;717;166;102;103;2.182
        Torrazzo;85;79;7;89;58;12;14;6;174
        Trivero;2.353;2.183;170;2.587;1.802;330;242;213;4.940
        Valdengo;1.120;1.041;80;1.051;703;146;111;92;2.171
        Valdilana;..;..;..;..;..;..;..;..;..
        Vallanzengo;107;97;10;83;65;11;4;3;190
        Valle Mosso;1.379;1.238;142;1.489;956;196;191;147;2.868
        Valle San Nicolao;434;383;51;429;292;61;38;38;863
        Veglio;206;180;27;214;151;17;25;22;420
        Verrone;633;595;38;454;287;81;48;38;1.087
        Vigliano Biellese;3.630;3.327;304;3.286;2.223;432;334;297;6.916
        Villa del Bosco;143;131;12;152;95;17;20;21;295
        Villanova Biellese;95;87;8;65;43;5;11;6;160
        Viverone;638;576;62;614;393;80;76;65;1.252
        Zimone;194;180;14;162;110;18;20;15;356
        Zubiena;525;482;43;501;326;66;67;42;1.026
        Zumaglia;482;438;44;431;277;69;47;39;913
      Verbano-Cusio-Ossola;70.158;61.856;8.302;69.514;38.369;9.255;13.964;7.927;139.671
        Antrona Schieranco;163;155;8;228;158;11;46;13;391
        Anzola d'Ossola;184;173;11;183;112;29;29;14;367
        Arizzano;914;793;121;858;451;151;158;98;1.772
        Arola;114;102;12;103;61;15;17;11;217
        Aurano;48;39;9;50;32;3;9;6;98
        Baceno;392;357;35;408;255;47;66;40;800
        Bannio Anzino;174;153;21;253;142;27;54;30;427
        Baveno;2.305;2.055;250;2.021;1.140;270;397;214;4.326
        Bee;337;296;41;317;163;42;68;44;653
        Belgirate;216;192;24;237;123;33;51;30;453
        Beura-Cardezza;633;565;68;645;366;71;155;53;1.278
        Bognanco;80;72;8;94;70;3;13;8;174
        Borgomezzavalle;124;111;13;156;93;13;33;17;280
        Brovello-Carpugnino;377;344;33;262;137;35;61;30;639
        Calasca-Castiglione;242;212;30;329;178;24;99;28;570
        Cambiasca;736;652;84;669;396;102;97;74;1.405
        Cannero Riviera;353;299;54;471;233;60;113;65;824
        Cannobio;2.063;1.732;331;2.454;1.170;298;642;344;4.517
        Caprezzo;74;64;10;82;46;7;17;12;156
        Casale Corte Cerro;1.687;1.544;143;1.358;805;236;186;131;3.045
        Cavaglio-Spoccia;99;74;25;143;60;11;45;27;242
        Ceppo Morelli;109;94;15;169;114;10;32;13;278
        Cesara;259;240;20;277;161;45;52;20;536
        Cossogno;310;272;38;282;152;38;51;41;592
        Craveggia;321;263;58;364;166;45;94;59;685
        Crevoladossola;1.993;1.780;213;2.005;978;284;523;220;3.998
        Crodo;595;551;44;638;378;76;124;60;1.232
        Cursolo-Orasso;19;17;2;67;30;7;16;14;86
        Domodossola;8.165;7.166;1.000;8.038;4.252;1.065;1.759;963;16.203
        Druogno;421;329;92;479;200;64;136;80;900
        Falmenta;27;22;5;93;55;1;26;11;120
        Formazza;211;189;22;186;113;20;34;19;397
        Germagno;78;74;4;89;56;15;10;8;167
        Ghiffa;1.014;903;111;1.081;596;134;214;137;2.094
        Gignese;474;436;38;437;243;43;103;48;910
        Gravellona Toce;3.648;3.270;378;3.111;1.870;384;537;321;6.759
        Gurro;64;55;10;117;72;4;25;16;181
        Intragna;43;40;3;44;28;4;7;5;87
        Loreglia;91;87;4;120;94;8;11;8;211
        Macugnaga;265;233;32;220;137;23;37;23;485
        Madonna del Sasso;200;178;22;174;105;24;21;25;374
        Malesco;463;376;87;748;314;71;262;101;1.211
        Masera;662;595;67;639;334;96;150;59;1.300
        Massiola;52;47;5;61;38;8;7;8;113
        Mergozzo;994;892;102;882;486;124;178;94;1.875
        Miazzina;183;146;37;169;98;21;27;24;352
        Montecrestese;530;471;59;569;336;59;113;61;1.099
        Montescheno;145;137;8;204;118;20;44;22;349
        Nonio;398;366;32;346;210;43;55;38;744
        Oggebbio;331;269;62;442;210;46;125;62;773
        Omegna;6.920;6.198;722;6.272;3.813;923;884;652;13.192
        Ornavasso;1.624;1.504;121;1.331;785;204;223;119;2.955
        Pallanzeno;484;428;56;539;287;80;131;41;1.023
        Piedimulera;643;568;75;701;350;73;206;72;1.344
        Pieve Vergonte;1.042;930;112;1.215;652;136;317;111;2.257
        Premeno;341;299;42;339;198;44;58;40;680
        Premia;246;225;21;247;158;23;50;17;493
        Premosello-Chiovenda;874;800;74;894;511;113;193;78;1.768
        Quarna Sopra;117;108;9;118;82;13;15;8;235
        Quarna Sotto;160;148;12;176;119;17;27;14;336
        Re;235;181;54;397;176;35;124;62;632
        San Bernardino Verbano;627;554;74;511;270;75;102;64;1.138
        Santa Maria Maggiore;528;444;84;613;279;65;186;84;1.140
        Stresa;2.164;1.947;217;2.032;1.122;266;407;238;4.196
        Toceno;285;247;38;343;137;36;134;36;628
        Trarego Viggiona;144;118;26;220;106;22;58;34;364
        Trasquera;66;59;7;95;61;5;16;13;161
        Trontano;718;646;72;782;421;109;173;79;1.499
        Valle Cannobina;..;..;..;..;..;..;..;..;..
        Valstrona;554;516;38;508;289;69;109;41;1.062
        Vanzone con San Carlo;171;153;18;179;110;20;31;19;350
        Varzo;780;669;111;1.015;511;97;305;102;1.794
        Verbania;13.820;11.828;1.992;13.245;7.388;2.003;2.144;1.711;27.065
        Vignone;587;538;49;435;235;88;73;41;1.022
        Villadossola;2.776;2.470;306;3.031;1.707;361;659;304;5.807
        Villette;103;98;5;133;70;17;38;8;236
        Vogogna;774;702;72;776;404;97;177;98;1.549
    Valle d'Aosta / Vallée d'Aoste;60.190;54.345;5.845;48.988;26.946;8.363;7.579;6.100;109.178
      Valle d'Aosta / Vallée d'Aoste;60.190;54.345;5.845;48.988;26.946;8.363;7.579;6.100;109.178
        Allein;100;96;4;88;66;11;5;6;188
        Antey-Saint-André;274;257;17;227;106;33;44;45;501
        Aosta;15.554;14.092;1.462;14.392;7.985;2.305;2.273;1.830;29.946
        Arnad;586;546;40;508;316;69;59;64;1.094
        Arvier;446;393;54;314;179;55;41;39;760
        Avise;134;127;7;130;77;18;18;17;263
        Ayas;662;595;68;504;232;79;94;99;1.166
        Aymavilles;980;911;69;795;403;144;161;88;1.775
        Bard;57;54;3;46;31;3;6;6;103
        Bionaz;112;106;6;84;53;15;8;8;196
        Brissogne;510;470;40;330;176;70;43;41;840
        Brusson;414;375;39;381;219;70;51;41;794
        Challand-Saint-Anselme;329;303;26;325;182;45;52;46;654
        Challand-Saint-Victor;250;232;18;234;142;28;42;22;483
        Chambave;453;408;45;366;245;49;40;32;819
        Chamois;59;41;19;36;24;6;2;5;95
        Champdepraz;364;329;35;272;148;55;33;36;636
        Champorcher;192;166;26;181;120;20;24;18;373
        Charvensod;1.180;1.092;88;856;459;177;130;90;2.036
        Châtillon;2.176;1.896;281;1.887;1.044;294;311;238;4.063
        Cogne;664;593;71;581;330;100;99;52;1.245
        Courmayeur;1.396;1.226;170;1.050;458;172;238;182;2.446
        Donnas;1.134;1.030;104;1.049;640;174;155;80;2.183
        Doues;269;252;17;179;121;33;12;13;448
        Emarèse;104;94;10;81;54;9;6;12;185
        Etroubles;266;202;64;165;98;28;15;25;431
        Fénis;833;776;57;690;391;124;108;67;1.523
        Fontainemore;202;189;13;183;111;30;27;16;385
        Gaby;219;190;29;203;129;29;26;20;422
        Gignod;874;818;56;575;292;137;74;73;1.449
        Gressan;1.698;1.566;132;1.197;659;251;152;136;2.895
        Gressoney-La-Trinité;147;137;10;106;47;24;19;16;253
        Gressoney-Saint-Jean;385;359;26;328;173;50;54;51;713
        Hône;578;534;44;472;297;73;54;48;1.049
        Introd;318;292;26;235;139;42;27;27;553
        Issime;206;180;26;145;96;22;12;15;351
        Issogne;629;577;52;536;345;52;54;86;1.165
        Jovençan;391;363;29;240;132;50;28;31;631
        La Magdeleine;68;53;15;31;19;4;2;7;99
        La Salle;947;861;86;747;393;121;124;109;1.694
        La Thuile;404;362;42;314;142;50;67;56;718
        Lillianes;223;209;14;173;100;27;25;21;396
        Montjovet;926;833;93;643;366;116;86;75;1.569
        Morgex;996;895;101;812;381;150;172;109;1.808
        Nus;1.491;1.334;157;1.015;523;214;141;137;2.506
        Ollomont;91;85;6;56;39;5;4;8;147
        Oyace;98;97;1;83;52;8;14;9;180
        Perloz;226;204;23;180;107;29;26;19;406
        Pollein;776;702;74;535;304;109;69;54;1.311
        Pontboset;85;77;8;73;48;8;9;8;158
        Pontey;424;358;66;291;159;72;26;35;714
        Pont-Saint-Martin;1.649;1.486;163;1.518;846;226;280;166;3.166
        Pré-Saint-Didier;517;438;79;370;176;54;73;67;887
        Quart;2.129;1.908;222;1.282;710;267;148;157;3.411
        Rhêmes-Notre-Dame;40;38;2;39;20;6;2;11;79
        Rhêmes-Saint-Georges;84;77;7;74;51;15;4;5;158
        Roisan;539;500;39;345;179;84;41;41;884
        Saint-Christophe;1.648;1.534;114;1.287;711;262;205;109;2.935
        Saint-Denis;191;185;7;132;79;24;16;14;323
        Saint-Marcel;652;583;70;488;258;104;69;58;1.140
        Saint-Nicolas;167;154;13;105;60;17;15;13;271
        Saint-Oyen;88;82;6;80;47;10;16;7;167
        Saint-Pierre;1.589;1.454;135;1.108;599;204;181;124;2.697
        Saint-Rhémy-en-Bosses;146;140;6;151;99;24;15;13;297
        Saint-Vincent;2.102;1.838;264;1.854;985;288;352;230;3.956
        Sarre;2.451;2.221;231;1.699;938;324;248;189;4.150
        Torgnon;257;233;24;234;141;34;28;31;491
        Valgrisenche;105;89;16;68;54;8;2;5;173
        Valpelline;298;284;14;229;122;43;41;23;526
        Valsavarenche;84;80;4;79;49;13;11;6;163
        Valtournenche;1.085;974;111;899;357;162;207;174;1.984
        Verrayes;571;542;29;519;312;76;78;53;1.090
        Verrès;1.226;1.005;221;1.043;575;150;135;183;2.269
        Villeneuve;677;569;108;466;232;116;57;61;1.143
    Liguria;692.993;617.827;75.166;669.813;367.496;92.324;128.810;81.184;1.362.806
      Imperia;92.260;79.519;12.741;94.511;52.035;11.917;16.739;13.820;186.770
        Airole;140;122;18;185;104;9;51;21;325
        Apricale;234;197;37;286;156;22;70;38;520
        Aquila d'Arroscia;77;72;5;70;48;7;6;9;147
        Armo;37;31;6;61;38;5;12;6;98
        Aurigo;114;102;12;176;118;19;27;12;289
        Badalucco;495;429;66;496;284;52;86;74;991
        Bajardo;135;110;26;184;112;14;30;28;319
        Bordighera;4.227;3.632;595;4.933;2.732;568;907;726;9.160
        Borghetto d'Arroscia;171;160;11;215;163;15;20;18;386
        Borgomaro;361;319;42;395;266;37;55;38;755
        Camporosso;2.383;1.991;393;2.294;1.095;345;509;345;4.677
        Caravonica;131;121;10;114;72;10;15;17;245
        Castel Vittorio;96;88;8;162;128;9;15;10;258
        Castellaro;607;544;63;481;270;63;82;66;1.088
        Ceriana;467;386;81;556;331;54;88;83;1.023
        Cervo;501;433;68;514;317;49;74;74;1.015
        Cesio;140;125;15;99;61;13;19;6;239
        Chiusanico;273;254;19;237;157;20;35;25;510
        Chiusavecchia;255;223;32;177;100;25;36;16;432
        Cipressa;547;478;69;535;301;66;105;63;1.082
        Civezza;267;234;33;245;151;35;39;20;512
        Cosio d'Arroscia;74;64;10;107;83;4;12;8;181
        Costarainera;345;303;42;350;183;52;63;52;695
        Diano Arentino;298;269;29;309;184;38;58;29;606
        Diano Castello;1.094;933;161;871;457;139;146;129;1.964
        Diano Marina;2.506;2.183;323;2.700;1.693;268;417;322;5.206
        Diano San Pietro;537;484;53;437;256;60;78;43;974
        Dolceacqua;889;752;137;905;481;108;175;141;1.794
        Dolcedo;593;522;71;579;342;73;95;69;1.172
        Imperia;19.145;16.753;2.392;18.069;9.740;2.721;3.103;2.506;37.214
        Isolabona;295;251;44;284;151;35;52;46;579
        Lucinasco;131;117;14;120;64;21;21;14;251
        Mendatica;85;83;2;82;55;7;10;10;166
        Molini di Triora;225;191;34;325;203;22;47;54;550
        Montalto Carpasio;202;172;30;274;175;21;35;43;476
        Montegrosso Pian Latte;46;44;2;67;51;5;6;5;113
        Olivetta San Michele;74;61;14;107;60;6;27;15;181
        Ospedaletti;1.377;1.211;167;1.525;867;165;276;217;2.902
        Perinaldo;318;278;40;419;239;44;80;57;736
        Pietrabruna;189;176;13;219;135;29;30;25;408
        Pieve di Teco;599;543;56;588;381;72;81;54;1.187
        Pigna;282;250;32;428;256;40;79;53;710
        Pompeiana;405;354;51;333;194;39;60;41;738
        Pontedassio;1.145;1.016;130;886;511;156;127;92;2.031
        Pornassio;302;269;33;316;182;29;38;68;618
        Prelà;170;139;31;250;153;24;38;35;420
        Ranzo;245;223;22;242;157;24;43;19;487
        Rezzo;141;128;13;151;108;8;22;13;291
        Riva Ligure;1.272;1.117;155;1.269;776;148;163;182;2.541
        Rocchetta Nervina;116;96;21;120;59;15;25;21;236
        San Bartolomeo al Mare;1.340;1.154;186;1.426;859;150;220;197;2.766
        San Biagio della Cima;582;498;84;534;260;94;104;77;1.116
        San Lorenzo al Mare;576;517;59;554;355;69;67;63;1.129
        Sanremo;23.229;19.995;3.234;23.884;12.939;2.975;4.253;3.718;47.113
        Santo Stefano al Mare;943;844;99;934;565;125;131;114;1.877
        Seborga;122;107;15;142;98;13;22;10;264
        Soldano;452;376;76;417;196;64;103;54;868
        Taggia;6.410;5.596;814;5.821;3.354;812;893;763;12.231
        Terzorio;111;99;12;98;67;13;11;8;209
        Triora;147;126;21;185;123;13;28;21;332
        Vallebona;602;510;93;523;295;62;103;64;1.125
        Vallecrosia;2.966;2.543;423;3.174;1.777;396;559;442;6.140
        Vasia;156;139;17;204;146;15;22;21;360
        Ventimiglia;9.549;7.708;1.841;11.551;5.624;1.270;2.490;2.167;21.100
        Vessalico;115;99;16;126;72;17;16;23;241
        Villa Faraldi;206;181;25;195;111;23;35;26;401
      Savona;122.927;109.147;13.780;120.819;68.628;16.444;22.334;13.413;243.745
        Alassio;4.835;4.227;608;4.771;2.606;642;858;665;9.606
        Albenga;11.234;9.742;1.492;9.445;5.072;1.405;1.700;1.268;20.679
        Albisola Superiore;4.189;3.760;429;4.761;2.863;597;835;466;8.950
        Albissola Marina;2.295;2.098;198;2.480;1.456;347;431;246;4.775
        Altare;848;750;98;952;601;99;161;92;1.800
        Andora;3.358;2.930;428;3.180;1.826;465;527;362;6.538
        Arnasco;289;249;40;245;155;32;38;20;534
        Balestrino;253;232;21;232;149;37;33;13;485
        Bardineto;316;289;27;353;223;32;63;36;669
        Bergeggi;507;461;46;473;278;69;82;45;980
        Boissano;1.257;1.118;139;938;484;187;159;108;2.194
        Borghetto Santo Spirito;1.887;1.582;305;2.331;1.432;263;347;290;4.218
        Borgio Verezzi;927;826;101;1.013;606;132;159;116;1.940
        Bormida;154;144;10;186;125;12;40;9;340
        Cairo Montenotte;5.644;5.134;510;5.731;3.103;742;1.340;546;11.375
        Calice Ligure;791;710;81;722;415;121;123;63;1.513
        Calizzano;650;602;48;668;429;67;111;61;1.318
        Carcare;2.399;2.229;170;2.529;1.464;367;491;207;4.928
        Casanova Lerrone;300;259;42;343;213;38;57;36;643
        Castelbianco;136;120;16;133;73;22;25;13;269
        Castelvecchio di Rocca Barbena;52;41;11;84;51;7;20;7;136
        Celle Ligure;2.264;2.019;245;2.384;1.354;328;407;295;4.648
        Cengio;1.373;1.241;132;1.622;898;197;400;128;2.995
        Ceriale;2.497;2.136;361;2.340;1.353;314;407;266;4.837
        Cisano sul Neva;1.005;888;117;802;408;135;151;109;1.807
        Cosseria;449;408;41;490;262;75;110;43;939
        Dego;847;773;74;904;519;113;208;64;1.751
        Erli;78;63;15;128;83;7;16;22;206
        Finale Ligure;5.093;4.480;613;5.156;2.962;669;880;645;10.249
        Garlenda;627;559;69;438;239;71;87;41;1.065
        Giustenice;456;416;40;425;260;64;61;41;881
        Giusvalla;181;167;14;218;161;19;28;11;399
        Laigueglia;806;689;117;767;457;72;130;108;1.573
        Loano;4.799;4.206;593;4.937;2.964;646;768;560;9.736
        Magliolo;466;432;34;396;243;57;68;29;862
        Mallare;451;413;38;539;321;62;118;39;990
        Massimino;44;40;4;55;39;2;10;4;98
        Millesimo;1.469;1.348;122;1.440;832;180;319;110;2.909
        Mioglia;199;183;17;259;162;26;47;25;458
        Murialdo;347;315;32;394;248;48;66;32;741
        Nasino;63;57;6;108;66;11;20;12;171
        Noli;1.173;1.037;136;1.179;680;138;213;148;2.352
        Onzo;86;80;6;107;65;12;18;12;193
        Orco Feglino;406;366;40;394;239;48;73;34;800
        Ortovero;800;713;87;541;277;97;99;68;1.341
        Osiglia;186;168;18;240;125;26;61;28;425
        Pallare;405;370;35;416;204;55;124;33;821
        Piana Crixia;370;322;49;372;241;30;81;21;742
        Pietra Ligure;3.845;3.374;471;3.890;2.404;491;565;431;7.735
        Plodio;293;278;15;258;152;36;55;16;551
        Pontinvrea;340;307;33;396;248;37;75;36;735
        Quiliano;3.125;2.847;278;3.134;1.774;430;623;307;6.259
        Rialto;254;231;23;246;148;29;49;20;500
        Roccavignale;326;298;29;357;198;45;85;29;683
        Sassello;801;754;47;798;538;93;103;65;1.599
        Savona;26.984;23.889;3.095;26.246;14.194;3.792;5.165;3.096;53.230
        Spotorno;1.572;1.389;183;1.701;998;188;317;198;3.273
        Stella;1.382;1.231;151;1.268;730;174;236;129;2.650
        Stellanello;372;313;60;351;200;48;58;45;723
        Testico;68;60;8;98;56;15;19;9;166
        Toirano;1.285;1.140;145;979;513;169;182;115;2.264
        Tovo San Giacomo;1.256;1.149;107;969;584;153;149;84;2.225
        Urbe;296;272;24;372;248;38;54;32;667
        Vado Ligure;3.668;3.295;373;3.689;2.098;500;713;378;7.356
        Varazze;5.687;5.059;628;5.899;3.420;760;1.051;668;11.586
        Vendone;155;139;16;182;122;27;22;11;337
        Vezzi Portio;418;379;39;317;177;46;65;29;734
        Villanova d'Albenga;1.391;1.227;164;929;478;178;167;106;2.320
        Zuccarello;151;130;21;122;70;17;18;18;273
      Genova;377.490;339.501;37.989;361.326;197.304;51.066;69.914;43.042;738.816
        Arenzano;5.068;4.679;389;5.016;2.957;695;857;508;10.084
        Avegno;1.238;1.121;117;989;500;172;223;94;2.227
        Bargagli;1.232;1.111;122;1.121;616;171;231;104;2.353
        Bogliasco;1.943;1.778;165;1.958;1.086;287;358;228;3.900
        Borzonasca;855;742;113;966;573;99;168;127;1.821
        Busalla;2.413;2.207;206;2.471;1.381;310;538;243;4.884
        Camogli;2.352;2.146;207;2.342;1.316;313;450;263;4.694
        Campo Ligure;1.232;1.129;103;1.304;804;171;200;130;2.536
        Campomorone;2.967;2.711;256;3.070;1.785;420;586;279;6.037
        Carasco;1.780;1.571;209;1.432;712;249;311;160;3.212
        Casarza Ligure;3.215;2.878;337;2.626;1.444;375;542;266;5.840
        Casella;1.429;1.317;112;1.332;726;199;307;101;2.761
        Castiglione Chiavarese;672;595;77;744;422;97;144;81;1.416
        Ceranesi;1.775;1.638;137;1.570;863;239;327;142;3.345
        Chiavari;12.255;11.039;1.216;12.055;7.018;1.686;1.921;1.430;24.310
        Cicagna;1.096;967;129;980;493;144;230;113;2.076
        Cogoleto;4.053;3.705;348;3.954;2.491;534;580;349;8.007
        Cogorno;2.590;2.362;228;2.363;1.336;366;414;247;4.952
        Coreglia Ligure;126;114;12;108;63;11;22;12;234
        Crocefieschi;236;220;16;256;165;18;45;28;491
        Davagna;859;783;76;826;502;83;176;65;1.684
        Fascia;22;22;..;43;38;2;2;1;65
        Favale di Malvaro;178;156;22;219;119;27;52;21;397
        Fontanigorda;93;86;7;153;114;8;20;12;246
        Genova;259.702;233.061;26.641;246.317;131.390;35.865;48.403;30.660;506.019
        Gorreto;28;26;2;57;45;2;7;3;85
        Isola del Cantone;582;517;65;717;429;73;131;84;1.299
        Lavagna;5.489;4.908;581;5.629;3.216;750;974;690;11.117
        Leivi;1.155;1.056;99;1.009;555;154;197;103;2.164
        Lorsica;177;162;15;231;142;23;47;20;408
        Lumarzo;651;586;65;730;425;94;143;70;1.381
        Masone;1.666;1.528;138;1.578;914;215;278;171;3.244
        Mele;1.292;1.202;90;1.040;631;152;177;80;2.332
        Mezzanego;658;585;73;639;341;88;148;62;1.297
        Mignanego;1.697;1.545;152;1.488;840;208;288;152;3.185
        Moconesi;1.066;966;100;1.121;611;136;239;136;2.187
        Moneglia;1.193;1.036;157;1.250;744;125;235;146;2.443
        Montebruno;89;82;8;113;69;13;22;10;202
        Montoggio;928;853;75;896;485;118;212;81;1.824
        Ne;1.031;929;102;954;565;111;163;116;1.985
        Neirone;351;316;35;429;270;36;80;43;780
        Orero;230;212;18;256;154;29;46;27;485
        Pieve Ligure;1.116;1.020;96;1.071;583;157;218;113;2.186
        Portofino;189;168;21;166;79;16;41;31;355
        Propata;62;56;6;65;46;6;9;4;127
        Rapallo;13.337;11.694;1.643;12.599;6.947;1.647;2.402;1.603;25.936
        Recco;4.329;3.929;401;4.294;2.479;604;772;440;8.623
        Rezzoaglio;339;315;24;547;422;22;63;40;886
        Ronco Scrivia;1.912;1.721;191;1.834;1.046;224;391;173;3.746
        Rondanina;27;26;1;35;26;2;5;2;62
        Rossiglione;1.131;1.033;98;1.242;780;127;224;111;2.373
        Rovegno;224;202;22;246;168;21;36;22;470
        San Colombano Certenoli;1.184;1.085;99;1.084;622;152;221;89;2.268
        Santa Margherita Ligure;3.948;3.495;453;4.157;2.227;508;895;527;8.105
        Santo Stefano d'Aveto;503;466;37;509;357;35;73;45;1.012
        Sant'Olcese;2.638;2.455;183;2.467;1.459;332;476;201;5.105
        Savignone;1.476;1.363;113;1.252;720;178;243;111;2.728
        Serra Riccò;3.562;3.286;277;3.239;1.806;458;690;285;6.801
        Sestri Levante;7.961;7.167;794;8.275;4.748;1.019;1.533;976;16.236
        Sori;1.815;1.662;153;1.776;1.018;239;353;166;3.591
        Tiglieto;217;204;13;275;178;21;48;29;492
        Torriglia;1.042;965;77;984;612;95;193;85;2.026
        Tribogna;269;244;25;261;143;39;48;31;530
        Uscio;968;868;100;947;529;114;186;118;1.915
        Valbrevenna;356;334;22;363;220;50;62;31;719
        Vobbia;152;143;9;213;141;23;30;19;365
        Zoagli;1.073;958;116;1.077;602;118;214;143;2.150
      La Spezia;100.317;89.660;10.657;93.158;49.529;12.897;19.824;10.909;193.475
        Ameglia;1.936;1.733;203;1.964;1.040;240;476;209;3.899
        Arcola;4.735;4.188;547;4.411;2.243;620;1.017;531;9.146
        Beverino;1.096;999;97;976;572;118;195;91;2.072
        Bolano;3.383;3.026;357;3.204;1.627;489;761;327;6.587
        Bonassola;339;300;39;426;259;26;94;47;765
        Borghetto di Vara;396;356;40;437;263;52;79;44;833
        Brugnato;602;555;47;543;348;62;80;53;1.145
        Calice al Cornoviglio;494;441;53;495;289;48;94;64;989
        Carro;217;202;15;279;179;21;47;32;496
        Carrodano;197;174;23;251;168;17;40;26;448
        Castelnuovo Magra;3.767;3.315;452;3.611;1.810;489;875;437;7.378
        Deiva Marina;584;499;85;653;372;64;126;91;1.237
        Follo;2.994;2.737;257;2.512;1.231;404;654;223;5.506
        Framura;252;225;28;334;203;25;64;42;586
        La Spezia;43.254;38.338;4.916;38.670;19.799;5.710;8.245;4.916;81.923
        Lerici;4.299;3.826;473;4.698;2.670;516;925;587;8.997
        Levanto;2.379;2.174;205;2.440;1.452;294;482;212;4.819
        Maissana;239;219;20;323;216;28;50;29;562
        Monterosso al Mare;654;613;42;597;377;59;98;63;1.251
        Luni;3.820;3.398;422;3.623;1.797;539;887;400;7.442
        Pignone;248;233;15;257;163;31;47;17;505
        Portovenere;1.515;1.394;121;1.683;929;176;395;183;3.198
        Riccò del Golfo di Spezia;1.685;1.535;150;1.437;791;221;284;141;3.121
        Riomaggiore;618;593;25;713;494;55;113;51;1.331
        Rocchetta di Vara;274;252;22;348;240;24;39;45;622
        Santo Stefano di Magra;4.768;4.304;464;3.803;1.917;573;844;469;8.571
        Sarzana;10.333;9.225;1.108;9.063;4.822;1.413;1.767;1.061;19.395
        Sesta Godano;540;493;47;703;462;58;113;70;1.243
        Varese Ligure;816;759;57;938;644;79;140;75;1.753
        Vernazza;345;328;18;406;271;20;71;45;751
        Vezzano Ligure;3.332;3.030;302;3.134;1.732;416;677;310;6.466
        Zignago;209;199;10;229;151;12;46;20;438
    Lombardia;4.824.850;4.358.341;466.509;3.823.838;2.041.972;618.456;747.796;415.614;8.648.687
      Varese;411.189;364.284;46.906;354.682;192.667;55.634;67.947;38.434;765.871
        Agra;137;122;15;194;82;20;59;33;331
        Albizzate;2.426;2.181;245;2.109;1.219;328;375;187;4.535
        Angera;2.341;2.105;237;2.475;1.466;364;414;231;4.816
        Arcisate;4.136;3.486;651;4.387;2.009;683;1.124;571;8.523
        Arsago Seprio;2.394;2.199;195;1.799;1.053;257;320;169;4.193
        Azzate;2.217;2.004;213;1.767;960;320;305;182;3.984
        Azzio;363;332;31;299;165;40;59;36;662
        Barasso;765;676;89;723;415;113;125;70;1.488
        Bardello;755;692;63;626;352;108;103;63;1.381
        Bardello con Malgesso e Bregano;..;..;..;..;..;..;..;..;..
        Bedero Valcuvia;280;244;37;282;137;46;55;44;562
        Besano;1.059;790;269;1.131;486;165;302;178;2.190
        Besnate;2.635;2.423;212;2.093;1.225;354;332;182;4.728
        Besozzo;4.097;3.581;516;3.652;1.937;598;712;406;7.749
        Biandronno;1.545;1.373;172;1.320;831;181;187;121;2.865
        Bisuschio;1.763;1.437;326;1.932;854;298;522;259;3.694
        Bodio Lomnago;996;919;77;897;504;149;158;86;1.893
        Brebbia;1.459;1.316;143;1.321;744;189;249;139;2.780
        Bregano;402;363;39;340;181;53;66;40;742
        Brenta;849;724;125;637;366;95;104;73;1.486
        Brezzo di Bedero;481;418;63;526;229;84;128;86;1.007
        Brinzio;367;330;37;344;207;53;57;28;711
        Brissago-Valtravaglia;509;410;100;525;231;69;145;80;1.034
        Brunello;452;408;44;389;200;86;69;35;841
        Brusimpiano;469;353;116;543;220;73;158;92;1.012
        Buguggiate;1.375;1.255;120;1.311;728;218;236;130;2.686
        Busto Arsizio;39.857;35.545;4.312;32.672;18.385;5.163;5.977;3.148;72.529
        Cadegliano-Viconago;786;543;243;1.011;392;125;334;161;1.797
        Cadrezzate;832;755;77;713;336;110;166;101;1.545
        Cadrezzate con Osmate;..;..;..;..;..;..;..;..;..
        Cairate;3.605;3.251;354;3.056;1.772;439;564;282;6.661
        Cantello;1.916;1.521;395;2.125;976;338;519;292;4.041
        Caravate;1.147;1.007;140;1.064;606;174;164;120;2.211
        Cardano al Campo;7.227;6.570;657;5.172;2.910;872;892;499;12.398
        Carnago;3.215;2.942;273;2.421;1.399;394;417;211;5.635
        Caronno Pertusella;9.179;8.403;776;5.749;3.202;903;1.050;594;14.927
        Caronno Varesino;2.258;2.034;224;1.980;1.144;316;349;171;4.238
        Casale Litta;1.258;1.156;103;1.056;619;158;180;99;2.314
        Casalzuigno;588;501;87;574;292;88;126;69;1.162
        Casciago;1.635;1.482;153;1.628;899;311;287;131;3.263
        Casorate Sempione;2.832;2.600;232;2.075;1.219;347;318;191;4.907
        Cassano Magnago;10.264;9.233;1.031;8.214;4.778;1.254;1.423;759;18.478
        Cassano Valcuvia;271;225;46;278;142;44;66;27;549
        Castellanza;6.754;5.997;757;5.994;3.642;841;1.013;498;12.748
        Castello Cabiaglio;273;229;44;198;108;25;40;25;471
        Castelseprio;645;604;41;491;300;78;77;36;1.136
        Castelveccana;825;687;138;895;476;118;182;119;1.719
        Castiglione Olona;3.538;3.164;374;3.132;1.782;495;549;306;6.670
        Castronno;2.439;2.178;261;2.032;1.162;332;348;190;4.471
        Cavaria con Premezzo;2.852;2.567;285;2.068;1.157;314;413;185;4.920
        Cazzago Brabbia;396;356;40;311;173;53;56;29;707
        Cislago;4.893;4.451;442;3.848;2.070;634;764;380;8.741
        Cittiglio;1.767;1.521;246;1.579;916;221;267;175;3.345
        Clivio;701;527;174;970;383;138;281;168;1.671
        Cocquio-Trevisago;2.097;1.866;231;2.026;1.182;280;335;229;4.123
        Comabbio;613;549;64;424;231;69;75;49;1.037
        Comerio;1.342;1.203;139;1.111;568;197;220;127;2.453
        Cremenaga;255;190;65;412;138;54;144;76;667
        Crosio della Valle;263;246;17;257;149;49;37;22;520
        Cuasso al Monte;1.412;1.144;268;1.612;636;235;445;296;3.024
        Cugliate-Fabiasco;1.156;891;265;1.378;478;189;432;279;2.534
        Cunardo;1.212;951;261;1.293;495;215;385;198;2.505
        Curiglia con Monteviasco;55;47;8;92;50;8;16;20;147
        Cuveglio;1.501;1.257;244;1.367;678;208;299;182;2.867
        Cuvio;723;628;95;752;385;119;145;103;1.474
        Daverio;1.501;1.377;124;1.156;631;238;188;99;2.657
        Dumenza;570;448;122;684;300;79;184;122;1.254
        Duno;71;57;14;48;25;7;9;7;119
        Fagnano Olona;6.005;5.414;591;4.508;2.563;736;800;409;10.513
        Ferno;3.271;2.984;287;2.576;1.428;418;503;227;5.847
        Ferrera di Varese;314;237;77;272;124;40;68;40;586
        Gallarate;25.656;22.880;2.776;20.659;10.799;3.289;4.012;2.559;46.315
        Galliate Lombardo;471;438;33;370;203;67;68;33;841
        Gavirate;4.188;3.782;406;3.906;2.221;600;684;401;8.093
        Gazzada Schianno;2.171;1.971;200;1.830;1.071;284;305;170;4.001
        Gemonio;1.380;1.219;161;1.089;581;174;207;128;2.469
        Gerenzano;5.285;4.814;471;3.849;2.059;694;743;353;9.134
        Germignaga;1.661;1.326;335;1.736;837;254;408;238;3.397
        Golasecca;1.315;1.201;114;1.029;638;131;160;100;2.344
        Gorla Maggiore;2.339;2.138;201;2.005;1.174;313;350;168;4.344
        Gorla Minore;4.000;3.635;365;3.146;1.771;478;580;317;7.146
        Gornate Olona;1.075;963;112;825;437;162;146;80;1.900
        Grantola;543;452;91;524;222;81;136;85;1.066
        Inarzo;527;481;46;381;215;65;56;45;908
        Induno Olona;4.489;3.914;575;4.362;2.300;737;846;479;8.851
        Ispra;2.372;2.119;253;2.146;1.141;283;460;262;4.517
        Jerago con Orago;2.524;2.276;248;1.926;1.077;336;339;175;4.450
        Lavena Ponte Tresa;2.043;1.524;519;2.913;1.014;413;979;508;4.956
        Laveno-Mombello;3.664;3.216;448;4.037;2.443;534;622;438;7.701
        Leggiuno;1.813;1.571;242;1.450;816;216;283;135;3.263
        Lonate Ceppino;2.352;2.104;248;1.859;967;322;387;183;4.211
        Lonate Pozzolo;5.547;5.012;535;4.447;2.490;694;857;406;9.994
        Lozza;643;583;60;442;229;80;82;52;1.085
        Luino;5.601;4.533;1.068;7.011;3.346;876;1.730;1.060;12.612
        Luvinate;631;568;63;550;302;101;85;63;1.181
        Maccagno con Pino e Veddasca;924;735;189;1.342;633;149;358;202;2.265
        Malgesso;569;515;55;500;270;82;96;52;1.069
        Malnate;7.300;6.139;1.161;6.922;3.498;1.110;1.471;844;14.222
        Marchirolo;1.307;997;311;1.577;553;213;497;314;2.884
        Marnate;3.947;3.663;284;2.799;1.559;480;518;242;6.745
        Marzio;168;142;26;137;75;17;25;20;305
        Masciago Primo;152;115;37;113;57;18;25;13;265
        Mercallo;844;768;76;707;418;118;111;60;1.551
        Mesenzana;659;554;105;619;245;99;179;97;1.278
        Montegrino Valtravaglia;606;511;95;640;280;90;168;103;1.246
        Monvalle;900;796;104;746;395;120;150;81;1.645
        Morazzone;1.987;1.793;194;1.700;964;280;291;165;3.687
        Mornago;2.451;2.254;197;1.795;985;325;320;165;4.246
        Oggiona con Santo Stefano;2.062;1.891;171;1.677;938;275;299;165;3.739
        Olgiate Olona;6.046;5.524;522;4.669;2.623;867;787;392;10.715
        Origgio;3.923;3.662;261;2.766;1.683;455;414;214;6.688
        Orino;382;331;51;323;175;51;59;39;705
        Osmate;403;369;34;260;107;49;68;36;663
        Porto Ceresio;1.116;883;233;1.428;622;168;392;247;2.544
        Porto Valtravaglia;968;797;171;1.110;589;170;218;133;2.078
        Rancio Valcuvia;420;351;69;378;188;48;94;48;798
        Ranco;560;515;45;553;268;96;130;60;1.113
        Saltrio;1.207;943;264;1.449;595;193;407;254;2.656
        Samarate;7.456;6.896;561;6.457;3.745;997;1.102;613;13.913
        Sangiano;716;628;88;570;328;89;99;55;1.286
        Saronno;18.466;16.431;2.035;15.217;8.929;2.411;2.444;1.433;33.682
        Sesto Calende;5.179;4.633;546;4.380;2.471;637;828;445;9.559
        Solbiate Arno;1.945;1.746;199;1.591;884;255;307;145;3.535
        Solbiate Olona;2.573;2.339;234;2.135;1.231;350;378;177;4.708
        Somma Lombardo;8.528;7.703;825;6.582;3.783;972;1.162;666;15.110
        Sumirago;2.906;2.677;229;2.417;1.357;384;444;232;5.322
        Taino;1.705;1.528;177;1.414;763;223;280;148;3.119
        Ternate;1.222;1.122;100;982;593;153;143;93;2.204
        Tradate;8.756;7.814;942;7.356;3.963;1.222;1.423;748;16.112
        Travedona-Monate;1.908;1.713;196;1.519;877;240;252;150;3.427
        Tronzano Lago Maggiore;70;55;15;128;39;14;50;25;198
        Uboldo;5.213;4.745;468;3.884;2.183;616;734;351;9.097
        Valganna;703;566;137;675;279;101;176;119;1.378
        Varano Borghi;1.187;1.069;118;944;595;114;145;90;2.131
        Varese;37.245;32.393;4.853;34.105;18.734;5.631;5.793;3.947;71.350
        Vedano Olona;3.185;2.755;430;3.153;1.695;506;625;328;6.337
        Venegono Inferiore;2.766;2.401;366;2.512;1.362;412;500;239;5.278
        Venegono Superiore;3.316;2.874;442;2.944;1.508;444;669;323;6.260
        Vergiate;4.115;3.739;376;3.386;2.059;455;582;290;7.501
        Viggiù;1.956;1.531;425;2.559;1.016;371;717;455;4.514
        Vizzola Ticino;306;290;17;184;110;21;33;20;490
      Como;277.484;246.519;30.965;240.052;124.631;37.286;49.217;28.919;517.536
        Albavilla;3.006;2.721;285;2.538;1.430;393;449;266;5.544
        Albese con Cassano;1.855;1.695;160;1.758;1.065;238;278;177;3.613
        Albiolo;1.149;948;201;1.171;466;224;304;177;2.320
        Alserio;633;586;47;451;236;87;85;43;1.084
        Alta Valle Intelvi;1.188;1.029;159;1.405;638;161;368;238;2.592
        Alzate Brianza;2.362;2.191;171;1.860;1.006;322;341;192;4.222
        Anzano del Parco;877;815;62;691;394;119;116;62;1.568
        Appiano Gentile;3.596;3.200;396;3.142;1.790;480;540;332;6.737
        Argegno;290;269;22;281;144;31;69;38;571
        Arosio;2.390;2.219;171;1.933;1.064;287;370;212;4.323
        Asso;1.654;1.466;188;1.422;788;195;292;148;3.076
        Barni;274;240;34;211;118;20;49;25;485
        Bellagio;1.794;1.693;101;1.444;870;167;245;162;3.238
        Bene Lario;131;112;19;153;64;23;39;28;284
        Beregazzo con Figliaro;1.191;1.024;167;1.121;574;155;244;148;2.312
        Binago;2.139;1.774;365;1.999;905;364;449;281;4.138
        Bizzarone;657;536;121;744;313;109;209;113;1.401
        Blessagno;120;108;12;125;69;10;27;19;244
        Blevio;525;464;61;499;230;77;116;76;1.024
        Bregnano;3.228;2.901;327;2.301;1.150;405;457;290;5.529
        Brenna;1.065;998;67;781;423;116;164;78;1.846
        Brienno;161;143;18;143;84;20;26;13;304
        Brunate;758;668;91;715;350;144;133;88;1.473
        Bulgarograsso;1.941;1.725;216;1.465;757;256;291;162;3.406
        Cabiate;3.720;3.417;303;2.749;1.349;489;632;279;6.469
        Cadorago;3.825;3.423;402;2.947;1.507;496;569;375;6.772
        Caglio;230;215;15;195;121;18;32;24;425
        Cagno;875;725;150;916;419;138;234;125;1.791
        Campione d'Italia;569;412;157;1.139;433;134;359;213;1.708
        Cantù;19.263;17.341;1.922;15.073;7.913;2.374;3.113;1.674;34.336
        Canzo;2.337;2.105;232;2.156;1.160;352;440;205;4.493
        Capiago Intimiano;2.603;2.366;237;2.165;1.122;392;416;235;4.768
        Carate Urio;512;465;47;530;253;77;131;69;1.042
        Carbonate;1.394;1.243;151;1.201;638;215;238;111;2.595
        Carimate;2.121;1.928;194;1.726;835;345;369;177;3.847
        Carlazzo;1.124;934;190;1.514;524;205;518;267;2.638
        Carugo;3.229;2.933;296;2.421;1.152;443;566;260;5.650
        Caslino d'Erba;770;696;74;674;374;98;135;68;1.444
        Casnate con Bernate;2.377;2.175;202;1.918;1.076;323;321;198;4.295
        Cassina Rizzardi;1.567;1.398;169;1.220;597;180;274;169;2.786
        Castelmarte;652;602;50;470;240;92;91;47;1.121
        Castelnuovo Bozzente;405;349;56;368;183;57;87;41;773
        Cavargna;75;71;4;106;65;9;25;7;181
        Centro Valle Intelvi;1.527;1.351;176;1.442;666;206;352;218;2.969
        Cerano d'Intelvi;215;185;30;255;130;33;55;38;469
        Cermenate;4.481;4.022;460;3.474;1.885;583;624;382;7.955
        Cernobbio;2.827;2.471;356;3.058;1.570;428;698;362;5.884
        Cirimido;961;854;107;897;459;138;185;115;1.857
        Claino con Osteno;183;158;25;293;121;28;94;50;475
        Colonno;201;181;20;239;136;25;49;30;440
        Colverde;2.386;2.078;308;2.219;1.022;403;515;279;4.605
        Como;39.557;33.716;5.841;36.119;18.877;5.396;7.010;4.837;75.676
        Corrido;283;232;51;396;122;48;152;74;679
        Cremia;263;239;24;337;186;38;75;39;600
        Cucciago;1.610;1.474;136;1.402;725;239;278;160;3.012
        Cusino;85;70;15;109;53;12;29;15;193
        Dizzasco;277;249;28;269;138;33;54;44;546
        Domaso;681;605;76;634;360;76;120;78;1.315
        Dongo;1.433;1.270;163;1.503;877;183;261;182;2.936
        Dosso del Liro;102;92;10;113;65;7;19;22;214
        Erba;7.523;6.881;643;6.683;3.761;1.021;1.193;708;14.206
        Eupilio;1.198;1.095;103;1.048;559;186;190;113;2.246
        Faggeto Lario;556;505;52;488;266;75;92;55;1.044
        Faloppio;2.022;1.668;355;1.885;801;284;505;295;3.907
        Fenegrò;1.573;1.409;164;1.153;590;199;243;121;2.725
        Figino Serenza;2.428;2.222;206;1.982;1.061;320;389;213;4.410
        Fino Mornasco;4.632;4.119;513;3.702;1.929;613;672;489;8.334
        Garzeno;274;252;22;401;235;24;87;56;675
        Gera Lario;487;446;41;404;226;55;70;53;890
        Grandate;1.267;1.153;114;1.179;710;169;176;125;2.446
        Grandola ed Uniti;545;467;79;596;272;71;152;101;1.141
        Gravedona ed Uniti;1.755;1.590;165;1.942;1.118;218;345;261;3.697
        Griante;282;254;28;288;153;41;61;33;570
        Guanzate;2.790;2.465;325;2.119;1.080;385;415;240;4.909
        Inverigo;4.425;4.090;335;3.401;1.821;553;678;350;7.826
        Laglio;436;383;53;377;185;53;85;54;813
        Laino;203;171;32;251;108;27;71;45;454
        Lambrugo;1.258;1.165;94;902;517;130;175;81;2.160
        Lasnigo;224;192;32;176;111;21;28;16;400
        Lezzeno;938;866;72;832;498;95;163;77;1.770
        Limido Comasco;1.988;1.778;210;1.178;573;186;271;148;3.165
        Lipomo;2.753;2.463;291;2.397;1.352;368;440;237;5.150
        Livo;86;76;10;70;43;5;9;14;156
        Locate Varesino;2.051;1.848;203;1.616;862;247;332;176;3.667
        Lomazzo;4.820;4.313;508;3.486;1.901;560;633;392;8.306
        Longone al Segrino;932;870;63;692;378;126;125;63;1.624
        Luisago;1.307;1.166;141;1.029;572;174;162;121;2.336
        Lurago d'Erba;2.549;2.357;192;1.972;1.044;300;425;203;4.521
        Lurago Marinone;1.316;1.162;155;898;465;140;191;102;2.214
        Lurate Caccivio;4.429;3.929;500;4.004;2.163;644;742;456;8.433
        Magreglio;325;297;28;258;136;34;55;33;583
        Mariano Comense;12.168;11.042;1.126;8.984;4.549;1.461;2.005;969;21.152
        Maslianico;1.336;1.122;214;1.542;785;202;372;183;2.878
        Menaggio;1.326;1.161;165;1.399;712;207;276;205;2.725
        Merone;1.947;1.779;168;1.510;786;272;290;162;3.457
        Moltrasio;686;619;67;752;414;89;159;90;1.437
        Monguzzo;1.182;1.077;105;778;376;142;179;82;1.960
        Montano Lucino;2.518;2.226;292;1.960;981;343;396;240;4.478
        Montemezzo;112;97;15;99;54;13;20;12;211
        Montorfano;1.127;1.012;115;1.079;581;173;212;114;2.206
        Mozzate;4.148;3.685;463;3.144;1.636;524;665;319;7.292
        Musso;397;355;42;472;278;53;83;58;869
        Nesso;519;476;43;547;315;59;114;59;1.066
        Novedrate;1.391;1.257;135;1.080;595;168;209;108;2.471
        Olgiate Comasco;5.198;4.456;742;4.895;2.544;745;1.010;596;10.093
        Oltrona di San Mamette;1.109;999;110;911;470;159;175;107;2.020
        Orsenigo;1.326;1.227;99;1.011;534;175;199;103;2.337
        Peglio;85;73;12;71;42;9;9;11;156
        Pianello del Lario;414;380;34;512;315;50;88;59;926
        Pigra;88;75;13;138;63;21;32;22;225
        Plesio;353;307;46;393;224;52;65;52;746
        Pognana Lario;301;273;28;312;174;48;55;35;613
        Ponna;81;69;12;138;78;9;30;21;219
        Ponte Lambro;2.009;1.823;187;1.677;912;290;309;166;3.686
        Porlezza;1.794;1.482;312;2.308;823;328;722;436;4.102
        Proserpio;453;413;40;364;207;67;60;30;817
        Pusiano;639;589;51;532;287;93;101;51;1.171
        Rezzago;151;139;12;104;73;8;14;9;255
        Rodero;550;445;105;561;215;85;168;94;1.111
        Ronago;624;513;111;798;293;120;235;150;1.421
        Rovellasca;3.723;3.388;335;2.932;1.568;462;582;321;6.655
        Rovello Porro;2.989;2.686;303;2.226;1.143;346;491;246;5.215
        Sala Comacina;194;173;21;260;177;23;38;22;454
        San Bartolomeo Val Cavargna;291;238;53;568;208;74;183;103;859
        San Fermo della Battaglia;3.475;3.083;392;3.259;1.665;557;651;386;6.734
        San Nazzaro Val Cavargna;76;65;11;185;77;13;48;47;260
        San Siro;744;646;98;824;459;91;184;90;1.568
        Schignano;341;291;50;432;229;55;97;51;773
        Senna Comasco;1.545;1.416;129;1.112;543;245;204;120;2.657
        Solbiate;1.132;965;167;1.083;523;173;243;144;2.214
        Solbiate con Cagno;..;..;..;..;..;..;..;..;..
        Sorico;561;499;62;530;255;74;119;82;1.091
        Sormano;323;285;38;261;160;28;43;31;584
        Stazzona;253;226;27;283;158;26;65;34;535
        Tavernerio;2.664;2.415;249;2.277;1.257;363;426;232;4.941
        Torno;517;462;55;488;269;76;84;59;1.005
        Tremezzina;2.298;2.064;234;2.203;1.204;290;415;294;4.501
        Trezzone;99;89;10;98;62;10;21;5;197
        Turate;4.619;4.181;438;3.387;1.850;544;650;343;8.006
        Uggiate-Trevano;1.962;1.652;311;2.185;917;361;551;356;4.147
        Uggiate con Ronago;..;..;..;..;..;..;..;..;..
        Val Rezzo;49;43;6;87;31;5;33;18;135
        Valbrona;1.237;1.094;143;1.027;580;142;206;100;2.264
        Valmorea;1.099;909;190;1.208;505;229;298;176;2.307
        Valsolda;444;348;96;883;332;87;290;174;1.327
        Veleso;92;85;7;106;63;16;15;12;198
        Veniano;1.493;1.355;138;1.081;562;172;225;122;2.573
        Vercana;335;296;39;323;170;43;68;42;657
        Vertemate con Minoprio;2.033;1.827;206;1.496;883;220;240;153;3.528
        Villa Guardia;3.705;3.276;429;3.107;1.663;553;543;349;6.812
        Zelbio;95;83;12;73;44;12;9;9;168
      Sondrio;83.385;75.620;7.765;73.931;39.289;11.099;14.577;8.966;157.316
        Albaredo per San Marco;111;108;3;162;102;8;35;18;273
        Albosaggia;1.434;1.333;101;1.265;808;155;183;119;2.699
        Andalo Valtellino;270;245;25;217;127;20;45;25;487
        Aprica;799;728;71;557;289;90;104;74;1.356
        Ardenno;1.467;1.346;121;1.367;752;179;295;141;2.834
        Bema;52;49;3;66;47;4;11;5;118
        Berbenno di Valtellina;1.867;1.731;136;1.763;992;291;311;169;3.629
        Bianzone;575;517;58;552;294;59;128;72;1.127
        Bormio;1.966;1.736;230;1.695;890;300;290;215;3.661
        Buglio in Monte;873;819;54;872;465;132;190;85;1.745
        Caiolo;524;480;44;419;239;60;71;49;943
        Campodolcino;436;370;66;393;167;50;110;67;829
        Caspoggio;552;502;50;681;279;79;222;102;1.233
        Castello dell'Acqua;276;240;36;275;161;21;58;35;551
        Castione Andevenno;743;682;61;642;356;92;117;77;1.384
        Cedrasco;195;182;13;197;113;31;29;24;391
        Cercino;356;322;35;302;156;44;58;44;658
        Chiavenna;3.126;2.776;350;3.301;1.660;471;715;455;6.426
        Chiesa in Valmalenco;1.067;965;102;1.110;592;130;247;141;2.177
        Chiuro;1.197;1.079;118;1.018;572;155;183;108;2.215
        Cino;153;142;11;140;78;15;33;14;293
        Civo;497;473;24;467;270;46;100;51;964
        Colorina;662;600;62;563;292;108;97;67;1.225
        Cosio Valtellino;2.631;2.434;198;2.156;1.183;329;420;224;4.787
        Dazio;208;192;16;176;106;25;28;18;384
        Delebio;1.489;1.355;134;1.306;681;205;287;133;2.795
        Dubino;1.648;1.529;119;1.456;717;229;319;191;3.104
        Faedo Valtellino;249;226;23;234;127;24;49;35;483
        Forcola;372;339;33;335;176;56;63;41;707
        Fusine;291;275;16;234;134;38;40;23;525
        Gerola Alta;91;85;6;74;47;4;14;9;165
        Gordona;837;756;82;805;394;118;197;96;1.642
        Grosio;1.998;1.816;182;1.892;1.075;261;324;232;3.890
        Grosotto;773;721;52;653;415;106;71;62;1.426
        Lanzada;544;505;39;622;308;80;144;90;1.166
        Livigno;3.523;3.130;393;1.832;461;477;453;441;5.355
        Lovero;314;281;33;242;150;34;38;21;556
        Madesimo;303;260;43;158;90;19;25;24;460
        Mantello;331;300;31;292;161;38;63;30;623
        Mazzo di Valtellina;497;463;34;377;227;53;59;39;874
        Mello;421;389;32;390;185;51;107;47;811
        Mese;752;670;82;794;328;121;231;114;1.546
        Montagna in Valtellina;1.415;1.306;109;1.249;737;157;220;135;2.663
        Morbegno;5.788;5.362;426;5.023;2.739;809;969;507;10.811
        Novate Mezzola;817;728;90;808;371;103;217;117;1.625
        Pedesina;15;14;1;17;12;1;4;1;32
        Piantedo;657;610;47;508;267;85;103;53;1.164
        Piateda;978;905;73;911;554;86;180;92;1.889
        Piuro;766;668;98;899;378;134;257;130;1.665
        Poggiridenti;897;827;70;733;421;107;123;83;1.630
        Ponte in Valtellina;1.096;1.016;81;914;540;137;140;97;2.010
        Postalesio;325;302;23;246;126;41;55;24;570
        Prata Camportaccio;1.267;1.128;139;1.255;536;201;351;168;2.522
        Rasura;118;107;11;137;80;12;34;12;254
        Rogolo;267;251;16;199;107;23;51;19;466
        Samolaco;1.277;1.167;110;1.170;504;182;299;185;2.447
        San Giacomo Filippo;118;103;15;201;90;11;58;42;319
        Sernio;237;219;18;179;105;35;24;15;415
        Sondalo;1.944;1.693;251;1.688;1.078;237;180;195;3.632
        Sondrio;10.016;8.977;1.040;9.029;5.165;1.456;1.323;1.085;19.045
        Spriana;47;43;4;30;22;..;4;5;77
        Talamona;2.145;2.028;117;1.880;988;301;405;186;4.025
        Tartano;73;66;7;111;80;5;17;10;184
        Teglio;2.001;1.829;173;1.997;1.129;219;404;246;3.998
        Tirano;4.150;3.706;444;3.781;2.123;591;649;419;7.931
        Torre di Santa Maria;316;295;21;341;202;36;63;40;657
        Tovo di Sant'Agata;324;302;22;234;146;35;25;28;558
        Traona;1.371;1.283;88;978;451;178;235;115;2.349
        Tresivio;939;849;90;794;435;100;170;90;1.733
        Val Masino;391;363;28;399;228;51;80;41;790
        Valdidentro;1.929;1.714;215;1.548;693;259;410;186;3.477
        Valdisotto;1.716;1.508;208;1.357;650;250;275;182;3.073
        Valfurva;1.215;1.063;152;1.040;511;147;220;162;2.254
        Verceia;438;401;37;505;232;68;130;76;943
        Vervio;100;84;16;91;56;10;15;10;191
        Villa di Chiavenna;360;293;67;471;195;59;145;72;830
        Villa di Tirano;1.408;1.265;143;1.162;678;175;189;120;2.570
      Milano;1.602.741;1.441.691;161.050;1.208.990;654.083;203.175;209.564;142.168;2.811.731
        Abbiategrasso;15.541;13.838;1.703;12.310;6.772;1.986;2.247;1.306;27.851
        Albairate;2.277;2.099;178;1.770;921;343;318;188;4.047
        Arconate;3.288;3.024;264;2.322;1.291;421;402;209;5.609
        Arese;8.550;7.839;711;7.975;4.522;1.407;1.357;689;16.525
        Arluno;6.004;5.477;527;4.263;2.398;686;738;442;10.267
        Assago;4.584;4.219;365;2.857;1.489;584;479;305;7.441
        Baranzate;5.928;4.956;972;4.006;2.103;594;815;494;9.933
        Bareggio;8.424;7.699;725;6.437;3.636;1.138;1.068;595;14.861
        Basiano;1.813;1.662;151;1.291;720;217;224;130;3.104
        Basiglio;3.942;3.609;333;2.816;1.103;769;630;315;6.758
        Bellinzago Lombardo;1.932;1.777;155;1.407;825;268;193;121;3.339
        Bernate Ticino;1.451;1.324;128;1.179;712;172;188;107;2.630
        Besate;965;868;98;810;398;130;179;104;1.775
        Binasco;3.383;3.101;282;2.907;1.710;478;435;285;6.290
        Boffalora sopra Ticino;1.912;1.760;152;1.688;1.000;270;273;145;3.600
        Bollate;17.302;15.604;1.698;14.164;8.096;2.425;2.240;1.404;31.466
        Bresso;11.941;10.751;1.190;11.060;6.661;1.593;1.733;1.073;23.001
        Bubbiano;1.207;1.083;125;763;357;161;152;93;1.970
        Buccinasco;13.266;12.104;1.162;9.740;5.140;2.223;1.467;911;23.006
        Buscate;2.182;1.969;213;1.792;1.045;270;296;181;3.973
        Bussero;4.108;3.790;318;3.262;1.905;621;454;282;7.370
        Busto Garolfo;6.717;6.079;638;5.280;3.051;869;864;496;11.997
        Calvignasco;616;567;49;408;201;84;83;40;1.024
        Cambiago;3.478;3.182;296;2.262;1.232;406;408;217;5.740
        Canegrate;6.148;5.524;624;4.793;2.856;746;757;435;10.941
        Carpiano;2.213;2.051;162;1.171;554;209;274;134;3.384
        Carugate;7.725;7.138;588;5.466;2.958;1.080;924;504;13.191
        Casarile;2.095;1.907;188;1.316;652;292;233;139;3.411
        Casorezzo;2.686;2.445;241;1.940;1.127;339;304;170;4.626
        Cassano d'Adda;9.049;8.158;891;7.024;4.014;1.153;1.168;690;16.073
        Cassina de' Pecchi;6.574;6.063;512;5.182;2.985;894;829;474;11.756
        Cassinetta di Lugagnano;887;822;65;663;367;128;100;68;1.550
        Castano Primo;5.246;4.705;541;4.323;2.436;637;837;413;9.569
        Cernusco sul Naviglio;16.466;15.354;1.112;12.562;7.206;2.251;1.966;1.139;29.028
        Cerro al Lambro;2.522;2.320;203;1.846;1.059;317;300;170;4.368
        Cerro Maggiore;7.151;6.455;696;5.922;3.454;874;1.025;569;13.073
        Cesano Boscone;11.296;10.193;1.103;9.068;5.181;1.319;1.362;1.206;20.364
        Cesate;7.254;6.544;710;5.029;2.718;920;876;515;12.283
        Cinisello Balsamo;34.862;30.533;4.329;29.009;16.241;4.334;5.224;3.210;63.871
        Cisliano;2.462;2.293;169;1.562;869;264;267;163;4.024
        Cologno Monzese;22.324;19.946;2.378;18.229;9.952;2.708;3.404;2.165;40.553
        Colturano;1.087;1.002;85;629;286;143;123;77;1.716
        Corbetta;9.180;8.450;730;6.324;3.536;1.080;1.099;609;15.504
        Cormano;9.810;8.758;1.052;7.559;4.374;1.251;1.214;720;17.369
        Cornaredo;9.892;9.002;890;7.498;4.260;1.313;1.178;747;17.390
        Corsico;15.936;14.183;1.753;13.213;7.953;1.764;2.118;1.379;29.149
        Cuggiono;3.919;3.564;355;3.126;1.781;500;530;315;7.045
        Cusago;2.135;1.990;145;1.330;629;320;247;134;3.464
        Cusano Milanino;8.299;7.582;717;7.792;4.700;1.057;1.288;747;16.091
        Dairago;3.244;2.969;275;2.119;1.206;335;383;195;5.363
        Dresano;1.508;1.402;106;1.095;612;191;195;97;2.603
        Gaggiano;4.425;4.068;357;3.283;1.936;447;588;313;7.708
        Garbagnate Milanese;13.106;11.677;1.429;10.608;6.058;1.745;1.775;1.030;23.714
        Gessate;4.571;4.236;335;2.682;1.434;555;421;273;7.253
        Gorgonzola;10.045;9.118;927;7.426;4.146;1.364;1.231;686;17.471
        Grezzago;1.529;1.381;149;986;527;163;186;110;2.515
        Gudo Visconti;809;743;66;557;293;111;100;54;1.366
        Inveruno;4.108;3.713;395;3.415;2.199;461;488;267;7.523
        Inzago;5.376;4.980;396;4.197;2.476;673;667;381;9.573
        Lacchiarella;4.429;4.078;351;3.199;1.778;564;530;327;7.627
        Lainate;12.390;11.374;1.016;9.514;5.396;1.697;1.538;883;21.904
        Legnano;28.829;25.892;2.937;22.363;12.086;3.971;3.937;2.370;51.192
        Liscate;2.126;1.920;206;1.312;629;278;266;139;3.438
        Locate di Triulzi;5.289;4.859;430;3.401;1.893;603;557;348;8.690
        Magenta;11.256;10.149;1.107;9.583;5.522;1.562;1.593;906;20.839
        Magnago;4.657;4.252;406;3.265;1.855;554;563;294;7.922
        Marcallo con Casone;2.992;2.742;250;2.254;1.358;341;360;195;5.246
        Masate;1.817;1.660;157;1.188;644;218;211;115;3.004
        Mediglia;5.932;5.407;525;4.102;2.026;750;819;507;10.034
        Melegnano;8.783;7.864;919;6.810;3.922;1.047;1.151;690;15.593
        Melzo;8.714;7.856;858;7.314;4.217;1.181;1.234;682;16.027
        Mesero;2.135;1.947;188;1.489;898;219;233;140;3.624
        Milano;699.495;624.505;74.990;518.166;269.500;86.320;90.867;71.479;1.217.661
        Morimondo;493;460;33;433;223;68;81;62;926
        Motta Visconti;3.898;3.509;389;2.978;1.618;513;554;293;6.876
        Nerviano;8.021;7.245;777;6.826;4.019;1.144;1.068;595;14.847
        Nosate;305;272;33;281;175;40;49;17;586
        Novate Milanese;9.376;8.561;815;8.202;4.992;1.281;1.206;723;17.578
        Noviglio;2.384;2.193;192;1.362;652;300;258;152;3.746
        Opera;6.607;6.076;531;5.346;3.147;821;853;525;11.953
        Ossona;2.089;1.902;187;1.638;959;288;248;143;3.726
        Ozzero;717;643;75;537;317;83;86;51;1.254
        Paderno Dugnano;22.887;20.725;2.162;17.967;10.233;2.958;3.015;1.761;40.854
        Pantigliate;2.829;2.585;244;2.134;1.168;355;384;227;4.962
        Parabiago;13.890;12.616;1.274;10.199;5.947;1.640;1.621;992;24.089
        Paullo;5.456;4.962;494;4.189;2.258;684;809;438;9.645
        Pero;5.604;4.998;606;4.065;2.245;637;729;454;9.669
        Peschiera Borromeo;11.791;10.817;974;8.236;4.394;1.621;1.396;825;20.026
        Pessano con Bornago;4.613;4.217;396;3.283;1.749;700;514;320;7.896
        Pieve Emanuele;8.265;7.482;783;5.284;2.600;995;1.035;654;13.549
        Pioltello;17.962;15.675;2.287;12.789;5.991;2.269;2.953;1.576;30.750
        Pogliano Milanese;4.112;3.746;366;3.220;1.742;612;567;299;7.332
        Pozzo d'Adda;3.282;2.981;301;1.886;1.001;290;380;215;5.168
        Pozzuolo Martesana;4.337;3.968;369;2.960;1.640;542;518;260;7.297
        Pregnana Milanese;3.747;3.452;295;2.513;1.403;412;436;262;6.259
        Rescaldina;6.933;6.328;605;5.361;3.076;852;917;516;12.294
        Rho;24.375;21.975;2.400;19.290;10.891;3.091;3.150;2.159;43.665
        Robecchetto con Induno;2.286;2.108;178;1.895;1.109;297;301;188;4.181
        Robecco sul Naviglio;3.306;3.035;272;2.523;1.441;450;396;236;5.829
        Rodano;2.227;2.053;174;1.621;890;274;307;150;3.848
        Rosate;2.902;2.672;230;2.059;1.119;374;350;216;4.961
        Rozzano;20.229;17.844;2.385;15.261;8.001;2.604;2.783;1.873;35.490
        San Colombano al Lambro;3.514;3.195;319;2.995;1.655;421;599;320;6.508
        San Donato Milanese;15.304;13.983;1.321;12.567;6.658;2.518;2.161;1.230;27.871
        San Giorgio su Legnano;3.236;2.901;335;2.618;1.561;424;408;225;5.854
        San Giuliano Milanese;19.117;16.969;2.148;12.963;6.935;2.184;2.377;1.467;32.080
        San Vittore Olona;3.998;3.607;391;3.188;1.786;530;536;336;7.186
        San Zenone al Lambro;2.230;2.030;200;1.504;732;290;301;181;3.734
        Santo Stefano Ticino;2.530;2.319;211;1.723;950;294;322;157;4.253
        Sedriano;6.108;5.524;584;4.236;2.275;815;729;417;10.343
        Segrate;16.673;15.258;1.416;13.519;7.096;2.607;2.466;1.351;30.192
        Senago;10.539;9.605;934;7.929;4.214;1.351;1.485;879;18.468
        Sesto San Giovanni;39.065;34.906;4.159;31.905;18.302;4.807;5.253;3.544;70.970
        Settala;3.705;3.404;301;2.451;1.238;486;464;264;6.156
        Settimo Milanese;9.870;9.083;787;7.068;3.936;1.385;1.086;661;16.937
        Solaro;6.946;6.299;647;5.021;2.550;916;998;558;11.967
        Trezzano Rosa;2.699;2.465;234;1.612;829;345;278;160;4.311
        Trezzano sul Naviglio;10.389;9.434;955;7.450;4.053;1.278;1.358;762;17.839
        Trezzo sull'Adda;5.677;5.061;616;4.795;2.803;770;781;442;10.472
        Tribiano;2.003;1.886;117;983;451;241;183;108;2.985
        Truccazzano;3.158;2.900;259;1.825;963;303;363;196;4.983
        Turbigo;3.287;2.949;338;2.936;1.657;440;560;280;6.223
        Vanzaghello;2.427;2.237;190;2.116;1.252;348;348;168;4.542
        Vanzago;4.617;4.296;321;3.113;1.778;591;458;286;7.729
        Vaprio d'Adda;4.477;4.072;405;3.052;1.630;507;594;321;7.529
        Vermezzo;2.021;1.840;182;1.300;629;285;243;144;3.321
        Vermezzo con Zelo;..;..;..;..;..;..;..;..;..
        Vernate;1.730;1.609;122;1.088;563;185;204;136;2.818
        Vignate;4.637;4.271;366;3.244;1.751;592;585;317;7.881
        Villa Cortese;2.964;2.705;260;2.378;1.448;374;368;188;5.342
        Vimodrone;8.417;7.748;669;5.931;3.402;922;996;612;14.348
        Vittuone;4.366;3.919;447;3.268;1.813;582;550;323;7.634
        Vizzolo Predabissi;1.928;1.749;179;1.574;864;261;291;158;3.502
        Zelo Surrigone;1.013;936;77;531;253;98;115;65;1.544
        Zibido San Giacomo;3.588;3.291;297;2.105;1.020;482;370;234;5.693
      Bergamo;528.243;483.059;45.185;419.312;214.793;69.835;94.548;40.136;947.555
        Adrara San Martino;1.142;1.049;94;734;341;146;176;72;1.876
        Adrara San Rocco;397;359;38;318;165;57;71;25;715
        Albano Sant'Alessandro;4.006;3.668;338;2.945;1.351;550;750;294;6.951
        Albino;8.337;7.711;626;7.022;3.903;1.237;1.236;646;15.359
        Algua;301;273;28;291;170;32;66;24;592
        Almè;2.502;2.315;188;2.360;1.284;351;534;191;4.862
        Almenno San Bartolomeo;3.131;2.923;209;2.173;1.015;429;533;196;5.304
        Almenno San Salvatore;2.690;2.512;178;2.293;1.265;379;458;191;4.983
        Alzano Lombardo;6.529;5.931;598;5.081;2.804;890;950;437;11.610
        Ambivere;1.165;1.070;95;881;467;153;189;73;2.046
        Antegnate;1.498;1.372;126;1.172;490;179;365;138;2.670
        Arcene;2.331;2.136;195;1.792;902;297;421;172;4.122
        Ardesio;1.537;1.425;112;1.521;820;196;371;134;3.058
        Arzago d'Adda;1.313;1.215;98;1.016;512;195;221;88;2.329
        Averara;76;66;10;85;50;6;24;6;161
        Aviatico;273;248;25;229;131;19;54;25;501
        Azzano San Paolo;3.627;3.342;286;2.855;1.484;520;625;226;6.482
        Azzone;148;141;7;205;107;16;59;23;352
        Bagnatica;2.112;1.966;146;1.521;708;277;384;152;3.632
        Barbata;331;302;29;270;103;42;95;31;601
        Bariano;1.966;1.815;151;1.687;806;250;475;157;3.653
        Barzana;1.001;943;58;623;288;132;145;58;1.623
        Bedulita;317;301;16;302;145;45;84;28;619
        Berbenno;1.020;961;60;1.028;517;160;273;78;2.048
        Bergamo;57.577;51.457;6.120;48.076;25.159;8.553;8.877;5.487;105.653
        Berzo San Fermo;596;544;52;511;257;71;138;45;1.107
        Bianzano;273;254;19;273;160;28;57;29;546
        Blello;38;36;2;27;10;3;8;6;65
        Bolgare;3.166;2.944;222;1.954;846;325;599;184;5.120
        Boltiere;3.113;2.840;273;1.944;958;335;460;192;5.057
        Bonate Sopra;5.155;4.787;368;2.936;1.405;518;721;293;8.091
        Bonate Sotto;3.164;2.868;296;2.476;1.286;402;567;222;5.640
        Borgo di Terzo;553;488;65;429;182;97;108;42;981
        Bossico;468;434;34;371;203;47;87;34;839
        Bottanuco;2.532;2.336;196;1.872;985;292;424;171;4.403
        Bracca;330;307;24;280;144;42;74;20;610
        Branzi;318;286;32;310;163;38;78;31;628
        Brembate;4.222;3.800;422;3.063;1.578;506;691;289;7.285
        Brembate di Sopra;3.648;3.378;270;3.003;1.643;518;585;257;6.651
        Brignano Gera d'Adda;2.974;2.740;234;2.057;1.066;336;457;198;5.031
        Brumano;55;48;7;42;24;4;9;6;97
        Brusaporto;2.864;2.707;157;1.820;800;400;463;157;4.684
        Calcinate;2.838;2.591;247;2.051;836;340;661;214;4.889
        Calcio;2.491;2.198;293;1.987;961;275;539;213;4.478
        Calusco d'Adda;3.826;3.504;322;3.306;1.783;447;774;302;7.132
        Calvenzano;2.082;1.912;170;1.545;823;257;333;132;3.627
        Camerata Cornello;279;259;20;248;131;40;54;23;527
        Canonica d'Adda;2.051;1.842;209;1.623;853;277;341;152;3.674
        Capizzone;556;525;31;506;254;72;135;46;1.062
        Capriate San Gervasio;3.903;3.522;381;3.027;1.700;452;569;306;6.930
        Caprino Bergamasco;1.498;1.370;128;1.152;614;168;261;110;2.650
        Caravaggio;7.719;7.076;643;6.205;3.266;985;1.407;547;13.924
        Carobbio degli Angeli;2.361;2.129;232;1.529;638;295;437;159;3.890
        Carona;132;115;17;146;85;13;34;14;278
        Carvico;2.191;2.013;178;1.796;965;254;426;151;3.987
        Casazza;1.881;1.673;208;1.519;668;298;403;150;3.400
        Casirate d'Adda;1.992;1.773;219;1.454;740;246;323;145;3.446
        Casnigo;1.501;1.401;100;1.356;881;188;189;99;2.856
        Cassiglio;40;37;3;58;29;5;19;5;98
        Castel Rozzone;1.365;1.278;87;1.044;530;165;256;93;2.409
        Castelli Calepio;4.914;4.536;378;3.659;1.758;562;958;381;8.573
        Castione della Presolana;1.602;1.431;172;1.408;624;225;396;163;3.010
        Castro;576;542;34;578;332;85;111;50;1.153
        Cavernago;1.329;1.222;107;816;336;144;254;82;2.145
        Cazzano Sant'Andrea;794;749;45;591;317;101;112;62;1.385
        Cenate Sopra;1.214;1.107;107;918;398;200;231;89;2.132
        Cenate Sotto;1.886;1.726;160;1.260;557;259;333;111;3.145
        Cene;2.009;1.852;157;1.708;961;237;329;181;3.717
        Cerete;712;657;55;672;377;93;141;62;1.384
        Chignolo d'Isola;1.703;1.552;151;1.162;559;180;297;126;2.865
        Chiuduno;2.823;2.578;245;2.267;1.094;385;608;181;5.090
        Cisano Bergamasco;2.929;2.719;210;2.408;1.262;414;533;199;5.337
        Ciserano;2.769;2.492;277;1.891;862;331;505;193;4.659
        Cividate al Piano;2.394;2.168;226;1.967;1.056;282;453;176;4.361
        Clusone;3.847;3.527;320;3.575;1.991;506;741;337;7.422
        Colere;519;491;28;477;214;53;165;45;996
        Cologno al Serio;5.282;4.898;384;4.106;1.857;678;1.172;399;9.387
        Colzate;771;718;53;680;385;122;111;63;1.451
        Comun Nuovo;2.196;2.041;156;1.427;696;232;357;142;3.623
        Corna Imagna;406;368;38;360;152;67;104;37;766
        Cornalba;132;124;8;133;79;6;38;10;265
        Cortenuova;931;851;80;677;288;127;192;70;1.608
        Costa di Mezzate;1.573;1.444;129;1.172;499;248;321;105;2.744
        Costa Serina;377;347;31;445;263;52;94;36;822
        Costa Valle Imagna;246;229;17;282;165;28;63;26;527
        Costa Volpino;4.042;3.741;301;3.817;1.900;563;1.018;336;7.859
        Covo;1.912;1.733;179;1.435;627;223;441;144;3.346
        Credaro;1.776;1.603;173;1.076;476;200;282;118;2.852
        Curno;3.484;3.189;295;2.957;1.599;513;581;264;6.440
        Cusio;95;88;7;124;78;7;31;9;219
        Dalmine;11.276;10.293;983;9.060;4.475;1.602;2.139;844;20.336
        Dossena;428;399;29;397;215;32;118;32;825
        Endine Gaiano;1.577;1.437;140;1.375;658;203;385;129;2.952
        Entratico;949;874;75;707;338;106;200;63;1.656
        Fara Gera d'Adda;3.881;3.554;327;2.908;1.532;478;626;272;6.789
        Fara Olivana con Sola;662;604;58;446;204;60;138;44;1.108
        Filago;1.560;1.440;120;1.077;581;166;236;96;2.637
        Fino del Monte;508;464;44;478;240;64;118;56;986
        Fiorano al Serio;1.346;1.244;103;1.227;742;191;206;88;2.573
        Fontanella;2.171;1.922;249;1.700;774;230;518;178;3.871
        Fonteno;255;236;19;265;141;28;73;24;520
        Foppolo;115;95;20;62;35;13;5;9;176
        Foresto Sparso;1.559;1.433;127;1.082;515;187;264;116;2.641
        Fornovo San Giovanni;1.680;1.557;123;1.161;543;212;289;117;2.841
        Fuipiano Valle Imagna;85;80;5;103;54;14;24;11;188
        Gandellino;434;410;24;439;248;44;112;35;873
        Gandino;2.431;2.260;171;2.305;1.415;331;381;179;4.736
        Gandosso;704;645;60;526;252;84;131;59;1.230
        Gaverina Terme;375;337;39;366;202;56;80;29;741
        Gazzaniga;2.294;2.062;232;2.089;1.324;283;321;161;4.382
        Ghisalba;2.937;2.656;281;2.120;889;356;644;231;5.057
        Gorlago;2.382;2.150;232;2.013;1.001;332;494;186;4.395
        Gorle;3.185;2.966;219;2.413;1.157;573;472;211;5.597
        Gorno;705;641;64;692;435;75;125;58;1.397
        Grassobbio;3.186;2.972;214;2.347;1.169;381;562;236;5.533
        Gromo;532;499;33;526;288;66;124;48;1.058
        Grone;401;366;35;358;166;55;102;35;758
        Grumello del Monte;3.439;3.169;270;2.792;1.405;452;649;286;6.230
        Isola di Fondra;77;73;4;83;53;4;18;8;160
        Isso;347;317;30;221;106;36;54;25;568
        Lallio;2.065;1.903;162;1.474;724;293;320;137;3.539
        Leffe;1.932;1.772;160;2.001;1.252;252;353;145;3.933
        Lenna;273;242;31;265;159;34;47;25;537
        Levate;1.782;1.655;127;1.415;732;234;332;117;3.197
        Locatello;323;290;33;370;168;58;99;45;693
        Lovere;2.222;2.031;191;2.365;1.374;328;439;225;4.587
        Lurano;1.407;1.319;88;931;450;175;220;87;2.338
        Luzzana;417;394;24;329;174;56;75;24;746
        Madone;2.045;1.814;231;1.329;652;209;340;129;3.374
        Mapello;3.316;3.091;225;2.404;1.190;418;564;232;5.720
        Martinengo;5.033;4.524;510;3.765;1.666;548;1.130;421;8.798
        Medolago;1.180;1.077;103;868;417;146;215;91;2.048
        Mezzoldo;61;56;5;86;59;5;15;7;147
        Misano di Gera d'Adda;1.463;1.347;116;1.091;575;173;249;95;2.554
        Moio de' Calvi;87;79;8;93;57;15;14;7;180
        Monasterolo del Castello;551;507;44;448;224;83;108;33;999
        Montello;1.591;1.439;152;1.125;483;216;298;129;2.716
        Morengo;1.168;1.085;83;983;482;170;237;94;2.151
        Mornico al Serio;1.338;1.216;122;1.106;494;163;337;112;2.444
        Mozzanica;2.164;1.985;179;1.638;809;259;438;132;3.802
        Mozzo;3.501;3.254;247;2.917;1.532;569;572;244;6.418
        Nembro;5.269;4.841;428;4.664;2.625;760;886;393;9.933
        Olmo al Brembo;206;195;11;223;131;27;51;14;429
        Oltre il Colle;470;439;31;438;249;55;88;46;908
        Oltressenda Alta;53;52;2;80;52;10;11;8;133
        Oneta;248;229;19;282;187;23;53;19;530
        Onore;423;392;31;371;194;42;93;43;794
        Orio al Serio;873;799;74;612;331;103;127;51;1.485
        Ornica;64;60;4;77;50;6;14;7;140
        Osio Sopra;2.565;2.350;215;1.837;863;360;427;187;4.402
        Osio Sotto;5.970;5.459;511;4.594;2.261;725;1.125;484;10.564
        Pagazzano;972;897;75;782;384;100;223;75;1.754
        Paladina;1.977;1.846;131;1.458;765;267;307;119;3.434
        Palazzago;2.222;2.098;124;1.507;753;238;368;149;3.729
        Palosco;2.699;2.447;252;2.061;1.009;333;536;183;4.760
        Parre;1.301;1.202;99;1.019;598;163;170;89;2.320
        Parzanica;149;139;10;175;104;17;40;14;324
        Pedrengo;2.959;2.756;204;2.138;1.031;429;496;182;5.097
        Peia;803;748;55;741;439;113;135;55;1.544
        Pianico;610;560;50;585;288;83;158;57;1.195
        Piario;487;443;44;442;235;82;87;38;928
        Piazza Brembana;554;505;50;519;290;88;99;42;1.073
        Piazzatorre;167;154;13;193;116;20;39;19;360
        Piazzolo;33;31;2;44;29;6;8;1;76
        Pognano;774;728;46;538;246;91;148;53;1.312
        Ponte Nossa;781;703;78;813;544;106;106;58;1.594
        Ponte San Pietro;5.342;4.761;581;4.334;2.371;647;930;387;9.676
        Ponteranica;3.105;2.854;251;2.843;1.595;481;535;232;5.948
        Pontida;1.554;1.439;115;1.296;619;214;329;134;2.850
        Pontirolo Nuovo;2.446;2.187;259;1.808;970;305;375;158;4.254
        Pradalunga;2.170;2.027;143;1.804;1.043;301;305;155;3.974
        Predore;912;858;55;717;398;119;132;68;1.629
        Premolo;502;459;43;488;312;71;69;36;990
        Presezzo;2.310;2.121;189;1.919;1.031;358;367;164;4.229
        Pumenengo;807;718;89;639;292;75;206;66;1.445
        Ranica;2.721;2.513;208;2.458;1.391;447;444;176;5.179
        Ranzanico;576;535;41;515;300;62;108;45;1.091
        Riva di Solto;433;410;23;409;244;53;79;34;842
        Rogno;1.771;1.655;116;1.439;666;225;403;146;3.209
        Romano di Lombardia;9.598;8.612;986;7.557;3.354;1.133;2.248;822;17.155
        Roncobello;186;167;19;213;115;24;52;22;399
        Roncola;385;359;26;300;143;53;72;32;685
        Rota d'Imagna;382;347;35;401;225;27;108;41;782
        Rovetta;1.946;1.784;162;1.591;792;276;376;147;3.536
        San Giovanni Bianco;2.174;2.052;122;2.014;1.065;331;452;167;4.188
        San Paolo d'Argon;2.885;2.649;236;1.905;793;419;508;185;4.789
        San Pellegrino Terme;2.106;1.977;129;2.129;1.278;272;421;158;4.235
        Santa Brigida;236;222;14;256;154;19;62;22;492
        Sant'Omobono Terme;1.741;1.611;130;1.547;729;255;402;161;3.288
        Sarnico;3.325;3.026;299;2.470;1.315;384;512;259;5.794
        Scanzorosciate;4.808;4.493;315;3.693;1.939;680;779;295;8.501
        Schilpario;528;491;37;508;302;65;99;42;1.036
        Sedrina;1.210;1.069;141;979;503;170;208;98;2.188
        Selvino;954;882;72;838;413;137;211;78;1.792
        Seriate;12.307;11.246;1.061;9.046;4.650;1.598;1.867;932;21.353
        Serina;927;865;62;893;517;106;200;70;1.819
        Solto Collina;803;750;53;726;381;104;175;67;1.529
        Solza;1.015;940;75;687;333;113;171;70;1.701
        Songavazzo;331;306;25;314;170;50;68;26;645
        Sorisole;4.282;3.916;366;3.596;1.872;665;764;295;7.878
        Sotto il Monte Giovanni XXIII;2.257;2.074;183;1.559;756;323;337;143;3.816
        Sovere;2.329;2.168;162;2.187;1.100;361;545;181;4.516
        Spinone al Lago;469;427;42;392;193;64;90;45;861
        Spirano;2.806;2.576;230;1.931;954;351;451;176;4.737
        Stezzano;6.580;6.132;448;4.439;2.196;859;955;429;11.019
        Strozza;524;488;36;401;187;65;114;36;925
        Suisio;1.811;1.638;174;1.425;724;229;351;122;3.236
        Taleggio;257;241;16;229;154;22;40;14;486
        Tavernola Bergamasca;947;898;49;867;550;116;142;59;1.814
        Telgate;2.429;2.135;294;1.765;785;283;512;185;4.194
        Terno d'Isola;4.153;3.738;415;2.484;1.074;493;644;273;6.637
        Torre Boldone;4.027;3.683;344;3.476;1.894;601;685;296;7.503
        Torre de' Busi;1.055;985;70;742;394;124;167;57;1.797
        Torre de' Roveri;1.219;1.144;75;867;413;150;224;81;2.086
        Torre Pallavicina;527;486;41;389;183;45;114;47;915
        Trescore Balneario;4.542;4.154;388;3.539;1.576;636;912;415;8.080
        Treviglio;14.249;12.897;1.352;11.501;6.019;1.954;2.334;1.194;25.750
        Treviolo;5.126;4.766;360;4.027;1.992;801;861;373;9.153
        Ubiale Clanezzo;635;597;38;564;293;90;137;45;1.199
        Urgnano;4.757;4.321;436;3.622;1.729;635;927;331;8.379
        Valbondione;460;410;50;456;244;30;132;50;916
        Valbrembo;2.157;2.028;129;1.553;801;280;322;150;3.709
        Val Brembilla;1.982;1.867;115;1.752;988;247;383;134;3.733
        Valgoglio;267;246;21;254;141;23;76;15;521
        Valleve;66;60;6;52;28;7;12;5;117
        Valnegra;77;73;4;111;73;12;19;7;187
        Valtorta;118;110;8;135;85;14;26;11;253
        Vedeseta;74;64;10;123;75;7;31;10;196
        Verdellino;3.669;3.142;527;2.606;1.255;425;666;260;6.275
        Verdello;3.890;3.542;348;2.879;1.467;481;637;294;6.769
        Vertova;2.157;2.003;154;1.856;1.170;247;292;147;4.013
        Viadanica;564;542;22;391;192;84;86;30;955
        Vigano San Martino;625;566;60;523;243;83;149;48;1.148
        Vigolo;283;265;18;214;126;23;45;20;497
        Villa d'Adda;2.139;1.974;165;1.800;909;271;431;189;3.939
        Villa d'Almè;3.102;2.894;208;2.664;1.447;461;539;218;5.766
        Villa di Serio;3.242;3.016;226;2.522;1.295;436;579;213;5.764
        Villa d'Ogna;850;764;86;742;448;116;122;57;1.592
        Villongo;3.969;3.576;393;2.713;1.232;507;687;287;6.682
        Vilminore di Scalve;705;669;36;562;315;83;113;51;1.267
        Zandobbio;1.261;1.134;128;1.046;500;164;294;88;2.307
        Zanica;4.346;4.015;331;2.970;1.442;498;743;287;7.316
        Zogno;4.010;3.722;288;3.689;2.076;578;710;326;7.699
      Brescia;601.164;547.082;54.082;475.243;236.501;75.264;114.334;49.144;1.076.407
        Acquafredda;711;653;58;588;287;102;139;60;1.298
        Adro;3.362;3.081;281;2.749;1.418;424;653;254;6.111
        Agnosine;811;768;43;693;386;85;167;56;1.504
        Alfianello;1.156;1.091;65;963;489;144;241;89;2.119
        Anfo;206;182;24;216;119;25;51;21;421
        Angolo Terme;1.066;991;75;1.021;550;131;252;88;2.087
        Artogne;1.718;1.573;145;1.318;577;192;380;169;3.036
        Azzano Mella;1.776;1.615;161;995;437;200;252;106;2.771
        Bagnolo Mella;5.900;5.381;519;4.771;2.415;694;1.212;451;10.671
        Bagolino;1.720;1.640;80;1.710;998;185;387;140;3.430
        Barbariga;1.075;1.000;75;907;458;151;210;88;1.982
        Barghe;538;508;31;455;225;77;114;39;993
        Bassano Bresciano;1.148;1.067;81;774;375;144;171;84;1.921
        Bedizzole;5.942;5.464;478;4.371;1.939;706;1.195;531;10.313
        Berlingo;1.332;1.244;88;943;387;152;303;101;2.275
        Berzo Demo;739;691;48;737;354;115;198;70;1.475
        Berzo Inferiore;1.176;1.102;74;908;443;158;225;82;2.084
        Bienno;1.722;1.589;133;1.610;888;219;366;138;3.332
        Bione;629;587;42;552;331;75;102;44;1.180
        Borgo San Giacomo;2.495;2.221;274;2.015;911;312;589;204;4.510
        Borgosatollo;4.308;4.013;295;3.547;1.677;580;952;339;7.855
        Borno;1.160;1.053;107;1.187;602;165;276;144;2.347
        Botticino;5.148;4.739;409;4.225;2.289;656;915;365;9.373
        Bovegno;918;845;73;958;534;103;211;110;1.876
        Bovezzo;3.542;3.255;287;3.055;1.661;495;637;262;6.597
        Brandico;815;739;76;572;249;105;165;53;1.386
        Braone;335;309;26;263;129;43;61;30;598
        Breno;2.096;1.935;161;2.107;1.173;292;458;185;4.203
        Brescia;93.260;83.178;10.082;77.615;40.184;12.653;15.667;9.111;170.875
        Brione;349;323;26;269;147;33;63;26;618
        Caino;1.066;979;87;708;322;119;194;74;1.774
        Calcinato;6.315;5.656;659;4.407;1.969;772;1.220;446;10.722
        Calvagese della Riviera;1.792;1.669;123;1.123;532;200;272;120;2.915
        Calvisano;4.153;3.793;360;3.052;1.412;503;831;307;7.205
        Capo di Ponte;1.127;1.043;84;990;531;123;241;95;2.117
        Capovalle;135;127;8;183;114;17;42;11;318
        Capriano del Colle;2.266;2.136;131;1.684;770;266;476;173;3.950
        Capriolo;4.486;4.008;478;3.489;1.734;508;906;341;7.975
        Carpenedolo;6.296;5.746;550;4.482;2.111;733;1.176;463;10.778
        Castegnato;4.149;3.808;341;2.968;1.402;565;738;264;7.117
        Castel Mella;5.670;5.251;419;3.575;1.669;699;842;365;9.245
        Castelcovati;2.947;2.583;364;2.446;785;372;940;349;5.392
        Castenedolo;5.618;5.216;402;4.082;2.000;688;985;409;9.699
        Casto;831;786;45;645;343;116;135;51;1.476
        Castrezzato;3.644;3.086;559;2.423;939;351;830;303;6.067
        Cazzago San Martino;5.221;4.831;390;4.208;2.031;641;1.167;369;9.429
        Cedegolo;540;496;45;482;237;54;134;57;1.022
        Cellatica;2.236;2.073;163;2.044;1.069;359;421;195;4.280
        Cerveno;313;292;21;272;162;42;44;24;585
        Ceto;861;795;66;752;373;129;162;89;1.613
        Cevo;376;346;30;405;228;33;98;46;781
        Chiari;8.929;7.966;963;7.362;3.419;1.165;1.938;841;16.291
        Cigole;678;633;45;661;364;98;144;55;1.339
        Cimbergo;252;234;18;233;144;29;39;21;485
        Cividate Camuno;1.233;1.151;82;1.134;561;180;285;108;2.367
        Coccaglio;4.104;3.662;442;3.212;1.416;499;968;329;7.316
        Collebeato;2.163;2.024;139;1.950;1.067;368;346;169;4.113
        Collio;966;875;91;883;490;104;179;110;1.849
        Cologne;3.608;3.272;336;2.650;1.247;456;694;253;6.258
        Comezzano-Cizzago;1.974;1.753;222;1.308;431;226;493;158;3.282
        Concesio;7.479;6.985;494;5.827;3.040;941;1.314;533;13.306
        Corte Franca;3.456;3.135;322;2.666;1.312;415;671;269;6.122
        Corteno Golgi;900;811;89;813;413;99;203;98;1.713
        Corzano;686;636;50;493;249;66;125;53;1.179
        Darfo Boario Terme;7.419;6.695;724;6.155;2.974;980;1.566;635;13.573
        Dello;2.754;2.528;226;1.921;946;320;479;176;4.675
        Desenzano del Garda;14.203;12.566;1.638;11.029;5.443;1.782;2.414;1.391;25.232
        Edolo;2.033;1.849;184;1.877;1.029;237;405;206;3.910
        Erbusco;4.236;3.920;316;2.981;1.382;467;778;355;7.217
        Esine;2.490;2.280;210;1.994;991;345;471;187;4.483
        Fiesse;958;871;87;816;403;105;238;71;1.774
        Flero;4.259;3.983;276;3.303;1.710;486;802;305;7.562
        Gambara;2.121;1.940;181;1.934;1.038;285;453;158;4.054
        Gardone Riviera;1.284;1.144;140;1.063;585;163;194;121;2.347
        Gardone Val Trompia;5.204;4.731;473;4.658;2.542;720;986;410;9.862
        Gargnano;1.264;1.147;117;1.272;787;130;238;118;2.536
        Gavardo;5.873;5.289;584;4.463;2.400;778;886;400;10.336
        Ghedi;8.887;8.155;732;6.782;2.942;1.166;2.039;635;15.668
        Gianico;988;912;76;853;417;132;223;81;1.840
        Gottolengo;2.385;2.183;202;1.951;972;281;490;208;4.336
        Gussago;7.921;7.313;608;6.315;3.176;1.084;1.450;605;14.236
        Idro;897;839;58;704;379;101;160;64;1.600
        Incudine;174;152;22;160;88;18;34;20;334
        Irma;58;55;3;55;34;6;12;3;113
        Iseo;4.368;4.033;335;3.598;2.029;511;715;344;7.966
        Isorella;1.922;1.780;142;1.493;695;227;444;128;3.415
        Lavenone;236;208;28;227;138;21;47;22;463
        Leno;6.791;6.135;656;5.065;2.477;817;1.309;462;11.856
        Limone sul Garda;615;575;40;364;196;57;66;46;979
        Lodrino;772;729;43;695;313;124;190;68;1.467
        Lograto;1.749;1.631;118;1.376;613;224;417;122;3.125
        Lonato del Garda;8.447;7.681;767;5.677;2.605;1.008;1.354;711;14.124
        Longhena;270;249;21;244;143;33;55;13;514
        Losine;279;253;26;254;127;49;53;25;532
        Lozio;161;151;10;210;119;18;53;20;371
        Lumezzane;10.236;9.531;705;8.937;4.570;1.319;2.233;815;19.172
        Maclodio;689;643;46;517;202;84;178;53;1.205
        Magasa;58;54;4;61;48;4;4;5;119
        Mairano;1.731;1.575;157;1.103;487;183;331;102;2.834
        Malegno;863;799;64;882;471;93;238;80;1.745
        Malonno;1.355;1.265;90;1.414;734;172;393;116;2.769
        Manerba del Garda;2.734;2.439;295;1.760;792;279;451;239;4.494
        Manerbio;6.215;5.620;595;5.066;2.914;812;892;448;11.281
        Marcheno;2.042;1.902;140;1.637;879;255;376;127;3.679
        Marmentino;315;301;14;276;163;26;55;32;591
        Marone;1.459;1.354;105;1.281;715;183;270;113;2.740
        Mazzano;6.139;5.643;496;4.344;2.091;735;1.089;430;10.483
        Milzano;826;772;54;650;271;93;215;71;1.476
        Moniga del Garda;1.350;1.232;118;875;423;114;217;121;2.225
        Monno;239;223;16;229;137;24;44;24;468
        Monte Isola;830;768;62;698;414;88;151;45;1.527
        Monticelli Brusati;2.308;2.186;122;1.525;758;258;376;133;3.833
        Montichiari;12.913;11.718;1.195;8.509;3.780;1.548;2.226;955;21.422
        Montirone;2.552;2.348;204;1.717;724;300;529;164;4.268
        Mura;380;363;17;288;168;47;53;21;668
        Muscoline;1.365;1.273;92;866;459;127;199;81;2.230
        Nave;4.903;4.582;321;4.403;2.189;711;1.091;412;9.305
        Niardo;941;882;59;788;355;149;209;75;1.729
        Nuvolento;1.873;1.727;146;1.498;690;220;443;146;3.371
        Nuvolera;2.324;2.141;183;1.628;715;308;454;151;3.952
        Odolo;811;746;65;787;341;127;250;69;1.598
        Offlaga;1.889;1.749;140;1.507;709;244;386;168;3.396
        Ome;1.523;1.418;105;1.207;645;179;279;105;2.730
        Ono San Pietro;466;439;27;377;180;59;101;38;843
        Orzinuovi;5.973;5.305;668;4.611;2.262;723;1.174;452;10.583
        Orzivecchi;1.129;1.003;126;986;475;149;256;106;2.115
        Ospitaletto;6.856;6.233;623;4.964;2.206;864;1.389;505;11.819
        Ossimo;686;622;64;615;301;78;167;69;1.301
        Padenghe sul Garda;2.362;2.116;246;1.635;793;253;403;187;3.996
        Paderno Franciacorta;1.779;1.648;131;1.309;653;263;277;116;3.088
        Paisco Loveno;78;74;4;82;41;5;23;13;160
        Paitone;1.057;947;110;770;360;133;197;81;1.826
        Palazzolo sull'Oglio;9.596;8.583;1.013;7.339;3.631;1.214;1.759;735;16.934
        Paratico;2.504;2.279;225;1.599;814;269;342;175;4.103
        Paspardo;285;266;19;256;171;27;38;20;541
        Passirano;3.445;3.209;236;2.572;1.288;431;601;252;6.016
        Pavone del Mella;1.290;1.207;83;1.092;519;173;303;97;2.382
        Pertica Alta;234;214;20;247;158;27;45;17;481
        Pertica Bassa;265;235;30;269;179;29;42;19;533
        Pezzaze;662;617;45;667;341;75;162;89;1.329
        Pian Camuno;2.279;2.082;197;1.690;707;268;514;201;3.969
        Piancogno;2.152;1.974;179;1.861;856;298;506;201;4.013
        Pisogne;3.750;3.507;243;3.185;1.763;412;727;283;6.935
        Polaveno;1.173;1.117;57;1.007;542;144;236;85;2.180
        Polpenazze del Garda;1.394;1.288;106;929;443;146;238;103;2.323
        Pompiano;1.719;1.568;151;1.451;666;202;448;135;3.170
        Poncarale;2.600;2.417;183;1.823;821;338;493;171;4.423
        Ponte di Legno;852;753;99;718;383;92;144;100;1.570
        Pontevico;3.163;2.931;232;2.965;1.627;373;563;402;6.127
        Pontoglio;3.142;2.797;345;2.599;1.259;384;695;262;5.741
        Pozzolengo;1.772;1.629;143;1.261;607;210;294;150;3.033
        Pralboino;1.327;1.207;121;1.146;585;148;310;104;2.473
        Preseglie;695;661;35;615;322;86;157;50;1.310
        Prevalle;3.302;2.981;321;2.350;1.042;418;658;232;5.651
        Provaglio d'Iseo;3.475;3.241;234;2.659;1.297;420;679;263;6.134
        Provaglio Val Sabbia;396;370;26;407;212;60;103;33;802
        Puegnago del Garda;1.708;1.578;130;1.259;623;208;293;135;2.967
        Quinzano d'Oglio;2.983;2.711;272;2.442;1.359;345;521;217;5.424
        Remedello;1.571;1.413;158;1.226;576;201;325;125;2.797
        Rezzato;6.410;5.807;603;5.116;2.632;852;1.112;520;11.525
        Roccafranca;2.197;1.964;233;1.743;603;268;656;217;3.939
        Rodengo Saiano;4.884;4.576;308;3.339;1.538;661;817;324;8.223
        Roè Volciano;2.153;1.978;175;1.764;928;313;359;164;3.917
        Roncadelle;4.488;4.094;394;3.433;1.680;589;794;371;7.921
        Rovato;9.118;8.119;999;6.593;2.787;1.016;2.023;767;15.710
        Rudiano;2.735;2.413;322;2.058;732;316;747;263;4.793
        Sabbio Chiese;1.858;1.743;115;1.446;712;233;377;124;3.304
        Sale Marasino;1.597;1.488;109;1.343;798;184;252;109;2.940
        Salò;4.866;4.405;461;4.436;2.570;642;819;405;9.302
        San Felice del Benaco;1.683;1.544;139;1.305;697;193;257;158;2.988
        San Gervasio Bresciano;1.293;1.181;112;807;369;131;223;85;2.100
        San Paolo;2.125;1.962;163;1.668;725;263;525;155;3.792
        San Zeno Naviglio;2.358;2.197;161;1.650;833;264;404;150;4.008
        Sarezzo;6.426;5.899;527;4.992;2.550;884;1.100;459;11.418
        Saviore dell'Adamello;343;313;30;448;265;27;118;38;791
        Sellero;641;602;39;601;288;85;171;57;1.242
        Seniga;642;603;39;608;323;84;141;60;1.250
        Serle;1.354;1.246;108;1.283;665;159;335;124;2.636
        Sirmione;4.303;3.779;524;2.723;1.376;427;596;324;7.025
        Soiano del Lago;928;854;74;668;302;104;179;83;1.596
        Sonico;552;515;38;514;268;47;144;55;1.066
        Sulzano;952;890;62;707;368;81;151;107;1.658
        Tavernole sul Mella;561;521;40;529;307;62;117;43;1.090
        Temù;503;452;51;467;257;53;99;58;970
        Tignale;566;519;47;538;341;71;73;53;1.104
        Torbole Casaglia;3.223;2.933;291;2.165;1.013;369;566;217;5.388
        Toscolano-Maderno;3.641;3.276;365;3.281;1.875;459;598;350;6.922
        Travagliato;6.776;6.158;618;4.841;2.284;826;1.245;486;11.616
        Tremosine sul Garda;1.041;914;127;756;430;100;138;88;1.797
        Trenzano;2.602;2.346;257;1.929;752;288;686;203;4.531
        Treviso Bresciano;248;227;21;223;118;36;50;19;471
        Urago d'Oglio;1.678;1.480;198;1.386;632;172;432;150;3.064
        Vallio Terme;715;664;51;500;270;68;117;45;1.215
        Valvestino;71;63;8;104;78;7;12;7;174
        Verolanuova;3.843;3.570;273;3.191;1.732;468;692;299;7.034
        Verolavecchia;1.816;1.702;114;1.497;882;198;292;125;3.313
        Vestone;1.959;1.807;152;1.689;894;288;366;141;3.648
        Vezza d'Oglio;705;648;57;552;296;89;117;50;1.257
        Villa Carcina;4.963;4.531;432;4.120;2.227;576;948;369;9.083
        Villachiara;689;620;69;538;235;74;175;54;1.226
        Villanuova sul Clisi;2.709;2.458;251;2.278;1.294;338;430;216;4.986
        Vione;263;236;27;335;196;27;75;37;597
        Visano;936;870;66;728;331;146;192;59;1.664
        Vobarno;3.666;3.329;337;3.275;1.666;456;842;311;6.941
        Zone;482;454;28;467;280;53;90;44;949
      Pavia;261.078;232.920;28.158;214.226;120.986;31.173;37.335;24.732;475.303
        Alagna;428;376;52;307;169;46;61;31;735
        Albaredo Arnaboldi;125;112;13;88;51;10;19;9;213
        Albonese;233;211;22;258;176;26;31;25;490
        Albuzzano;1.823;1.660;163;1.156;568;194;224;171;2.979
        Arena Po;742;671;71;637;381;70;113;73;1.379
        Badia Pavese;178;160;18;146;84;14;28;20;324
        Bagnaria;306;283;23;290;202;32;29;27;595
        Barbianello;416;371;45;340;187;55;57;41;756
        Bascapè;914;825;89;626;320;80;136;90;1.540
        Bastida Pancarana;477;429;48;394;206;46;87;55;871
        Battuda;358;333;25;199;88;40;43;28;557
        Belgioioso;2.909;2.633;276;2.456;1.397;346;438;275;5.365
        Bereguardo;1.351;1.229;122;1.083;585;158;206;135;2.434
        Borgarello;1.399;1.290;109;894;416;243;140;95;2.293
        Borgo Priolo;703;614;89;580;349;64;102;65;1.283
        Borgo San Siro;461;399;62;399;223;61;70;45;860
        Borgoratto Mormorolo;200;179;21;165;103;13;34;15;364
        Bornasco;1.435;1.297;138;773;379;164;146;84;2.208
        Bosnasco;305;277;28;253;153;32;41;28;558
        Brallo di Pregola;202;178;24;333;261;13;38;22;535
        Breme;294;251;43;379;235;32;81;32;673
        Bressana Bottarone;1.641;1.497;144;1.377;775;194;276;132;3.017
        Broni;4.349;3.810;539;3.858;2.189;449;780;440;8.207
        Calvignano;56;49;7;42;27;5;6;4;98
        Campospinoso Albaredo;514;465;49;429;275;42;66;46;943
        Candia Lomellina;690;592;98;682;381;86;125;91;1.372
        Canevino;49;43;6;43;30;2;2;9;92
        Canneto Pavese;627;552;75;582;332;77;108;66;1.209
        Carbonara al Ticino;707;648;59;548;312;86;92;58;1.255
        Casanova Lonati;198;176;22;188;110;25;34;19;386
        Casatisma;414;366;48;365;200;46;80;40;779
        Casei Gerola;1.136;998;138;1.066;625;132;192;117;2.201
        Casorate Primo;4.234;3.812;422;3.243;1.657;546;664;376;7.477
        Cassolnovo;3.375;3.083;292;2.612;1.492;381;438;301;5.987
        Castana;359;312;48;318;206;37;47;28;677
        Casteggio;3.176;2.773;403;2.816;1.711;332;456;317;5.991
        Castelletto di Branduzzo;516;461;56;426;223;56;80;67;942
        Castello d'Agogna;580;502;78;425;227;66;89;43;1.005
        Castelnovetto;261;224;37;238;161;23;41;13;499
        Cava Manara;3.282;3.030;253;2.574;1.464;428;418;265;5.856
        Cecima;106;98;8;98;65;7;14;13;204
        Ceranova;1.190;1.066;124;618;263;120;150;85;1.808
        Ceretto Lomellina;86;75;11;81;47;2;21;11;167
        Cergnago;363;316;47;284;179;31;50;25;647
        Certosa di Pavia;2.889;2.630;259;1.718;865;278;353;222;4.607
        Cervesina;545;494;51;528;308;58;91;71;1.073
        Chignolo Po;1.961;1.751;210;1.454;734;199;330;191;3.415
        Cigognola;571;527;44;584;348;51;105;81;1.155
        Cilavegna;2.584;2.285;299;2.132;1.270;319;330;213;4.716
        Codevilla;478;433;45;392;245;49;63;35;869
        Colli Verdi;..;..;..;..;..;..;..;..;..
        Confienza;736;651;85;672;387;79;132;74;1.408
        Copiano;861;780;81;653;375;89;123;66;1.514
        Corana;381;337;44;350;212;40;60;38;730
        Cornale e Bastida;384;331;53;363;244;34;59;26;747
        Corteolona e Genzone;1.231;1.135;96;935;529;136;174;96;2.165
        Corvino San Quirico;433;385;48;491;302;39;90;60;924
        Costa de' Nobili;198;186;12;139;90;15;21;13;337
        Cozzo;197;148;49;144;88;12;27;18;341
        Cura Carpignano;2.733;2.542;191;1.403;656;336;245;166;4.135
        Dorno;2.168;1.926;242;1.884;1.065;277;314;228;4.052
        Ferrera Erbognone;493;428;65;496;257;73;106;60;989
        Filighera;400;360;40;337;195;43;68;32;737
        Fortunago;147;134;13;181;117;18;28;18;328
        Frascarolo;526;467;59;520;335;52;85;48;1.045
        Galliavola;83;73;10;92;49;6;26;12;175
        Gambarana;79;66;13;113;67;8;27;12;192
        Gambolò;4.686;4.175;511;3.807;2.074;634;653;446;8.493
        Garlasco;4.492;3.971;521;4.067;2.401;555;704;408;8.559
        Gerenzago;758;675;83;460;230;82;101;47;1.218
        Giussago;2.750;2.526;224;1.725;905;270;354;196;4.475
        Godiasco Salice Terme;1.583;1.415;168;1.402;818;199;228;157;2.985
        Golferenzo;92;81;11;89;58;9;14;9;181
        Gravellona Lomellina;1.353;1.231;122;990;567;148;168;107;2.343
        Gropello Cairoli;2.120;1.891;229;1.750;1.019;248;315;168;3.870
        Inverno e Monteleone;720;658;62;564;294;77;116;77;1.284
        Landriano;3.120;2.848;272;2.130;1.076;323;464;267;5.249
        Langosco;173;145;28;157;98;13;32;14;330
        Lardirago;585;523;62;444;259;63;72;50;1.029
        Linarolo;1.415;1.292;123;976;506;158;194;118;2.391
        Lirio;64;58;6;47;32;4;7;5;111
        Lomello;934;831;103;989;581;115;202;91;1.923
        Lungavilla;1.158;1.040;118;996;561;118;211;106;2.154
        Magherno;834;737;97;648;351;92;129;76;1.481
        Marcignago;1.231;1.107;124;867;453;143;169;102;2.098
        Marzano;859;752;107;543;259;105;120;60;1.402
        Mede;2.935;2.634;301;2.773;1.634;354;491;295;5.708
        Menconico;141;128;13;195;151;9;22;14;336
        Mezzana Bigli;462;432;30;486;291;48;91;56;948
        Mezzana Rabattone;213;195;18;226;139;34;34;19;439
        Mezzanino;686;626;61;545;360;68;68;49;1.231
        Miradolo Terme;1.866;1.630;236;1.471;788;225;310;148;3.337
        Montalto Pavese;391;329;62;393;236;38;75;45;784
        Montebello della Battaglia;729;654;75;674;401;88;107;78;1.403
        Montecalvo Versiggia;261;227;34;204;110;27;42;25;464
        Montescano;197;177;20;170;98;17;34;22;367
        Montesegale;112;107;5;144;99;17;23;6;256
        Monticelli Pavese;331;295;36;280;154;27;65;34;611
        Montù Beccaria;827;741;86;639;379;89;109;62;1.466
        Mornico Losana;275;243;32;294;175;35;51;33;568
        Mortara;7.230;6.236;994;6.109;3.419;921;1.116;653;13.338
        Nicorvo;117;105;12;152;98;12;26;17;269
        Olevano di Lomellina;353;298;55;275;155;31;64;26;628
        Oliva Gessi;84;78;6;72;45;7;13;7;156
        Ottobiano;513;454;59;452;272;51;92;37;965
        Palestro;840;724;116;807;475;109;133;90;1.647
        Pancarana;152;136;16;124;73;12;23;16;276
        Parona;932;790;142;733;414;92;137;90;1.664
        Pavia;34.781;31.154;3.627;29.399;16.381;4.808;4.275;3.936;64.180
        Pietra de' Giorgi;393;351;42;332;187;37;65;44;725
        Pieve Albignola;408;358;50;361;198;55;67;41;769
        Pieve del Cairo;845;719;126;863;548;84;146;85;1.708
        Pieve Porto Morone;1.264;1.136;128;1.105;610;140;218;138;2.369
        Pinarolo Po;798;727;71;710;408;96;132;74;1.508
        Pizzale;356;330;26;275;177;24;50;25;631
        Ponte Nizza;364;325;40;357;241;43;49;24;721
        Portalbera;755;691;65;547;308;91;92;56;1.302
        Rea;200;183;17;174;109;19;30;16;373
        Redavalle;473;436;37;444;258;42;87;57;917
        Retorbido;752;669;83;589;335;97;90;67;1.341
        Rivanazzano Terme;2.616;2.329;287;2.023;1.162;273;368;220;4.639
        Robbio;2.625;2.356;269;2.552;1.569;324;427;232;5.177
        Robecco Pavese;250;231;19;231;140;27;38;26;481
        Rocca de' Giorgi;44;27;17;22;10;2;3;7;66
        Rocca Susella;104;90;14;98;66;8;13;11;201
        Rognano;373;348;25;139;56;33;31;19;512
        Romagnese;228;200;28;415;316;26;40;33;643
        Roncaro;830;742;88;450;192;88;109;61;1.279
        Rosasco;268;230;38;260;191;16;34;19;527
        Rovescala;383;333;50;382;237;43;66;37;765
        Ruino;320;288;32;331;232;30;39;31;651
        San Cipriano Po;245;214;31;158;78;21;32;28;403
        San Damiano al Colle;298;249;49;294;183;29;60;22;592
        San Genesio ed Uniti;1.939;1.799;140;1.512;866;292;216;138;3.451
        San Giorgio di Lomellina;488;439;49;476;284;56;86;50;963
        San Martino Siccomario;3.226;2.933;293;2.264;1.289;364;377;234;5.490
        San Zenone al Po;239;207;32;258;142;33;41;42;497
        Sannazzaro de' Burgondi;2.375;2.104;271;2.379;1.271;297;573;238;4.753
        Santa Cristina e Bissone;917;859;58;780;461;95;127;97;1.696
        Santa Giuletta;729;639;91;685;407;75;139;65;1.414
        Santa Margherita di Staffora;174;156;19;278;213;15;31;19;452
        Santa Maria della Versa;1.120;994;126;907;586;100;138;83;2.027
        Sant'Alessio con Vialone;523;492;31;263;123;59;54;27;786
        Sant'Angelo Lomellina;366;326;40;312;169;32;77;34;678
        Sartirana Lomellina;676;604;72;769;497;76;116;80;1.445
        Scaldasole;429;383;46;364;193;44;90;38;793
        Semiana;96;88;8;95;56;12;20;7;191
        Silvano Pietra;311;278;33;273;148;34;65;26;584
        Siziano;3.048;2.820;229;2.119;1.095;411;395;218;5.167
        Sommo;626;572;54;396;228;68;60;40;1.022
        Spessa;260;236;24;237;132;23;49;33;497
        Stradella;5.788;5.222;566;4.581;2.656;620;766;539;10.369
        Suardi;278;245;33;285;169;29;51;36;563
        Torrazza Coste;771;702;69;652;383;90;110;69;1.423
        Torre Beretti e Castellaro;252;221;31;245;124;31;55;35;497
        Torre d'Arese;478;428;50;276;130;50;59;37;753
        Torre de' Negri;150;140;10;140;84;15;26;15;290
        Torre d'Isola;1.259;1.176;83;828;403;202;138;85;2.087
        Torrevecchia Pia;1.857;1.670;187;1.103;514;213;234;142;2.959
        Torricella Verzate;380;350;30;360;211;49;53;47;740
        Travacò Siccomario;2.183;1.997;186;1.659;944;308;242;165;3.842
        Trivolzio;1.158;1.063;95;749;401;113;141;94;1.907
        Tromello;1.819;1.591;228;1.454;807;202;282;163;3.273
        Trovo;486;451;35;361;166;74;76;46;847
        Val di Nizza;243;220;23;326;235;24;43;24;568
        Valeggio;104;90;14;84;58;3;14;9;188
        Valle Lomellina;970;811;159;950;525;98;215;112;1.920
        Valle Salimbene;751;689;62;586;346;89;94;57;1.337
        Valverde;107;102;5;147;105;7;20;15;254
        Varzi;1.382;1.251;131;1.496;1.035;166;140;155;2.878
        Velezzo Lomellina;56;49;7;34;17;5;8;4;90
        Vellezzo Bellini;1.693;1.543;151;1.111;511;237;227;136;2.804
        Verretto;190;166;24;146;81;22;28;16;336
        Verrua Po;587;524;63;532;310;69;94;59;1.119
        Vidigulfo;3.356;3.048;308;2.024;1.015;362;413;234;5.380
        Vigevano;29.925;25.844;4.081;24.716;14.032;3.700;4.069;2.915;54.640
        Villa Biscossi;31;27;4;30;23;2;3;3;61
        Villanova d'Ardenghi;379;352;27;293;177;36;51;29;672
        Villanterio;1.638;1.464;174;1.276;648;188;280;160;2.914
        Vistarino;776;687;90;506;243;85;119;60;1.282
        Voghera;18.157;16.070;2.088;16.483;9.409;2.269;2.813;1.992;34.640
        Volpara;64;59;5;55;34;6;10;6;119
        Zavattarello;416;371;45;502;333;39;70;61;918
        Zeccone;876;808;68;544;277;103;108;56;1.420
        Zeme;436;377;59;474;253;57;88;77;910
        Zenevredo;218;205;13;198;118;29;34;18;416
        Zerbo;148;132;16;215;143;17;39;16;363
        Zerbolò;877;775;102;603;320;79;123;81;1.479
        Zinasco;1.518;1.377;141;1.219;678;164;214;163;2.737
      Cremona;169.468;154.462;15.006;141.286;79.440;21.068;27.018;13.761;310.754
        Acquanegra Cremonese;528;473;55;510;315;70;89;36;1.038
        Agnadello;1.949;1.789;160;1.352;614;234;338;166;3.300
        Annicco;957;866;91;830;508;112;139;71;1.787
        Azzanello;278;261;18;274;162;34;57;21;552
        Bagnolo Cremasco;2.301;2.115;186;1.900;1.073;272;371;184;4.200
        Bonemerse;745;703;42;525;308;91;83;43;1.269
        Bordolano;274;258;16;227;136;25;49;18;501
        Ca' d'Andrea;171;156;15;180;117;13;34;17;351
        Calvatone;568;519;49;477;282;60;96;39;1.044
        Camisano;578;532;46;501;267;76;118;41;1.079
        Campagnola Cremasca;351;328;23;242;115;51;53;24;593
        Capergnanica;1.094;1.028;66;782;428;128;160;66;1.876
        Cappella Cantone;261;251;10;217;118;28;52;19;477
        Cappella de' Picenardi;164;148;16;174;87;24;46;17;338
        Capralba;1.107;1.007;100;928;501;138;206;83;2.035
        Casalbuttano ed Uniti;1.700;1.537;163;1.683;1.068;212;225;178;3.383
        Casale Cremasco-Vidolasco;882;804;78;688;361;128;130;70;1.570
        Casaletto Ceredano;551;516;35;465;256;69;100;41;1.016
        Casaletto di Sopra;264;238;27;187;87;23;56;21;451
        Casaletto Vaprio;915;822;93;583;280;107;136;60;1.498
        Casalmaggiore;7.427;6.696;731;5.834;2.990;994;1.175;675;13.261
        Casalmorano;704;655;49;716;419;82;150;65;1.419
        Castel Gabbiano;208;190;18;162;77;32;34;19;370
        Casteldidone;263;240;23;242;135;28;57;22;505
        Castelleone;4.566;4.137;429;3.591;2.078;530;687;296;8.157
        Castelverde;2.837;2.664;173;2.062;1.155;332;360;216;4.899
        Castelvisconti;168;145;23;103;59;10;26;9;271
        Cella Dati;234;222;12;215;122;24;52;17;448
        Chieve;1.141;1.050;91;779;430;112;151;86;1.920
        Cicognolo;430;388;42;368;190;66;80;32;798
        Cingia de' Botti;516;466;50;568;350;64;80;75;1.083
        Corte de' Cortesi con Cignone;502;468;35;414;201;57;122;35;916
        Corte de' Frati;623;578;45;567;327;71;121;48;1.190
        Credera Rubbiano;726;678;48;659;377;82;140;60;1.385
        Crema;16.296;14.848;1.448;13.854;7.975;2.202;2.297;1.380;30.150
        Cremona;34.370;30.696;3.674;29.505;17.536;4.429;4.490;3.050;63.874
        Cremosano;886;828;58;576;299;84;131;62;1.462
        Crotta d'Adda;297;275;22;254;155;32;44;24;551
        Cumignano sul Naviglio;203;181;22;170;86;25;40;20;373
        Derovere;148;135;13;127;75;15;28;10;275
        Dovera;1.805;1.633;173;1.446;743;207;347;149;3.251
        Drizzona;263;242;21;239;133;36;49;21;502
        Fiesco;587;553;34;418;199;66;106;47;1.005
        Formigara;461;421;40;465;281;43;103;38;926
        Gabbioneta-Binanuova;405;369;36;361;218;30;78;36;765
        Gadesco-Pieve Delmona;957;897;60;696;367;129;130;70;1.653
        Genivolta;535;504;32;477;240;53;126;58;1.012
        Gerre de' Caprioli;703;666;37;436;231;83;72;50;1.138
        Gombito;292;272;20;250;138;35;56;21;542
        Grontardo;689;632;57;581;345;72;117;48;1.270
        Grumello Cremonese ed Uniti;836;757;79;717;403;100;158;56;1.553
        Gussola;1.253;1.141;112;1.096;611;176;192;117;2.348
        Isola Dovarese;510;480;31;519;323;60;97;39;1.029
        Izano;1.026;960;66;705;392;116;138;60;1.731
        Madignano;1.408;1.320;89;1.081;572;207;210;92;2.489
        Malagnino;911;861;50;512;295;86;88;43;1.423
        Martignana di Po;1.061;932;129;636;322;103;137;74;1.697
        Monte Cremasco;1.116;989;127;807;443;137;167;60;1.923
        Montodine;1.250;1.161;89;916;509;139;189;80;2.166
        Moscazzano;338;311;27;316;192;43;62;19;654
        Motta Baluffi;420;364;56;370;215;42;71;42;790
        Offanengo;2.863;2.659;204;2.316;1.245;354;518;199;5.179
        Olmeneta;453;407;46;365;208;48;70;39;818
        Ostiano;1.288;1.190;98;1.187;687;147;259;94;2.474
        Paderno Ponchielli;627;556;72;626;354;77;123;72;1.253
        Palazzo Pignano;1.875;1.714;161;1.466;782;217;322;145;3.341
        Pandino;4.268;3.860;408;3.439;1.784;543;778;334;7.707
        Persico Dosimo;1.715;1.608;107;1.173;632;218;214;109;2.888
        Pescarolo ed Uniti;746;706;41;584;304;88;137;55;1.330
        Pessina Cremonese;276;253;23;293;154;38;78;23;568
        Piadena;1.531;1.380;151;1.427;807;171;329;120;2.957
        Piadena Drizzona;..;..;..;..;..;..;..;..;..
        Pianengo;1.239;1.129;110;905;500;150;176;79;2.144
        Pieranica;506;468;38;450;226;70;110;44;955
        Pieve d'Olmi;612;571;41;498;267;81;103;47;1.110
        Pieve San Giacomo;737;678;59;608;329;86;142;51;1.345
        Pizzighettone;2.842;2.641;201;2.825;1.715;367;526;217;5.667
        Pozzaglio ed Uniti;773;707;66;488;253;85;103;47;1.260
        Quintano;468;431;37;314;148;63;69;35;782
        Ricengo;899;828;71;534;226;120;132;56;1.433
        Ripalta Arpina;489;458;31;377;204;56;86;31;866
        Ripalta Cremasca;1.641;1.527;114;1.295;718;196;261;120;2.936
        Ripalta Guerina;268;250;18;186;100;34;39;13;454
        Rivarolo del Re ed Uniti;875;803;72;813;467;113;159;74;1.687
        Rivolta d'Adda;3.727;3.408;319;3.233;1.819;455;654;305;6.960
        Robecco d'Oglio;1.016;939;77;1.002;566;102;182;152;2.017
        Romanengo;1.483;1.377;106;1.177;557;218;285;117;2.660
        Salvirola;577;545;32;405;196;63;108;38;982
        San Bassano;1.024;931;93;884;520;116;170;78;1.907
        San Daniele Po;628;590;39;574;367;49;116;42;1.202
        San Giovanni in Croce;921;837;84;682;362;116;135;69;1.602
        San Martino del Lago;198;188;10;175;107;24;31;13;373
        Scandolara Ravara;562;511;51;610;395;68;93;54;1.171
        Scandolara Ripa d'Oglio;230;213;17;237;135;16;52;34;466
        Sergnano;1.739;1.557;182;1.283;651;238;264;131;3.022
        Sesto ed Uniti;1.552;1.434;118;1.220;682;184;237;117;2.772
        Solarolo Rainerio;460;420;40;362;210;46;71;35;822
        Soncino;3.537;3.249;288;3.101;1.765;402;683;251;6.637
        Soresina;3.796;3.418;378;3.627;2.113;471;737;306;7.423
        Sospiro;1.302;1.187;115;1.463;910;160;199;195;2.765
        Spinadesco;733;684;49;567;310;100;105;52;1.300
        Spineda;267;255;12;271;169;32;46;25;538
        Spino d'Adda;3.296;2.986;310;2.547;1.297;434;577;239;5.843
        Stagno Lombardo;693;650;43;630;345;99;134;52;1.322
        Ticengo;213;203;10;167;78;27;47;15;379
        Torlino Vimercati;252;218;34;165;102;20;27;16;417
        Tornata;223;208;15;176;81;39;41;15;399
        Torre de' Picenardi;767;706;61;722;422;85;150;65;1.489
        Torricella del Pizzo;260;230;30;261;156;30;53;22;521
        Trescore Cremasco;1.355;1.236;120;1.056;530;168;252;106;2.411
        Trigolo;722;669;53;767;436;101;156;74;1.489
        Vaiano Cremasco;1.721;1.573;148;1.487;816;212;336;123;3.208
        Vailate;2.108;1.932;176;1.764;843;284;447;191;3.872
        Vescovato;1.735;1.579;156;1.605;878;234;328;165;3.340
        Volongo;216;198;18;229;140;19;51;19;445
        Voltido;168;162;6;146;89;17;27;13;314
      Mantova;198.232;181.245;16.987;155.625;85.299;22.736;31.444;16.146;353.857
        Acquanegra sul Chiese;1.319;1.200;119;1.201;718;173;203;107;2.520
        Asola;4.722;4.341;381;3.909;2.109;587;838;375;8.631
        Bagnolo San Vito;2.878;2.654;224;2.161;1.196;318;440;208;5.039
        Bigarello;1.019;947;72;732;408;108;137;79;1.750
        Borgo Mantovano;2.706;2.521;185;2.157;1.286;247;425;199;4.863
        Borgo Virgilio;7.060;6.450;611;5.513;3.036;870;1.108;499;12.573
        Borgocarbonara;..;..;..;..;..;..;..;..;..
        Borgofranco sul Po;332;283;49;333;229;27;49;28;665
        Bozzolo;1.854;1.703;151;1.692;1.004;218;307;164;3.546
        Canneto sull'Oglio;2.005;1.806;199;1.767;1.056;249;315;148;3.772
        Carbonara di Po;598;545;53;502;316;55;86;45;1.100
        Casalmoro;1.087;976;111;790;367;124;220;80;1.877
        Casaloldo;1.302;1.194;108;938;451;139;244;105;2.240
        Casalromano;718;654;64;590;288;94;151;57;1.307
        Castel d'Ario;2.247;2.095;152;1.695;932;245;336;182;3.941
        Castel Goffredo;6.365;5.839;526;4.127;1.947;738;983;460;10.492
        Castelbelforte;1.557;1.447;110;1.127;610;151;245;121;2.684
        Castellucchio;2.475;2.295;180;2.022;1.077;286;467;192;4.497
        Castiglione delle Stiviere;11.883;10.583;1.300;7.952;3.786;1.430;1.790;946;19.834
        Cavriana;1.907;1.784;123;1.426;813;220;251;142;3.333
        Ceresara;1.308;1.233;75;922;506;150;184;82;2.229
        Commessaggio;508;481;27;467;272;57;93;45;975
        Curtatone;7.408;6.944;464;5.401;3.004;900;961;536;12.809
        Dosolo;1.629;1.515;114;1.304;734;185;287;98;2.933
        Gazoldo degli Ippoliti;1.436;1.329;107;1.101;585;149;266;102;2.537
        Gazzuolo;1.030;957;73;980;559;118;208;95;2.010
        Goito;4.999;4.621;378;3.881;2.064;548;831;438;8.880
        Gonzaga;4.467;4.048;419;3.149;1.620;527;691;312;7.616
        Guidizzolo;2.861;2.641;220;2.167;1.170;314;478;205;5.028
        Magnacavallo;689;636;53;650;372;81;130;67;1.339
        Mantova;23.173;20.724;2.449;19.904;11.165;2.835;3.405;2.499;43.076
        Marcaria;3.096;2.910;186;2.646;1.574;332;510;231;5.742
        Mariana Mantovana;375;341;34;261;149;48;45;20;636
        Marmirolo;3.638;3.397;241;3.038;1.603;431;681;323;6.675
        Medole;2.068;1.898;170;1.409;717;218;315;159;3.477
        Moglia;2.663;2.453;210;2.074;1.219;275;360;221;4.737
        Monzambano;2.464;2.243;221;1.801;939;261;376;226;4.265
        Motteggiana;1.335;1.226;109;831;421;122;192;96;2.165
        Ostiglia;3.018;2.720;298;2.826;1.610;388;568;260;5.844
        Pegognaga;3.482;3.218;264;2.588;1.415;374;554;246;6.070
        Piubega;799;748;51;672;381;98;129;65;1.471
        Poggio Rusco;3.244;2.890;354;2.505;1.363;354;492;297;5.749
        Pomponesco;805;751;54;662;337;108;150;68;1.467
        Ponti sul Mincio;1.180;1.062;118;862;436;121;194;112;2.042
        Porto Mantovano;8.020;7.410;610;6.206;3.425;966;1.199;616;14.226
        Quingentole;525;473;52;488;259;62;115;52;1.013
        Quistello;2.525;2.329;196;2.314;1.411;290;377;236;4.839
        Redondesco;585;551;34;524;309;64;96;56;1.109
        Rivarolo Mantovano;1.200;1.110;90;997;584;139;177;97;2.197
        Rodigo;2.482;2.316;166;2.065;1.238;276;382;169;4.547
        Roncoferraro;3.243;3.016;227;2.779;1.637;350;536;256;6.021
        Roverbella;4.122;3.782;340;3.227;1.722;497;687;321;7.349
        Sabbioneta;2.025;1.884;141;1.637;910;229;344;154;3.662
        San Benedetto Po;3.323;3.016;307;2.827;1.731;339;508;249;6.150
        San Giacomo delle Segnate;738;669;69;638;379;79;112;68;1.376
        San Giorgio Bigarello;5.126;4.725;402;3.283;1.800;561;614;308;8.409
        San Giovanni del Dosso;591;549;42;453;257;50;85;61;1.043
        San Martino dall'Argine;790;749;41;736;451;78;138;69;1.526
        Schivenoglia;521;474;47;513;310;58;82;63;1.034
        Sermide e Felonica;3.329;2.958;371;3.149;1.892;339;607;312;6.478
        Serravalle a Po;641;578;64;654;415;70;119;51;1.295
        Solferino;1.390;1.289;101;935;510;138;197;90;2.325
        Sustinente;959;884;75;796;459;90;171;76;1.755
        Suzzara;9.895;8.997;898;8.081;4.277;1.137;1.872;795;17.976
        Viadana;9.832;8.891;941;7.014;3.475;1.170;1.595;774;16.845
        Villimpenta;1.009;912;97;879;534;87;179;80;1.888
        Volta Mantovana;3.658;3.385;273;2.701;1.477;401;563;260;6.358
      Lecco;158.656;146.125;12.531;131.793;73.953;21.851;24.183;11.807;290.449
        Abbadia Lariana;1.578;1.450;128;1.243;727;213;203;100;2.821
        Airuno;1.356;1.248;108;1.087;599;171;221;96;2.443
        Annone di Brianza;1.067;982;86;889;502;153;158;76;1.956
        Ballabio;2.043;1.889;154;1.345;677;278;274;116;3.388
        Barzago;1.116;1.041;75;947;512;152;196;87;2.062
        Barzanò;2.374;2.202;172;2.045;1.151;348;392;154;4.418
        Barzio;600;541;59;544;305;62;114;63;1.144
        Bellano;1.440;1.333;107;1.446;902;178;228;138;2.886
        Bosisio Parini;1.673;1.568;105;1.254;686;209;242;117;2.927
        Brivio;2.119;1.965;155;1.830;1.025;301;351;153;3.949
        Bulciago;1.347;1.246;101;1.108;584;198;227;99;2.455
        Calco;2.846;2.606;240;1.790;947;326;350;168;4.636
        Calolziocorte;6.329;5.741;588;5.683;3.218;848;1.130;488;12.012
        Carenno;674;602;72;586;306;91;146;43;1.260
        Casargo;382;354;28;350;206;42;56;46;732
        Casatenovo;6.152;5.717;435;5.006;2.843;874;860;430;11.158
        Cassago Brianza;2.096;1.945;152;1.619;862;244;319;195;3.715
        Cassina Valsassina;259;227;32;195;106;29;36;24;453
        Castello di Brianza;1.308;1.226;83;907;454;184;184;85;2.215
        Cernusco Lombardone;1.805;1.625;180;1.530;894;274;242;121;3.334
        Cesana Brianza;1.103;1.047;56;953;539;131;216;67;2.056
        Civate;1.799;1.652;147;1.537;907;240;277;114;3.336
        Colico;3.804;3.506;298;3.034;1.647;419;598;370;6.837
        Colle Brianza;873;821;53;612;314;107;128;63;1.485
        Cortenova;551;523;28;477;288;71;83;35;1.028
        Costa Masnaga;2.320;2.144;176;1.752;1.008;264;331;150;4.072
        Crandola Valsassina;128;121;7;95;61;9;16;9;223
        Cremella;817;745;72;682;367;116;145;54;1.499
        Cremeno;851;756;95;567;280;117;101;69;1.418
        Dervio;1.150;1.070;80;1.148;713;134;204;97;2.298
        Dolzago;1.280;1.199;81;898;491;164;168;76;2.178
        Dorio;133;122;11;157;92;27;28;10;290
        Ello;585;551;34;497;267;97;95;38;1.082
        Erve;328;304;24;304;177;43;59;25;631
        Esino Lario;340;313;27;323;208;34;44;37;663
        Galbiate;3.952;3.669;283;3.445;2.014;554;600;277;7.396
        Garbagnate Monastero;1.229;1.149;80;897;489;156;180;73;2.126
        Garlate;1.329;1.209;120;1.003;597;147;178;81;2.332
        Imbersago;1.245;1.173;72;869;520;132;139;79;2.114
        Introbio;908;834;74;791;434;117;166;75;1.699
        La Valletta Brianza;2.225;2.059;166;1.773;898;323;391;161;3.998
        Lecco;22.360;20.289;2.071;19.891;11.104;3.612;3.286;1.890;42.251
        Lierna;996;904;92;851;467;143;171;70;1.847
        Lomagna;2.509;2.306;203;1.782;991;314;324;153;4.291
        Malgrate;2.029;1.835;194;1.746;956;323;311;156;3.774
        Mandello del Lario;4.666;4.355;311;4.431;2.723;674;712;322;9.097
        Margno;186;175;11;139;77;12;38;12;325
        Merate;6.553;6.014;539;6.097;3.670;980;960;487;12.650
        Missaglia;4.245;3.979;266;3.219;1.829;490;590;311;7.463
        Moggio;235;218;17;201;121;22;41;17;435
        Molteno;1.698;1.580;118;1.317;714;220;257;126;3.015
        Monte Marenzo;912;835;77;744;340;166;169;69;1.656
        Montevecchia;1.332;1.242;91;979;520;196;187;76;2.311
        Monticello Brianza;1.864;1.724;140;1.715;1.040;249;285;141;3.579
        Morterone;14;13;1;16;11;1;3;1;30
        Nibionno;1.695;1.567;128;1.413;773;224;281;135;3.108
        Oggiono;4.170;3.837;333;3.437;1.868;581;667;322;7.607
        Olgiate Molgora;3.031;2.753;278;2.504;1.361;416;484;243;5.535
        Olginate;3.299;2.985;314;2.754;1.597;411;491;255;6.053
        Oliveto Lario;605;553;52;477;292;61;76;48;1.082
        Osnago;2.252;2.074;178;1.840;1.033;333;317;157;4.091
        Paderno d'Adda;1.821;1.657;164;1.389;794;239;232;124;3.210
        Pagnona;142;131;11;179;101;13;50;15;320
        Parlasco;63;61;2;61;43;6;9;3;124
        Pasturo;937;861;76;730;330;114;170;116;1.667
        Perledo;378;353;25;448;266;35;55;93;826
        Pescate;1.115;1.039;76;831;435;156;168;72;1.946
        Premana;1.053;1.022;31;846;440;158;184;64;1.898
        Primaluna;1.089;1.008;81;811;418;119;203;71;1.899
        Robbiate;2.984;2.769;215;2.343;1.267;441;426;210;5.327
        Rogeno;1.472;1.370;102;1.167;636;208;221;102;2.638
        Santa Maria Hoè;1.065;988;77;793;410;151;155;78;1.858
        Sirone;1.076;1.022;54;887;479;134;200;74;1.963
        Sirtori;1.363;1.268;95;1.066;551;176;249;90;2.429
        Sueglio;66;56;10;88;47;7;25;9;153
        Suello;848;792;56;652;368;102;134;48;1.500
        Taceno;264;240;24;202;115;26;37;24;466
        Valgreghentino;1.620;1.521;99;1.290;761;232;204;93;2.910
        Valmadrera;5.409;4.940;470;4.499;2.497;756;855;393;9.908
        Valvarrone;202;187;15;281;171;23;64;23;483
        Varenna;342;313;29;327;210;32;58;28;669
        Vendrogno;124;103;21;142;101;5;29;7;265
        Vercurago;1.275;1.174;101;1.222;715;179;226;102;2.496
        Verderio;2.772;2.581;191;2.006;1.048;438;356;164;4.777
        Viganò;1.021;963;58;772;452;101;155;64;1.792
      Lodi;111.345;101.300;10.045;84.056;44.061;13.497;17.397;9.102;195.401
        Abbadia Cerreto;138;128;10;109;64;12;26;7;247
        Bertonico;478;430;48;473;258;56;114;46;951
        Boffalora d'Adda;905;838;67;561;257;104;128;72;1.466
        Borghetto Lodigiano;2.037;1.875;162;1.646;849;232;389;176;3.683
        Borgo San Giovanni;1.262;1.154;108;747;354;145;161;88;2.009
        Brembio;1.284;1.166;118;1.059;569;149;245;96;2.343
        Casaletto Lodigiano;1.532;1.413;119;906;441;164;195;106;2.438
        Casalmaiocco;1.598;1.469;129;1.018;516;209;205;88;2.616
        Casalpusterlengo;7.231;6.618;613;5.914;3.118;1.032;1.190;574;13.144
        Caselle Landi;728;675;53;673;389;78;145;62;1.401
        Caselle Lurani;1.530;1.309;221;948;483;150;206;111;2.478
        Castelgerundo;718;660;58;569;295;86;131;58;1.287
        Castelnuovo Bocca d'Adda;746;683;63;680;369;98;129;84;1.426
        Castiglione d'Adda;2.239;2.112;127;1.863;976;294;407;186;4.102
        Castiraga Vidardo;1.500;1.390;110;818;391;147;196;84;2.318
        Cavenago d'Adda;1.065;949;116;820;432;111;200;77;1.884
        Cervignano d'Adda;1.139;1.032;107;691;337;122;139;93;1.830
        Codogno;7.260;6.610;650;6.100;3.396;941;1.164;599;13.360
        Comazzo;1.254;1.143;111;653;303;117;138;96;1.907
        Cornegliano Laudense;1.509;1.398;111;998;505;186;213;94;2.507
        Corno Giovine;546;500;46;449;251;63;93;43;995
        Cornovecchio;103;95;8;85;53;4;19;9;188
        Corte Palasio;764;692;72;558;275;108;118;58;1.322
        Crespiatica;1.170;1.060;110;730;364;96;171;99;1.899
        Fombio;1.240;1.157;83;756;380;129;160;87;1.996
        Galgagnano;706;636;71;367;171;80;79;37;1.073
        Graffignana;1.161;1.072;89;1.084;594;132;243;115;2.245
        Guardamiglio;1.269;1.149;120;1.012;522;155;214;121;2.281
        Livraga;1.199;1.105;94;936;542;106;190;99;2.135
        Lodi;21.495;19.396;2.099;17.552;9.471;2.883;3.171;2.028;39.047
        Lodi Vecchio;3.571;3.191;380;2.787;1.502;403;556;326;6.358
        Maccastorna;38;37;1;18;10;3;4;2;56
        Mairago;695;657;38;474;248;87;90;49;1.169
        Maleo;1.416;1.308;108;1.301;758;160;275;108;2.717
        Marudo;879;800;79;583;296;97;119;72;1.462
        Massalengo;2.305;2.105;200;1.398;688;225;322;164;3.703
        Meleti;202;187;15;208;138;26;32;13;410
        Merlino;944;833;111;514;230;94;126;65;1.458
        Montanaso Lombardo;1.158;1.089;69;768;462;95;140;71;1.925
        Mulazzano;2.953;2.725;228;1.961;987;365;415;194;4.914
        Orio Litta;958;864;94;822;387;105;193;137;1.780
        Ospedaletto Lodigiano;929;824;105;732;355;125;171;81;1.661
        Ossago Lodigiano;681;627;54;530;273;81;118;58;1.211
        Pieve Fissiraga;919;847;72;553;229;136;128;60;1.472
        Salerano sul Lambro;1.312;1.181;131;983;532;169;185;97;2.294
        San Fiorano;896;847;50;679;378;110;131;60;1.575
        San Martino in Strada;1.877;1.728;149;1.367;724;218;286;139;3.244
        San Rocco al Porto;1.734;1.596;138;1.249;693;189;230;138;2.983
        Sant'Angelo Lodigiano;6.091;5.385;706;5.175;2.550;779;1.219;627;11.266
        Santo Stefano Lodigiano;931;871;60;720;421;86;144;70;1.651
        Secugnago;933;845;88;736;403;108;153;72;1.669
        Senna Lodigiana;845;768;77;747;421;94;159;73;1.592
        Somaglia;1.854;1.695;159;1.370;693;217;317;144;3.224
        Sordio;1.759;1.601;158;1.083;546;187;224;126;2.842
        Tavazzano con Villavesco;2.886;2.620;267;2.114;1.076;366;462;210;5.000
        Terranova dei Passerini;482;452;30;306;142;50;81;33;787
        Turano Lodigiano;742;683;59;588;312;75;136;65;1.330
        Valera Fratta;820;728;92;583;262;106;149;66;1.403
        Villanova del Sillaro;894;807;87;600;251;131;151;67;1.494
        Zelo Buon Persico;3.838;3.488;350;2.335;1.173;428;507;229;6.173
      Monza e della Brianza;421.865;384.035;37.830;324.642;176.270;55.841;60.233;32.300;746.507
        Agrate Brianza;7.478;6.910;568;5.455;2.979;979;953;544;12.933
        Aicurzio;1.020;926;94;812;440;148;151;74;1.832
        Albiate;3.145;2.898;247;2.264;1.166;465;412;221;5.409
        Arcore;8.550;7.827;723;6.953;4.019;1.130;1.196;608;15.503
        Barlassina;3.278;3.023;255;2.668;1.374;422;592;280;5.946
        Bellusco;3.474;3.200;274;2.783;1.625;430;486;242;6.257
        Bernareggio;5.691;5.210;481;3.719;2.013;689;661;357;9.410
        Besana in Brianza;7.346;6.772;574;6.081;3.318;1.095;1.114;555;13.427
        Biassono;5.791;5.331;460;4.756;2.609;880;851;416;10.547
        Bovisio-Masciago;8.519;7.785;734;5.889;3.060;1.038;1.159;633;14.408
        Briosco;2.932;2.725;208;2.327;1.331;348;435;213;5.259
        Brugherio;16.787;15.328;1.460;13.082;7.387;2.353;2.109;1.234;29.869
        Burago di Molgora;1.898;1.741;157;1.781;1.091;260;275;155;3.679
        Busnago;3.302;3.005;297;2.364;1.246;420;451;247;5.666
        Camparada;1.054;956;98;790;366;190;155;79;1.844
        Caponago;2.609;2.411;198;1.759;970;322;301;166;4.368
        Carate Brianza;8.402;7.705;697;6.801;3.683;1.209;1.277;632;15.203
        Carnate;3.457;3.144;313;2.927;1.729;481;475;242;6.384
        Cavenago di Brianza;3.764;3.425;339;2.451;1.284;490;426;252;6.215
        Ceriano Laghetto;3.167;2.929;238;2.476;1.342;443;467;225;5.643
        Cesano Maderno;18.779;16.780;1.999;13.661;7.023;2.275;2.897;1.466;32.439
        Cogliate;4.105;3.810;295;3.218;1.743;546;639;290;7.322
        Concorezzo;7.560;6.924;637;5.829;3.371;1.080;885;494;13.389
        Cornate d'Adda;5.253;4.751;502;3.890;2.113;646;746;385;9.142
        Correzzana;1.543;1.422;121;920;457;176;189;98;2.463
        Desio;20.656;18.617;2.039;15.048;7.904;2.591;2.913;1.640;35.704
        Giussano;12.918;11.806;1.112;9.283;4.834;1.587;1.904;958;22.200
        Lazzate;3.825;3.548;277;2.837;1.505;521;540;271;6.662
        Lentate sul Seveso;7.528;6.932;596;6.150;3.390;917;1.220;623;13.678
        Lesmo;4.283;3.957;326;3.004;1.566;571;581;286;7.287
        Limbiate;16.703;14.694;2.009;12.727;6.748;2.030;2.457;1.492;29.430
        Lissone;23.436;21.316;2.120;15.421;7.917;2.761;3.060;1.683;38.857
        Macherio;3.528;3.229;299;2.903;1.670;434;524;275;6.431
        Meda;11.218;10.323;895;8.735;4.512;1.426;1.933;865;19.952
        Mezzago;2.152;1.965;187;1.578;822;293;294;169;3.729
        Misinto;2.761;2.571;190;1.894;999;344;382;169;4.655
        Monza;58.801;52.984;5.817;49.199;26.843;8.733;8.487;5.136;108.000
        Muggiò;11.406;10.292;1.114;8.911;4.936;1.582;1.530;863;20.316
        Nova Milanese;11.016;10.048;968;9.111;4.729;1.503;1.869;1.010;20.127
        Ornago;2.646;2.477;169;1.655;949;282;269;156;4.301
        Renate;1.940;1.794;146;1.540;867;288;262;123;3.480
        Roncello;2.484;2.295;189;1.352;687;257;262;146;3.835
        Ronco Briantino;1.752;1.621;131;1.257;639;268;233;117;3.009
        Seregno;22.018;20.002;2.017;16.889;8.987;2.629;3.530;1.743;38.907
        Seveso;11.448;10.371;1.077;8.171;4.318;1.334;1.689;830;19.619
        Sovico;3.933;3.615;318;3.146;1.836;512;525;273;7.079
        Sulbiate;2.219;2.047;172;1.456;802;259;256;139;3.674
        Triuggio;4.250;3.924;326;3.249;1.825;545;581;298;7.499
        Usmate Velate;5.105;4.715;391;3.712;1.978;735;670;329;8.817
        Varedo;6.437;5.882;555;5.268;3.047;806;928;488;11.705
        Vedano al Lambro;3.459;3.149;310;3.124;1.768;585;499;272;6.583
        Veduggio con Colzano;2.050;1.896;155;1.710;960;304;304;142;3.760
        Verano Brianza;4.486;4.146;340;3.395;1.848;597;646;305;7.881
        Villasanta;6.622;6.077;546;5.563;3.188;1.005;892;479;12.185
        Vimercate;11.886;10.811;1.075;10.703;6.461;1.632;1.693;917;22.588
  Nord-est;5.638.280;5.144.696;493.585;4.453.403;2.448.141;736.007;795.316;473.939;10.091.682
    Trentino Alto Adige / Südtirol;534.128;506.494;27.634;378.680;208.494;75.521;57.314;37.352;912.807
    Provincia Autonoma Bolzano / Bozen;268.839;259.002;9.837;178.121;96.963;36.556;26.772;17.831;446.960
      Bolzano / Bozen;268.839;259.002;9.837;178.121;96.963;36.556;26.772;17.831;446.960
        Aldino/Aldein;859;834;25;542;316;111;77;38;1.400
        Andriano/Andrian;582;564;18;278;157;63;35;24;860
        Anterivo/Altrei;207;199;8;124;83;14;21;6;330
        Appiano sulla strada del vino/Eppan an der Weinstraße;7.707;7.482;225;4.723;2.513;1.035;673;502;12.429
        Avelengo/Hafling;472;463;9;189;104;35;35;15;661
        Badia/Abtei;1.688;1.631;57;1.276;484;305;238;249;2.964
        Barbiano/Barbian;919;894;25;525;287;102;90;46;1.444
        Bolzano/Bozen;50.916;47.849;3.067;41.507;23.067;7.891;6.247;4.302;92.423
        Braies/Prags;377;366;11;192;106;47;26;13;569
        Brennero/Brenner;1.083;1.036;47;782;425;141;139;77;1.865
        Bressanone/Brixen;10.959;10.579;380;7.761;4.108;1.702;1.178;773;18.720
        Bronzolo/Branzoll;1.393;1.348;45;964;518;184;159;103;2.356
        Brunico/Bruneck;8.335;8.071;264;5.904;3.212;1.298;826;568;14.238
        Caines/Kuens;216;211;5;119;65;35;13;6;335
        Caldaro sulla strada del vino/Kaltern an der Weinstraße;4.289;4.171;118;2.464;1.351;520;357;237;6.753
        Campo di Trens/Freienfeld;1.381;1.351;30;853;474;189;119;71;2.234
        Campo Tures/Sand in Taufers;2.936;2.856;80;1.633;890;344;266;133;4.569
        Castelbello-Ciardes/Kastelbell-Tschars;1.223;1.190;33;742;456;136;98;52;1.965
        Castelrotto/Kastelruth;3.610;3.481;129;2.129;1.124;477;311;217;5.739
        Cermes/Tscherms;798;777;21;475;250;123;67;36;1.273
        Chienes/Kiens;1.556;1.527;29;869;479;187;117;86;2.424
        Chiusa/Klausen;2.723;2.648;75;1.580;902;337;200;142;4.303
        Cornedo all'Isarco/Karneid;1.841;1.787;54;1.001;549;209;139;105;2.842
        Cortaccia sulla strada del vino/Kurtatsch an der Weinstraße;1.230;1.201;29;685;379;161;93;53;1.915
        Cortina sulla strada del vino/Kurtinig an der Weinstraße;349;337;12;221;124;42;33;22;570
        Corvara in Badia/Corvara;712;694;19;451;184;88;75;104;1.163
        Curon Venosta/Graun im Vinschgau;1.116;1.060;56;836;413;170;152;101;1.952
        Dobbiaco/Toblach;1.724;1.660;64;1.062;474;233;173;182;2.786
        Egna/Neumarkt;2.722;2.635;87;1.838;977;397;269;195;4.560
        Falzes/Pfalzen;1.550;1.515;35;785;399;199;117;70;2.334
        Fiè allo Sciliar/Völs am Schlern;1.836;1.792;44;1.104;528;273;178;125;2.940
        Fortezza/Franzensfeste;475;456;19;320;142;57;90;31;795
        Funes/Villnöß;1.323;1.282;42;819;455;203;101;60;2.142
        Gais/Gais;1.770;1.725;45;993;571;217;123;82;2.763
        Gargazzone/Gargazon;927;900;27;539;291;113;86;49;1.466
        Glorenza/Glurns;425;408;18;317;186;60;44;27;742
        La Valle/Wengen;739;719;20;405;204;86;72;43;1.144
        Laces/Latsch;2.827;2.743;85;1.588;866;349;221;153;4.415
        Lagundo/Algund;2.567;2.502;66;1.643;920;354;215;155;4.210
        Laion/Lajen;1.435;1.391;44;812;443;185;115;69;2.247
        Laives/Leifers;9.134;8.857;277;6.319;3.368;1.230;1.054;667;15.452
        Lana/Lana;6.561;6.373;188;3.807;2.062;815;561;369;10.368
        Lasa/Laas;2.036;1.967;69;1.268;717;275;165;111;3.304
        Lauregno/Laurein;184;181;3;112;64;38;8;3;296
        Luson/Lüsen;817;794;23;440;246;106;50;39;1.257
        Magrè sulla strada del vino/Margreid an der Weinstraße;683;658;26;371;187;85;68;32;1.054
        Malles Venosta/Mals;2.637;2.536;101;1.714;842;389;277;206;4.351
        Marebbe/Enneberg;1.464;1.406;59;1.054;482;234;165;173;2.518
        Marlengo/Marling;1.490;1.447;43;847;503;168;107;69;2.336
        Martello/Martell;470;459;12;249;140;53;32;24;719
        Meltina/Mölten;946;927;19;445;241;116;54;34;1.390
        Merano/Meran;19.265;18.463;802;15.366;8.610;2.656;2.497;1.604;34.631
        Monguelfo-Tesido/Welsberg-Taisten;1.464;1.419;46;974;503;246;146;79;2.438
        Montagna sulla Strada del Vino/Montan an der Weinstraße;940;913;27;485;270;101;71;44;1.425
        Moso in Passiria/Moos In Passeier;1.042;1.014;28;639;339;120;102;78;1.681
        Nalles/Nals;1.093;1.065;29;610;338;145;76;51;1.703
        Naturno/Naturns;3.157;3.084;73;1.782;974;361;268;179;4.939
        Naz-Sciaves/Natz-Schabs;1.773;1.727;46;862;411;222;135;94;2.635
        Nova Levante/Welschnofen;1.061;1.022;39;647;341;122;109;75;1.708
        Nova Ponente/Deutschnofen;2.092;2.034;59;1.212;632;267;202;111;3.304
        Ora/Auer;1.984;1.928;57;1.224;619;285;187;133;3.208
        Ortisei/St. Ulrich;2.314;2.212;102;1.799;859;425;280;236;4.113
        Parcines/Partschins;2.034;1.977;58;1.155;711;214;147;83;3.189
        Perca/Percha;854;830;24;468;254;109;62;43;1.321
        Plaus/Plaus;425;415;10;193;79;58;35;21;618
        Ponte Gardena/Waidbruck;98;95;3;72;31;14;14;13;170
        Postal/Burgstall;1.006;982;24;590;343;117;85;46;1.596
        Prato allo Stelvio/Prad am Stilfserjoch;1.827;1.762;65;1.204;619;233;223;129;3.031
        Predoi/Prettau;273;266;7;206;131;37;24;15;479
        Proves/Proveis;146;142;4;79;49;17;7;6;225
        Racines/Ratschings;2.471;2.410;61;1.266;694;249;216;107;3.737
        Rasun-Anterselva/Rasen-Antholz;1.539;1.486;53;920;469;236;128;87;2.459
        Renon/Ritten;4.235;4.131;104;2.377;1.297;554;327;199;6.612
        Rifiano/Riffian;743;715;28;415;218;108;52;37;1.157
        Rio di Pusteria/Mühlbach;1.664;1.608;56;880;483;184;138;75;2.544
        Rodengo/Rodeneck;681;665;16;363;200;85;48;30;1.044
        Salorno sulla strada del vino/Salurn an der Weinstraße;1.865;1.782;83;1.246;596;247;269;134;3.111
        San Candido/Innichen;1.690;1.633;57;1.194;619;224;196;155;2.884
        San Genesio Atesino/Jenesien;1.723;1.676;47;866;495;211;99;61;2.589
        San Leonardo in Passiria/St. Leonhard in Passeier;1.908;1.859;49;1.028;593;182;170;83;2.936
        San Lorenzo di Sebato/St. Lorenzen;2.070;2.023;47;1.171;652;265;163;91;3.240
        San Martino in Badia/St. Martin in Thurn;930;895;36;576;277;139;78;82;1.506
        San Martino in Passiria/St. Martin in Passeier;1.737;1.680;57;926;501;171;170;84;2.663
        San Pancrazio/St. Pankraz;791;771;20;526;329;91;71;35;1.317
        Santa Cristina Valgardena/St. Christina in Gröden;974;927;47;709;317;155;136;102;1.683
        Sarentino/Sarntal;3.808;3.712;96;2.078;1.257;344;327;150;5.885
        Scena/Schenna;1.592;1.555;37;848;486;190;102;70;2.440
        Selva dei Molini/Mühlwald;794;778;16;426;242;93;61;31;1.220
        Selva di Val Gardena/Wolkenstein in Gröden;1.298;1.247;51;964;400;270;155;139;2.262
        Senales/Schnals;684;668;16;375;238;59;46;32;1.059
        Senale-San Felice/Unsere Liebe Frau im Walde-St. Felix;409;400;9;249;140;58;30;21;658
        Sesto/Sexten;982;937;45;660;322;157;103;78;1.642
        Silandro/Schlanders;3.172;3.080;92;2.011;1.119;446;269;177;5.183
        Sluderno/Schluderns;934;904;30;610;342;123;86;59;1.544
        Stelvio/Stilfs;582;552;30;411;211;67;80;53;992
        Terento/Terenten;1.008;991;17;466;262;107;59;39;1.474
        Terlano/Terlan;2.387;2.322;66;1.364;742;337;167;118;3.751
        Termeno sulla strada del vino/Tramin an der Weinstraße;1.878;1.833;45;1.041;623;218;123;77;2.919
        Tesimo/Tisens;1.076;1.034;43;608;368;128;62;50;1.684
        Tires/Tiers;538;522;16;313;188;66;33;26;850
        Tirolo/Tirol;1.332;1.296;36;757;432;175;89;61;2.089
        Trodena nel parco naturale/Truden im Naturpark;533;519;14;326;205;48;48;25;859
        Tubre/Taufers im Münstertal;442;423;19;359;170;66;86;37;801
        Ultimo/Ulten;1.532;1.487;45;871;551;144;105;72;2.403
        Vadena/Pfatten;597;577;20;287;132;70;53;32;884
        Val di Vizze/Pfitsch;1.540;1.492;48;985;533;204;155;93;2.525
        Valdaora/Olang;1.601;1.543;58;1.039;558;222;144;115;2.639
        Valle Aurina/Ahrntal;3.152;3.049;103;1.808;1.049;380;244;135;4.960
        Valle di Casies/Gsies;1.190;1.163;27;653;382;133;94;44;1.843
        Vandoies/Vintl;1.825;1.782;43;955;558;191;134;72;2.780
        Varna/Vahrn;2.371;2.306;65;1.446;736;343;205;163;3.817
        Velturno/Feldthurns;1.570;1.526;44;801;444;212;87;58;2.371
        Verano/Vöran;543;528;15;255;138;55;39;24;798
        Villabassa/Niederdorf;785;755;30;513;264;117;83;49;1.298
        Villandro/Villanders;1.045;1.023;22;536;324;109;62;41;1.581
        Vipiteno/Sterzing;3.560;3.460;100;2.409;1.373;400;389;247;5.968
    Provincia Autonoma Trento;265.289;247.492;17.797;200.559;111.531;38.965;30.542;19.521;465.847
      Trento;265.289;247.492;17.797;200.559;111.531;38.965;30.542;19.521;465.847
        Ala;4.257;3.997;260;3.127;1.620;628;573;306;7.384
        Albiano;687;660;27;577;297;124;125;32;1.263
        Aldeno;1.660;1.565;95;1.085;590;257;153;85;2.745
        Altavalle;746;702;44;656;394;111;103;48;1.401
        Altopiano della Vigolana;2.625;2.516;109;1.714;921;417;228;148;4.339
        Amblar-Don;264;254;10;184;114;26;32;12;448
        Andalo;556;507;49;380;189;57;65;69;936
        Arco;8.735;8.264;472;6.498;3.544;1.245;1.015;694;15.233
        Avio;2.021;1.915;106;1.462;812;283;253;115;3.483
        Baselga di Pinè;2.480;2.351;129;1.839;1.081;339;260;159;4.319
        Bedollo;705;670;35;580;373;87;77;44;1.285
        Besenello;1.354;1.291;63;832;436;191;111;94;2.186
        Bieno;197;173;24;185;120;24;30;12;382
        Bleggio Superiore;752;705;47;599;363;102;84;50;1.351
        Bocenago;198;184;14;158;72;30;36;20;355
        Bondone;299;284;15;285;181;39;44;21;584
        Borgo Chiese;947;903;44;784;484;135;112;53;1.731
        Borgo d'Anaunia;..;..;..;..;..;..;..;..;..
        Borgo Lares;350;331;19;278;180;47;37;14;628
        Borgo Valsugana;3.419;3.225;194;2.609;1.500;491;405;213;6.028
        Brentonico;1.865;1.730;135;1.538;948;241;227;122;3.403
        Bresimo;105;99;6;120;70;17;27;6;225
        Brez;362;350;13;257;180;40;25;13;619
        Caderzone Terme;300;262;38;284;144;53;46;41;584
        Cagnò;153;143;10;140;84;27;16;13;293
        Calceranica al Lago;686;648;38;477;255;86;83;53;1.163
        Caldes;556;518;38;382;223;72;53;34;938
        Caldonazzo;1.935;1.844;91;1.294;722;289;173;110;3.229
        Calliano;1.049;970;79;574;276;126;105;67;1.623
        Campitello di Fassa;311;296;15;332;117;55;57;103;643
        Campodenno;753;715;39;494;295;87;78;35;1.247
        Canal San Bovo;681;626;55;600;382;78;86;54;1.281
        Canazei;891;796;96;738;299;146;142;151;1.629
        Capriana;286;276;10;233;128;36;43;26;518
        Carano;531;498;33;405;208;82;77;39;936
        Carisolo;431;396;35;370;168;63;85;55;801
        Carzano;249;238;12;179;121;26;22;11;428
        Castel Condino;98;93;5;97;69;20;5;3;195
        Castel Ivano;1.637;1.549;88;1.249;713;266;177;93;2.886
        Castelfondo;297;282;15;223;143;40;26;15;520
        Castello Tesino;566;537;29;548;390;73;49;36;1.114
        Castello-Molina di Fiemme;1.120;1.049;71;880;489;155;160;77;2.000
        Castelnuovo;531;510;21;372;196;71;66;39;903
        Cavalese;1.976;1.822;154;1.570;822;301;280;167;3.546
        Cavareno;525;501;25;407;225;86;61;35;932
        Cavedago;271;248;23;199;122;24;29;25;470
        Cavedine;1.505;1.427;79;1.105;634;204;172;96;2.610
        Cavizzana;118;110;8;93;54;24;8;7;211
        Cembra Lisignago;1.083;1.030;53;869;471;149;174;76;1.952
        Cimone;365;343;22;227;131;52;28;17;592
        Cinte Tesino;140;130;10;178;135;13;17;13;317
        Cis;155;148;7;120;78;24;15;3;275
        Civezzano;2.001;1.909;92;1.370;770;314;182;104;3.371
        Cles;3.418;3.211;207;2.630;1.600;491;326;214;6.048
        Cloz;327;303;24;246;156;42;27;21;572
        Comano Terme;1.368;1.283;85;1.092;598;236;172;86;2.460
        Commezzadura;468;422;46;391;196;70;79;47;859
        Contà;708;672;36;522;338;99;50;35;1.230
        Croviana;343;315;28;257;123;62;44;29;600
        Daiano;333;313;20;245;133;38;52;22;578
        Dambel;202;195;7;164;103;43;14;5;366
        Denno;589;554;36;452;251;103;67;31;1.041
        Dimaro Folgarida;1.029;920;109;821;375;148;160;139;1.849
        Drena;308;293;15;203;118;35;32;18;511
        Dro;2.594;2.431;163;1.580;861;320;260;139;4.173
        Faedo;324;310;14;233;124;38;49;23;557
        Fai della Paganella;426;390;36;377;208;56;73;40;803
        Fiavè;516;486;30;420;231;62;88;39;936
        Fierozzo;227;214;13;175;117;33;17;8;402
        Folgaria;1.493;1.368;125;1.335;731;192;209;204;2.828
        Fondo;682;648;34;554;370;74;69;41;1.236
        Fornace;663;636;27;475;211;105;112;48;1.138
        Frassilongo;167;161;6;142;92;15;14;21;309
        Garniga Terme;202;183;19;167;94;28;27;18;369
        Giovo;1.257;1.207;50;891;499;183;147;62;2.148
        Giustino;355;328;27;287;143;50;58;36;641
        Grigno;1.028;991;37;916;557;136;149;75;1.944
        Imer;513;468;45;507;242;91;95;80;1.020
        Isera;1.329;1.249;80;982;606;211;95;70;2.310
        Lavarone;603;560;43;436;238;80;63;55;1.039
        Lavis;4.447;4.185;262;3.184;1.638;722;537;287;7.630
        Ledro;2.607;2.466;142;1.962;1.156;323;334;149;4.569
        Levico Terme;3.861;3.605;256;3.028;1.578;573;513;364;6.889
        Livo;400;380;20;295;168;58;43;26;695
        Lona-Lases;406;378;28;313;143;69;68;33;718
        Luserna;126;118;8;100;69;12;13;6;225
        Madruzzo;1.427;1.344;84;1.048;567;222;170;89;2.475
        Malé;1.018;920;98;893;517;140;140;96;1.911
        Malosco;228;216;12;128;75;21;23;9;356
        Massimeno;65;57;8;53;25;9;13;6;118
        Mazzin;277;245;32;210;79;39;55;38;487
        Mezzana;405;381;24;365;166;59;75;66;770
        Mezzano;780;737;43;611;346;110;86;69;1.390
        Mezzocorona;2.772;2.636;136;1.919;1.103;341;282;193;4.690
        Mezzolombardo;3.545;3.338;207;2.530;1.274;464;479;313;6.075
        Moena;1.249;1.111;138;1.095;580;176;188;152;2.344
        Molveno;534;495;39;446;193;89;83;82;980
        Mori;4.927;4.591;336;3.619;2.108;702;495;314;8.546
        Nago-Torbole;1.470;1.398;73;937;529;181;134;93;2.407
        Nave San Rocco;701;658;43;480;244;118;84;35;1.181
        Nogaredo;1.062;1.010;53;701;407;136;92;66;1.763
        Nomi;637;596;41;541;376;82;45;38;1.177
        Novaledo;553;524;29;348;192;70;51;35;901
        Novella;..;..;..;..;..;..;..;..;..
        Ospedaletto;365;348;17;325;195;62;45;23;690
        Ossana;405;368;38;323;181;57;49;36;728
        Palù del Fersina;81;78;3;78;48;10;11;9;159
        Panchià;421;397;24;309;149;72;62;26;730
        Peio;823;760;63;789;418;117;146;108;1.612
        Pellizzano;365;333;32;324;201;46;43;34;689
        Pelugo;174;154;20;157;75;38;24;20;330
        Pergine Valsugana;10.702;10.082;620;7.505;4.045;1.625;1.042;793;18.206
        Pieve di Bono-Prezzo;702;678;24;553;365;83;68;37;1.255
        Pieve Tesino;303;289;14;274;205;23;22;24;577
        Pinzolo;1.427;1.310;118;1.229;591;216;228;194;2.656
        Pomarolo;1.226;1.160;66;874;494;185;114;81;2.100
        Porte di Rendena;847;782;65;670;346;145;111;68;1.517
        Predaia;3.383;3.174;209;2.268;1.282;501;321;164;5.651
        Predazzo;2.127;1.982;145;1.824;956;350;324;194;3.951
        Primiero San Martino di Castrozza;2.508;2.306;202;2.183;1.130;385;356;312;4.691
        Rabbi;663;603;60;534;326;82;83;43;1.196
        Revò;667;627;40;443;260;87;63;34;1.110
        Riva del Garda;8.554;7.976;579;6.604;3.520;1.259;1.127;698;15.158
        Romallo;285;270;15;254;175;44;21;14;538
        Romeno;698;662;36;527;320;95;71;41;1.224
        Roncegno Terme;1.419;1.353;66;1.020;595;177;162;87;2.439
        Ronchi Valsugana;217;208;9;174;106;25;29;14;391
        Ronzo-Chienis;470;445;25;386;263;49;47;27;855
        Ronzone;203;187;16;161;101;28;22;10;364
        Roverè della Luna;866;814;53;571;312;109;104;47;1.437
        Rovereto;18.954;17.517;1.438;15.246;8.847;2.850;2.005;1.545;34.200
        Ruffrè-Mendola;196;185;11;179;114;23;27;15;375
        Rumo;372;348;24;316;209;40;41;27;688
        Sagron Mis;84;75;9;84;62;13;5;4;167
        Samone;273;255;18;207;126;41;27;13;480
        San Lorenzo Dorsino;679;634;45;679;357;99;115;108;1.358
        San Michele all'Adige;1.720;1.623;97;977;480;238;162;97;2.697
        Sant'Orsola Terme;588;557;31;374;215;79;44;36;962
        Sanzeno;502;473;29;297;198;56;30;13;799
        Sarnonico;399;368;31;281;157;58;39;27;679
        Scurelle;728;682;46;476;289;89;73;25;1.203
        Segonzano;683;649;35;575;264;126;134;51;1.258
        Sella Giudicarie;1.430;1.363;67;1.087;606;204;181;96;2.517
        San Giovanni di Fassa-Sèn Jan;1.773;1.575;198;1.196;527;278;228;163;2.969
        Sfruz;170;158;12;141;91;27;17;7;311
        Soraga di Fassa;356;330;26;257;109;71;40;37;613
        Sover;358;340;18;376;211;53;81;31;734
        Spiazzo;611;544;67;481;269;84;78;50;1.092
        Spormaggiore;604;562;42;473;219;88;100;67;1.077
        Sporminore;342;320;22;275;150;56;51;19;617
        Stenico;565;535;30;445;248;76;75;47;1.010
        Storo;2.136;2.036;100;1.727;976;335;293;123;3.863
        Strembo;269;235;34;218;127;36;35;20;487
        Telve;971;918;53;748;470;119;107;52;1.718
        Telve di Sopra;299;287;12;226;145;33;36;13;525
        Tenna;509;490;19;394;238;77;55;24;903
        Tenno;982;928;54;704;384;110;143;67;1.685
        Terragnolo;352;330;22;290;185;33;43;29;642
        Terre d'Adige;..;..;..;..;..;..;..;..;..
        Terzolas;308;289;19;241;147;42;33;19;549
        Tesero;1.392;1.306;86;1.107;551;209;221;126;2.498
        Tione di Trento;1.677;1.576;101;1.406;796;265;195;150;3.083
        Ton;663;633;30;455;246;97;69;43;1.117
        Torcegno;337;322;15;283;159;55;44;25;619
        Trambileno;711;682;29;532;330;97;67;38;1.243
        Trento;58.968;54.052;4.916;44.329;24.576;9.178;6.391;4.184;103.297
        Tre Ville;703;659;44;513;297;91;80;45;1.215
        Valdaone;544;516;28;500;306;71;84;39;1.044
        Valfloriana;233;214;19;201;123;23;36;19;434
        Vallarsa;655;617;38;556;362;75;64;56;1.211
        Vallelaghi;2.541;2.407;134;1.807;1.003;380;282;142;4.348
        Varena;395;370;25;346;174;62;75;35;741
        Vermiglio;874;798;76;722;317;136;175;94;1.596
        Vignola-Falesina;97;90;7;50;27;12;6;5;147
        Villa Lagarina;1.882;1.770;112;1.300;740;297;155;109;3.182
        Ville d'Anaunia;2.490;2.367;123;1.765;1.059;387;195;124;4.255
        Ville di Fiemme;..;..;..;..;..;..;..;..;..
        Volano;1.577;1.483;94;1.028;591;237;103;97;2.604
        Zambana;859;810;49;600;318;132;96;54;1.458
        Ziano di Fiemme;840;792;48;684;312;140;137;95;1.524
    Veneto;2.353.359;2.147.922;205.437;1.884.258;975.188;313.135;396.246;199.689;4.237.616
      Verona;448.827;409.524;39.303;345.778;179.947;59.346;68.872;37.613;794.605
        Affi;1.246;1.132;114;798;402;132;200;65;2.044
        Albaredo d'Adige;2.507;2.302;205;2.013;1.079;304;409;222;4.520
        Angiari;1.159;1.089;70;782;451;122;146;63;1.941
        Arcole;3.077;2.825;252;2.273;1.072;409;539;254;5.350
        Badia Calavena;1.239;1.156;83;977;537;146;191;103;2.215
        Bardolino;3.521;3.261;260;2.751;1.442;395;570;344;6.272
        Belfiore;1.525;1.416;109;1.139;616;202;220;101;2.664
        Bevilacqua;793;726;68;645;341;117;127;61;1.438
        Bonavigo;966;869;97;716;409;116;136;56;1.682
        Boschi Sant'Anna;655;595;60;550;298;91;108;53;1.204
        Bosco Chiesanuova;1.684;1.567;117;1.377;707;241;278;151;3.061
        Bovolone;7.856;7.135;721;5.828;2.971;954;1.298;606;13.684
        Brentino Belluno;676;611;65;506;250;89;121;46;1.181
        Brenzone sul Garda;1.149;1.051;99;1.006;588;139;143;136;2.155
        Bussolengo;10.072;9.140;932;7.245;3.344;1.397;1.731;773;17.317
        Buttapietra;3.559;3.284;275;2.333;1.167;473;478;215;5.891
        Caldiero;4.037;3.647;390;2.542;1.200;496;589;257;6.579
        Caprino Veronese;4.178;3.891;287;3.260;1.816;493;567;384;7.438
        Casaleone;2.522;2.266;256;2.357;1.369;302;447;239;4.879
        Castagnaro;1.677;1.537;140;1.584;902;211;288;183;3.261
        Castel d'Azzano;5.935;5.489;446;4.274;2.305;794;825;351;10.209
        Castelnuovo del Garda;6.738;6.148;590;4.366;2.139;716;1.060;451;11.104
        Cavaion Veronese;3.060;2.776;284;1.979;891;380;491;217;5.038
        Cazzano di Tramigna;720;682;38;564;300;93;105;67;1.284
        Cerea;8.158;7.456;702;6.273;3.400;918;1.318;638;14.431
        Cerro Veronese;1.198;1.108;90;914;379;191;237;107;2.112
        Cologna Veneta;4.022;3.728;294;3.228;1.734;566;602;326;7.250
        Colognola ai Colli;4.324;3.956;369;2.970;1.513;533;633;291;7.294
        Concamarise;517;457;61;403;228;53;78;44;920
        Costermano sul Garda;2.006;1.862;144;1.223;523;237;310;153;3.229
        Dolcè;1.212;1.127;85;963;447;154;246;116;2.175
        Erbè;937;852;86;660;361;105;136;59;1.597
        Erbezzo;385;360;25;309;174;47;55;34;693
        Ferrara di Monte Baldo;127;113;14;134;68;17;22;27;261
        Fumane;2.019;1.877;142;1.540;739;322;320;159;3.559
        Garda;2.020;1.858;162;1.516;801;220;293;202;3.536
        Gazzo Veronese;2.522;2.298;224;2.081;1.255;263;399;165;4.603
        Grezzana;5.303;4.836;468;3.972;1.829;735;970;438;9.275
        Illasi;2.518;2.350;168;1.958;1.013;353;385;208;4.476
        Isola della Scala;5.687;5.121;566;4.225;2.494;683;687;361;9.912
        Isola Rizza;1.595;1.462;133;1.155;659;165;230;101;2.749
        Lavagno;4.372;4.117;255;2.706;1.312;531;589;274;7.078
        Lazise;3.460;3.144;316;2.622;1.251;410;605;357;6.082
        Legnago;11.806;10.655;1.151;10.150;5.845;1.548;1.840;918;21.956
        Malcesine;1.805;1.643;162;1.396;804;197;207;188;3.201
        Marano di Valpolicella;1.564;1.488;77;1.157;540;275;197;146;2.721
        Mezzane di Sotto;1.185;1.129;56;966;554;163;147;102;2.150
        Minerbe;2.183;1.995;188;1.826;999;271;341;215;4.009
        Montecchia di Crosara;2.125;1.963;162;1.545;815;250;329;152;3.670
        Monteforte d'Alpone;4.311;3.884;427;3.070;1.477;556;703;334;7.381
        Mozzecane;4.122;3.774;348;2.385;1.098;436;625;226;6.507
        Negrar di Valpolicella;8.061;7.387;674;6.711;3.182;1.322;1.287;920;14.771
        Nogara;4.110;3.696;414;3.219;1.782;471;620;346;7.329
        Nogarole Rocca;1.899;1.696;203;1.216;637;225;249;105;3.115
        Oppeano;5.101;4.644;457;3.204;1.631;507;731;335;8.305
        Palù;591;547;44;460;250;62;109;39;1.051
        Pastrengo;1.580;1.451;129;1.092;502;191;280;119;2.672
        Pescantina;8.774;8.138;636;5.591;2.633;1.209;1.202;547;14.365
        Peschiera del Garda;5.305;4.814;491;4.070;1.998;602;897;573;9.375
        Povegliano Veronese;3.642;3.360;283;2.613;1.314;514;551;234;6.255
        Pressana;1.166;1.081;86;987;520;161;215;91;2.153
        Rivoli Veronese;1.120;1.028;92;771;345;137;201;89;1.891
        Roncà;1.837;1.734;103;1.370;653;230;322;165;3.207
        Ronco all'Adige;2.870;2.641;229;2.262;1.162;369;483;248;5.132
        Roverchiara;1.225;1.105;120;1.047;523;158;228;139;2.272
        Roverè Veronese;1.021;954;67;752;409;108;158;78;1.773
        Roveredo di Guà;776;718;58;528;260;100;117;51;1.304
        Salizzole;1.817;1.636;181;1.452;828;197;269;159;3.269
        San Bonifacio;9.964;8.947;1.017;7.525;3.320;1.403;1.872;931;17.489
        San Giovanni Ilarione;2.432;2.255;177;1.844;919;286;448;191;4.276
        San Giovanni Lupatoto;12.169;11.174;995;9.254;5.263;1.559;1.626;806;21.422
        San Martino Buon Albergo;7.731;7.085;646;5.391;2.997;892;1.020;482;13.122
        San Mauro di Saline;285;265;21;206;126;29;30;21;491
        San Pietro di Morubio;1.398;1.283;115;1.127;653;147;211;117;2.525
        San Pietro in Cariano;6.106;5.663;443;4.972;2.450;1.064;924;534;11.078
        San Zeno di Montagna;713;662;51;515;287;61;101;66;1.228
        Sanguinetto;1.887;1.689;198;1.602;885;224;317;176;3.489
        Sant'Ambrogio di Valpolicella;5.658;5.233;425;4.391;2.136;792;1.018;445;10.049
        Sant'Anna d'Alfaedo;1.227;1.150;77;932;499;168;170;96;2.159
        Selva di Progno;423;402;21;363;211;53;61;38;785
        Soave;3.608;3.346;262;2.472;1.354;412;487;219;6.080
        Sommacampagna;7.299;6.736;564;5.277;2.653;1.031;1.104;490;12.576
        Sona;8.921;8.242;679;6.176;2.875;1.220;1.436;645;15.097
        Sorgà;1.409;1.265;144;1.223;710;160;240;113;2.632
        Terrazzo;1.001;916;85;862;504;128;144;86;1.862
        Torri del Benaco;1.454;1.334;120;1.221;583;155;281;202;2.675
        Tregnago;2.310;2.116;194;1.878;1.005;313;360;200;4.188
        Trevenzuolo;1.317;1.176;142;1.005;526;169;225;86;2.322
        Valeggio sul Mincio;7.963;7.311;652;5.053;2.416;905;1.217;515;13.016
        Velo Veronese;404;387;17;250;154;41;33;23;653
        Verona;122.015;109.815;12.200;104.634;56.121;17.660;18.377;12.476;226.649
        Veronella;2.479;2.323;156;1.644;752;272;435;185;4.123
        Vestenanova;1.176;1.087;89;1.003;473;151;248;131;2.179
        Vigasio;5.230;4.844;386;3.302;1.727;655;653;268;8.532
        Villa Bartolomea;2.742;2.548;194;2.254;1.265;323;413;253;4.996
        Villafranca di Verona;16.563;15.165;1.398;12.106;6.122;2.253;2.507;1.224;28.669
        Zevio;7.646;7.109;537;5.055;2.632;973;982;469;12.701
        Zimella;2.375;2.166;209;1.691;799;281;451;160;4.065
      Vicenza;414.219;380.652;33.567;324.891;171.405;56.644;64.740;32.102;739.110
        Agugliaro;725;679;46;466;260;68;95;44;1.190
        Albettone;1.062;1.002;60;714;355;120;165;75;1.776
        Alonte;852;811;41;537;232;141;113;52;1.389
        Altavilla Vicentina;6.312;5.854;458;3.894;2.058;676;836;324;10.206
        Altissimo;1.069;1.009;60;792;399;133;189;72;1.861
        Arcugnano;3.834;3.561;273;2.893;1.413;598;564;319;6.727
        Arsiero;1.411;1.291;120;1.297;809;151;227;110;2.708
        Arzignano;12.203;11.341;862;9.559;4.487;1.662;2.409;1.002;21.762
        Asiago;2.992;2.761;231;2.678;1.379;410;492;397;5.670
        Asigliano Veneto;427;400;27;314;169;48;66;31;741
        Barbarano Mossano;3.029;2.793;236;2.462;1.334;379;504;246;5.491
        Bassano del Grappa;19.897;17.858;2.039;17.405;8.713;3.035;3.603;2.054;37.302
        Bolzano Vicentino;3.182;2.979;203;2.279;1.144;453;491;191;5.461
        Breganze;4.159;3.890;269;3.263;1.748;574;609;332;7.422
        Brendola;3.192;3.016;177;2.502;1.288;445;505;265;5.694
        Bressanvido;1.595;1.485;110;1.098;585;201;236;76;2.692
        Brogliano;2.019;1.919;100;1.295;674;264;262;95;3.314
        Caldogno;5.462;5.024;438;4.268;2.203;792;853;420;9.729
        Caltrano;1.200;1.119;81;967;610;146;138;73;2.167
        Calvene;607;552;56;523;294;69;113;47;1.130
        Camisano Vicentino;5.595;5.166;429;3.744;1.669;680;992;403;9.339
        Campiglia dei Berici;797;746;51;675;375;112;123;65;1.472
        Campolongo sul Brenta;387;356;31;300;188;42;46;24;687
        Carrè;1.776;1.642;134;1.329;736;244;233;116;3.105
        Cartigliano;1.841;1.699;142;1.425;708;267;319;132;3.266
        Cassola;7.331;6.796;536;5.090;2.251;990;1.287;563;12.421
        Castegnero;1.491;1.382;109;1.017;503;200;230;84;2.508
        Castelgomberto;3.005;2.816;189;2.187;1.156;394;437;201;5.192
        Chiampo;6.044;5.679;365;4.760;2.207;755;1.345;454;10.804
        Chiuppano;1.198;1.096;102;1.001;622;149;147;83;2.199
        Cismon del Grappa;379;343;36;436;255;46;66;70;815
        Cogollo del Cengio;1.546;1.439;107;1.259;755;232;171;101;2.804
        Colceresa;..;..;..;..;..;..;..;..;..
        Conco;980;918;62;937;478;143;192;124;1.917
        Cornedo Vicentino;5.841;5.448;393;4.436;2.516;817;713;390;10.277
        Costabissara;3.786;3.554;232;2.652;1.310;517;560;265;6.438
        Creazzo;5.490;4.964;526;4.228;2.264;781;814;369;9.718
        Crespadoro;599;569;30;515;237;95;126;57;1.114
        Dueville;6.563;6.042;521;5.412;3.102;896;945;469;11.975
        Enego;688;624;65;780;402;99;164;115;1.468
        Fara Vicentino;1.793;1.694;99;1.393;740;236;302;115;3.186
        Foza;308;276;32;286;147;32;79;29;594
        Gallio;1.147;1.060;87;965;490;151;189;135;2.112
        Gambellara;1.605;1.468;137;1.248;654;194;275;125;2.853
        Gambugliano;435;412;23;283;156;42;68;17;717
        Grisignano di Zocco;2.102;1.916;186;1.617;795;255;403;164;3.719
        Grumolo delle Abbadesse;1.878;1.714;164;1.322;660;249;298;115;3.200
        Isola Vicentina;5.048;4.686;363;3.663;1.917;653;763;330;8.711
        Laghi;58;52;6;54;39;6;7;2;112
        Lastebasse;86;76;10;88;57;11;14;6;174
        Longare;2.739;2.550;189;2.119;1.187;352;390;191;4.858
        Lonigo;7.606;6.987;619;6.050;2.775;1.065;1.419;791;13.656
        Lugo di Vicenza;1.716;1.597;119;1.486;798;243;305;140;3.202
        Lusiana;1.143;1.069;74;1.127;618;159;220;130;2.269
        Lusiana Conco;..;..;..;..;..;..;..;..;..
        Malo;7.438;6.882;557;5.114;2.776;903;1.000;435;12.552
        Marano Vicentino;4.674;4.328;346;3.499;1.938;640;630;291;8.173
        Marostica;6.824;6.338;486;5.348;2.955;918;938;537;12.172
        Mason Vicentino;1.739;1.624;115;1.259;638;230;270;122;2.998
        Molvena;1.289;1.213;76;938;524;168;165;82;2.227
        Monte di Malo;1.345;1.268;77;1.092;608;191;195;98;2.437
        Montebello Vicentino;3.224;2.950;274;2.300;1.197;353;540;210;5.523
        Montecchio Maggiore;11.614;10.417;1.197;8.352;4.531;1.341;1.785;696;19.966
        Montecchio Precalcino;2.463;2.327;136;1.915;1.052;328;319;217;4.378
        Montegalda;1.695;1.583;112;1.238;639;207;267;125;2.933
        Montegaldella;932;879;53;604;300;122;133;49;1.536
        Monteviale;1.496;1.402;94;940;497;186;182;76;2.436
        Monticello Conte Otto;4.255;3.909;347;3.424;1.878;607;632;307;7.679
        Montorso Vicentino;1.430;1.349;81;1.151;581;201;273;96;2.581
        Mussolente;3.728;3.423;305;2.758;1.269;552;672;266;6.486
        Nanto;1.601;1.519;82;1.048;524;198;241;85;2.649
        Nogarole Vicentino;596;576;20;402;201;66;106;29;998
        Nove;2.315;2.130;185;2.005;1.141;323;347;194;4.320
        Noventa Vicentina;4.399;3.957;443;3.395;1.864;572;625;335;7.794
        Orgiano;1.406;1.337;69;1.303;716;217;229;141;2.709
        Pedemonte;293;272;21;368;241;38;55;35;661
        Pianezze;1.001;938;63;832;479;155;136;63;1.833
        Piovene Rocchette;3.895;3.541;354;3.183;1.847;501;590;245;7.078
        Pojana Maggiore;2.115;1.960;155;1.598;861;282;297;158;3.713
        Posina;258;230;28;250;166;18;48;18;507
        Pove del Grappa;1.489;1.380;109;1.231;587;270;239;135;2.720
        Pozzoleone;1.381;1.281;100;1.041;510;179;265;88;2.422
        Quinto Vicentino;2.810;2.625;185;2.059;1.022;437;397;204;4.869
        Recoaro Terme;2.853;2.696;158;2.746;1.686;402;403;255;5.599
        Roana;2.098;1.952;146;1.637;855;250;303;229;3.735
        Romano d'Ezzelino;6.909;6.315;594;5.354;2.495;1.010;1.254;595;12.263
        Rosà;7.039;6.470;569;5.161;2.414;920;1.281;546;12.200
        Rossano Veneto;3.947;3.651;297;2.894;1.381;537;712;264;6.841
        Rotzo;284;271;14;274;136;53;50;35;558
        Salcedo;486;450;36;404;212;57;92;43;890
        San Nazario;748;673;75;664;333;105;132;94;1.412
        San Pietro Mussolino;767;722;45;516;240;98;145;34;1.283
        San Vito di Leguzzano;1.764;1.634;130;1.385;764;246;238;137;3.148
        Sandrigo;4.088;3.823;266;3.133;1.556;570;677;331;7.221
        Santorso;2.689;2.503;186;2.300;1.369;414;336;181;4.989
        Sarcedo;2.595;2.427;168;1.990;1.050;365;385;190;4.584
        Sarego;3.312;3.120;193;2.252;1.081;404;550;217;5.564
        Schiavon;1.315;1.230;85;953;493;188;194;78;2.267
        Schio;18.333;16.563;1.770;15.703;9.126;2.771;2.418;1.388;34.035
        Solagna;904;827;77;740;399;139;134;68;1.644
        Sossano;2.027;1.925;102;1.622;818;246;357;202;3.649
        Sovizzo;3.761;3.520;241;2.641;1.266;561;588;226;6.402
        Sovizzo;..;..;..;..;..;..;..;..;..
        Tezze sul Brenta;6.447;5.972;475;4.269;1.779;820;1.199;471;10.716
        Thiene;11.511;10.489;1.022;8.953;4.564;1.614;1.832;943;20.463
        Tonezza del Cimone;253;236;17;222;121;28;46;27;475
        Torrebelvicino;2.913;2.701;213;2.226;1.219;439;377;191;5.139
        Torri di Quartesolo;5.816;5.305;511;4.241;2.175;796;886;384;10.056
        Trissino;4.278;4.034;244;3.160;1.675;514;718;253;7.438
        Val Liona;1.521;1.438;83;1.135;599;183;261;92;2.656
        Valbrenta;..;..;..;..;..;..;..;..;..
        Valdagno;11.784;10.846;939;10.654;6.952;1.632;1.202;868;22.438
        Valdastico;523;498;25;589;375;65;96;53;1.112
        Valli del Pasubio;1.405;1.316;89;1.315;799;195;198;123;2.720
        Valstagna;756;686;70;777;479;111;120;68;1.533
        Velo d'Astico;1.110;1.039;71;914;532;139;169;74;2.024
        Vicenza;52.539;46.722;5.817;43.655;23.463;7.554;7.932;4.706;96.194
        Villaga;954;905;49;721;349;131;161;80;1.675
        Villaverla;3.024;2.825;199;2.187;1.096;392;488;211;5.211
        Zanè;3.168;2.994;174;2.496;1.389;447;443;218;5.664
        Zermeghedo;703;651;52;445;199;87;124;36;1.148
        Zovencedo;372;348;24;314;156;49;66;43;686
        Zugliano;3.295;3.069;226;2.519;1.356;448;495;221;5.814
      Belluno;96.256;89.380;6.877;82.606;48.588;12.379;12.554;9.085;178.862
        Agordo;2.048;1.972;76;1.632;1.036;248;192;157;3.680
        Alano di Piave;1.272;1.162;110;1.100;551;177;210;162;2.371
        Alleghe;544;482;62;519;269;76;91;83;1.063
        Alpago;3.408;3.166;242;2.622;1.493;402;453;274;6.029
        Arsiè;995;927;68;1.023;664;112;138;110;2.018
        Auronzo di Cadore;1.550;1.397;153;1.371;745;194;251;181;2.920
        Belluno;17.129;15.920;1.209;14.470;8.436;2.531;1.983;1.521;31.599
        Borca di Cadore;381;339;42;343;144;66;67;66;724
        Borgo Valbelluna;..;..;..;..;..;..;..;..;..
        Calalzo di Cadore;916;841;75;848;532;117;118;82;1.764
        Canale d'Agordo;547;505;42;445;283;61;61;40;991
        Cencenighe Agordino;599;567;32;527;311;67;88;61;1.125
        Cesiomaggiore;1.848;1.712;136;1.643;1.034;244;215;150;3.490
        Chies d'Alpago;625;591;34;563;369;70;83;41;1.187
        Cibiana di Cadore;131;119;12;219;143;19;30;27;350
        Colle Santa Lucia;178;159;20;152;84;24;24;21;330
        Comelico Superiore;942;856;86;944;533;118;144;149;1.886
        Cortina d'Ampezzo;2.558;2.350;208;2.651;1.282;437;563;369;5.208
        Danta di Cadore;199;181;18;201;128;23;31;19;400
        Domegge di Cadore;1.090;998;92;974;654;122;113;85;2.063
        Falcade;849;788;61;812;470;112;120;110;1.661
        Feltre;9.791;9.011;781;8.276;4.875;1.227;1.279;895;18.067
        Fonzaso;1.428;1.327;101;1.372;814;177;235;146;2.799
        Gosaldo;255;236;19;281;217;26;21;18;536
        La Valle Agordina;545;528;17;433;273;62;52;46;978
        Lamon;1.181;1.090;91;1.371;906;130;177;158;2.552
        Lentiai;1.380;1.273;107;1.177;767;166;149;95;2.557
        Limana;2.685;2.542;143;1.885;1.166;322;226;171;4.570
        Livinallongo del Col di Lana;617;529;88;518;281;80;84;73;1.135
        Longarone;2.458;2.313;145;2.156;1.289;307;336;224;4.614
        Lorenzago di Cadore;237;213;24;249;170;30;33;16;486
        Lozzo di Cadore;645;587;58;548;359;87;58;44;1.192
        Mel;2.783;2.617;166;2.390;1.539;332;312;207;5.172
        Ospitale di Cadore;117;109;9;125;81;16;16;12;242
        Pedavena;2.091;1.952;139;1.826;1.127;272;250;177;3.917
        Perarolo di Cadore;168;151;17;141;82;24;16;19;309
        Pieve di Cadore;1.729;1.567;162;1.589;915;265;221;188;3.318
        Ponte nelle Alpi;4.102;3.857;245;3.021;1.691;463;547;320;7.123
        Quero Vas;1.451;1.331;120;1.249;748;177;196;128;2.699
        Rivamonte Agordino;298;285;13;256;191;32;14;19;553
        Rocca Pietore;563;493;70;530;326;55;82;67;1.092
        San Gregorio nelle Alpi;810;768;42;613;359;87;105;62;1.423
        San Nicolò di Comelico;193;169;24;157;79;24;30;24;350
        San Pietro di Cadore;740;674;66;685;410;85;115;75;1.425
        San Tomaso Agordino;282;268;14;278;194;25;35;24;560
        San Vito di Cadore;865;787;78;785;358;132;169;126;1.650
        Santa Giustina;3.326;3.132;194;2.613;1.528;401;436;248;5.939
        Santo Stefano di Cadore;1.131;1.054;77;1.080;627;119;176;158;2.211
        Sedico;5.235;4.966;269;3.584;2.022;702;567;293;8.819
        Selva di Cadore;233;202;31;214;122;23;33;36;447
        Seren del Grappa;1.152;1.057;95;1.014;639;121;152;103;2.166
        Setteville;..;..;..;..;..;..;..;..;..
        Sospirolo;1.507;1.424;83;1.229;709;169;233;118;2.736
        Soverzene;179;167;12;166;101;31;23;11;345
        Sovramonte;612;574;38;660;395;86;104;76;1.272
        Taibon Agordino;867;834;33;643;413;103;79;48;1.510
        Tambre;649;621;28;546;354;59;74;59;1.195
        Trichiana;2.401;2.269;132;1.752;1.090;266;269;128;4.153
        Val di Zoldo;1.168;1.028;140;1.615;650;165;313;488;2.783
        Vallada Agordina;209;197;12;221;144;30;24;24;430
        Valle di Cadore;845;740;105;832;501;92;138;101;1.677
        Vigo di Cadore;649;610;39;612;401;78;69;64;1.261
        Vodo Cadore;402;345;57;356;208;43;72;33;758
        Voltago Agordino;405;388;17;374;250;59;37;28;779
        Zoppè di Cadore;71;65;6;133;60;14;27;32;203
      Treviso;425.493;388.495;36.998;335.144;172.915;59.516;69.659;33.054;760.637
        Altivole;3.446;3.199;247;2.385;1.179;453;529;224;5.831
        Arcade;2.225;2.038;187;1.569;806;284;365;114;3.794
        Asolo;4.525;4.074;451;3.215;1.511;626;748;331;7.740
        Borso del Grappa;2.901;2.690;211;2.055;984;411;477;184;4.956
        Breda di Piave;3.846;3.559;287;2.807;1.367;553;634;253;6.653
        Caerano di San Marco;3.882;3.483;399;2.870;1.645;455;544;226;6.751
        Cappella Maggiore;2.196;2.066;130;1.912;1.092;312;311;198;4.108
        Carbonera;5.516;5.104;412;4.160;2.188;739;867;366;9.676
        Casale sul Sile;6.452;6.029;423;4.351;2.069;814;1.124;344;10.803
        Casier;5.541;5.126;415;4.032;1.969;894;828;341;9.573
        Castelcucco;1.124;1.013;111;773;418;122;170;63;1.897
        Castelfranco Veneto;16.075;14.532;1.543;13.111;6.637;2.549;2.612;1.314;29.186
        Castello di Godego;3.508;3.185;323;2.609;1.238;484;646;241;6.117
        Cavaso del Tomba;1.289;1.192;98;1.164;641;194;218;111;2.453
        Cessalto;1.789;1.650;139;1.412;620;244;364;184;3.201
        Chiarano;1.803;1.664;139;1.318;604;227;344;144;3.121
        Cimadolmo;1.657;1.517;140;1.264;654;205;288;117;2.921
        Cison di Valmarino;1.191;1.098;93;1.072;575;152;211;134;2.262
        Codognè;2.545;2.387;158;2.012;1.079;337;414;182;4.557
        Colle Umberto;2.501;2.354;147;1.871;1.052;312;336;171;4.372
        Conegliano;15.984;14.459;1.525;14.811;8.030;2.404;2.608;1.769;30.795
        Cordignano;3.447;3.192;255;2.656;1.501;460;486;209;6.103
        Cornuda;2.989;2.747;242;2.369;1.259;422;432;256;5.358
        Crespano del Grappa;2.045;1.823;222;1.834;994;295;375;170;3.879
        Crocetta del Montello;2.842;2.590;252;2.375;1.388;319;443;226;5.217
        Farra di Soligo;4.101;3.778;323;3.264;1.782;519;651;313;7.365
        Follina;1.749;1.595;154;1.517;855;251;268;143;3.266
        Fontanelle;2.815;2.646;169;2.101;1.073;387;441;200;4.916
        Fonte;2.683;2.382;302;2.203;1.010;406;562;225;4.886
        Fregona;1.331;1.251;80;1.193;708;193;181;111;2.524
        Gaiarine;2.761;2.548;213;2.451;1.332;378;537;204;5.212
        Giavera del Montello;2.513;2.295;219;1.868;971;316;406;175;4.381
        Godega di Sant'Urbano;2.897;2.643;255;2.339;1.290;373;442;235;5.236
        Gorgo al Monticano;2.056;1.925;131;1.500;798;232;334;136;3.556
        Istrana;4.625;4.248;378;3.084;1.363;612;806;303;7.709
        Loria;4.605;4.221;385;3.085;1.369;614;832;270;7.690
        Mansuè;2.493;2.325;168;1.666;810;317;390;149;4.158
        Mareno di Piave;4.876;4.534;342;3.318;1.729;589;731;270;8.194
        Maser;2.452;2.310;142;1.942;1.101;300;371;171;4.394
        Maserada sul Piave;4.584;4.261;323;3.382;1.778;612;715;277;7.966
        Meduna di Livenza;1.397;1.272;125;1.117;541;206;263;108;2.514
        Miane;1.509;1.377;132;1.313;758;191;222;142;2.822
        Mogliano Veneto;12.995;11.873;1.122;11.160;5.844;1.799;2.329;1.188;24.155
        Monastier di Treviso;2.192;2.039;153;1.555;796;257;367;135;3.747
        Monfumo;626;595;31;540;306;78;97;59;1.165
        Montebelluna;15.125;13.662;1.463;11.781;6.040;2.190;2.381;1.170;26.906
        Morgano;2.184;2.022;162;1.549;767;253;396;133;3.733
        Moriago della Battaglia;1.267;1.150;118;1.114;594;185;241;94;2.381
        Motta di Livenza;5.195;4.773;422;4.011;1.877;710;943;482;9.206
        Nervesa della Battaglia;3.021;2.732;289;2.722;1.541;416;517;249;5.743
        Oderzo;9.850;9.096;754;7.707;3.949;1.405;1.504;849;17.556
        Ormelle;2.268;2.079;189;1.597;762;303;375;157;3.865
        Orsago;1.847;1.709;138;1.526;820;283;274;149;3.373
        Paderno del Grappa;1.082;976;106;786;400;148;156;82;1.867
        Paese;10.678;9.781;897;7.708;3.696;1.504;1.807;702;18.386
        Pederobba;3.501;3.206;295;2.820;1.518;495;514;293;6.321
        Pieve del Grappa;..;..;..;..;..;..;..;..;..
        Pieve di Soligo;5.716;5.117;599;4.528;2.239;820;1.007;462;10.244
        Ponte di Piave;4.206;3.783;423;2.843;1.409;534;651;249;7.049
        Ponzano Veneto;6.460;5.929;531;4.407;2.111;944;979;373;10.866
        Portobuffolè;369;348;22;284;159;46;58;21;653
        Possagno;995;908;87;884;401;149;219;115;1.879
        Povegliano;2.575;2.410;165;1.786;890;329;397;170;4.361
        Preganziol;8.329;7.557;772;6.512;3.208;1.255;1.447;602;14.841
        Quinto di Treviso;4.735;4.275;460;3.822;1.881;672;918;351;8.557
        Refrontolo;792;734;58;703;352;119;143;89;1.495
        Resana;4.901;4.457;445;3.048;1.472;600;741;236;7.949
        Revine Lago;964;875;89;891;502;138;155;96;1.855
        Riese Pio X;5.565;5.125;440;3.711;1.717;724;913;357;9.276
        Roncade;7.091;6.603;488;5.399;2.697;930;1.317;456;12.490
        Salgareda;3.303;3.032;271;2.355;1.100;449;570;236;5.658
        San Biagio di Callalta;6.355;5.819;536;4.762;2.381;813;1.144;424;11.117
        San Fior;3.537;3.332;205;2.483;1.349;442;464;228;6.019
        San Pietro di Feletto;2.379;2.227;152;2.224;1.160;415;404;245;4.603
        San Polo di Piave;2.422;2.221;201;1.809;849;347;420;193;4.231
        San Vendemiano;4.863;4.526;337;3.777;1.991;725;678;384;8.640
        San Zenone degli Ezzelini;3.612;3.224;388;2.499;1.118;466;696;219;6.111
        Santa Lucia di Piave;4.593;4.238;355;3.061;1.688;538;574;262;7.654
        Sarmede;1.443;1.355;88;1.211;662;199;212;139;2.654
        Segusino;866;795;72;793;513;113;98;70;1.659
        Sernaglia della Battaglia;2.809;2.613;196;2.460;1.295;414;519;232;5.269
        Silea;4.809;4.458;352;3.982;2.002;704;865;412;8.791
        Spresiano;5.818;5.221;597;4.387;2.160;802;1.009;417;10.205
        Susegana;5.546;5.095;451;4.549;2.301;810;965;473;10.095
        Tarzo;1.972;1.813;159;1.831;1.104;258;305;165;3.803
        Trevignano;5.280;4.811;470;3.806;1.967;702;841;296;9.086
        Treviso;39.927;34.986;4.941;35.049;18.275;6.174;6.592;4.009;74.976
        Valdobbiadene;4.818;4.438;380;4.118;2.501;661;556;400;8.936
        Vazzola;3.367;3.168;199;2.544;1.183;507;587;267;5.911
        Vedelago;8.201;7.523;678;5.843;2.859;1.066;1.400;518;14.044
        Vidor;1.777;1.636;142;1.362;740;252;252;119;3.139
        Villorba;8.445;7.660;785;7.077;3.796;1.232;1.377;673;15.522
        Vittorio Veneto;12.759;11.688;1.071;12.001;7.033;1.856;1.803;1.310;24.760
        Volpago del Montello;4.861;4.450;411;3.855;2.126;634;762;333;8.715
        Zenson di Piave;874;810;64;642;339;114;132;57;1.516
        Zero Branco;5.567;5.169;398;3.925;1.717;778;1.072;358;9.491
      Venezia;401.701;364.447;37.254;344.342;168.704;51.674;83.498;40.466;746.042
        Annone Veneto;1.810;1.674;136;1.457;649;233;368;207;3.267
        Campagna Lupia;3.541;3.269;272;2.703;1.216;395;842;251;6.244
        Campolongo Maggiore;5.197;4.839;358;3.952;1.772;609;1.171;401;9.149
        Camponogara;6.582;6.167;416;4.790;2.059;808;1.467;457;11.372
        Caorle;5.251;4.391;860;4.976;2.287;670;1.087;932;10.227
        Cavallino-Treporti;6.569;5.630;939;5.332;2.537;693;1.321;781;11.901
        Cavarzere;6.128;5.394;734;6.128;3.451;664;1.294;720;12.256
        Ceggia;2.910;2.702;208;2.281;1.043;394;565;279;5.191
        Chioggia;21.969;19.482;2.488;21.382;9.279;2.988;6.094;3.022;43.351
        Cinto Caomaggiore;1.501;1.357;144;1.287;696;201;273;117;2.788
        Cona;1.346;1.196;151;1.354;700;201;306;148;2.700
        Concordia Sagittaria;4.722;4.301;421;4.328;2.219;637;970;503;9.050
        Dolo;7.190;6.591;599;6.073;3.003;891;1.517;663;13.263
        Eraclea;5.596;4.979;617;5.191;2.259;751;1.288;893;10.787
        Fiesso d'Artico;4.203;3.870;333;2.939;1.546;422;709;262;7.142
        Fossalta di Piave;1.939;1.782;157;1.678;809;275;398;197;3.617
        Fossalta di Portogruaro;2.865;2.599;266;2.530;1.384;326;537;283;5.395
        Fossò;3.519;3.274;246;2.485;1.169;402;697;218;6.004
        Gruaro;1.338;1.237;101;1.100;621;175;209;95;2.438
        Jesolo;12.435;10.844;1.591;10.593;4.464;1.537;2.466;2.126;23.028
        Marcon;8.969;8.417;552;5.847;2.813;944;1.573;517;14.816
        Martellago;10.121;9.376;745;8.555;4.123;1.443;2.194;796;18.676
        Meolo;2.959;2.726;234;2.574;1.196;424;673;281;5.533
        Mira;18.442;16.897;1.545;15.224;7.629;2.106;4.001;1.488;33.666
        Mirano;13.080;12.060;1.020;11.143;5.444;1.698;2.862;1.139;24.223
        Musile di Piave;5.488;5.060;428;4.456;1.973;711;1.200;572;9.944
        Noale;7.802;7.244;558;6.204;2.945;1.071;1.535;654;14.006
        Noventa di Piave;3.400;3.115;285;2.537;1.187;430;643;278;5.937
        Pianiga;6.367;5.964;403;4.223;1.950;726;1.145;403;10.590
        Portogruaro;11.573;10.370;1.203;10.199;5.329;1.533;2.025;1.312;21.772
        Pramaggiore;2.271;2.037;234;1.659;761;292;420;186;3.930
        Quarto d'Altino;3.829;3.519;310;3.147;1.482;524;828;313;6.976
        Salzano;6.391;5.957;434;4.938;2.423;740;1.335;440;11.329
        San Donà di Piave;20.314;18.609;1.705;16.283;7.658;2.793;3.658;2.174;36.597
        San Michele al Tagliamento;5.432;4.536;896;5.154;2.736;682;966;771;10.585
        Santa Maria di Sala;9.014;8.408;606;5.964;2.617;1.119;1.699;529;14.978
        San Stino di Livenza;6.023;5.442;582;5.134;2.489;786;1.210;649;11.157
        Scorzè;9.088;8.391;697;7.186;3.309;1.252;1.905;720;16.274
        Spinea;13.033;11.968;1.065;10.972;5.714;1.635;2.625;998;24.005
        Stra;3.634;3.319;315;3.045;1.446;513;770;316;6.679
        Teglio Veneto;1.115;1.003;112;876;490;126;162;98;1.990
        Torre di Mosto;2.371;2.132;240;1.746;851;296;415;184;4.117
        Venezia;119.384;107.696;11.689;111.114;57.230;15.996;25.137;12.751;230.498
        Vigonovo;4.991;4.627;364;3.604;1.751;567;941;345;8.594
      Padova;455.645;415.719;39.926;355.054;176.352;60.752;79.996;37.955;810.699
        Abano Terme;9.391;8.463;928;8.156;4.226;1.304;1.718;908;17.547
        Agna;1.507;1.382;125;1.289;682;179;322;106;2.796
        Albignasego;12.956;12.005;951;8.856;4.367;1.600;1.998;891;21.811
        Anguillara Veneta;2.050;1.841;209;1.801;1.037;204;386;175;3.851
        Arquà Petrarca;859;798;61;744;389;108;160;87;1.603
        Arre;1.096;988;108;760;415;117;160;68;1.855
        Arzergrande;2.373;2.221;152;1.773;816;294;477;187;4.146
        Bagnoli di Sopra;1.639;1.506;133;1.407;728;190;319;170;3.046
        Baone;1.479;1.365;114;1.281;643;215;272;152;2.760
        Barbona;297;269;28;269;140;43;59;27;566
        Battaglia Terme;1.821;1.547;274;1.690;920;238;356;176;3.511
        Boara Pisani;1.207;1.135;72;978;588;140;155;96;2.185
        Borgo Veneto;3.495;3.170;325;2.586;1.348;397;556;285;6.081
        Borgoricco;4.597;4.284;313;2.914;1.330;553;747;284;7.510
        Bovolenta;1.739;1.591;148;1.288;689;175;307;117;3.026
        Brugine;3.598;3.296;302;2.537;1.115;460;709;254;6.135
        Cadoneghe;7.761;6.989;772;6.335;3.111;1.121;1.450;653;14.095
        Campo San Martino;2.751;2.560;191;2.140;1.110;373;466;191;4.891
        Campodarsego;7.384;6.831;553;5.083;2.402;890;1.335;456;12.467
        Campodoro;1.399;1.280;119;873;408;171;222;72;2.272
        Camposampiero;5.909;5.423;487;4.306;1.899;871;1.067;469;10.215
        Candiana;1.129;1.039;90;912;479;136;217;80;2.041
        Carceri;750;669;81;612;305;121;125;62;1.362
        Carmignano di Brenta;3.555;3.290;265;2.953;1.495;452;735;271;6.508
        Cartura;2.251;2.066;185;1.753;864;284;463;142;4.003
        Casale di Scodosia;2.229;1.982;247;1.893;941;285;421;246;4.122
        Casalserugo;2.657;2.455;202;2.117;1.022;317;565;214;4.774
        Castelbaldo;705;625;80;621;389;82;94;56;1.326
        Cervarese Santa Croce;2.906;2.719;187;1.998;950;378;502;168;4.903
        Cinto Euganeo;947;870;77;788;438;116;171;64;1.735
        Cittadella;9.840;9.085;755;7.529;3.634;1.331;1.788;777;17.369
        Codevigo;3.203;3.003;200;2.312;1.079;339;661;234;5.514
        Conselve;4.839;4.394;445;3.925;1.942;644;886;453;8.764
        Correzzola;2.408;2.230;178;2.149;1.093;306;539;211;4.557
        Curtarolo;3.662;3.378;284;2.578;1.220;411;696;251;6.240
        Due Carrare;4.569;4.190;379;3.299;1.579;635;790;295;7.868
        Este;7.620;6.844;776;6.823;3.632;1.068;1.346;777;14.443
        Fontaniva;3.818;3.512;306;3.051;1.463;469;835;284;6.869
        Galliera Veneta;3.503;3.223;280;2.659;1.324;490;597;248;6.161
        Galzignano Terme;2.106;1.918;188;1.719;880;261;393;186;3.825
        Gazzo;2.198;2.032;166;1.435;682;270;339;144;3.632
        Grantorto;2.244;2.026;218;1.629;811;266;413;139;3.873
        Granze;1.025;950;75;683;303;138;182;60;1.708
        Legnaro;4.556;4.239;317;3.110;1.521;534;764;291;7.666
        Limena;3.980;3.672;308;2.760;1.358;546;620;237;6.739
        Loreggia;3.849;3.536;314;2.499;1.040;497;713;249;6.348
        Lozzo Atestino;1.495;1.383;112;1.229;702;176;226;126;2.724
        Maserà di Padova;4.554;4.202;352;3.339;1.556;622;842;319;7.892
        Masi;819;752;67;700;398;92;143;67;1.519
        Massanzago;3.203;2.920;283;1.870;775;399;545;151;5.073
        Megliadino San Vitale;881;800;81;768;417;109;158;84;1.649
        Merlara;1.248;1.122;126;1.120;688;140;180;113;2.368
        Mestrino;5.774;5.340;435;3.770;1.703;739;997;331;9.544
        Monselice;8.373;7.590;783;7.090;3.673;1.193;1.456;769;15.463
        Montagnana;4.274;3.888;386;3.659;2.036;567;623;433;7.933
        Montegrotto Terme;5.734;5.165;570;4.523;2.349;731;1.004;439;10.257
        Noventa Padovana;5.995;5.533;462;3.798;1.894;702;847;355;9.793
        Ospedaletto Euganeo;2.765;2.490;275;2.122;1.134;337;460;191;4.886
        Padova;99.650;88.734;10.916;85.597;43.228;14.630;16.713;11.027;185.247
        Pernumia;1.887;1.713;174;1.458;740;219;311;188;3.345
        Piacenza d'Adige;571;507;64;564;325;65;122;53;1.135
        Piazzola sul Brenta;5.411;5.041;370;4.145;2.317;617;861;350;9.556
        Piombino Dese;4.627;4.213;414;3.499;1.727;626;825;321;8.126
        Piove di Sacco;9.571;8.754;817;7.672;3.571;1.262;1.954;885;17.243
        Polverara;1.766;1.645;121;1.069;544;179;269;77;2.835
        Ponso;1.155;1.061;94;928;475;160;191;103;2.083
        Ponte San Nicolò;6.710;6.251;459;5.111;2.530;934;1.126;522;11.821
        Pontelongo;1.664;1.493;171;1.577;783;215;402;177;3.241
        Pozzonovo;1.725;1.571;154;1.389;719;203;337;131;3.114
        Rovolon;2.527;2.316;211;1.619;810;268;407;134;4.146
        Rubano;7.981;7.319;662;6.104;3.131;1.034;1.261;679;14.085
        Saccolongo;2.302;2.145;158;1.957;935;361;432;229;4.259
        San Giorgio delle Pertiche;5.166;4.817;349;3.391;1.502;621;933;336;8.557
        San Giorgio in Bosco;3.190;2.969;221;2.201;998;398;588;218;5.391
        San Martino di Lupari;6.469;5.968;501;4.624;2.302;844;1.090;388;11.093
        San Pietro in Gu;2.058;1.892;166;1.746;844;315;407;180;3.804
        San Pietro Viminario;1.583;1.478;105;1.018;483;161;284;90;2.601
        Santa Caterina d'Este;..;..;..;..;..;..;..;..;..
        Santa Giustina in Colle;3.662;3.419;243;2.575;1.238;467;609;261;6.237
        Sant'Angelo di Piove di Sacco;3.582;3.333;249;2.668;1.271;463;698;237;6.250
        Sant'Elena;1.287;1.192;95;837;399;149;220;69;2.124
        Sant'Urbano;931;845;86;829;501;113;147;68;1.760
        Saonara;5.183;4.841;342;3.748;1.683;777;916;373;8.931
        Selvazzano Dentro;10.849;9.924;925;9.013;4.418;1.658;1.981;956;19.861
        Solesino;3.338;2.938;400;2.796;1.461;358;715;262;6.133
        Stanghella;1.929;1.737;192;1.699;976;211;340;173;3.628
        Teolo;4.350;4.087;263;3.619;1.804;629;770;416;7.968
        Terrassa Padovana;1.377;1.265;112;922;427;155;256;84;2.298
        Tombolo;4.224;3.845;379;2.911;1.395;496;753;267;7.135
        Torreglia;2.903;2.653;250;2.476;1.208;402;612;254;5.379
        Trebaseleghe;6.447;5.924;523;4.532;2.045;868;1.194;426;10.979
        Tribano;2.166;1.956;210;1.624;786;278;401;159;3.789
        Urbana;1.044;952;92;798;417;124;171;86;1.842
        Veggiano;2.507;2.352;155;1.378;617;300;352;109;3.884
        Vescovana;907;851;56;648;349;106;116;78;1.555
        Vighizzolo d'Este;455;415;40;349;189;50;70;40;804
        Vigodarzere;6.407;5.870;537;4.907;2.352;927;1.134;494;11.314
        Vigonza;11.395;10.614;781;8.294;3.865;1.537;2.069;823;19.688
        Villa del Conte;2.689;2.509;180;1.977;977;348;488;164;4.666
        Villa Estense;1.048;948;100;903;480;142;186;95;1.951
        Villafranca Padovana;5.292;4.941;351;3.583;1.710;693;853;327;8.875
        Villanova di Camposampiero;3.075;2.851;224;2.143;982;389;585;188;5.218
        Vo';1.623;1.501;122;1.305;716;188;278;124;2.928
      Rovigo;111.218;99.705;11.513;96.443;57.277;12.824;16.927;9.415;207.661
        Adria;9.080;7.944;1.136;8.104;4.686;1.154;1.477;788;17.184
        Ariano nel Polesine;1.930;1.645;285;1.887;1.192;192;312;191;3.817
        Arquà Polesine;1.245;1.128;117;1.116;670;150;197;99;2.361
        Badia Polesine;4.974;4.486;488;4.073;2.356;588;720;410;9.047
        Bagnolo di Po;513;471;42;547;380;55;78;34;1.060
        Bergantino;1.148;1.057;91;1.091;652;138;205;96;2.238
        Bosaro;718;640;78;563;324;79;119;41;1.280
        Calto;315;281;35;315;203;31;45;37;630
        Canaro;1.266;1.159;107;1.144;680;131;184;149;2.410
        Canda;424;389;35;353;220;43;52;39;777
        Castelguglielmo;650;580;70;671;445;61;103;63;1.321
        Castelmassa;1.743;1.566;177;1.811;1.121;213;317;160;3.553
        Castelnovo Bariano;1.185;1.076;109;1.148;712;123;197;116;2.333
        Ceneselli;714;650;64;703;436;83;115;69;1.417
        Ceregnano;1.729;1.528;201;1.417;865;181;252;119;3.146
        Corbola;1.084;936;148;980;620;116;161;83;2.064
        Costa di Rovigo;1.130;1.030;100;1.126;715;139;160;112;2.255
        Crespino;759;687;72;846;559;98;114;76;1.605
        Ficarolo;919;863;56;1.232;738;115;89;290;2.151
        Fiesso Umbertiano;1.925;1.756;169;1.590;1.006;185;265;134;3.515
        Frassinelle Polesine;694;628;66;602;404;71;69;58;1.296
        Fratta Polesine;1.222;1.116;107;1.094;700;131;154;109;2.316
        Gaiba;436;404;32;447;316;49;49;33;882
        Gavello;727;627;100;624;384;85;97;58;1.350
        Giacciano con Baruchella;970;882;88;868;569;87;133;79;1.838
        Guarda Veneta;517;469;48;457;277;68;73;39;974
        Lendinara;5.371;4.851;520;4.923;2.988;669;782;484;10.294
        Loreo;1.636;1.354;282;1.457;817;189;306;146;3.093
        Lusia;1.750;1.593;157;1.291;759;200;212;120;3.040
        Melara;839;784;55;726;420;92;142;73;1.565
        Occhiobello;5.987;5.411;576;4.308;2.517;628;805;358;10.295
        Papozze;619;552;67;717;465;62;107;83;1.336
        Pettorazza Grimani;712;658;54;677;423;80;118;56;1.389
        Pincara;550;494;56;476;311;63;61;41;1.025
        Polesella;1.913;1.725;189;1.532;875;200;295;162;3.445
        Pontecchio Polesine;1.118;1.044;74;743;439;124;126;54;1.861
        Porto Tolle;4.701;4.293;408;3.937;2.660;395;608;276;8.638
        Porto Viro;6.623;5.860;764;6.065;3.198;742;1.434;692;12.688
        Rosolina;3.102;2.766;336;2.561;1.358;336;592;276;5.663
        Rovigo;24.612;21.977;2.635;20.095;11.474;3.187;3.435;2.000;44.707
        Salara;486;444;42;489;320;48;74;48;975
        San Bellino;510;466;44;437;271;52;69;45;947
        San Martino di Venezze;1.853;1.667;186;1.570;938;206;301;125;3.423
        Stienta;1.539;1.399;141;1.281;839;143;199;100;2.820
        Taglio di Po;3.831;3.432;399;3.422;1.971;418;699;334;7.253
        Trecenta;1.148;1.051;97;1.235;852;128;152;103;2.383
        Villadose;2.321;2.117;204;2.104;1.212;279;401;213;4.425
        Villamarzana;583;530;53;446;288;56;71;31;1.029
        Villanova del Ghebbo;997;902;96;766;420;126;146;75;1.763
        Villanova Marchesana;404;343;61;380;236;41;59;45;784
    Friuli-Venezia Giulia;565.558;511.911;53.647;499.384;284.924;76.834;84.215;53.411;1.064.941
      Udine;247.838;225.822;22.017;219.387;125.854;33.729;36.909;22.896;467.225
        Aiello del Friuli;985;895;90;997;591;129;174;103;1.982
        Amaro;435;404;31;312;175;65;41;31;747
        Ampezzo;404;365;39;479;300;39;81;59;883
        Aquileia;1.531;1.387;145;1.387;832;195;207;153;2.918
        Arta Terme;969;883;86;898;501;152;152;93;1.867
        Artegna;1.299;1.201;98;1.205;668;204;211;123;2.504
        Attimis;766;705;61;778;491;92;114;81;1.543
        Bagnaria Arsa;1.601;1.484;117;1.473;816;220;306;131;3.074
        Basiliano;2.447;2.253;194;2.132;1.249;342;342;199;4.579
        Bertiolo;1.111;1.038;73;993;603;139;165;86;2.103
        Bicinicco;881;818;64;741;420;124;129;68;1.622
        Bordano;334;303;32;319;174;47;62;36;653
        Buja;3.082;2.858;225;2.650;1.581;437;370;263;5.732
        Buttrio;1.900;1.757;143;1.607;941;259;261;146;3.506
        Camino al Tagliamento;776;716;60;638;371;98;107;62;1.414
        Campoformido;3.654;3.338;316;3.087;1.719;572;510;286;6.741
        Campolongo Tapogliano;538;492;47;510;292;61;106;51;1.048
        Carlino;1.302;1.195;108;1.213;649;183;255;127;2.515
        Cassacco;1.357;1.255;102;1.231;743;187;185;117;2.588
        Castions di Strada;1.730;1.590;140;1.536;838;242;313;143;3.266
        Cavazzo Carnico;461;424;37;437;270;54;71;42;898
        Cercivento;306;277;29;306;193;40;40;33;612
        Cervignano del Friuli;6.330;5.701;629;5.628;2.819;909;1.306;595;11.958
        Chiopris-Viscone;307;288;19;261;148;42;49;22;568
        Chiusaforte;270;247;23;318;185;38;59;36;588
        Cividale del Friuli;5.153;4.706;447;4.767;2.768;783;725;492;9.920
        Codroipo;7.595;6.982;613;6.294;3.656;983;1.048;607;13.889
        Colloredo di Monte Albano;1.061;997;64;851;567;97;116;71;1.912
        Comeglians;187;170;17;245;163;25;33;24;431
        Corno di Rosazzo;1.462;1.377;85;1.338;761;230;238;110;2.800
        Coseano;989;928;61;926;568;142;143;73;1.914
        Dignano;1.079;1.011;68;964;611;125;144;85;2.043
        Dogna;69;64;5;82;54;4;15;9;151
        Drenchia;41;34;7;57;48;2;3;5;98
        Enemonzo;606;562;44;584;342;82;101;59;1.190
        Faedis;1.320;1.201;119;1.244;708;204;198;134;2.563
        Fagagna;2.931;2.716;216;2.512;1.575;389;320;228;5.443
        Fiumicello Villa Vicentina;2.897;2.670;227;2.671;1.453;379;585;254;5.567
        Flaibano;503;465;39;473;278;85;65;45;976
        Forgaria nel Friuli;791;728;63;779;483;97;124;76;1.570
        Forni Avoltri;235;198;37;277;175;29;38;35;512
        Forni di Sopra;393;336;57;446;287;48;59;52;839
        Forni di Sotto;250;224;26;273;178;25;39;32;523
        Gemona del Friuli;5.046;4.572;474;4.576;2.759;722;586;510;9.622
        Gonars;2.184;2.029;155;1.944;1.110;281;340;213;4.128
        Grimacco;123;113;10;187;123;24;18;22;310
        Latisana;6.532;5.617;915;5.240;2.518;852;1.132;738;11.772
        Lauco;291;267;24;351;238;31;46;36;642
        Lestizza;1.776;1.651;125;1.548;877;230;289;152;3.324
        Lignano Sabbiadoro;3.187;2.718;470;2.763;1.283;355;672;453;5.950
        Lusevera;256;231;25;319;185;30;61;44;575
        Magnano in Riviera;1.095;1.027;68;950;578;148;146;78;2.045
        Majano;2.759;2.535;224;2.430;1.481;362;365;223;5.189
        Malborghetto Valbruna;445;414;31;372;231;57;45;39;816
        Manzano;2.872;2.622;250;2.734;1.593;364;503;274;5.606
        Marano Lagunare;782;715;67;829;490;96;164;79;1.611
        Martignacco;3.411;3.183;229;2.540;1.537;448;337;218;5.951
        Mereto di Tomba;1.207;1.108;99;1.116;718;142;156;100;2.323
        Moggio Udinese;753;709;44;773;506;83;109;75;1.525
        Moimacco;789;731;59;664;361;160;81;62;1.453
        Montenars;219;201;18;241;147;17;47;30;460
        Mortegliano;2.319;2.118;201;1.939;1.104;308;337;190;4.258
        Moruzzo;1.161;1.080;81;1.003;598;177;143;86;2.164
        Muzzana del Turgnano;1.127;1.029;98;1.094;568;163;241;122;2.221
        Nimis;1.175;1.039;136;1.202;710;166;196;132;2.377
        Osoppo;1.370;1.235;135;1.198;692;193;188;125;2.567
        Ovaro;808;748;60;898;555;86;172;85;1.706
        Pagnacco;2.505;2.357;148;1.942;1.156;382;242;162;4.446
        Palazzolo dello Stella;1.293;1.137;156;1.305;675;160;311;159;2.598
        Palmanova;2.414;2.204;210;2.252;1.354;272;389;238;4.666
        Paluzza;890;819;71;1.021;648;134;138;102;1.911
        Pasian di Prato;4.494;4.122;372;3.809;2.230;688;535;356;8.303
        Paularo;1.090;1.018;72;1.191;622;128;317;126;2.281
        Pavia di Udine;2.664;2.482;182;2.232;1.330;334;374;194;4.896
        Pocenia;1.133;1.037;96;1.049;555;160;230;104;2.182
        Pontebba;591;541;50;651;401;65;120;66;1.242
        Porpetto;1.185;1.092;93;1.119;617;167;221;114;2.304
        Povoletto;2.522;2.336;186;2.256;1.388;340;324;204;4.778
        Pozzuolo del Friuli;3.207;2.934;273;2.797;1.658;467;421;251;6.003
        Pradamano;1.702;1.569;134;1.411;865;232;191;124;3.113
        Prato Carnico;388;355;33;419;285;38;57;39;807
        Precenicco;676;621;55;623;338;74;132;79;1.299
        Premariacco;2.044;1.902;142;1.546;876;290;230;150;3.590
        Preone;111;106;5;102;75;4;15;8;212
        Prepotto;361;332;29;322;202;49;41;30;682
        Pulfero;390;352;38;433;297;42;43;51;823
        Ragogna;1.306;1.229;77;1.221;765;162;184;110;2.527
        Ravascletto;215;186;29;254;156;23;38;37;469
        Raveo;216;201;15;190;119;18;37;17;406
        Reana del Rojale;2.352;2.166;186;1.969;1.192;280;314;183;4.321
        Remanzacco;2.970;2.767;203;2.337;1.297;438;388;215;5.307
        Resia;410;369;42;498;319;56;59;65;908
        Resiutta;122;113;9;135;88;9;26;12;257
        Rigolato;158;146;12;236;163;16;31;26;394
        Rive d'Arcano;1.134;1.061;73;1.026;647;153;122;104;2.159
        Rivignano Teor;2.904;2.683;221;2.615;1.415;384;553;263;5.519
        Ronchis;957;842;115;838;434;132;180;93;1.795
        Ruda;1.272;1.167;106;1.288;715;168;277;128;2.560
        San Daniele del Friuli;3.872;3.617;255;3.240;1.952;519;481;289;7.112
        San Giorgio di Nogaro;3.321;3.030;291;3.258;1.795;439;657;368;6.579
        San Giovanni al Natisone;2.876;2.647;229;2.474;1.365;393;482;234;5.350
        San Leonardo;502;461;41;465;291;64;61;49;967
        San Pietro al Natisone;1.013;941;72;878;550;144;97;87;1.891
        San Vito al Torre;554;509;45;558;312;89;102;55;1.112
        San Vito di Fagagna;819;758;61;637;390;101;91;55;1.456
        Santa Maria la Longa;1.079;1.000;79;991;603;132;145;111;2.070
        Sappada;579;504;75;556;321;76;94;66;1.135
        Sauris;185;171;14;162;103;20;22;17;347
        Savogna;138;126;13;213;146;15;28;24;351
        Sedegliano;1.726;1.610;116;1.559;940;233;259;127;3.285
        Socchieve;385;348;38;434;251;49;84;50;819
        Stregna;134;116;18;169;117;17;19;16;303
        Sutrio;569;531;38;545;318;82;95;50;1.114
        Taipana;261;232;29;294;198;25;38;33;555
        Talmassons;1.819;1.672;147;1.702;965;270;304;163;3.521
        Tarcento;4.102;3.775;327;3.754;2.287;535;550;382;7.856
        Tarvisio;2.035;1.844;191;1.792;1.047;233;316;196;3.827
        Tavagnacco;7.401;6.871;530;5.602;3.170;1.054;867;511;13.003
        Terzo d'Aquileia;1.304;1.229;75;1.158;621;177;261;100;2.462
        Tolmezzo;4.813;4.483;330;4.249;2.522;733;613;381;9.062
        Torreano;966;896;70;894;563;126;124;81;1.860
        Torviscosa;1.143;1.026;117;1.344;758;153;275;158;2.486
        Trasaghis;967;880;87;997;591;130;166;111;1.963
        Treppo Grande;786;731;55;726;457;92;114;63;1.511
        Treppo Ligosullo;280;261;19;340;188;48;72;32;620
        Tricesimo;3.555;3.262;293;3.144;1.807;507;541;290;6.699
        Trivignano Udinese;767;715;52;693;407;89;134;63;1.460
        Udine;47.864;42.409;5.455;40.847;22.527;6.667;6.660;4.993;88.711
        Varmo;1.363;1.249;114;1.073;617;163;179;114;2.436
        Venzone;901;824;77;854;514;115;139;86;1.755
        Verzegnis;389;357;32;401;256;64;43;38;790
        Villa Santina;1.015;951;64;939;522;147;186;84;1.954
        Visco;388;358;30;303;163;47;61;33;691
        Zuglio;275;257;19;234;143;32;36;23;509
      Gorizia;62.585;56.366;6.219;59.266;33.274;8.832;10.726;6.434;121.850
        Capriva del Friuli;773;713;60;723;449;120;88;66;1.496
        Cormons;3.242;2.947;295;3.154;1.947;451;458;298;6.395
        Doberdò del Lago-Doberdob;578;529;49;656;370;138;91;58;1.234
        Dolegna del Collio;166;151;15;142;90;22;15;15;308
        Farra d'Isonzo;792;741;51;682;417;118;94;53;1.474
        Fogliano Redipuglia;1.347;1.241;106;1.265;731;174;257;103;2.612
        Gorizia;15.280;13.507;1.773;14.847;8.585;2.234;2.236;1.793;30.127
        Gradisca d'Isonzo;2.955;2.683;272;2.783;1.669;401;430;283;5.737
        Grado;3.725;3.322;403;3.691;2.139;407;673;472;7.416
        Mariano del Friuli;682;630;52;653;444;84;72;53;1.335
        Medea;438;397;41;417;247;57;67;46;854
        Monfalcone;12.412;10.920;1.492;11.780;5.738;1.651;2.967;1.425;24.192
        Moraro;331;307;24;310;200;40;45;25;641
        Mossa;720;663;57;652;418;96;78;60;1.372
        Romans d'Isonzo;1.788;1.659;129;1.532;911;240;245;136;3.320
        Ronchi dei Legionari;5.482;5.022;460;4.958;2.662;839;957;501;10.440
        Sagrado;982;891;91;956;563;158;136;99;1.937
        San Canzian d'Isonzo;2.805;2.585;220;2.622;1.435;381;533;273;5.427
        San Floriano del Collio-Števerjan;340;310;30;326;227;51;31;18;666
        San Lorenzo Isontino;710;659;51;672;404;113;98;58;1.382
        San Pier d'Isonzo;909;836;73;837;492;111;146;89;1.746
        Savogna d'Isonzo-Sovodnje ob Soci;762;703;59;706;468;121;57;60;1.467
        Staranzano;3.242;2.984;258;3.068;1.639;527;623;280;6.310
        Turriaco;1.364;1.261;104;1.130;613;203;209;105;2.494
        Villesse;762;706;56;706;418;97;123;68;1.468
      Trieste;106.463;94.474;11.989;100.406;58.610;14.523;15.408;11.865;206.869
        Duino Aurisina-Devin Nabrežina;3.703;3.396;307;3.810;2.296;592;533;390;7.513
        Monrupino-Repentabor;376;341;35;374;246;62;36;31;750
        Muggia;5.608;5.127;481;6.031;3.814;732;906;579;11.639
        San Dorligo della Valle-Dolina;2.645;2.448;197;2.432;1.591;356;274;212;5.077
        Sgonico-Zgonik;908;833;75;899;578;144;95;83;1.807
        Trieste;93.223;82.329;10.894;86.860;50.086;12.638;13.566;10.572;180.083
      Pordenone;148.672;135.250;13.423;120.325;67.187;19.751;21.172;12.216;268.997
        Andreis;100;91;9;128;99;4;14;12;227
        Arba;564;503;61;555;322;76;98;60;1.119
        Aviano;4.244;3.776;468;3.612;2.041;587;580;404;7.856
        Azzano Decimo;7.552;6.976;576;5.593;3.007;962;1.099;525;13.144
        Barcis;108;99;9;119;84;8;18;10;227
        Brugnera;4.493;4.175;318;3.427;1.696;589;851;291;7.920
        Budoia;1.221;1.106;115;978;543;153;166;117;2.199
        Caneva;2.918;2.683;235;2.645;1.468;414;479;284;5.563
        Casarsa della Delizia;4.021;3.662;359;3.247;1.700;557;660;330;7.268
        Castelnovo del Friuli;371;334;37;395;241;37;72;45;766
        Cavasso Nuovo;689;629;60;650;384;88;109;69;1.339
        Chions;2.486;2.319;167;1.925;986;369;379;191;4.411
        Cimolais;173;165;8;152;110;18;11;13;325
        Claut;417;382;35;421;248;66;65;43;838
        Clauzetto;161;144;17;203;144;11;25;24;364
        Cordenons;8.504;7.801;703;7.037;4.155;1.271;947;664;15.541
        Cordovado;1.357;1.259;98;996;582;148;168;98;2.353
        Erto e Casso;194;177;17;143;87;24;15;17;337
        Fanna;657;601;56;709;381;98;161;69;1.366
        Fiume Veneto;5.721;5.296;425;4.291;2.363;809;718;402;10.012
        Fontanafredda;6.196;5.770;426;4.329;2.282;761;890;396;10.525
        Frisanco;279;254;26;273;176;30;38;30;552
        Maniago;5.490;5.053;437;4.649;2.649;741;824;436;10.139
        Meduno;706;655;51;679;432;97;85;65;1.385
        Montereale Valcellina;1.954;1.790;165;1.841;1.094;266;309;172;3.795
        Morsano al Tagliamento;1.251;1.124;128;1.153;733;134;151;135;2.404
        Pasiano di Pordenone;3.653;3.367;286;2.888;1.432;480;698;278;6.541
        Pinzano al Tagliamento;632;579;54;673;420;72;111;71;1.305
        Polcenigo;1.476;1.349;128;1.291;756;181;226;129;2.767
        Porcia;7.223;6.639;584;5.935;3.529;1.054;828;525;13.158
        Pordenone;24.694;21.821;2.873;20.294;11.382;3.261;3.247;2.404;44.988
        Prata di Pordenone;3.993;3.658;335;3.065;1.504;503;765;294;7.058
        Pravisdomini;1.685;1.525;160;1.200;542;205;328;125;2.885
        Roveredo in Piano;2.873;2.639;235;2.270;1.215;441;395;219;5.143
        Sacile;9.605;8.752;853;7.580;4.062;1.278;1.604;636;17.185
        San Giorgio della Richinvelda;2.231;1.899;332;1.802;1.060;251;233;258;4.033
        San Martino al Tagliamento;674;618;56;580;334;98;92;56;1.253
        San Quirino;2.023;1.872;151;1.635;950;265;273;148;3.658
        San Vito al Tagliamento;7.468;6.707;762;5.591;3.144;1.025;804;618;13.059
        Sequals;1.065;977;88;863;504;126;145;88;1.928
        Sesto al Reghena;3.196;2.969;227;2.255;1.285;355;406;209;5.450
        Spilimbergo;5.580;5.069;512;4.905;2.797;738;866;504;10.485
        Tramonti di Sopra;108;95;13;176;134;9;13;20;284
        Tramonti di Sotto;165;145;20;179;130;13;16;20;343
        Travesio;814;752;62;713;422;100;115;77;1.527
        Vajont;763;678;85;626;273;121;161;71;1.389
        Valvasone Arzene;1.957;1.786;172;1.488;860;226;248;155;3.445
        Vito d'Asio;301;272;29;360;227;30;61;43;660
        Vivaro;600;550;50;513;308;73;87;45;1.113
        Zoppola;4.069;3.713;356;3.296;1.915;531;524;326;7.365
    Emilia-Romagna;2.185.236;1.978.370;206.867;1.691.082;979.536;270.518;257.542;183.487;3.876.318
      Piacenza;138.054;126.211;11.844;112.148;63.621;16.716;19.520;12.292;250.202
        Agazzano;933;864;69;855;525;113;135;82;1.788
        Alseno;2.335;2.170;165;1.766;1.016;239;320;191;4.101
        Alta Val Tidone;1.353;1.245;108;1.419;931;130;225;134;2.772
        Besenzone;515;474;41;357;209;61;49;38;872
        Bettola;1.203;1.116;87;1.272;826;112;214;120;2.475
        Bobbio;1.570;1.423;147;1.707;1.178;158;211;161;3.276
        Borgonovo Val Tidone;3.955;3.577;378;2.963;1.651;437;540;335;6.918
        Cadeo;2.946;2.715;231;2.290;1.204;366;477;243;5.236
        Calendasco;1.201;1.110;91;911;515;137;158;101;2.111
        Caorso;2.208;2.030;178;1.937;1.085;265;361;226;4.145
        Carpaneto Piacentino;3.736;3.497;239;2.894;1.595;489;519;291;6.630
        Castel San Giovanni;6.750;6.215;535;5.152;2.710;756;1.054;633;11.902
        Castell'Arquato;2.300;2.120;180;1.782;1.046;269;282;185;4.081
        Castelvetro Piacentino;2.571;2.385;186;2.081;1.187;291;377;227;4.652
        Cerignale;36;33;3;79;62;4;6;8;115
        Coli;347;320;27;457;334;29;50;45;803
        Corte Brugnatella;257;222;35;303;223;23;33;24;560
        Cortemaggiore;2.150;1.948;202;1.846;1.027;219;384;216;3.996
        Farini;441;409;32;685;536;30;63;56;1.125
        Ferriere;459;422;37;669;497;26;88;58;1.128
        Fiorenzuola d'Arda;7.221;6.586;635;5.824;3.145;948;1.065;666;13.045
        Gazzola;1.081;1.011;70;770;442;121;133;74;1.851
        Gossolengo;3.080;2.876;204;1.809;1.017;381;241;171;4.889
        Gragnano Trebbiense;2.257;2.065;192;1.570;867;250;271;182;3.827
        Gropparello;943;862;81;1.082;631;107;219;125;2.025
        Lugagnano Val d'Arda;1.752;1.624;129;1.715;993;206;312;204;3.467
        Monticelli d'Ongina;2.397;2.198;199;2.168;1.289;258;405;217;4.565
        Morfasso;373;345;28;533;409;29;52;44;906
        Ottone;196;179;17;273;202;21;29;21;469
        Piacenza;49.928;45.099;4.829;40.548;22.329;6.503;7.024;4.693;90.476
        Pianello Val Tidone;1.058;966;92;898;553;121;125;99;1.956
        Piozzano;295;274;21;269;164;28;44;34;564
        Podenzano;4.522;4.223;299;3.319;1.878;536;584;321;7.840
        Ponte dell'Olio;2.155;1.978;177;2.056;1.196;275;365;221;4.211
        Pontenure;3.151;2.890;261;2.426;1.349;399;431;247;5.577
        Rivergaro;3.506;3.247;259;2.605;1.487;417;429;272;6.110
        Rottofreno;6.171;5.653;519;4.174;2.284;729;756;406;10.345
        San Giorgio Piacentino;2.754;2.543;211;2.129;1.219;355;341;214;4.883
        San Pietro in Cerro;435;414;21;314;193;43;44;34;749
        Sarmato;1.387;1.261;126;1.067;567;145;242;113;2.454
        Travo;1.046;950;96;902;578;92;136;96;1.948
        Vernasca;963;882;81;895;567;96;146;86;1.857
        Vigolzone;2.054;1.914;140;1.607;882;249;298;179;3.661
        Villanova sull'Arda;835;764;71;703;389;112;118;85;1.538
        Zerba;20;18;2;52;39;3;6;5;72
        Ziano Piacentino;1.212;1.095;117;1.019;600;143;161;115;2.231
      Parma;225.979;206.703;19.276;166.743;93.108;27.193;28.340;18.102;392.722
        Albareto;1.011;910;101;925;618;98;132;77;1.935
        Bardi;916;844;72;1.067;680;88;188;111;1.982
        Bedonia;1.474;1.362;113;1.547;1.006;140;255;146;3.021
        Berceto;883;823;60;964;663;57;140;104;1.847
        Bore;251;234;17;416;329;26;32;29;666
        Borgo Val di Taro;3.166;2.912;254;2.913;1.750;423;453;287;6.079
        Busseto;3.287;3.103;185;2.676;1.499;344;551;283;5.963
        Calestano;1.042;964;78;789;479;96;140;74;1.831
        Collecchio;7.519;6.971;548;5.032;2.873;873;803;483;12.551
        Colorno;4.601;4.141;460;3.142;1.660;545;618;320;7.743
        Compiano;499;461;38;464;296;45;75;48;963
        Corniglio;839;780;59;847;601;58;123;65;1.686
        Felino;4.597;4.276;321;3.170;1.800;546;528;297;7.767
        Fidenza;13.217;12.104;1.114;9.931;5.558;1.592;1.721;1.060;23.148
        Fontanellato;3.596;3.351;245;2.512;1.415;384;443;270;6.108
        Fontevivo;2.887;2.656;231;1.914;1.079;300;336;199;4.800
        Fornovo di Taro;2.706;2.463;243;2.470;1.327;357;536;250;5.176
        Langhirano;5.326;4.921;405;3.543;1.847;624;689;383;8.868
        Lesignano de' Bagni;2.669;2.499;170;1.629;870;292;288;180;4.297
        Medesano;5.409;5.040;369;3.930;2.126;616;780;408;9.338
        Mezzani;1.612;1.488;124;1.092;570;194;207;121;2.704
        Monchio delle Corti;368;342;26;463;354;23;43;43;830
        Montechiarugolo;5.622;5.173;449;3.934;2.251;676;609;398;9.556
        Neviano degli Arduini;1.670;1.551;119;1.527;991;175;228;134;3.197
        Noceto;6.620;6.136;484;4.474;2.434;766;803;471;11.094
        Palanzano;483;445;39;542;386;34;72;50;1.025
        Parma;100.565;91.073;9.492;72.205;38.956;12.791;11.929;8.529;172.770
        Pellegrino Parmense;418;382;36;499;335;47;67;51;917
        Polesine Zibello;1.549;1.452;97;1.261;725;159;252;125;2.810
        Roccabianca;1.378;1.271;107;1.173;684;165;208;116;2.551
        Sala Baganza;2.878;2.664;214;1.996;1.097;355;349;195;4.874
        Salsomaggiore Terme;9.282;8.300;982;7.640;4.458;1.103;1.292;787;16.921
        San Secondo Parmense;2.807;2.613;194;2.053;1.131;318;394;211;4.860
        Sissa Trecasali;3.895;3.614;281;2.793;1.589;434;499;271;6.688
        Solignano;824;763;61;722;449;84;120;70;1.546
        Soragna;2.526;2.338;188;1.641;958;258;268;158;4.167
        Sorbolo;4.729;4.369;360;3.413;1.922;621;544;326;8.142
        Sorbolo Mezzani;..;..;..;..;..;..;..;..;..
        Terenzo;545;511;34;530;332;56;98;45;1.075
        Tizzano Val Parma;961;886;75;893;557;93;148;95;1.853
        Tornolo;409;370;40;475;316;39;73;47;884
        Torrile;4.078;3.781;297;2.371;1.230;445;426;270;6.449
        Traversetolo;4.818;4.448;370;3.377;1.760;644;613;361;8.195
        Valmozzola;217;199;18;277;202;18;35;22;494
        Varano de' Melegari;1.335;1.262;73;934;528;157;162;88;2.269
        Varsi;500;461;39;582;420;37;76;49;1.082
      Reggio nell'Emilia;263.543;240.453;23.090;190.174;106.064;33.052;32.118;18.940;453.717
        Albinea;4.434;4.121;313;3.211;1.901;640;404;267;7.645
        Bagnolo in Piano;4.697;4.303;394;3.467;1.882;632;611;342;8.164
        Baiso;1.582;1.461;121;1.279;816;172;187;104;2.861
        Bibbiano;5.137;4.737;400;3.502;1.922;617;628;335;8.639
        Boretto;2.638;2.372;266;1.929;1.026;307;403;193;4.566
        Brescello;2.772;2.567;205;2.005;1.041;305;441;218;4.777
        Cadelbosco di Sopra;5.242;4.769;473;3.648;1.865;673;720;390;8.889
        Campagnola Emilia;2.679;2.469;210;2.065;1.147;352;362;204;4.744
        Campegine;2.558;2.345;214;1.871;1.025;296;364;187;4.429
        Canossa;1.798;1.662;137;1.414;802;192;270;150;3.212
        Carpineti;1.916;1.788;128;1.634;1.055;196;227;157;3.550
        Casalgrande;9.644;8.994;650;6.414;3.386;1.175;1.224;630;16.058
        Casina;2.115;1.966;149;1.818;1.115;242;284;177;3.933
        Castellarano;8.017;7.499;518;5.022;2.563;1.004;960;495;13.039
        Castelnovo di Sotto;4.104;3.750;354;3.136;1.696;539;592;309;7.239
        Castelnovo ne' Monti;5.129;4.738;391;4.021;2.429;640;582;370;9.150
        Cavriago;4.810;4.404;406;3.650;2.148;567;605;330;8.460
        Correggio;12.842;11.770;1.072;8.708;5.012;1.630;1.242;825;21.550
        Fabbrico;3.018;2.755;263;2.509;1.412;387;473;237;5.526
        Gattatico;2.827;2.623;205;2.103;1.135;373;375;220;4.930
        Gualtieri;3.017;2.762;255;2.560;1.433;371;499;257;5.577
        Guastalla;7.262;6.681;581;5.665;3.091;914;1.101;559;12.927
        Luzzara;4.048;3.734;314;3.536;1.845;532;809;350;7.584
        Montecchio Emilia;5.284;4.865;419;3.713;2.064;685;603;361;8.997
        Novellara;6.588;6.028;560;4.961;2.863;795;831;472;11.549
        Poviglio;3.491;3.188;303;2.612;1.397;423;522;271;6.103
        Quattro Castella;6.555;6.101;454;4.844;2.862;877;679;426;11.398
        Reggio nell'Emilia;86.855;77.708;9.147;59.545;32.498;11.127;9.531;6.389;146.400
        Reggiolo;4.415;4.050;365;3.358;1.755;564;701;340;7.773
        Rio Saliceto;3.052;2.767;285;2.110;1.223;361;323;203;5.162
        Rolo;1.922;1.759;163;1.467;771;243;293;160;3.389
        Rubiera;7.655;7.064;592;4.960;2.783;923;808;446;12.615
        San Martino in Rio;4.132;3.820;313;2.727;1.484;562;417;265;6.859
        San Polo d'Enza;3.032;2.793;239;2.257;1.257;353;417;231;5.289
        Sant'Ilario d'Enza;5.497;4.931;566;4.092;2.255;774;694;370;9.589
        Scandiano;12.640;11.700;941;9.413;5.467;1.541;1.534;872;22.053
        Toano;2.066;1.921;145;1.744;1.016;229;322;177;3.809
        Ventasso;1.780;1.647;133;1.985;1.351;160;294;180;3.764
        Vetto;863;804;59;778;538;87;92;61;1.641
        Vezzano sul Crostolo;2.070;1.915;156;1.588;951;263;232;143;3.658
        Viano;1.728;1.619;109;1.187;676;180;210;121;2.914
        Villa Minozzo;1.636;1.508;128;1.670;1.109;152;256;153;3.306
      Modena;350.146;318.074;32.073;258.904;149.896;44.666;37.965;26.378;609.050
        Bastiglia;2.117;1.946;171;1.465;752;278;270;165;3.581
        Bomporto;5.238;4.847;391;3.210;1.641;650;541;378;8.448
        Campogalliano;4.500;4.102;398;3.004;1.721;564;432;287;7.503
        Camposanto;1.519;1.378;141;1.169;655;195;201;119;2.688
        Carpi;35.196;31.287;3.909;27.156;15.759;4.712;3.734;2.951;62.352
        Castelfranco Emilia;16.636;15.204;1.433;11.315;6.354;1.998;1.809;1.154;27.951
        Castelnuovo Rangone;7.577;7.010;567;5.236;3.017;962;768;489;12.813
        Castelvetro di Modena;5.820;5.392;428;3.804;2.158;667;589;390;9.624
        Cavezzo;3.345;3.061;284;2.696;1.683;391;368;254;6.041
        Concordia sulla Secchia;3.901;3.519;382;3.292;1.999;452;505;337;7.193
        Fanano;1.387;1.242;145;1.266;843;134;158;132;2.652
        Finale Emilia;7.302;6.639;663;5.917;3.480;904;927;606;13.219
        Fiorano Modenese;8.437;7.771;666;6.164;3.425;1.088;1.075;576;14.600
        Fiumalbo;600;532;68;495;309;56;70;61;1.095
        Formigine;17.701;16.421;1.280;11.711;6.552;2.333;1.713;1.114;29.412
        Frassinoro;842;779;63;872;621;70;102;79;1.714
        Guiglia;1.938;1.792;146;1.477;856;216;250;156;3.415
        Lama Mocogno;1.282;1.177;105;1.106;762;126;129;90;2.388
        Maranello;8.829;8.188;641;6.249;3.518;1.123;1.013;596;15.078
        Marano sul Panaro;2.677;2.497;180;1.736;978;284;288;186;4.412
        Medolla;3.217;2.957;260;2.179;1.369;373;250;187;5.395
        Mirandola;12.006;10.907;1.099;8.762;5.207;1.541;1.127;887;20.768
        Modena;93.607;84.011;9.597;70.087;41.187;12.876;8.971;7.053;163.694
        Montecreto;431;396;35;403;287;27;49;41;834
        Montefiorino;974;910;64;949;675;95;97;82;1.922
        Montese;1.532;1.413;119;1.389;941;133;172;144;2.921
        Nonantola;7.978;7.349;629;5.614;3.153;1.009;855;597;13.592
        Novi di Modena;4.655;4.179;476;4.031;2.378;565;656;432;8.686
        Palagano;1.008;920;88;906;610;112;100;84;1.914
        Pavullo nel Frignano;8.900;8.192;709;6.410;3.528;1.164;1.037;681;15.310
        Pievepelago;1.128;981;147;951;517;130;169;135;2.079
        Polinago;701;644;57;756;519;67;101;69;1.456
        Prignano sulla Secchia;1.841;1.711;130;1.402;875;194;206;127;3.243
        Ravarino;3.132;2.848;284;2.141;1.234;376;319;212;5.273
        Riolunato;314;281;33;315;204;39;40;33;629
        San Cesario sul Panaro;3.286;3.058;228;2.305;1.388;359;319;239;5.591
        San Felice sul Panaro;5.350;4.823;527;3.977;2.304;633;606;434;9.327
        San Possidonio;1.709;1.559;150;1.349;786;200;212;152;3.058
        San Prospero;3.166;2.898;268;1.868;1.006;327;314;222;5.034
        Sassuolo;19.686;17.727;1.959;15.221;8.114;2.751;2.801;1.555;34.906
        Savignano sul Panaro;4.511;4.154;358;3.456;1.994;519;597;346;7.967
        Serramazzoni;4.255;3.968;287;3.028;1.694;451;536;347;7.282
        Sestola;1.220;1.115;106;1.030;694;97;128;112;2.250
        Soliera;7.828;7.204;624;5.429;3.184;983;748;514;13.256
        Spilamberto;6.217;5.738;479;4.679;2.748;667;788;476;10.895
        Vignola;12.476;11.355;1.121;9.103;5.124;1.545;1.518;916;21.579
        Zocca;2.180;1.997;184;1.830;1.095;236;311;188;4.010
      Bologna;506.422;460.369;46.054;380.813;232.670;61.739;48.914;37.491;887.235
        Alto Reno Terme;3.084;2.823;261;3.025;1.746;419;530;331;6.109
        Anzola dell'Emilia;6.080;5.576;504;4.413;2.798;717;529;369;10.493
        Argelato;4.981;4.584;397;3.568;2.261;605;397;305;8.549
        Baricella;3.507;3.134;373;2.605;1.557;392;392;265;6.112
        Bentivoglio;2.920;2.690;230;1.926;1.232;330;202;162;4.846
        Bologna;198.390;177.783;20.607;148.494;88.611;23.571;20.007;16.305;346.884
        Borgo Tossignano;1.643;1.481;162;1.176;717;206;141;113;2.819
        Budrio;9.223;8.476;748;6.483;4.081;1.067;758;578;15.706
        Calderara di Reno;6.778;6.267;511;4.731;2.994;825;526;386;11.509
        Camugnano;855;787;69;824;561;67;115;82;1.679
        Casalecchio di Reno;17.662;16.075;1.587;13.840;8.899;2.110;1.644;1.188;31.502
        Casalfiumanese;1.715;1.574;141;1.265;776;216;147;127;2.980
        Castel d'Aiano;852;781;71;843;554;94;112;83;1.695
        Castel del Rio;566;520;46;506;336;64;60;46;1.072
        Castel di Casio;1.614;1.485;129;1.425;871;207;215;132;3.039
        Castel Guelfo di Bologna;2.370;2.204;166;1.456;852;273;182;149;3.826
        Castel Maggiore;9.227;8.482;745;6.652;4.236;1.167;722;527;15.879
        Castel San Pietro Terme;10.098;9.269;829;8.142;5.286;1.271;893;692;18.240
        Castello d'Argile;3.481;3.234;247;2.084;1.183;433;273;195;5.565
        Castenaso;7.702;7.113;589;5.691;3.695;983;563;450;13.393
        Castiglione dei Pepoli;2.571;2.373;198;2.379;1.414;277;432;257;4.950
        Crevalcore;6.632;5.974;658;5.053;3.032;805;728;489;11.685
        Dozza;3.293;3.016;278;2.324;1.375;413;314;222;5.617
        Fontanelice;969;899;70;697;450;100;79;68;1.665
        Gaggio Montano;2.320;2.166;154;1.877;1.072;268;340;198;4.197
        Galliera;2.672;2.380;292;2.109;1.191;364;337;218;4.781
        Granarolo dell'Emilia;6.437;5.945;492;3.956;2.410;793;416;337;10.393
        Grizzana Morandi;1.827;1.654;173;1.579;950;206;266;157;3.405
        Imola;34.559;31.545;3.014;26.690;16.496;4.541;3.049;2.604;61.249
        Lizzano in Belvedere;1.048;935;114;934;605;118;114;97;1.982
        Loiano;2.039;1.884;156;1.734;1.057;213;281;184;3.773
        Malalbergo;4.571;4.171;400;3.271;1.991;530;440;310;7.842
        Marzabotto;3.273;2.984;289;2.617;1.536;399;412;270;5.890
        Medicina;8.383;7.706;677;5.896;3.799;968;628;501;14.279
        Minerbio;4.570;4.194;376;3.175;2.042;498;356;280;7.744
        Molinella;7.662;7.015;647;5.719;3.609;891;716;503;13.380
        Monghidoro;1.727;1.550;177;1.598;994;195;242;167;3.325
        Monte San Pietro;5.517;5.129;388;4.055;2.453;749;502;351;9.572
        Monterenzio;3.092;2.828;264;2.274;1.275;358;382;259;5.366
        Monzuno;3.129;2.877;252;2.461;1.414;362;417;268;5.590
        Mordano;2.374;2.150;224;1.667;1.044;304;174;146;4.041
        Ozzano dell'Emilia;7.051;6.573;478;4.953;3.123;884;528;419;12.004
        Pianoro;8.332;7.619;713;7.023;4.330;1.178;905;611;15.354
        Pieve di Cento;3.330;3.038;292;2.739;1.786;420;296;237;6.069
        Sala Bolognese;4.400;4.110;290;2.803;1.738;517;309;239;7.203
        San Benedetto Val di Sambro;1.923;1.787;136;1.810;1.058;228;319;205;3.733
        San Giorgio di Piano;4.499;4.150;349;3.113;1.906;579;363;265;7.612
        San Giovanni in Persiceto;13.926;12.875;1.051;10.254;6.287;1.807;1.204;956;24.180
        San Lazzaro di Savena;15.597;14.327;1.270;12.751;8.090;2.130;1.459;1.072;28.348
        San Pietro in Casale;6.305;5.725;580;4.364;2.652;719;590;403;10.669
        Sant'Agata Bolognese;3.817;3.484;333;2.528;1.449;460;374;245;6.345
        Sasso Marconi;6.998;6.413;585;5.931;3.705;993;708;525;12.929
        Valsamoggia;15.803;14.565;1.238;11.204;6.802;1.802;1.547;1.053;27.006
        Vergato;3.473;3.166;307;3.211;1.892;422;567;330;6.684
        Zola Predosa;9.558;8.827;731;6.918;4.400;1.237;716;565;16.476
      Ferrara;164.211;147.558;16.653;143.703;89.338;18.825;19.571;15.969;307.914
        Argenta;9.805;8.748;1.057;8.826;5.775;1.122;944;986;18.631
        Berra;2.040;1.794;247;2.238;1.496;197;305;240;4.278
        Bondeno;6.619;6.003;616;5.970;3.862;734;787;588;12.589
        Cento;17.718;16.229;1.489;12.707;7.237;2.176;1.929;1.365;30.425
        Codigoro;5.435;4.764;671;5.208;3.495;512;637;564;10.643
        Comacchio;9.709;8.566;1.143;10.026;5.199;1.012;2.299;1.517;19.735
        Copparo;7.252;6.530;722;7.352;4.995;761;915;681;14.604
        Ferrara;64.566;57.894;6.672;54.474;33.385;8.058;6.858;6.173;119.039
        Fiscaglia;3.954;3.516;438;4.012;2.683;425;478;426;7.965
        Formignana;1.221;1.103;118;1.201;835;129;124;114;2.422
        Goro;1.682;1.617;65;1.599;753;121;503;222;3.281
        Jolanda di Savoia;1.240;1.088;152;1.289;895;110;156;128;2.528
        Lagosanto;2.207;1.943;264;2.042;1.247;204;334;257;4.248
        Masi Torello;1.112;1.019;93;942;660;97;102;83;2.054
        Mesola;3.029;2.710;319;3.079;1.968;288;472;352;6.108
        Ostellato;2.694;2.401;293;2.665;1.884;244;281;257;5.359
        Poggio Renatico;4.855;4.416;439;3.497;2.120;548;461;369;8.352
        Portomaggiore;5.248;4.665;583;4.986;3.251;588;621;526;10.234
        Riva del Po;..;..;..;..;..;..;..;..;..
        Ro;1.378;1.202;176;1.509;1.018;150;205;136;2.887
        Terre del Reno;4.827;4.407;420;3.808;2.412;536;484;376;8.634
        Tresigallo;2.043;1.833;210;1.886;1.276;207;218;185;3.929
        Tresignana;..;..;..;..;..;..;..;..;..
        Vigarano Mainarda;3.795;3.488;307;2.837;1.819;418;322;278;6.632
        Voghiera;1.785;1.624;161;1.553;1.074;191;139;149;3.337
      Ravenna;185.805;166.940;18.865;154.255;92.138;22.935;21.908;17.274;340.060
        Alfonsine;5.364;4.805;559;5.065;3.461;634;533;437;10.429
        Bagnacavallo;8.080;7.217;864;6.641;4.305;931;766;640;14.721
        Bagnara di Romagna;1.240;1.138;102;822;501;159;80;82;2.062
        Brisighella;3.490;3.125;365;3.055;1.974;409;362;310;6.544
        Casola Valsenio;1.243;1.142;101;1.002;672;132;97;102;2.244
        Castel Bolognese;4.709;4.239;470;3.530;2.150;565;468;347;8.239
        Cervia;13.805;11.923;1.883;11.616;6.524;1.484;1.935;1.673;25.421
        Conselice;4.360;3.830;530;3.960;2.472;523;573;392;8.320
        Cotignola;3.586;3.297;289;2.783;1.787;432;318;246;6.369
        Faenza;28.518;25.857;2.661;21.894;13.359;3.663;2.539;2.333;50.412
        Fusignano;3.838;3.450;388;3.251;2.129;414;403;305;7.088
        Lugo;14.931;13.394;1.537;13.024;7.990;1.924;1.739;1.371;27.955
        Massa Lombarda;4.983;4.451;533;3.887;2.398;552;524;413;8.870
        Ravenna;75.215;67.766;7.449;64.261;36.465;9.676;10.406;7.714;139.476
        Riolo Terme;2.780;2.536;244;2.114;1.336;352;238;189;4.894
        Russi;5.924;5.380;544;4.692;2.981;670;600;441;10.615
        Sant'Agata sul Santerno;1.510;1.390;120;990;590;150;131;119;2.500
        Solarolo;2.231;2.003;229;1.670;1.045;268;197;160;3.901
      Forlì-Cesena;192.621;173.689;18.932;150.771;88.508;23.610;22.329;16.325;343.392
        Bagno di Romagna;2.861;2.633;229;2.278;1.467;292;297;222;5.139
        Bertinoro;5.656;5.188;468;3.795;2.321;547;539;388;9.451
        Borghi;1.394;1.254;140;1.044;476;160;250;158;2.438
        Castrocaro Terme e Terra del Sole;3.022;2.745;278;2.546;1.538;382;372;255;5.568
        Cesena;47.295;42.682;4.613;37.882;22.432;6.170;5.193;4.087;85.177
        Cesenatico;12.692;11.177;1.515;10.017;5.260;1.497;1.902;1.359;22.709
        Civitella di Romagna;1.771;1.596;175;1.400;893;180;193;135;3.171
        Dovadola;741;669;72;659;407;87;102;63;1.400
        Forlì;57.409;52.004;5.405;45.512;27.205;7.266;6.334;4.707;102.921
        Forlimpopoli;6.387;5.798;589;4.992;3.040;730;731;492;11.379
        Galeata;1.144;1.021;123;927;489;154;166;118;2.070
        Gambettola;5.315;4.744;571;3.898;2.164;656;637;441;9.213
        Gatteo;4.683;4.195;489;3.134;1.634;511;556;433;7.817
        Longiano;3.637;3.293;344;2.450;1.360;450;373;268;6.087
        Meldola;4.735;4.263;472;3.849;2.421;538;519;371;8.583
        Mercato Saraceno;3.392;3.091;301;2.564;1.500;338;443;283;5.955
        Modigliana;2.026;1.855;171;1.877;1.260;233;209;175;3.903
        Montiano;879;790;89;639;376;100;96;67;1.518
        Portico e San Benedetto;339;303;36;345;218;43;49;35;684
        Predappio;2.902;2.612;290;2.545;1.563;351;387;244;5.447
        Premilcuore;329;300;29;351;254;24;38;36;680
        Rocca San Casciano;814;755;59;838;575;95;100;68;1.652
        Roncofreddo;1.782;1.632;150;1.184;670;205;169;140;2.966
        San Mauro Pascoli;6.077;5.422;655;4.096;2.139;768;696;494;10.173
        Santa Sofia;1.932;1.719;213;1.653;1.063;236;197;157;3.585
        Sarsina;1.617;1.439;178;1.422;865;200;214;144;3.038
        Savignano sul Rubicone;8.900;7.895;1.005;6.412;3.332;1.110;1.231;740;15.312
        Sogliano al Rubicone;1.515;1.340;175;1.209;719;159;198;133;2.724
        Tredozio;504;466;38;519;379;55;42;43;1.023
        Verghereto;873;810;63;736;490;77;98;71;1.609
      Rimini;158.455;138.374;20.081;133.571;64.193;21.783;26.878;20.717;292.026
        Bellaria-Igea Marina;9.178;7.923;1.256;7.386;3.288;1.245;1.531;1.323;16.564
        Casteldelci;165;149;16;177;109;21;30;18;342
        Cattolica;8.288;6.982;1.306;6.728;3.573;984;1.148;1.023;15.016
        Coriano;5.007;4.379;628;4.032;1.865;696;830;641;9.039
        Gemmano;509;431;78;489;241;61;103;84;998
        Maiolo;383;342;41;335;168;53;71;43;718
        Misano Adriatico;6.576;5.724;852;4.863;2.256;791;985;831;11.439
        Mondaino;626;561;65;588;293;87;128;80;1.214
        Montecopiolo;..;..;..;..;..;..;..;..;..
        Montefiore Conca;1.085;966;119;817;363;124;187;144;1.902
        Montegridolfo;466;420;46;401;187;65;94;56;867
        Montescudo-Monte Colombo;3.237;2.890;347;2.491;951;392;665;483;5.728
        Morciano di Romagna;3.429;3.040;389;2.635;1.307;445;519;364;6.063
        Novafeltria;3.125;2.794;331;3.162;1.575;436;730;422;6.287
        Pennabilli;1.241;1.096;145;1.228;684;177;218;149;2.468
        Poggio Torriana;2.494;2.260;234;1.928;859;321;468;280;4.422
        Riccione;16.334;13.986;2.348;14.560;7.229;2.282;2.714;2.335;30.894
        Rimini;69.590;60.648;8.943;60.131;28.678;10.000;12.057;9.396;129.721
        Saludecio;1.448;1.270;178;1.187;578;162;252;195;2.634
        San Clemente;2.884;2.555;329;1.773;757;311;395;310;4.657
        San Giovanni in Marignano;4.578;4.037;541;3.556;1.864;593;613;486;8.134
        San Leo;1.247;1.090;157;1.209;552;177;303;177;2.455
        Sant'Agata Feltria;988;906;82;900;509;121;149;121;1.888
        Santarcangelo di Romagna;10.637;9.519;1.118;8.445;4.193;1.473;1.659;1.121;19.082
        Sassofeltrio;..;..;..;..;..;..;..;..;..
        Talamello;489;447;42;457;230;69;96;63;946
        Verucchio;4.453;3.961;492;4.095;1.886;700;935;574;8.548
  Centro;5.586.551;4.839.671;746.880;4.756.305;2.307.726;791.168;1.001.667;655.744;10.342.855
    Toscana;1.772.583;1.581.090;191.493;1.471.145;790.220;232.320;267.890;180.716;3.243.728
      Massa-Carrara;87.218;76.138;11.080;84.259;40.916;12.010;19.873;11.462;171.477
        Aulla;5.069;4.509;560;4.469;2.316;592;993;568;9.538
        Bagnone;708;637;71;938;593;87;174;84;1.645
        Carrara;27.810;24.414;3.396;26.841;11.871;3.971;7.236;3.764;54.651
        Casola in Lunigiana;374;336;38;552;335;51;109;57;926
        Comano;263;234;29;377;245;34;64;35;640
        Filattiera;991;905;86;1.037;641;133;161;103;2.028
        Fivizzano;3.012;2.775;237;3.945;2.479;347;684;435;6.957
        Fosdinovo;1.985;1.780;205;2.133;1.091;262;486;294;4.118
        Licciana Nardi;2.244;2.018;226;2.069;1.082;264;454;269;4.313
        Massa;31.594;26.874;4.720;28.639;13.001;4.572;6.884;4.182;60.233
        Montignoso;4.805;4.144;661;4.254;1.910;618;1.076;651;9.059
        Mulazzo;1.014;900;114;1.140;710;127;183;120;2.154
        Podenzana;968;859;109;883;418;124;217;125;1.851
        Pontremoli;3.099;2.806;293;3.387;2.089;430;488;380;6.486
        Tresana;834;740;94;913;551;99;168;95;1.746
        Villafranca in Lunigiana;2.102;1.888;214;2.078;1.141;268;422;248;4.180
        Zeri;347;319;28;605;443;34;75;53;952
      Lucca;179.368;157.271;22.097;158.335;80.339;23.974;33.167;20.855;337.703
        Altopascio;7.630;6.549;1.081;5.457;2.501;869;1.372;715;13.086
        Bagni di Lucca;2.416;2.105;311;2.879;1.439;339;639;463;5.295
        Barga;4.329;3.913;416;4.257;2.360;622;809;467;8.586
        Borgo a Mozzano;3.272;2.964;308;2.999;1.718;407;542;332;6.271
        Camaiore;15.025;13.033;1.992;13.056;6.074;1.892;3.211;1.880;28.081
        Camporgiano;921;837;84;994;561;123;198;112;1.915
        Capannori;21.296;19.009;2.287;18.020;9.826;2.971;3.089;2.134;39.316
        Careggine;203;182;21;282;173;19;57;34;485
        Castelnuovo di Garfagnana;2.749;2.521;228;2.416;1.316;399;445;256;5.165
        Castiglione di Garfagnana;777;707;70;795;436;103;163;94;1.572
        Coreglia Antelminelli;2.347;2.125;222;2.190;1.147;338;461;245;4.537
        Fabbriche di Vergemoli;340;294;47;423;247;34;81;62;763
        Forte dei Marmi;2.979;2.592;387;3.495;1.583;431;1.006;476;6.474
        Fosciandora;255;224;31;276;152;26;60;39;531
        Gallicano;1.678;1.500;178;1.609;890;219;293;208;3.287
        Lucca;42.346;37.816;4.530;35.391;18.914;6.197;5.861;4.419;77.737
        Massarosa;10.351;8.937;1.414;8.626;4.211;1.329;1.927;1.159;18.976
        Minucciano;824;754;70;1.020;581;99;216;124;1.843
        Molazzana;473;424;49;480;283;49;89;59;953
        Montecarlo;2.174;1.936;238;1.694;880;280;337;197;3.868
        Pescaglia;1.516;1.354;162;1.599;915;194;312;178;3.115
        Piazza al Serchio;998;887;111;1.069;544;148;264;113;2.067
        Pietrasanta;10.577;9.035;1.543;10.019;4.681;1.290;2.558;1.491;20.596
        Pieve Fosciana;1.116;995;121;1.113;596;178;206;133;2.229
        Porcari;4.396;3.919;477;3.152;1.606;521;655;370;7.548
        San Romano in Garfagnana;638;581;57;601;297;101;133;70;1.239
        Seravezza;5.884;4.999;885;5.568;2.532;740;1.517;779;11.452
        Sillano Giuncugnano;474;430;44;479;305;55;63;56;952
        Stazzema;1.275;1.096;179;1.411;656;147;408;200;2.686
        Vagli Sotto;374;340;34;488;270;45;110;63;861
        Viareggio;28.479;24.079;4.400;25.188;11.937;3.652;5.804;3.796;53.667
        Villa Basilica;689;623;66;693;388;82;160;63;1.382
        Villa Collemandina;570;513;57;599;326;77;123;73;1.168
      Pistoia;139.095;123.452;15.643;115.883;62.908;17.620;21.449;13.906;254.978
        Abetone Cutigliano;957;831;126;890;561;80;141;108;1.847
        Agliana;8.746;7.797;949;6.570;3.535;1.045;1.257;733;15.316
        Buggiano;4.351;3.769;582;3.432;1.763;601;659;410;7.783
        Chiesina Uzzanese;2.242;1.983;259;1.696;905;274;299;218;3.938
        Lamporecchio;3.668;3.282;387;2.825;1.611;405;479;330;6.493
        Larciano;3.067;2.750;318;2.524;1.409;402;443;270;5.591
        Marliana;1.474;1.309;165;1.322;734;145;261;182;2.795
        Massa e Cozzile;3.698;3.250;448;3.169;1.721;466;609;374;6.867
        Monsummano Terme;10.348;9.082;1.266;8.189;4.390;1.174;1.605;1.021;18.537
        Montale;5.176;4.678;498;4.251;2.365;616;782;489;9.427
        Montecatini-Terme;9.233;7.820;1.413;8.288;4.193;1.174;1.759;1.162;17.520
        Pescia;9.265;8.115;1.150;7.785;4.147;1.205;1.433;1.000;17.050
        Pieve a Nievole;4.417;3.879;538;3.670;1.927;599;691;453;8.087
        Pistoia;42.551;38.162;4.389;37.192;20.624;5.815;6.518;4.235;79.743
        Ponte Buggianese;4.255;3.782;474;3.438;1.851;518;638;431;7.693
        Quarrata;13.064;11.651;1.413;9.608;4.937;1.508;1.983;1.180;22.672
        Sambuca Pistoiese;656;566;91;736;394;98;125;119;1.392
        Serravalle Pistoiese;5.698;5.158;540;4.418;2.256;714;928;521;10.116
        Uzzano;2.853;2.534;319;2.001;981;398;373;249;4.854
        San Marcello Piteglio;3.377;3.057;321;3.880;2.605;385;468;422;7.257
      Firenze;486.997;440.789;46.209;386.404;215.273;64.953;59.801;46.378;873.401
        Bagno a Ripoli;11.841;10.927;915;10.644;6.388;1.830;1.427;999;22.485
        Barberino di Mugello;5.386;4.886;500;3.914;2.182;617;647;468;9.300
        Barberino Tavarnelle;..;..;..;..;..;..;..;..;..
        Barberino Val d'Elsa;2.220;2.024;196;1.527;829;289;224;185;3.746
        Borgo San Lorenzo;8.773;8.006;767;6.895;3.785;1.261;1.055;794;15.668
        Calenzano;8.983;8.250;733;6.583;3.941;1.036;913;693;15.566
        Campi Bisenzio;23.354;21.166;2.188;15.833;8.197;2.737;2.968;1.931;39.186
        Capraia e Limite;4.002;3.647;355;2.690;1.389;519;491;291;6.692
        Castelfiorentino;8.241;7.229;1.012;6.753;3.952;1.058;985;758;14.994
        Cerreto Guidi;5.526;4.948;578;3.963;2.210;668;604;483;9.489
        Certaldo;7.664;6.734;930;6.378;3.789;1.007;878;704;14.041
        Dicomano;2.713;2.448;265;2.119;1.181;345;336;258;4.832
        Empoli;23.994;21.342;2.652;18.597;10.181;3.465;2.827;2.124;42.591
        Fiesole;6.503;5.938;565;5.785;3.391;940;859;595;12.288
        Figline e Incisa Valdarno;11.300;10.348;952;9.309;5.277;1.478;1.491;1.063;20.609
        Firenze;180.600;162.411;18.189;145.476;78.312;24.342;22.953;19.869;326.076
        Firenzuola;2.053;1.863;190;1.955;1.236;231;277;211;4.007
        Fucecchio;11.341;9.958;1.383;8.562;4.625;1.352;1.574;1.012;19.902
        Gambassi Terme;2.422;2.214;208;1.834;1.088;309;223;214;4.256
        Greve in Chianti;6.563;6.035;528;5.447;2.939;1.037;871;600;12.010
        Impruneta;6.882;6.279;603;5.937;3.336;1.090;892;619;12.819
        Lastra a Signa;10.061;9.152;909;7.247;3.911;1.244;1.240;852;17.308
        Londa;973;860;113;708;323;149;142;94;1.680
        Marradi;1.387;1.289;99;1.370;916;149;164;141;2.757
        Montaione;1.750;1.590;160;1.419;874;197;185;163;3.169
        Montelupo Fiorentino;7.090;6.456;634;5.086;2.724;926;879;558;12.176
        Montespertoli;6.718;6.138;580;4.871;2.562;975;798;536;11.588
        Palazzuolo sul Senio;529;497;32;492;343;44;60;46;1.021
        Pelago;3.682;3.401;281;2.967;1.720;469;434;344;6.648
        Pontassieve;9.589;8.708;882;8.427;5.110;1.271;1.158;888;18.016
        Reggello;8.179;7.485;694;6.246;3.500;1.025;1.010;712;14.425
        Rignano sull'Arno;4.197;3.873;324;3.263;1.774;598;547;344;7.460
        Rufina;3.520;3.234;286;2.800;1.655;455;388;302;6.320
        San Casciano in Val di Pesa;8.179;7.505;674;6.671;3.858;1.191;932;691;14.850
        San Godenzo;540;489;51;465;281;60;65;59;1.005
        Scandicci;24.124;22.222;1.903;20.538;12.258;3.214;2.963;2.103;44.662
        Scarperia e San Piero;6.069;5.554;515;4.526;2.478;794;725;529;10.595
        Sesto Fiorentino;23.286;21.359;1.927;19.187;11.730;3.123;2.462;1.872;42.473
        Signa;9.291;8.457;834;6.396;3.299;1.119;1.191;788;15.687
        Tavarnelle Val di Pesa;3.801;3.534;268;2.876;1.681;502;405;288;6.677
        Vaglia;2.539;2.321;218;2.020;1.175;352;267;226;4.559
        Vicchio;4.009;3.609;400;2.993;1.646;487;490;370;7.002
        Vinci;7.127;6.407;720;5.639;3.231;1.000;803;605;12.766
      Livorno;153.621;133.726;19.895;140.023;70.439;19.644;31.457;18.484;293.643
        Bibbona;1.541;1.312;229;1.303;700;173;235;195;2.844
        Campiglia Marittima;5.825;5.139;686;5.604;3.004;700;1.214;687;11.428
        Campo nell'Elba;2.215;1.831;384;1.920;891;238;426;365;4.135
        Capoliveri;1.821;1.548;273;1.662;641;213;492;317;3.483
        Capraia Isola;209;178;31;163;80;14;38;31;372
        Castagneto Carducci;4.145;3.519;627;3.576;1.965;416;682;514;7.721
        Cecina;13.025;11.243;1.782;11.485;5.938;1.712;2.396;1.439;24.509
        Collesalvetti;7.832;7.066;766;6.589;3.323;951;1.521;794;14.420
        Livorno;73.143;64.046;9.097;65.251;32.253;9.788;14.724;8.486;138.394
        Marciana;931;799;132;1.001;487;110;212;192;1.932
        Marciana Marina;889;762;127;865;439;102;169;156;1.754
        Piombino;14.536;12.482;2.054;15.274;7.931;1.973;3.617;1.754;29.810
        Porto Azzurro;1.818;1.547;271;1.418;542;200;297;379;3.236
        Portoferraio;5.775;4.993;782;4.732;2.209;712;1.042;770;10.507
        Rio;1.497;1.214;283;1.448;698;132;358;260;2.945
        Rosignano Marittimo;13.838;12.076;1.762;13.196;6.854;1.706;3.063;1.573;27.033
        San Vincenzo;2.991;2.604;387;3.019;1.666;334;636;383;6.009
        Sassetta;219;176;43;195;91;23;47;34;414
        Suvereto;1.373;1.192;181;1.324;728;149;291;157;2.697
      Pisa;202.942;180.627;22.315;161.590;85.605;27.514;28.974;19.498;364.532
        Bientina;4.271;3.824;447;2.809;1.400;525;540;344;7.080
        Buti;2.751;2.420;331;2.155;1.203;337;344;271;4.906
        Calci;3.064;2.752;312;2.428;1.335;409;382;302;5.492
        Calcinaia;6.407;5.808;599;4.276;2.248;777;745;506;10.682
        Capannoli;3.110;2.772;338;2.353;1.255;404;421;273;5.462
        Casale Marittimo;540;470;70;426;224;53;96;54;966
        Casciana Terme Lari;5.882;5.260;622;4.928;2.662;778;937;551;10.810
        Cascina;21.831;19.583;2.248;16.698;8.764;2.977;2.954;2.003;38.529
        Castelfranco di Sotto;6.456;5.649;807;4.996;2.530;848;970;649;11.452
        Castellina Marittima;920;805;115;770;404;90;179;97;1.690
        Castelnuovo di Val di Cecina;811;714;97;1.083;549;110;296;128;1.894
        Chianni;608;548;60;612;368;76;108;60;1.220
        Crespina Lorenzana;2.612;2.337;275;2.130;1.103;354;425;248;4.741
        Fauglia;1.824;1.635;190;1.419;752;207;289;171;3.243
        Guardistallo;571;479;92;506;266;55;111;74;1.077
        Lajatico;609;564;45;564;360;81;68;55;1.172
        Montecatini Val di Cecina;765;687;78;727;434;68;139;87;1.492
        Montescudaio;1.125;969;156;692;370;98;135;89;1.817
        Monteverdi Marittimo;328;279;49;337;165;33;85;54;665
        Montopoli in Val d'Arno;5.563;4.990;573;4.010;2.152;688;720;450;9.573
        Orciano Pisano;291;261;30;260;137;30;58;35;550
        Palaia;2.166;1.957;209;1.818;1.040;310;277;191;3.984
        Peccioli;2.199;1.965;234;1.921;1.118;300;285;219;4.120
        Pisa;43.734;38.459;5.275;36.386;18.682;6.564;6.313;4.828;80.120
        Pomarance;2.259;2.070;189;2.754;1.559;297;669;229;5.013
        Ponsacco;7.690;6.823;867;5.488;2.686;972;1.141;689;13.178
        Pontedera;13.924;12.231;1.693;11.160;5.794;2.013;1.979;1.375;25.084
        Riparbella;820;677;143;605;319;77;131;79;1.425
        San Giuliano Terme;14.562;13.158;1.404;12.480;6.875;2.288;1.967;1.351;27.042
        San Miniato;13.756;12.444;1.312;10.395;5.799;1.743;1.685;1.168;24.150
        Santa Croce sull'Arno;7.111;6.063;1.048;5.134;2.389;865;1.202;678;12.244
        Santa Luce;811;707;104;640;336;87;128;90;1.451
        Santa Maria a Monte;6.686;5.972;714;4.520;2.315;723;932;550;11.205
        Terricciola;2.148;1.928;220;1.749;948;311;298;193;3.897
        Vecchiano;5.684;5.097;587;4.861;2.674;805;854;528;10.545
        Vicopisano;4.250;3.821;429;3.187;1.679;543;596;369;7.437
        Volterra;4.807;4.451;356;4.317;2.716;619;519;464;9.124
      Arezzo;164.698;148.435;16.263;133.775;77.058;21.443;20.152;15.122;298.473
        Anghiari;2.629;2.415;214;2.284;1.471;300;285;229;4.913
        Arezzo;47.669;42.396;5.273;38.809;21.895;6.693;5.702;4.519;86.478
        Badia Tedalda;522;467;55;448;285;37;65;62;970
        Bibbiena;5.579;5.014;565;4.856;2.718;780;824;535;10.435
        Bucine;4.820;4.408;412;3.834;2.304;551;555;424;8.654
        Capolona;2.690;2.434;256;1.998;1.131;315;292;261;4.688
        Caprese Michelangelo;645;592;53;630;415;75;86;54;1.274
        Castel Focognano;1.485;1.353;132;1.278;767;162;203;147;2.763
        Castel San Niccolò;1.154;1.048;107;1.202;712;141;211;138;2.356
        Castelfranco Piandiscò;5.018;4.647;371;3.531;2.007;594;544;387;8.549
        Castiglion Fibocchi;1.042;937;105;789;465;134;108;82;1.830
        Castiglion Fiorentino;6.434;5.754;680;4.949;2.713;816;825;595;11.383
        Cavriglia;4.734;4.343;392;3.508;1.957;605;580;366;8.242
        Chitignano;388;340;48;433;255;63;75;40;821
        Chiusi della Verna;885;805;80;899;529;125;140;105;1.784
        Civitella in Val di Chiana;4.319;3.977;342;3.566;2.063;617;476;410;7.885
        Cortona;10.576;9.494;1.082;8.766;5.025;1.286;1.415;1.040;19.341
        Foiano della Chiana;4.664;4.006;658;3.432;1.856;541;613;423;8.096
        Laterina Pergine Valdarno;3.160;2.875;285;2.647;1.576;379;411;282;5.807
        Loro Ciuffenna;2.970;2.729;241;2.160;1.268;357;312;223;5.130
        Lucignano;1.671;1.523;148;1.448;863;199;227;159;3.119
        Marciano della Chiana;1.750;1.572;178;1.207;616;251;197;144;2.957
        Monte San Savino;4.340;3.977;363;3.283;1.909;515;496;363;7.623
        Montemignaio;254;227;28;259;180;22;29;28;513
        Monterchi;827;777;50;724;479;78;88;79;1.551
        Montevarchi;11.645;10.475;1.170;9.087;5.065;1.468;1.477;1.077;20.732
        Ortignano Raggiolo;407;371;36;348;211;35;57;45;754
        Pieve Santo Stefano;1.492;1.383;109;1.258;784;187;169;118;2.750
        Poppi;2.848;2.579;269;2.515;1.373;410;440;292;5.363
        Pratovecchio Stia;2.643;2.424;219;2.443;1.492;332;363;256;5.086
        San Giovanni Valdarno;7.754;6.995;759;6.980;4.132;1.100;1.051;697;14.734
        Sansepolcro;7.391;6.703;688;6.283;3.950;957;700;676;13.674
        Sestino;572;516;56;548;318;63;99;68;1.120
        Subbiano;3.182;2.844;338;2.346;1.300;423;349;274;5.528
        Talla;448;414;34;460;292;41;65;63;908
        Terranuova Bracciolini;6.093;5.623;470;4.569;2.686;794;624;465;10.662
      Siena;129.374;117.039;12.335;103.819;60.705;16.565;15.003;11.546;233.192
        Abbadia San Salvatore;2.821;2.558;263;2.826;1.611;320;563;332;5.646
        Asciano;3.337;3.026;311;2.743;1.573;428;449;294;6.080
        Buonconvento;1.470;1.353;117;1.257;745;201;187;125;2.727
        Casole d'Elsa;1.934;1.758;176;1.339;714;234;218;173;3.273
        Castellina in Chianti;1.430;1.288;142;982;543;169;145;125;2.412
        Castelnuovo Berardenga;4.684;4.348;336;3.036;1.635;601;453;347;7.720
        Castiglione d'Orcia;1.014;913;101;1.015;661;110;145;99;2.028
        Cetona;1.123;1.006;117;1.223;729;148;195;151;2.346
        Chianciano Terme;3.423;2.958;465;2.854;1.714;380;367;393;6.277
        Chiusdino;865;779;86;748;424;106;118;100;1.613
        Chiusi;3.793;3.358;435;3.647;2.131;486;638;392;7.440
        Colle di Val d'Elsa;10.853;9.626;1.227;7.750;4.333;1.401;1.149;868;18.603
        Gaiole in Chianti;1.307;1.190;117;1.008;547;151;177;133;2.315
        Montalcino;2.820;2.557;263;2.241;1.332;302;328;279;5.060
        Montepulciano;6.615;5.955;660;5.556;3.310;819;762;665;12.171
        Monteriggioni;5.183;4.754;429;3.347;1.964;616;410;358;8.530
        Monteroni d'Arbia;4.457;4.011;446;3.139;1.787;557;461;334;7.596
        Monticiano;693;616;77;635;367;77;112;79;1.328
        Murlo;1.235;1.111;124;841;483;134;123;101;2.076
        Piancastagnaio;2.073;1.939;134;1.597;897;214;291;196;3.670
        Pienza;1.053;963;90;813;494;130;105;85;1.866
        Poggibonsi;14.161;12.700;1.461;10.951;6.462;1.879;1.441;1.169;25.112
        Radda in Chianti;769;703;66;608;342;93;98;76;1.377
        Radicofani;545;492;54;429;256;44;83;46;974
        Radicondoli;441;399;42;388;200;52;78;58;829
        Rapolano Terme;2.527;2.310;217;2.103;1.192;304;374;233;4.630
        San Casciano dei Bagni;710;643;68;725;455;69;119;82;1.435
        San Gimignano;3.969;3.626;343;2.759;1.633;455;345;326;6.728
        San Quirico d'Orcia;1.283;1.170;114;1.011;572;153;182;104;2.294
        Sarteano;2.116;1.864;252;1.943;1.181;252;292;219;4.059
        Siena;25.887;23.728;2.159;22.191;13.489;3.871;2.607;2.224;48.078
        Sinalunga;5.877;5.285;592;5.100;2.872;771;876;583;10.977
        Sovicille;5.040;4.619;422;3.521;2.015;575;519;412;8.561
        Torrita di Siena;3.307;2.936;371;2.949;1.727;391;505;326;6.256
        Trequanda;560;500;60;545;319;73;91;62;1.105
      Grosseto;101.222;88.814;12.408;94.534;49.184;12.874;20.097;12.380;195.756
        Arcidosso;2.056;1.805;251;1.708;919;226;312;252;3.764
        Campagnatico;1.121;1.016;106;984;559;119;174;132;2.105
        Capalbio;1.966;1.698;268;1.579;821;205;332;222;3.545
        Castel del Piano;2.219;1.975;244;1.972;1.091;268;343;271;4.191
        Castell'Azzara;529;479;50;784;516;53;140;75;1.313
        Castiglione della Pescaia;3.370;2.965;405;3.113;1.686;371;617;440;6.482
        Cinigiano;1.157;1.030;127;1.042;606;103;170;163;2.199
        Civitella Paganico;1.427;1.240;187;1.289;722;174;220;174;2.716
        Follonica;9.293;7.986;1.307;9.837;5.039;1.197;2.336;1.265;19.130
        Gavorrano;3.760;3.240;520;3.798;1.781;422;1.056;539;7.558
        Grosseto;39.067;34.250;4.817;32.713;16.682;5.505;6.344;4.182;71.779
        Isola del Giglio;619;537;82;649;328;55;156;110;1.268
        Magliano in Toscana;1.678;1.514;164;1.431;848;153;242;188;3.109
        Manciano;3.416;3.018;398;3.022;1.722;338;572;390;6.437
        Massa Marittima;3.620;3.225;395;3.783;2.039;393;836;515;7.403
        Monte Argentario;4.859;4.242;617;5.863;2.411;743;1.979;730;10.721
        Monterotondo Marittimo;550;486;64;613;310;69;168;66;1.163
        Montieri;452;390;62;554;289;45;154;66;1.005
        Orbetello;6.725;5.886;839;6.384;3.332;859;1.304;890;13.109
        Pitigliano;1.711;1.545;166;1.683;1.011;228;267;178;3.394
        Roccalbegna;438;395;43;434;272;41;69;52;872
        Roccastrada;3.885;3.435;450;4.124;2.139;509;946;530;8.009
        Santa Fiora;1.123;1.005;118;1.172;679;139;220;134;2.295
        Scansano;1.979;1.737;242;1.929;1.027;221;370;312;3.908
        Scarlino;1.912;1.681;232;1.503;755;187;358;203;3.415
        Seggiano;414;357;57;462;271;46;81;65;875
        Semproniano;465;420;45;511;342;48;62;60;976
        Sorano;1.414;1.260;155;1.601;990;160;272;179;3.015
      Prato;128.049;114.801;13.249;92.524;47.795;15.724;17.919;11.087;220.573
        Cantagallo;1.517;1.397;120;1.200;679;154;225;142;2.716
        Carmignano;7.538;6.866;672;4.992;2.412;933;1.054;593;12.530
        Montemurlo;9.022;8.133;889;7.132;3.695;1.109;1.534;794;16.154
        Poggio a Caiano;4.925;4.517;408;3.656;1.893;622;711;430;8.580
        Prato;97.379;86.901;10.478;68.930;35.157;11.988;13.341;8.444;166.309
        Vaiano;4.862;4.473;389;4.027;2.447;594;585;401;8.889
        Vernio;2.807;2.514;293;2.588;1.512;324;469;283;5.395
    Umbria;401.109;353.832;47.277;363.875;193.836;57.013;66.590;46.437;764.984
      Perugia;301.224;267.888;33.336;264.672;143.126;42.779;45.309;33.458;565.895
        Assisi;12.724;11.555;1.169;11.632;6.348;1.897;1.977;1.410;24.356
        Bastia Umbra;10.081;9.204;877;8.330;4.206;1.443;1.436;1.245;18.411
        Bettona;1.989;1.800;189;1.679;928;279;290;182;3.667
        Bevagna;2.272;2.043;229;2.085;1.124;319;374;268;4.357
        Campello sul Clitunno;1.062;965;97;1.000;581;131;165;123;2.062
        Cannara;2.019;1.832;188;1.704;918;268;290;230;3.723
        Cascia;1.553;1.387;166;1.221;605;237;233;146;2.774
        Castel Ritaldi;1.478;1.341;137;1.292;651;240;250;151;2.770
        Castiglione del Lago;6.612;5.955;657;6.323;3.360;864;1.227;873;12.935
        Cerreto di Spoleto;410;372;38;517;296;77;81;63;926
        Citerna;1.668;1.548;120;1.252;769;193;165;126;2.920
        Città della Pieve;3.325;2.987;338;3.406;1.819;467;691;429;6.731
        Città di Castello;18.302;16.882;1.420;15.668;9.343;2.457;1.932;1.936;33.969
        Collazzone;1.615;1.438;177;1.322;730;209;227;156;2.937
        Corciano;10.319;9.391;929;7.541;3.969;1.483;1.222;868;17.860
        Costacciaro;487;444;43;567;320;56;90;101;1.054
        Deruta;4.508;4.063;445;3.667;1.979;614;620;454;8.174
        Foligno;25.949;22.554;3.395;22.655;11.644;3.697;4.477;2.837;48.604
        Fossato di Vico;1.099;954;146;1.154;585;144;266;159;2.253
        Fratta Todina;842;755;88;796;429;140;122;105;1.638
        Giano dell'Umbria;1.824;1.629;195;1.461;711;233;317;200;3.285
        Gualdo Cattaneo;2.651;2.373;278;2.552;1.370;331;513;340;5.203
        Gualdo Tadino;6.348;5.649;699;6.671;3.511;910;1.274;976;13.019
        Gubbio;14.448;12.944;1.504;13.540;6.954;2.235;2.497;1.855;27.987
        Lisciano Niccone;245;218;28;289;168;27;61;33;534
        Magione;6.793;6.193;600;5.967;3.252;920;1.072;723;12.760
        Marsciano;8.322;7.468;854;7.420;3.932;1.258;1.273;958;15.741
        Massa Martana;1.605;1.455;150;1.592;821;212;322;238;3.197
        Monte Castello di Vibio;662;587;75;695;414;66;120;95;1.357
        Monte Santa Maria Tiberina;541;496;46;475;293;58;72;52;1.016
        Montefalco;2.486;2.245;241;2.400;1.301;321;428;350;4.886
        Monteleone di Spoleto;263;231;32;277;134;50;62;32;540
        Montone;742;671;72;673;379;98;110;86;1.415
        Nocera Umbra;2.366;2.120;246;2.653;1.502;313;516;322;5.019
        Norcia;2.115;1.881;234;2.083;1.013;355;410;305;4.197
        Paciano;430;377;53;434;245;41;84;65;864
        Panicale;2.410;2.167;244;2.458;1.281;345;458;375;4.868
        Passignano sul Trasimeno;2.435;2.163;272;2.362;1.190;350;520;303;4.797
        Perugia;79.756;68.831;10.925;63.671;34.402;11.863;9.734;7.672;143.427
        Piegaro;1.590;1.454;136;1.523;868;189;296;170;3.112
        Pietralunga;902;819;83;924;567;114;137;107;1.826
        Poggiodomo;30;28;2;64;51;1;7;5;94
        Preci;303;271;32;334;178;25;69;62;637
        San Giustino;5.255;4.862;393;4.404;2.745;621;551;487;9.659
        Sant'Anatolia di Narco;241;222;19;258;139;31;48;40;498
        Scheggia e Pascelupo;525;479;46;669;388;71;126;85;1.193
        Scheggino;205;189;16;207;112;33;35;27;412
        Sellano;428;392;36;516;319;57;82;58;944
        Sigillo;1.008;905;103;1.090;586;143;221;140;2.098
        Spello;3.838;3.515;323;3.621;2.034;512;653;422;7.458
        Spoleto;16.960;14.641;2.319;16.342;8.780;2.396;3.036;2.130;33.301
        Todi;7.033;6.363;670;6.924;3.885;999;1.223;817;13.956
        Torgiano;3.137;2.886;251;2.375;1.283;441;390;262;5.512
        Trevi;3.665;3.356;309;3.436;1.827;467;683;459;7.101
        Tuoro sul Trasimeno;1.636;1.455;181;1.707;892;237;345;233;3.343
        Umbertide;7.549;6.913;636;6.556;3.684;966;1.068;838;14.105
        Valfabbrica;1.477;1.348;129;1.449;859;196;220;174;2.926
        Vallo di Nera;145;136;9;169;90;16;30;34;314
        Valtopina;547;493;54;626;369;68;118;71;1.173
      Terni;99.886;85.945;13.941;99.204;50.711;14.234;21.281;12.979;199.089
        Acquasparta;1.967;1.721;246;2.033;1.059;294;444;236;3.999
        Allerona;799;703;96;774;392;94;158;130;1.573
        Alviano;606;542;64;690;326;111;169;84;1.296
        Amelia;4.963;4.355;608;5.197;2.599;737;1.137;724;10.160
        Arrone;1.169;1.044;125;1.240;604;158;298;180;2.409
        Attigliano;873;735;138;903;388;126;235;154;1.776
        Avigliano Umbro;1.056;928;128;1.087;567;165;248;107;2.143
        Baschi;1.131;1.010;121;1.222;670;154;256;142;2.353
        Calvi dell'Umbria;765;671;94;834;479;93;170;93;1.599
        Castel Giorgio;847;755;92;1.065;656;105;182;122;1.912
        Castel Viscardo;1.214;1.085;129;1.334;761;169;236;169;2.548
        Fabro;1.240;1.111;129;1.194;673;142;231;148;2.434
        Ferentillo;746;680;66;874;492;103;182;97;1.620
        Ficulle;684;608;76;747;436;84;123;105;1.431
        Giove;745;638;107;922;422;111;239;150;1.666
        Guardea;782;680;102;815;396;101;182;137;1.597
        Lugnano in Teverina;592;526;66;697;383;64;165;85;1.289
        Montecastrilli;2.148;1.910;238;2.194;1.096;314;493;292;4.342
        Montecchio;690;616;74;811;448;104;164;95;1.501
        Montefranco;523;459;64;585;283;87;140;75;1.108
        Montegabbione;452;388;64;597;328;56;125;88;1.049
        Monteleone d'Orvieto;589;521;68;696;358;73;164;101;1.285
        Narni;7.984;6.912;1.072;8.800;4.320;1.160;2.162;1.158;16.784
        Orvieto;9.243;8.204;1.039;8.834;4.992;1.265;1.525;1.052;18.077
        Otricoli;736;646;90;867;436;94;229;108;1.602
        Parrano;198;174;24;269;151;35;43;40;467
        Penna in Teverina;440;376;64;519;244;66;136;74;959
        Polino;84;75;9;127;81;12;24;11;211
        Porano;858;759;99;834;458;133;154;89;1.692
        San Gemini;2.246;1.981;265;2.068;1.029;331;438;270;4.314
        San Venanzo;1.034;909;125;992;555;134;165;139;2.026
        Stroncone;2.112;1.867;245;2.025;1.030;327;438;230;4.136
        Terni;50.372;42.356;8.016;47.360;23.601;7.234;10.228;6.297;97.731
    Marche;720.744;639.251;81.493;607.852;334.890;102.064;101.625;69.273;1.328.596
      Pesaro e Urbino;172.110;153.061;19.049;139.585;76.981;23.739;23.264;15.601;311.695
        Acqualagna;2.126;1.924;202;1.667;935;296;279;157;3.792
        Apecchio;838;735;103;779;501;88;101;89;1.616
        Auditore;718;629;89;601;325;102;110;64;1.319
        Belforte all'Isauro;314;278;37;308;171;50;57;31;622
        Borgo Pace;235;214;21;276;176;35;37;29;511
        Cagli;3.852;3.428;424;3.660;2.215;501;570;375;7.512
        Cantiano;883;768;115;1.083;671;109;190;113;1.966
        Carpegna;784;695;89;660;378;104;110;69;1.444
        Cartoceto;3.862;3.489;373;2.900;1.449;542;557;352;6.762
        Colli al Metauro;5.991;5.420;571;4.322;2.134;810;862;516;10.313
        Fano;29.216;25.747;3.469;23.508;12.870;4.141;3.796;2.702;52.724
        Fermignano;4.171;3.781;390;3.010;1.570;621;526;293;7.181
        Fossombrone;4.322;3.857;465;3.912;2.192;622;622;476;8.233
        Fratte Rosa;454;402;52;395;238;48;62;48;848
        Frontino;119;103;16;119;71;13;23;12;238
        Frontone;590;523;67;542;345;69;70;58;1.132
        Gabicce Mare;2.708;2.256;452;2.323;1.234;326;450;314;5.031
        Gradara;2.538;2.230;308;1.598;745;279;343;231;4.136
        Isola del Piano;271;246;25;228;141;41;27;20;499
        Lunano;729;657;72;498;239;98;117;44;1.227
        Macerata Feltria;886;777;109;864;511;119;143;91;1.750
        Mercatello sul Metauro;604;545;60;571;348;85;86;52;1.175
        Mercatino Conca;445;368;77;468;235;67;109;57;913
        Mombaroccio;1.021;909;112;781;419;127;157;78;1.802
        Mondavio;1.841;1.670;171;1.581;966;250;227;139;3.422
        Mondolfo;6.858;6.068;790;5.593;3.031;831;1.042;689;12.451
        Monte Cerignone;296;250;46;284;172;29;46;38;580
        Monte Grimano Terme;417;334;83;552;284;67;136;66;969
        Monte Porzio;1.358;1.214;144;1.071;549;187;206;129;2.429
        Montecalvo in Foglia;1.314;1.188;127;1.037;552;197;194;94;2.351
        Monteciccardo;863;772;91;559;248;124;126;62;1.422
        Montecopiolo;471;413;58;510;322;47;93;48;981
        Montefelcino;1.260;1.157;103;997;578;155;145;119;2.257
        Montelabbate;3.560;3.205;355;2.338;1.027;486;527;298;5.898
        Peglio;348;312;36;257;140;44;44;29;605
        Pergola;2.812;2.509;303;2.765;1.734;373;391;267;5.577
        Pesaro;45.949;40.797;5.153;37.529;21.194;6.558;5.511;4.267;83.478
        Petriano;1.341;1.198;143;1.028;512;180;241;95;2.369
        Piandimeleto;980;878;102;822;450;117;178;78;1.802
        Pietrarubbia;299;266;34;263;159;27;48;29;562
        Piobbico;863;774;89;810;476;128;130;76;1.673
        San Costanzo;2.263;2.035;228;1.796;961;291;330;215;4.059
        San Lorenzo in Campo;1.544;1.390;154;1.392;843;198;220;132;2.936
        Sant'Angelo in Vado;1.951;1.771;180;1.569;923;267;218;162;3.520
        Sant'Ippolito;678;595;83;607;324;91;103;89;1.284
        Sassocorvaro;1.567;1.446;121;1.355;785;214;226;131;2.922
        Sassocorvaro Auditore;..;..;..;..;..;..;..;..;..
        Sassofeltrio;602;494;109;597;276;85;163;73;1.199
        Serra Sant'Abbondio;395;346;49;490;318;43;84;45;885
        Tavoleto;431;380;52;330;197;46;56;31;761
        Tavullia;4.053;3.616;437;2.617;1.159;541;563;355;6.670
        Terre Roveresche;2.478;2.233;245;2.191;1.293;322;369;207;4.669
        Urbania;3.395;3.044;351;2.642;1.467;494;403;278;6.037
        Urbino;6.737;6.039;698;5.855;3.531;1.004;743;578;12.592
        Vallefoglia;7.512;6.691;821;5.078;2.404;1.057;1.102;515;12.589
      Ancona;221.673;198.169;23.504;187.549;105.243;31.246;30.317;20.743;409.222
        Agugliano;2.353;2.180;173;1.775;924;360;312;180;4.128
        Ancona;46.664;41.145;5.519;40.713;21.982;6.840;7.179;4.712;87.377
        Arcevia;1.967;1.747;220;2.095;1.395;240;264;197;4.062
        Barbara;602;547;55;570;362;90;68;50;1.172
        Belvedere Ostrense;1.014;915;99;879;526;117;129;107;1.892
        Camerano;3.398;3.108;290;2.814;1.644;510;378;282;6.212
        Camerata Picena;1.350;1.256;94;809;407;168;148;86;2.158
        Castelbellino;2.530;2.286;244;1.703;896;317;292;198;4.233
        Castelfidardo;8.819;7.966;853;6.907;3.674;1.253;1.200;780;15.726
        Castelleone di Suasa;739;668;71;663;416;91;98;59;1.402
        Castelplanio;1.634;1.476;158;1.412;799;235;253;125;3.046
        Cerreto d'Esi;1.658;1.429;229;1.462;739;257;272;194;3.119
        Chiaravalle;6.744;6.095;649;6.177;3.499;989;1.030;660;12.921
        Corinaldo;2.344;2.125;219;2.042;1.282;319;263;178;4.386
        Cupramontana;2.037;1.846;191;1.967;1.180;263;312;212;4.004
        Fabriano;14.048;12.242;1.806;12.729;7.018;2.066;2.125;1.520;26.777
        Falconara Marittima;11.679;10.531;1.148;11.276;6.414;1.691;1.988;1.184;22.955
        Filottrano;4.605;4.232;373;3.488;2.240;593;351;304;8.093
        Genga;773;706;68;781;483;101;116;82;1.554
        Jesi;18.685;16.573;2.112;15.998;9.377;2.704;2.186;1.732;34.683
        Loreto;6.097;5.496;601;5.113;2.778;876;827;632;11.210
        Maiolati Spontini;2.929;2.681;248;2.462;1.488;411;362;202;5.391
        Mergo;480;439;41;404;219;71;77;37;884
        Monsano;1.710;1.588;122;1.142;667;203;150;123;2.852
        Monte Roberto;1.436;1.295;141;1.150;607;219;193;132;2.586
        Monte San Vito;3.393;3.116;277;2.517;1.422;499;335;261;5.910
        Montecarotto;843;745;98;846;539;127;106;74;1.689
        Montemarciano;4.709;4.273;436;3.912;2.130;651;713;418;8.621
        Morro d'Alba;879;800;80;754;429;132;118;76;1.633
        Numana;1.929;1.687;242;1.470;781;197;289;203;3.399
        Offagna;1.011;929;82;715;393;126;113;83;1.726
        Osimo;17.083;15.572;1.511;12.688;6.960;2.321;1.953;1.455;29.771
        Ostra;3.101;2.786;315;2.664;1.465;442;427;330;5.765
        Ostra Vetere;1.495;1.354;141;1.393;864;215;197;118;2.888
        Poggio San Marcello;308;274;34;276;144;47;53;32;583
        Polverigi;2.346;2.203;144;1.453;800;270;236;148;3.799
        Rosora;897;805;92;747;425;116;130;76;1.644
        San Marcello;992;916;76;750;443;137;90;80;1.741
        San Paolo di Jesi;417;370;48;386;217;58;61;50;803
        Santa Maria Nuova;1.947;1.768;180;1.639;931;281;236;192;3.586
        Sassoferrato;3.163;2.798;365;3.054;1.829;429;519;277;6.217
        Senigallia;21.116;18.495;2.621;17.955;10.039;2.967;2.879;2.070;39.070
        Serra de' Conti;1.769;1.582;187;1.417;865;233;195;124;3.186
        Serra San Quirico;1.215;1.100;115;1.186;697;168;184;137;2.401
        Sirolo;1.955;1.764;191;1.560;843;259;268;191;3.515
        Staffolo;1.044;938;106;887;529;131;132;95;1.931
        Trecastelli;3.769;3.325;444;2.752;1.485;461;517;289;6.521
      Macerata;148.673;132.406;16.267;124.736;70.168;20.736;19.879;13.953;273.409
        Apiro;1.090;989;101;861;530;131;125;76;1.951
        Appignano;1.990;1.842;148;1.629;952;268;244;165;3.618
        Belforte del Chienti;905;830;75;687;380;120;118;69;1.591
        Bolognola;68;61;7;60;38;6;12;5;128
        Caldarola;818;737;81;655;370;112;97;77;1.473
        Camerino;3.330;2.912;418;2.861;1.623;505;383;350;6.191
        Camporotondo di Fiastrone;244;227;17;210;122;39;32;17;454
        Castelraimondo;2.104;1.883;221;1.846;1.030;305;307;205;3.950
        Castelsantangelo sul Nera;128;113;15;117;87;8;8;14;244
        Cessapalombo;220;194;26;200;119;17;43;22;420
        Cingoli;4.801;4.357;445;3.978;2.342;646;645;345;8.779
        Civitanova Marche;20.328;17.542;2.786;16.290;8.106;2.843;3.284;2.057;36.618
        Colmurano;565;506;59;486;296;79;69;43;1.051
        Corridonia;7.436;6.719;717;5.691;3.041;1.026;974;650;13.127
        Esanatoglia;919;829;90;817;510;122;99;86;1.736
        Fiastra;303;271;32;297;189;27;49;32;600
        Fiuminata;552;496;56;648;394;77;110;67;1.200
        Gagliole;297;261;36;235;126;34;42;34;532
        Gualdo;342;307;35;354;235;35;50;34;696
        Loro Piceno;1.092;988;105;974;624;148;117;85;2.066
        Macerata;19.532;17.190;2.342;16.681;9.598;2.860;2.360;1.864;36.213
        Matelica;4.440;4.001;439;4.034;2.463;616;522;433;8.474
        Mogliano;2.126;1.898;228;1.896;1.180;311;229;176;4.022
        Monte Cavallo;46;43;3;66;41;5;12;8;112
        Monte San Giusto;3.545;3.150;395;3.041;1.625;491;549;377;6.586
        Monte San Martino;350;306;44;294;161;52;56;25;643
        Montecassiano;3.466;3.179;287;2.696;1.507;512;392;285;6.162
        Montecosaro;3.566;3.204;362;2.492;1.289;472;429;303;6.058
        Montefano;1.650;1.490;160;1.301;765;240;189;107;2.951
        Montelupone;1.673;1.516;157;1.370;786;223;207;155;3.043
        Morrovalle;4.828;4.329;499;3.812;2.050;625;691;446;8.639
        Muccia;416;370;46;360;201;53;63;43;775
        Penna San Giovanni;454;388;66;478;302;48;76;52;932
        Petriolo;865;778;87;800;488;123;111;78;1.665
        Pieve Torina;602;531;71;607;332;89;113;73;1.209
        Pioraco;473;415;58;480;293;46;90;51;952
        Poggio San Vicino;105;95;10;116;83;15;12;7;221
        Pollenza;3.120;2.870;250;2.558;1.493;447;357;261;5.678
        Porto Recanati;5.961;5.146;815;4.462;1.933;798;1.091;640;10.423
        Potenza Picena;7.396;6.565;831;6.359;3.376;1.041;1.138;805;13.755
        Recanati;10.009;9.014;995;8.348;4.699;1.529;1.181;939;18.357
        Ripe San Ginesio;392;354;38;341;216;59;37;30;733
        San Ginesio;1.537;1.387;150;1.418;916;179;197;126;2.954
        San Severino Marche;5.799;5.234;565;5.135;3.275;794;614;452;10.934
        Sant'Angelo in Pontano;615;549;66;596;357;77;98;64;1.211
        Sarnano;1.436;1.272;164;1.377;809;209;235;124;2.813
        Sefro;181;162;20;195;115;20;41;20;376
        Serrapetrona;457;418;39;357;207;62;56;32;813
        Serravalle di Chienti;443;382;61;481;284;49;85;63;924
        Tolentino;8.761;7.884;877;7.896;4.723;1.287;1.022;864;16.657
        Treia;4.502;4.091;411;3.689;2.208;573;516;393;8.191
        Urbisaglia;1.257;1.136;121;1.039;637;172;116;114;2.296
        Ussita;192;154;38;180;102;19;35;24;372
        Valfornace;443;387;56;441;261;45;83;52;883
        Visso;508;457;51;449;282;53;72;42;957
      Ascoli Piceno;96.208;83.968;12.240;86.456;44.625;14.366;16.775;10.690;182.664
        Acquasanta Terme;1.217;1.096;121;1.230;716;148;243;123;2.447
        Acquaviva Picena;1.774;1.577;198;1.495;723;244;334;195;3.269
        Appignano del Tronto;770;682;88;768;452;99;134;84;1.538
        Arquata del Tronto;484;423;61;527;327;60;88;52;1.011
        Ascoli Piceno;21.722;18.906;2.816;21.235;11.478;3.542;3.669;2.546;42.957
        Carassai;488;429;60;439;265;62;67;46;927
        Castel di Lama;3.950;3.501;450;3.362;1.550;617;776;419;7.312
        Castignano;1.265;1.121;144;1.166;708;178;176;105;2.431
        Castorano;1.078;945;133;953;519;127;192;115;2.031
        Colli del Tronto;1.774;1.559;215;1.428;708;250;295;176;3.202
        Comunanza;1.489;1.352;137;1.171;635;223;200;114;2.660
        Cossignano;438;396;42;422;253;78;51;40;860
        Cupra Marittima;2.490;2.186;305;2.237;1.153;377;414;294;4.727
        Folignano;4.387;3.895;492;3.558;1.699;688;752;420;7.945
        Force;579;515;64;567;348;82;82;55;1.146
        Grottammare;7.394;6.473;921;6.528;3.048;1.168;1.453;859;13.921
        Maltignano;1.064;934;130;1.016;491;181;216;128;2.080
        Massignano;800;702;98;656;345;106;116;89;1.456
        Monsampolo del Tronto;2.216;1.899;317;1.771;856;297;376;242;3.987
        Montalto delle Marche;966;894;73;896;585;151;90;71;1.862
        Montedinove;249;211;38;221;134;29;27;31;470
        Montefiore dell'Aso;939;843;96;894;505;127;147;116;1.833
        Montegallo;188;163;25;249;168;11;42;28;437
        Montemonaco;276;246;30;229;149;25;30;25;505
        Monteprandone;6.098;5.333;765;4.731;2.191;836;1.070;634;10.828
        Offida;2.294;2.035;259;2.154;1.286;304;332;233;4.448
        Palmiano;87;76;11;88;50;11;19;9;175
        Ripatransone;2.038;1.845;193;1.691;905;284;297;205;3.729
        Roccafluvione;887;786;101;849;488;99;178;85;1.736
        Rotella;382;351;31;402;259;51;53;39;784
        San Benedetto del Tronto;22.041;18.757;3.284;19.843;9.830;3.293;4.095;2.626;41.884
        Spinetoli;3.463;3.005;459;2.814;1.328;505;592;390;6.277
        Venarotta;922;835;87;867;478;118;172;99;1.789
      Fermo;82.080;71.647;10.433;69.526;37.873;11.977;11.390;8.286;151.606
        Altidona;1.774;1.552;222;1.179;563;229;226;161;2.953
        Amandola;1.712;1.514;198;1.453;857;235;213;148;3.165
        Belmonte Piceno;276;238;38;281;170;42;45;24;557
        Campofilone;950;836;114;729;404;114;119;92;1.678
        Falerone;1.559;1.362;197;1.356;779;202;233;142;2.915
        Fermo;17.241;14.963;2.279;15.318;8.181;2.737;2.497;1.903;32.559
        Francavilla d'Ete;454;400;54;377;231;53;57;36;831
        Grottazzolina;1.596;1.399;197;1.267;694;238;176;160;2.863
        Lapedona;592;536;56;455;260;70;67;59;1.047
        Magliano di Tenna;711;637;74;512;274;96;82;60;1.223
        Massa Fermana;456;393;63;352;218;49;48;37;807
        Monsampietro Morico;287;254;33;272;164;41;41;26;559
        Montappone;795;705;90;690;413;111;86;80;1.485
        Monte Giberto;377;339;38;316;199;56;39;23;693
        Monte Rinaldo;174;155;19;156;104;24;16;12;330
        Monte San Pietrangeli;1.166;1.032;134;959;555;180;138;86;2.125
        Monte Urano;3.822;3.388;434;3.188;1.851;557;465;315;7.010
        Monte Vidon Combatte;196;172;24;186;108;35;26;17;382
        Monte Vidon Corrado;341;313;28;277;176;42;36;23;617
        Montefalcone Appennino;169;150;19;198;117;28;35;19;367
        Montefortino;541;480;61;490;297;87;62;44;1.031
        Montegiorgio;3.115;2.719;396;2.762;1.604;487;406;266;5.877
        Montegranaro;6.148;5.464;684;5.027;2.878;838;718;593;11.175
        Monteleone di Fermo;181;157;24;158;105;16;22;16;339
        Montelparo;353;302;51;332;214;43;39;36;685
        Monterubbiano;1.029;900;129;898;504;149;137;108;1.927
        Montottone;445;397;48;388;242;53;57;36;833
        Moresco;261;234;27;244;158;34;26;26;505
        Ortezzano;384;343;41;289;178;52;37;22;673
        Pedaso;1.369;1.172;197;1.079;525;180;234;140;2.448
        Petritoli;1.113;985;128;952;565;168;129;90;2.065
        Ponzano di Fermo;803;718;85;653;324;142;109;78;1.456
        Porto San Giorgio;7.398;6.420;979;6.825;3.519;1.163;1.304;839;14.223
        Porto Sant'Elpidio;12.319;10.526;1.793;10.002;5.000;1.738;1.863;1.401;22.320
        Rapagnano;968;855;113;744;405;155;111;73;1.712
        Santa Vittoria in Matenano;646;583;63;545;317;86;92;50;1.191
        Sant'Elpidio a Mare;8.198;7.168;1.030;6.671;3.561;1.110;1.156;844;14.869
        Servigliano;1.062;915;147;965;544;202;122;98;2.027
        Smerillo;166;146;20;155;93;22;22;18;321
        Torre San Patrizio;935;827;108;828;524;115;102;87;1.763
    Lazio;2.692.115;2.265.498;426.617;2.313.433;988.780;399.772;565.562;359.319;5.005.547
      Viterbo;141.952;120.111;21.841;132.297;60.994;19.584;32.789;18.931;274.249
        Acquapendente;2.487;2.149;338;2.358;1.391;319;377;271;4.845
        Arlena di Castro;388;336;53;378;196;30;107;45;766
        Bagnoregio;1.574;1.334;240;1.612;858;201;340;213;3.186
        Barbarano Romano;471;393;78;481;237;54;118;72;952
        Bassano in Teverina;506;423;83;595;260;74;180;81;1.101
        Bassano Romano;1.946;1.633;313;2.195;943;284;629;340;4.141
        Blera;1.286;1.083;203;1.465;702;194;367;203;2.751
        Bolsena;1.697;1.414;283;1.837;1.033;203;332;269;3.534
        Bomarzo;752;639;114;771;356;94;198;123;1.523
        Calcata;382;318;64;407;166;54;131;56;789
        Canepina;1.396;1.184;213;1.243;594;218;271;160;2.639
        Canino;2.343;1.939;405;2.310;1.096;253;611;350;4.653
        Capodimonte;767;666;101;761;424;83;157;97;1.527
        Capranica;3.002;2.477;525;2.648;1.130;426;730;363;5.650
        Caprarola;2.581;2.181;400;2.089;1.058;319;411;301;4.670
        Carbognano;940;791;149;765;352;126;193;94;1.705
        Castel Sant'Elia;1.143;925;218;1.055;384;175;333;163;2.198
        Castiglione in Teverina;993;839;154;1.000;526;125;227;122;1.993
        Celleno;593;512;81;551;295;75;120;61;1.144
        Cellere;494;419;75;546;332;53;91;71;1.040
        Civita Castellana;6.828;5.778;1.050;6.952;2.626;1.056;2.234;1.036;13.779
        Civitella d'Agliano;624;530;95;774;420;66;181;107;1.398
        Corchiano;1.626;1.366;260;1.518;578;243;474;224;3.144
        Fabrica di Roma;3.696;3.136;560;3.390;1.314;537;1.054;485;7.086
        Faleria;942;772;170;922;402;142;232;146;1.864
        Farnese;584;509;75;766;429;69;164;104;1.349
        Gallese;1.188;1.020;168;1.262;552;164;381;165;2.450
        Gradoli;538;443;95;657;384;80;102;92;1.195
        Graffignano;913;771;142;1.080;518;125;270;167;1.993
        Grotte di Castro;1.161;990;171;1.193;684;147;196;166;2.354
        Ischia di Castro;978;854;124;1.026;502;95;277;153;2.004
        Latera;356;300;56;402;254;34;62;52;758
        Lubriano;388;322;66;408;216;54;91;47;796
        Marta;1.484;1.272;212;1.530;831;195;297;207;3.013
        Montalto di Castro;4.126;3.403;723;3.572;1.596;450;972;554;7.697
        Monte Romano;874;757;118;826;426;109;188;103;1.700
        Montefiascone;6.177;5.315;862;5.492;2.901;782;1.043;766;11.669
        Monterosi;2.140;1.747;393;1.658;620;305;494;239;3.798
        Nepi;4.118;3.408;711;3.640;1.488;606;1.045;501;7.758
        Onano;381;317;64;507;266;37;119;85;888
        Oriolo Romano;1.695;1.421;274;1.555;661;246;417;231;3.250
        Orte;4.296;3.560;736;3.699;1.627;582;1.005;486;7.995
        Piansano;916;797;119;906;505;108;179;114;1.822
        Proceno;277;238;39;240;142;27;37;34;517
        Ronciglione;3.750;3.174;576;3.652;1.544;517;1.011;580;7.402
        San Lorenzo Nuovo;888;753;135;981;515;125;207;135;1.869
        Soriano nel Cimino;3.505;3.019;486;3.641;1.589;526;1.016;511;7.145
        Sutri;2.912;2.432;480;2.851;1.206;436;812;397;5.763
        Tarquinia;7.553;6.403;1.150;6.682;3.086;916;1.723;957;14.235
        Tessennano;141;120;21;147;87;18;24;18;288
        Tuscania;3.721;3.121;600;3.551;1.644;484;901;523;7.272
        Valentano;1.343;1.170;173;1.220;632;177;249;162;2.563
        Vallerano;1.150;979;171;1.082;509;170;243;160;2.232
        Vasanello;1.751;1.490;261;1.692;769;248;465;210;3.443
        Vejano;936;801;135;1.009;479;135;254;141;1.945
        Vetralla;6.195;5.163;1.032;5.732;2.650;843;1.455;784;11.926
        Vignanello;1.936;1.618;318;1.956;936;248;474;298;3.892
        Villa San Giovanni in Tuscia;530;434;96;592;303;82;129;79;1.122
        Viterbo;30.967;26.506;4.461;26.745;12.088;4.654;5.940;4.063;57.712
        Vitorchiano;2.631;2.254;377;1.726;684;391;454;197;4.356
      Rieti;69.297;58.130;11.167;66.918;33.616;10.323;13.479;9.500;136.215
        Accumoli;244;206;38;300;173;31;55;41;543
        Amatrice;1.101;934;167;1.092;646;120;174;153;2.193
        Antrodoco;1.123;943;180;1.067;597;159;187;124;2.190
        Ascrea;87;72;16;132;72;6;21;33;219
        Belmonte in Sabina;277;228;49;288;158;38;53;39;565
        Borbona;287;244;43;276;162;24;37;53;563
        Borgo Velino;427;366;61;429;224;76;85;45;856
        Borgorose;1.880;1.528;352;2.006;931;282;447;346;3.886
        Cantalice;1.203;1.027;176;1.106;574;194;196;143;2.309
        Cantalupo in Sabina;750;632;118;727;346;105;189;88;1.477
        Casaprota;302;245;57;336;175;32;82;48;637
        Casperia;526;441;85;562;305;88;104;65;1.088
        Castel di Tora;128;108;20;126;69;20;21;17;254
        Castel Sant'Angelo;480;407;74;579;307;64;100;109;1.059
        Castelnuovo di Farfa;446;362;84;466;238;63;101;65;912
        Cittaducale;3.014;2.564;451;2.913;1.476;459;590;389;5.927
        Cittareale;177;150;27;240;165;14;26;35;416
        Collalto Sabino;169;147;22;213;118;20;39;37;382
        Colle di Tora;140;112;28;186;109;19;31;27;326
        Collegiove;77;63;14;72;47;6;10;9;149
        Collevecchio;635;529;106;728;363;95;165;105;1.362
        Colli sul Velino;191;155;36;245;124;34;51;37;436
        Concerviano;108;88;20;137;83;17;19;18;245
        Configni;249;216;33;275;166;29;53;28;524
        Contigliano;1.751;1.470;281;1.500;755;247;291;208;3.251
        Cottanello;221;194;27;253;161;24;39;29;474
        Fara in Sabina;6.355;5.292;1.063;5.334;2.227;888;1.419;800;11.689
        Fiamignano;561;481;80;633;375;58;114;87;1.194
        Forano;1.344;1.071;273;1.308;537;208;360;203;2.651
        Frasso Sabino;329;267;62;292;142;42;60;49;621
        Greccio;654;567;88;699;401;84;121;93;1.353
        Labro;143;118;25;177;87;23;36;31;319
        Leonessa;1.074;946;128;1.014;577;122;180;136;2.088
        Longone Sabino;188;158;30;325;191;27;60;47;512
        Magliano Sabina;1.560;1.295;265;1.670;841;223;383;223;3.230
        Marcetelli;27;22;5;40;30;1;2;7;67
        Micigliano;57;47;10;56;33;5;8;11;113
        Mompeo;198;171;27;245;145;24;36;40;443
        Montasola;149;121;28;180;96;19;42;23;329
        Monte San Giovanni in Sabina;279;234;45;331;209;34;48;40;609
        Montebuono;378;302;76;402;226;50;77;49;780
        Monteleone Sabino;525;442;83;544;292;71;103;78;1.069
        Montenero Sabino;121;106;15;140;95;12;15;18;261
        Montopoli di Sabina;1.871;1.575;296;1.698;772;283;418;225;3.568
        Morro Reatino;131;111;20;173;94;15;34;30;304
        Nespolo;88;76;12;97;57;7;20;13;185
        Orvinio;161;140;22;195;124;21;27;23;356
        Paganico Sabino;60;46;14;101;60;5;22;14;160
        Pescorocchiano;752;637;115;1.054;579;90;211;174;1.806
        Petrella Salto;455;385;70;566;319;57;106;84;1.021
        Poggio Bustone;870;716;154;938;487;126;176;149;1.808
        Poggio Catino;535;443;92;574;273;86;135;80;1.109
        Poggio Mirteto;2.851;2.363;488;2.565;1.131;418;652;365;5.416
        Poggio Moiano;1.328;1.033;295;1.139;546;201;234;158;2.467
        Poggio Nativo;1.172;982;190;1.033;495;146;241;152;2.205
        Poggio San Lorenzo;234;194;40;238;128;28;50;32;472
        Posta;265;223;42;307;178;25;34;70;572
        Pozzaglia Sabina;103;89;14;206;147;10;26;23;309
        Rieti;21.957;18.684;3.273;19.629;9.837;3.778;3.292;2.722;41.586
        Rivodutri;508;425;83;547;300;74;94;79;1.054
        Rocca Sinibalda;304;261;43;402;223;37;73;69;706
        Roccantica;215;179;36;268;148;26;53;42;483
        Salisano;203;170;33;261;121;25;80;35;464
        Scandriglia;1.371;1.121;250;1.315;625;174;323;193;2.686
        Selci;448;370;78;505;258;62;124;62;953
        Stimigliano;1.068;848;220;878;358;139;267;115;1.946
        Tarano;614;505;109;615;290;98;149;78;1.229
        Toffia;464;381;84;448;197;68;123;61;912
        Torri in Sabina;521;438;83;557;308;67;108;75;1.078
        Torricella in Sabina;560;457;103;649;322;78;137;113;1.209
        Turania;94;80;14;107;56;8;25;18;201
        Vacone;92;71;21;123;81;12;13;17;214
        Varco Sabino;73;62;11;92;63;9;9;11;165
      Roma;2.018.459;1.707.788;310.671;1.668.774;709.380;297.671;400.864;260.860;3.687.233
        Affile;652;547;105;655;286;109;164;96;1.307
        Agosta;776;666;110;709;321;105;179;104;1.485
        Albano Laziale;18.414;15.554;2.860;15.674;6.840;2.733;3.896;2.205;34.088
        Allumiere;1.746;1.528;218;1.734;685;227;591;231;3.480
        Anguillara Sabazia;8.970;7.501;1.469;7.352;2.863;1.471;1.949;1.070;16.322
        Anticoli Corrado;383;333;50;359;146;56;110;47;742
        Anzio;23.047;19.117;3.930;21.282;7.742;3.584;6.189;3.767;44.328
        Arcinazzo Romano;575;485;90;628;290;83;142;114;1.203
        Ardea;22.758;18.724;4.034;18.544;6.772;3.015;5.501;3.256;41.302
        Ariccia;8.358;6.938;1.420;7.646;3.471;1.380;1.725;1.070;16.004
        Arsoli;629;530;99;683;317;85;172;110;1.312
        Artena;6.020;4.952;1.068;5.744;1.904;932;2.028;881;11.764
        Bellegra;1.184;963;221;1.285;535;187;347;216;2.469
        Bracciano;8.798;7.412;1.386;7.613;3.094;1.477;2.046;996;16.411
        Camerata Nuova;165;133;32;231;118;26;43;44;395
        Campagnano di Roma;5.431;4.311;1.120;4.190;1.670;867;1.023;630;9.621
        Canale Monterano;1.821;1.523;298;1.793;711;286;513;283;3.614
        Canterano;166;144;22;140;71;25;20;24;306
        Capena;5.292;4.397;895;3.608;1.335;681;1.098;495;8.900
        Capranica Prenestina;152;126;26;152;66;19;36;31;304
        Carpineto Romano;1.778;1.495;283;2.013;1.134;252;382;246;3.791
        Casape;269;216;53;349;155;39;89;67;618
        Castel Gandolfo;4.104;3.458;647;3.424;1.472;623;870;459;7.528
        Castel Madama;3.368;2.809;559;2.846;1.211;480;751;405;6.214
        Castel San Pietro Romano;404;326;78;346;139;69;76;62;750
        Castelnuovo di Porto;4.021;3.244;777;3.190;1.281;621;810;478;7.211
        Cave;4.876;4.018;858;4.314;1.545;698;1.398;673;9.190
        Cerreto Laziale;527;446;81;421;217;83;73;48;948
        Cervara di Roma;228;189;39;173;90;15;45;23;401
        Cerveteri;17.364;14.391;2.973;14.725;5.996;2.479;4.143;2.107;32.089
        Ciampino;17.761;15.171;2.590;14.969;6.403;2.722;3.937;1.907;32.730
        Ciciliano;554;456;98;578;258;75;151;94;1.132
        Cineto Romano;262;214;48;283;147;36;59;42;545
        Civitavecchia;22.895;19.991;2.904;21.966;8.401;3.586;6.740;3.239;44.860
        Civitella San Paolo;929;771;158;777;287;103;226;162;1.706
        Colleferro;9.418;7.881;1.537;8.944;3.897;1.516;2.235;1.297;18.362
        Colonna;2.017;1.660;357;1.570;647;315;389;219;3.587
        Fiano Romano;7.593;6.328;1.265;5.069;1.940;949;1.494;686;12.662
        Filacciano;187;153;34;210;111;25;44;31;397
        Fiumicino;37.647;31.844;5.803;25.861;10.130;4.493;7.620;3.618;63.508
        Fonte Nuova;14.643;12.005;2.638;11.512;4.098;2.112;3.467;1.835;26.155
        Formello;6.218;5.150;1.068;4.721;1.828;1.061;1.206;626;10.939
        Frascati;10.312;8.764;1.548;8.687;3.857;1.514;2.028;1.288;18.998
        Gallicano nel Lazio;2.798;2.285;513;2.441;808;406;849;379;5.239
        Gavignano;890;749;141;767;314;133;206;114;1.657
        Genazzano;2.562;2.164;398;2.501;987;374;713;427;5.063
        Genzano di Roma;10.803;8.972;1.831;9.345;4.282;1.648;2.096;1.319;20.147
        Gerano;487;409;78;601;299;75;149;78;1.088
        Gorga;317;266;52;308;176;30;65;37;625
        Grottaferrata;9.082;7.674;1.408;8.300;3.654;1.581;1.847;1.218;17.381
        Guidonia Montecelio;40.957;34.096;6.861;32.656;12.160;6.289;9.627;4.580;73.613
        Jenne;124;105;19;194;114;11;42;27;318
        Labico;3.131;2.604;527;2.232;804;475;661;293;5.363
        Ladispoli;18.768;15.175;3.593;15.337;5.693;2.879;4.490;2.275;34.105
        Lanuvio;6.190;5.088;1.102;5.059;2.120;920;1.311;708;11.249
        Lariano;5.895;4.791;1.104;5.405;2.048;940;1.531;886;11.300
        Licenza;343;277;66;441;197;36;138;70;784
        Magliano Romano;683;556;127;579;229;97;183;72;1.262
        Mandela;394;327;67;387;165;65;109;48;780
        Manziana;3.411;2.885;527;3.270;1.425;533;849;463;6.681
        Marano Equo;337;292;45;343;186;40;64;53;679
        Marcellina;3.232;2.610;622;2.714;1.036;441;770;468;5.946
        Marino;21.518;18.228;3.290;15.966;6.899;2.776;4.125;2.166;37.484
        Mazzano Romano;1.350;1.092;258;1.287;523;168;387;209;2.637
        Mentana;11.224;9.283;1.941;8.484;3.142;1.651;2.431;1.260;19.708
        Monte Compatri;5.887;4.849;1.038;4.177;1.681;780;1.094;622;10.064
        Monte Porzio Catone;4.023;3.396;627;3.406;1.608;644;672;483;7.429
        Monteflavio;565;472;93;568;327;76;97;68;1.132
        Montelanico;938;782;156;886;383;131;236;137;1.824
        Montelibretti;2.404;2.029;375;2.108;1.051;335;452;271;4.512
        Monterotondo;19.625;16.627;2.998;14.793;6.220;2.812;3.838;1.923;34.418
        Montorio Romano;873;702;171;806;353;134;196;123;1.679
        Moricone;1.186;997;190;988;468;157;206;157;2.174
        Morlupo;3.979;3.276;703;3.175;1.387;535;825;428;7.154
        Nazzano;600;493;107;613;256;82;183;93;1.212
        Nemi;899;752;148;722;346;133;130;113;1.621
        Nerola;934;796;138;750;377;127;152;95;1.684
        Nettuno;21.402;17.538;3.864;20.257;7.510;3.169;6.079;3.499;41.659
        Olevano Romano;2.885;2.380;505;2.902;1.200;451;787;464;5.787
        Palestrina;10.166;8.366;1.801;8.728;3.247;1.523;2.527;1.432;18.894
        Palombara Sabina;5.964;4.933;1.031;4.986;2.185;886;1.210;705;10.949
        Percile;85;73;12;109;56;12;23;18;194
        Pisoniano;310;247;63;361;167;44;102;48;671
        Poli;964;786;178;991;395;123;281;193;1.955
        Pomezia;30.369;25.606;4.763;21.578;9.106;4.118;5.447;2.907;51.947
        Ponzano Romano;546;442;104;436;197;66;114;59;982
        Riano;4.920;4.044;876;3.751;1.442;705;1.097;508;8.671
        Rignano Flaminio;4.783;3.912;871;3.838;1.464;684;1.146;544;8.620
        Riofreddo;325;267;58;334;140;42;102;50;659
        Rocca Canterano;95;82;14;75;47;6;12;10;170
        Rocca di Cave;162;147;15;157;92;13;25;27;318
        Rocca di Papa;7.838;6.330;1.508;6.541;2.349;1.234;1.915;1.043;14.379
        Rocca Priora;5.587;4.585;1.003;4.615;1.890;844;1.153;728;10.202
        Rocca Santo Stefano;411;328;83;434;188;67;108;71;845
        Roccagiovine;101;87;14;132;59;16;41;16;233
        Roiate;285;247;38;342;175;40;70;57;626
        Roma;1.346.436;1.147.663;198.773;1.103.565;483.839;199.068;244.914;175.744;2.450.001
        Roviano;595;512;83;594;262;92;153;88;1.189
        Sacrofano;3.553;2.852;701;2.880;1.150;537;730;463;6.433
        Sambuci;368;320;48;394;151;51;132;61;762
        San Cesareo;7.370;6.010;1.360;5.678;1.967;1.028;1.803;880;13.048
        San Gregorio da Sassola;616;513;103;690;330;91;144;126;1.306
        San Polo dei Cavalieri;1.279;1.057;222;1.161;462;172;340;187;2.440
        San Vito Romano;1.409;1.161;248;1.458;549;261;418;230;2.867
        Santa Marinella;8.270;7.003;1.267;7.710;3.246;977;2.191;1.296;15.980
        Sant'Angelo Romano;2.221;1.807;414;1.896;671;344;581;300;4.117
        Sant'Oreste;1.600;1.331;269;1.550;613;209;504;224;3.149
        Saracinesco;72;58;14;86;37;7;19;24;158
        Segni;3.972;3.367;605;4.076;1.671;657;1.188;560;8.048
        Subiaco;4.065;3.360;705;3.709;1.811;576;764;558;7.773
        Tivoli;24.536;20.683;3.853;22.225;8.283;3.932;6.306;3.705;46.761
        Tolfa;2.276;1.947;329;2.075;896;316;562;301;4.351
        Torrita Tiberina;478;407;71;461;216;54;120;71;939
        Trevignano Romano;2.502;2.051;451;2.457;1.104;360;594;399;4.959
        Vallepietra;112;103;9;129;77;10;23;20;241
        Vallinfreda;125;97;28;150;69;19;39;24;275
        Valmontone;6.917;5.782;1.135;5.940;2.009;926;2.010;996;12.857
        Velletri;23.502;19.204;4.298;22.141;8.981;3.613;5.822;3.725;45.643
        Vicovaro;1.714;1.423;291;1.605;577;230;495;303;3.319
        Vivaro Romano;63;52;11;85;41;10;13;21;148
        Zagarolo;8.097;6.670;1.427;6.921;2.270;1.369;2.042;1.240;15.018
      Latina;252.710;207.547;45.163;234.277;94.779;39.081;62.366;38.051;486.987
        Aprilia;33.573;27.718;5.856;28.078;11.255;4.947;7.755;4.121;61.651
        Bassiano;646;543;103;697;381;83;144;90;1.343
        Campodimele;283;230;53;260;143;24;52;42;543
        Castelforte;1.780;1.451;329;1.950;844;296;436;374;3.730
        Cisterna di Latina;16.239;13.525;2.714;14.211;5.392;2.432;4.282;2.105;30.450
        Cori;4.877;3.900;977;4.485;2.210;754;897;624;9.362
        Fondi;17.681;14.143;3.538;15.735;5.347;2.887;4.733;2.768;33.416
        Formia;16.000;13.411;2.589;16.803;6.512;2.995;4.582;2.714;32.803
        Gaeta;8.403;6.936;1.467;9.638;4.120;1.397;2.570;1.551;18.040
        Itri;4.715;3.792;923;4.487;1.802;749;1.190;746;9.202
        Latina;58.633;49.325;9.308;50.648;21.094;9.682;12.139;7.733;109.280
        Lenola;1.729;1.417;312;1.894;806;294;478;316;3.623
        Maenza;1.358;1.081;277;1.289;521;191;386;191;2.647
        Minturno;8.573;6.830;1.743;8.501;3.443;1.383;2.234;1.441;17.074
        Monte San Biagio;2.536;2.047;489;2.870;1.170;350;801;549;5.406
        Norma;1.612;1.307;305;1.751;798;273;405;275;3.363
        Pontinia;6.752;5.595;1.157;5.766;2.555;901;1.488;822;12.517
        Ponza;1.311;1.016;295;1.569;520;145;451;453;2.880
        Priverno;5.936;4.801;1.135;6.080;2.428;947;1.762;943;12.015
        Prossedi;528;440;88;525;267;64;127;67;1.053
        Rocca Massima;522;429;93;467;251;71;75;70;989
        Roccagorga;1.831;1.459;372;1.973;858;346;484;285;3.804
        Roccasecca dei Volsci;466;378;88;553;235;81;121;116;1.019
        Sabaudia;9.177;7.485;1.692;7.784;3.417;1.128;1.967;1.272;16.961
        San Felice Circeo;4.133;3.266;867;4.323;1.664;448;1.287;924;8.456
        Santi Cosma e Damiano;2.907;2.297;610;3.006;1.330;475;767;434;5.913
        Sermoneta;4.698;4.031;667;3.606;1.400;617;1.078;511;8.304
        Sezze;10.377;8.136;2.241;10.022;3.608;1.703;2.827;1.884;20.399
        Sonnino;3.084;2.491;594;3.375;1.473;447;806;650;6.459
        Sperlonga;1.519;1.243;276;1.394;565;180;378;271;2.913
        Spigno Saturnia;1.211;985;227;1.264;514;216;345;189;2.475
        Terracina;19.286;15.589;3.697;18.927;7.729;2.531;5.242;3.425;38.213
        Ventotene;336;252;84;348;128;46;78;96;684
      Frosinone;209.697;171.922;37.775;211.167;90.012;33.113;56.065;31.977;420.863
        Acquafondata;113;77;36;122;64;10;22;27;235
        Acuto;776;613;163;865;338;119;256;153;1.641
        Alatri;12.339;10.188;2.151;11.697;4.416;1.983;3.556;1.742;24.036
        Alvito;1.146;944;202;1.223;637;178;210;199;2.369
        Amaseno;1.923;1.544;379;1.799;849;300;405;246;3.722
        Anagni;9.344;7.826;1.518;8.979;3.958;1.430;2.391;1.200;18.323
        Aquino;2.187;1.788;400;2.293;969;372;641;311;4.480
        Arce;2.375;1.909;466;2.571;1.159;380;649;383;4.946
        Arnara;899;747;152;1.076;490;131;281;175;1.975
        Arpino;3.009;2.484;525;3.223;1.694;487;602;440;6.232
        Atina;1.822;1.449;373;1.898;819;296;446;337;3.720
        Ausonia;1.009;805;205;1.186;427;198;374;187;2.195
        Belmonte Castello;286;232;54;330;154;39;86;51;616
        Boville Ernica;3.412;2.757;655;3.972;1.347;544;1.408;673;7.384
        Broccostella;1.262;1.040;222;1.134;472;228;270;164;2.396
        Campoli Appennino;660;541;119;807;389;111;180;127;1.467
        Casalattico;160;115;45;306;90;27;70;120;466
        Casalvieri;1.019;830;189;1.276;487;154;296;339;2.295
        Cassino;16.632;13.504;3.128;14.988;6.420;2.639;3.610;2.319;31.620
        Castelliri;1.453;1.209;244;1.486;656;225;411;194;2.939
        Castelnuovo Parano;378;300;78;374;142;62;119;51;751
        Castro dei Volsci;1.900;1.576;324;2.253;1.072;314;564;304;4.153
        Castrocielo;1.763;1.476;287;1.610;753;252;385;220;3.373
        Ceccano;9.877;8.212;1.666;9.753;3.831;1.475;2.947;1.501;19.630
        Ceprano;3.505;2.895;611;3.952;1.554;603;1.191;605;7.457
        Cervaro;3.442;2.787;655;3.371;1.359;569;881;563;6.813
        Colfelice;750;598;152;881;367;112;273;129;1.631
        Colle San Magno;268;223;45;317;149;42;81;45;585
        Collepardo;394;329;65;423;170;54;135;65;817
        Coreno Ausonio;690;541;149;692;327;114;150;102;1.382
        Esperia;1.656;1.319;337;1.722;857;228;362;275;3.378
        Falvaterra;216;183;33;268;130;37;65;36;484
        Ferentino;8.987;7.425;1.562;8.584;3.502;1.436;2.389;1.257;17.571
        Filettino;242;206;36;227;102;20;66;39;469
        Fiuggi;4.771;3.866;905;4.425;1.790;694;1.158;783;9.196
        Fontana Liri;1.205;994;211;1.304;641;164;313;186;2.509
        Fontechiari;583;479;105;552;235;88;138;91;1.135
        Frosinone;20.181;16.679;3.502;19.393;8.086;3.456;4.672;3.179;39.574
        Fumone;828;676;152;1.008;398;109;313;188;1.836
        Gallinaro;559;434;125;560;243;95;114;108;1.118
        Giuliano di Roma;1.022;847;175;1.056;488;144;271;154;2.078
        Guarcino;656;536;120;710;320;92;200;98;1.365
        Isola del Liri;4.844;4.034;810;5.112;2.523;770;1.109;710;9.956
        Monte San Giovanni Campano;5.204;4.205;999;5.644;2.114;858;1.836;836;10.848
        Morolo;1.407;1.169;238;1.408;624;171;383;230;2.815
        Paliano;3.492;2.939;553;3.481;1.446;519;1.063;453;6.973
        Pastena;540;451;89;707;368;83;150;106;1.247
        Patrica;1.408;1.195;213;1.301;523;199;412;167;2.709
        Pescosolido;620;511;109;700;312;111;154;123;1.319
        Picinisco;478;380;98;545;230;80;140;97;1.023
        Pico;1.172;986;186;1.310;641;187;316;167;2.482
        Piedimonte San Germano;2.903;2.426;477;2.383;918;391;715;359;5.286
        Piglio;1.948;1.609;339;2.075;892;271;636;277;4.023
        Pignataro Interamna;1.099;878;222;1.040;429;149;309;153;2.139
        Pofi;1.613;1.354;259;1.996;901;235;546;314;3.609
        Pontecorvo;5.940;4.781;1.159;5.200;2.423;962;1.227;589;11.140
        Posta Fibreno;466;396;70;540;321;67;86;67;1.005
        Ripi;2.074;1.682;392;2.375;1.096;363;549;367;4.449
        Rocca d'Arce;389;326;63;439;233;44;98;64;828
        Roccasecca;3.100;2.551;549;3.380;1.429;487;936;529;6.480
        San Biagio Saracinisco;119;91;28;166;69;17;41;39;284
        San Donato Val di Comino;879;702;177;896;456;115;190;135;1.774
        San Giorgio a Liri;1.450;1.157;294;1.241;569;225;282;166;2.691
        San Giovanni Incarico;1.331;1.127;204;1.590;713;199;435;243;2.921
        San Vittore del Lazio;1.126;907;219;1.063;403;178;314;169;2.189
        Sant'Ambrogio sul Garigliano;448;357;91;413;202;59;83;69;861
        Sant'Andrea del Garigliano;538;423;115;704;333;75;185;111;1.242
        Sant'Apollinare;831;659;172;782;356;143;184;99;1.613
        Sant'Elia Fiumerapido;2.508;2.060;448;2.683;1.148;409;740;387;5.191
        Santopadre;551;436;115;614;337;97;101;79;1.165
        Serrone;1.303;1.091;212;1.298;591;178;346;183;2.601
        Settefrati;336;272;64;313;134;49;68;63;649
        Sgurgola;1.016;831;185;1.175;457;151;392;175;2.191
        Sora;11.658;9.498;2.160;10.966;4.940;1.885;2.558;1.583;22.624
        Strangolagalli;962;773;189;1.118;484;169;316;149;2.080
        Supino;2.032;1.599;433;2.080;936;315;548;281;4.112
        Terelle;111;89;22;216;125;20;43;28;326
        Torre Cajetani;555;460;95;632;245;74;190;123;1.187
        Torrice;2.079;1.727;352;1.980;892;378;429;281;4.059
        Trevi nel Lazio;802;634;168;873;357;119;214;183;1.675
        Trivigliano;683;571;112;727;286;103;231;107;1.410
        Vallecorsa;974;816;158;1.284;710;147;263;165;2.258
        Vallemaio;376;304;72;444;208;60;115;62;820
        Vallerotonda;537;439;98;838;356;76;257;149;1.375
        Veroli;8.493;6.947;1.546;8.773;3.317;1.343;2.791;1.323;17.265
        Vicalvi;317;253;64;345;168;54;74;49;662
        Vico nel Lazio;909;721;188;960;342;137;334;147;1.869
        Villa Latina;458;367;91;589;273;61;138;118;1.047
        Villa Santa Lucia;1.139;953;186;1.118;426;182;354;156;2.256
        Villa Santo Stefano;670;519;151;821;335;124;202;160;1.490
        Viticuso;115;89;26;168;78;22;38;30;283
  Sud;5.724.739;4.502.504;1.222.235;6.198.760;2.294.879;1.029.352;1.779.107;1.095.424;11.923.498
    Abruzzo;588.704;499.537;89.167;550.719;264.998;94.682;116.795;74.244;1.139.422
      L'Aquila;133.174;114.350;18.824;128.768;63.159;21.997;25.226;18.386;261.942
        Acciano;116;94;22;177;113;17;20;28;293
        Aielli;651;552;99;632;346;94;116;76;1.283
        Alfedena;440;337;103;423;183;76;79;86;863
        Anversa degli Abruzzi;128;114;14;163;94;21;28;21;291
        Ateleta;471;389;82;533;270;87;100;77;1.004
        Avezzano;19.661;16.526;3.135;16.363;7.107;3.400;3.558;2.298;36.024
        Balsorano;1.325;1.144;181;1.590;636;236;496;223;2.914
        Barete;298;267;31;292;143;37;53;59;590
        Barisciano;779;689;90;756;410;111;131;104;1.534
        Barrea;264;212;52;370;192;43;86;49;633
        Bisegna;56;49;8;148;95;11;18;24;204
        Bugnara;454;381;73;515;269;75;102;70;969
        Cagnano Amiterno;488;440;48;653;369;62;111;111;1.141
        Calascio;58;50;8;69;38;9;10;13;127
        Campo di Giove;349;306;43;393;226;43;75;49;742
        Campotosto;209;187;22;256;165;17;41;33;465
        Canistro;385;309;76;499;214;80;127;78;884
        Cansano;113;84;30;110;71;13;18;8;223
        Capestrano;314;270;44;490;292;37;93;69;804
        Capistrello;1.989;1.697;292;2.551;1.038;382;739;393;4.540
        Capitignano;265;232;33;316;188;35;49;44;581
        Caporciano;90;75;15;110;67;10;17;16;200
        Cappadocia;235;206;30;294;166;18;73;37;529
        Carapelle Calvisio;37;32;5;39;23;3;5;8;75
        Carsoli;2.371;2.061;310;2.296;1.008;341;575;372;4.667
        Castel del Monte;194;167;27;202;101;15;51;36;396
        Castel di Ieri;127;108;19;162;86;23;37;16;289
        Castel di Sangro;3.138;2.598;540;2.829;1.219;509;617;485;5.967
        Castellafiume;431;346;85;532;172;83;173;105;963
        Castelvecchio Calvisio;57;48;9;66;42;8;10;6;123
        Castelvecchio Subequo;328;288;40;497;312;36;91;58;824
        Celano;4.866;4.045;821;4.467;1.870;871;991;735;9.333
        Cerchio;635;535;100;733;354;111;160;108;1.368
        Civita d'Antino;404;335;69;515;233;66;144;72;919
        Civitella Alfedena;140;122;18;125;64;23;21;17;265
        Civitella Roveto;1.319;1.106;213;1.425;561;264;429;172;2.744
        Cocullo;72;58;14;134;100;6;15;13;206
        Collarmele;356;307;49;421;226;68;73;54;777
        Collelongo;485;408;77;596;362;77;69;88;1.081
        Collepietro;75;66;9;130;61;15;31;24;205
        Corfinio;443;362;82;471;232;73;95;71;914
        Fagnano Alto;168;143;25;191;117;23;32;19;359
        Fontecchio;136;114;22;163;93;13;30;27;298
        Fossa;332;293;39;294;147;59;50;38;626
        Gagliano Aterno;95;82;13;128;71;11;30;16;223
        Gioia dei Marsi;817;718;99;799;451;111;107;130;1.616
        Goriano Sicoli;224;202;22;260;141;36;51;32;484
        Introdacqua;917;805;112;913;427;176;192;119;1.830
        L'Aquila;33.176;29.316;3.860;28.176;14.816;5.589;4.082;3.689;61.352
        Lecce nei Marsi;685;577;108;721;332;105;170;114;1.406
        Luco dei Marsi;2.766;2.307;459;2.325;1.045;441;494;346;5.091
        Lucoli;436;377;59;414;231;58;61;65;850
        Magliano de' Marsi;1.536;1.322;214;1.628;752;262;397;217;3.163
        Massa d'Albe;662;581;81;640;305;127;116;92;1.301
        Molina Aterno;138;116;22;204;115;21;46;22;342
        Montereale;1.006;907;99;1.134;691;126;163;154;2.140
        Morino;523;467;56;727;304;81;264;78;1.250
        Navelli;238;208;30;248;142;35;34;37;486
        Ocre;528;483;45;474;284;73;65;52;1.001
        Ofena;164;141;23;255;139;17;51;48;419
        Opi;175;128;47;190;107;22;36;25;364
        Oricola;575;515;60;510;226;67;132;85;1.085
        Ortona dei Marsi;141;120;21;315;225;19;38;33;456
        Ortucchio;765;661;104;789;424;111;127;127;1.554
        Ovindoli;560;463;97;521;265;59;91;106;1.081
        Pacentro;456;388;68;564;270;68;134;93;1.019
        Pereto;264;220;44;333;147;34;89;63;597
        Pescasseroli;939;751;189;1.001;392;178;226;205;1.940
        Pescina;1.718;1.493;225;1.776;955;264;323;235;3.494
        Pescocostanzo;547;485;62;504;257;68;102;77;1.050
        Pettorano sul Gizio;630;526;104;681;307;138;127;110;1.311
        Pizzoli;2.043;1.773;270;1.702;644;400;346;312;3.745
        Poggio Picenze;468;413;55;441;218;76;100;48;909
        Prata d'Ansidonia;212;192;20;218;132;24;39;24;430
        Pratola Peligna;3.157;2.669;488;3.300;1.618;569;683;431;6.457
        Prezza;358;292;66;501;278;66;91;66;858
        Raiano;1.115;947;168;1.266;617;195;278;176;2.381
        Rivisondoli;323;268;55;299;156;34;51;58;622
        Rocca di Botte;401;352;49;344;169;43;69;63;744
        Rocca di Cambio;228;205;23;201;116;19;36;31;429
        Rocca di Mezzo;668;582;86;671;373;81;112;105;1.339
        Rocca Pia;82;71;11;87;52;8;15;12;169
        Roccacasale;242;210;32;349;175;54;74;46;591
        Roccaraso;803;636;167;681;298;120;132;131;1.484
        San Benedetto dei Marsi;1.766;1.498;268;1.609;762;280;284;283;3.375
        San Benedetto in Perillis;26;22;4;70;50;1;9;10;96
        San Demetrio ne' Vestini;873;777;96;776;354;141;172;109;1.649
        San Pio delle Camere;293;250;43;290;117;52;77;44;583
        San Vincenzo Valle Roveto;783;654;129;1.280;616;137;329;198;2.063
        Sante Marie;429;367;62;629;337;47;150;95;1.058
        Sant'Eusanio Forconese;184;170;14;162;107;19;16;20;346
        Santo Stefano di Sessanio;51;46;5;52;32;5;8;7;103
        Scanno;688;616;72;938;471;114;241;112;1.626
        Scontrone;260;204;56;264;145;35;40;45;524
        Scoppito;1.867;1.694;174;1.316;635;311;193;177;3.183
        Scurcola Marsicana;1.281;1.092;189;1.165;547;204;263;151;2.446
        Secinaro;114;90;24;196;99;26;34;38;310
        Sulmona;10.248;8.621;1.627;10.860;5.604;1.786;2.050;1.420;21.108
        Tagliacozzo;2.756;2.359;397;3.144;1.489;429;775;452;5.900
        Tione degli Abruzzi;111;96;15;152;96;15;22;19;263
        Tornimparte;1.375;1.216;159;1.332;755;195;194;188;2.707
        Trasacco;2.679;2.296;383;2.528;1.288;411;439;390;5.206
        Villa Santa Lucia degli Abruzzi;28;26;2;64;46;1;6;11;92
        Villa Sant'Angelo;193;176;17;192;113;27;25;27;385
        Villalago;196;165;31;322;195;29;62;36;517
        Villavallelonga;368;314;54;426;195;55;82;94;794
        Villetta Barrea;247;198;49;308;145;45;70;48;555
        Vittorito;333;288;45;420;227;53;82;58;753
      Teramo;140.786;118.131;22.655;126.415;62.050;22.018;24.518;17.830;267.201
        Alba Adriatica;5.912;4.579;1.333;4.900;2.244;860;1.073;724;10.812
        Ancarano;908;800;108;719;374;122;123;100;1.627
        Arsita;360;302;59;371;230;51;48;42;731
        Atri;4.676;3.966;710;4.596;2.319;798;837;642;9.272
        Basciano;1.109;961;148;957;470;191;176;120;2.066
        Bellante;3.236;2.767;469;2.852;1.402;508;529;413;6.088
        Bisenti;799;661;138;840;490;129;133;88;1.639
        Campli;3.169;2.731;439;3.000;1.545;486;532;437;6.169
        Canzano;844;730;114;753;418;115;112;108;1.596
        Castel Castagna;212;178;34;206;114;28;37;27;418
        Castellalto;3.538;3.049;489;2.913;1.328;560;607;418;6.450
        Castelli;472;418;54;503;295;53;85;71;975
        Castiglione Messer Raimondo;986;855;131;951;515;158;140;139;1.937
        Castilenti;689;595;94;602;311;89;103;99;1.291
        Cellino Attanasio;1.060;900;160;1.048;570;153;194;132;2.108
        Cermignano;667;544;123;761;446;98;121;96;1.428
        Civitella del Tronto;2.123;1.796;327;2.155;1.174;305;372;304;4.278
        Colledara;993;832;161;917;428;155;218;117;1.910
        Colonnella;1.733;1.466;267;1.458;741;204;303;210;3.191
        Controguerra;1.027;818;209;1.015;560;147;159;149;2.042
        Corropoli;2.366;1.996;370;1.954;941;351;382;280;4.320
        Cortino;263;228;35;305;187;26;46;46;568
        Crognaleto;472;403;69;628;333;60;134;101;1.100
        Fano Adriano;130;106;24;136;85;11;23;18;266
        Giulianova;10.643;8.800;1.843;9.760;4.756;1.657;2.026;1.321;20.403
        Isola del Gran Sasso d'Italia;1.976;1.714;262;2.071;1.015;335;441;280;4.047
        Martinsicuro;7.113;5.644;1.469;6.618;2.877;1.120;1.623;999;13.731
        Montefino;428;368;60;470;245;75;88;63;898
        Montorio al Vomano;3.320;2.845;475;3.507;1.654;568;784;501;6.826
        Morro d'Oro;1.731;1.492;240;1.368;693;246;250;179;3.099
        Mosciano Sant'Angelo;4.286;3.661;625;3.742;1.782;693;739;528;8.027
        Nereto;2.425;1.976;449;2.166;1.029;393;409;336;4.591
        Notaresco;2.988;2.566;422;2.729;1.331;507;516;375;5.717
        Penna Sant'Andrea;776;662;114;753;375;108;169;101;1.529
        Pietracamela;118;97;22;122;72;10;20;20;240
        Pineto;6.791;5.718;1.073;6.118;2.845;1.071;1.388;814;12.909
        Rocca Santa Maria;220;188;32;231;144;29;26;33;451
        Roseto degli Abruzzi;11.929;9.931;1.998;10.354;4.991;1.978;1.905;1.480;22.283
        Sant'Egidio alla Vibrata;4.561;3.829;732;3.795;1.869;709;718;499;8.356
        Sant'Omero;2.333;2.031;303;2.242;1.186;323;433;300;4.575
        Silvi;7.034;5.715;1.319;6.457;2.819;1.088;1.600;950;13.491
        Teramo;25.751;22.130;3.622;22.007;11.285;4.288;3.377;3.057;47.758
        Torano Nuovo;681;563;118;677;396;89;97;95;1.358
        Torricella Sicura;1.242;1.067;176;1.046;527;194;179;146;2.288
        Tortoreto;5.786;4.681;1.105;4.532;2.022;760;1.034;716;10.318
        Tossicia;556;487;69;622;327;83;133;79;1.178
        Valle Castellana;356;289;67;490;294;40;78;79;846
      Pescara;143.357;120.278;23.079;132.776;60.842;23.266;30.994;17.674;276.133
        Abbateggio;155;124;31;175;87;26;38;24;329
        Alanno;1.480;1.246;234;1.576;795;258;327;196;3.056
        Bolognano;441;368;73;510;230;62;151;67;950
        Brittoli;91;90;1;162;86;5;26;45;253
        Bussi sul Tirino;939;787;152;1.308;574;153;429;152;2.247
        Cappelle sul Tavo;1.744;1.486;258;1.636;649;290;481;217;3.380
        Caramanico Terme;837;709;128;870;428;128;183;131;1.707
        Carpineto della Nora;266;225;41;287;175;34;45;34;553
        Castiglione a Casauria;320;247;73;379;174;45;105;55;699
        Catignano;583;478;105;607;318;83;126;80;1.190
        Cepagatti;4.961;4.185;776;4.266;1.855;867;990;554;9.227
        Città Sant'Angelo;6.745;5.744;1.002;5.864;2.540;1.162;1.356;807;12.609
        Civitaquana;547;458;89;552;290;87;96;79;1.099
        Civitella Casanova;730;600;130;818;476;99;158;85;1.548
        Collecorvino;2.752;2.360;392;2.443;1.079;450;588;326;5.195
        Corvara;87;74;13;124;75;14;19;16;211
        Cugnoli;630;503;127;654;361;88;133;72;1.284
        Elice;759;654;105;763;389;103;158;114;1.522
        Farindola;553;476;77;728;429;79;129;91;1.281
        Lettomanoppello;1.211;1.000;211;1.289;507;196;399;188;2.500
        Loreto Aprutino;3.301;2.817;484;3.124;1.556;517;619;432;6.425
        Manoppello;3.047;2.633;415;2.908;1.272;496;774;366;5.955
        Montebello di Bertona;392;342;50;457;285;51;61;60;849
        Montesilvano;24.885;20.298;4.587;20.255;8.267;3.899;5.249;2.841;45.139
        Moscufo;1.477;1.255;223;1.310;609;227;302;173;2.787
        Nocciano;805;693;112;776;336;132;189;120;1.581
        Penne;5.742;4.968;774;5.065;2.666;952;733;715;10.807
        Pescara;53.879;45.024;8.855;51.719;24.402;8.934;11.570;6.813;105.598
        Pescosansonesco;201;163;38;241;118;35;56;32;442
        Pianella;3.919;3.377;542;3.436;1.575;631;796;435;7.355
        Picciano;574;456;118;585;303;75;128;80;1.159
        Pietranico;186;156;30;245;130;27;58;30;431
        Popoli Terme;2.118;1.800;318;2.283;1.091;369;542;282;4.401
        Roccamorice;373;308;65;465;195;50;146;74;837
        Rosciano;1.867;1.634;233;1.490;651;283;364;193;3.357
        Salle;122;100;22;142;83;10;27;22;264
        San Valentino in Abruzzo Citeriore;817;677;140;878;380;137;249;113;1.695
        Sant'Eufemia a Maiella;116;101;15;126;70;10;27;19;241
        Scafa;1.551;1.296;255;1.599;673;243;477;206;3.150
        Serramonacesca;223;188;35;267;159;13;66;29;490
        Spoltore;8.882;7.611;1.271;6.945;2.859;1.434;1.769;883;15.827
        Tocco da Casauria;1.060;894;166;1.160;535;185;287;153;2.220
        Torre de' Passeri;1.238;1.047;192;1.371;612;225;373;162;2.609
        Turrivalignani;359;300;59;389;169;59;113;49;748
        Vicoli;155;122;33;189;108;23;33;25;344
        Villa Celiera;240;207;33;343;226;26;53;38;582
      Chieti;171.387;146.778;24.609;162.760;78.948;27.401;36.057;20.354;334.146
        Altino;1.404;1.208;196;1.202;587;205;257;153;2.606
        Archi;903;793;110;962;532;152;171;108;1.865
        Ari;482;427;55;507;281;65;97;65;989
        Arielli;486;431;55;498;286;69;91;52;984
        Atessa;4.999;4.429;570;4.148;2.168;733;772;476;9.147
        Bomba;331;287;44;363;189;51;75;48;693
        Borrello;130;113;17;173;111;25;23;14;303
        Bucchianico;2.318;2.030;288;2.068;1.043;383;413;230;4.386
        Canosa Sannita;562;489;73;622;323;79;129;92;1.183
        Carpineto Sinello;210;183;27;283;153;33;63;34;493
        Carunchio;262;207;55;320;171;41;65;43;582
        Casacanditella;554;485;69;552;289;78;108;77;1.106
        Casalanguida;342;296;46;468;252;47;116;53;810
        Casalbordino;2.728;2.368;360;2.571;1.298;382;602;289;5.299
        Casalincontrada;1.417;1.236;181;1.229;637;207;249;137;2.646
        Casoli;2.456;2.192;264;2.426;1.400;378;377;271;4.882
        Castel Frentano;1.992;1.743;249;1.686;830;281;356;220;3.678
        Castelguidone;144;121;23;190;100;27;43;20;333
        Castiglione Messer Marino;642;563;79;867;503;110;160;94;1.509
        Celenza sul Trigno;338;292;46;467;239;69;108;51;804
        Chieti;22.667;19.042;3.625;22.268;11.180;3.912;4.452;2.725;44.935
        Civitaluparella;125;102;23;169;82;20;41;26;294
        Civitella Messer Raimondo;297;259;38;431;261;49;85;36;728
        Colledimacine;65;59;6;107;76;4;16;11;172
        Colledimezzo;155;133;22;284;152;19;77;37;439
        Crecchio;1.243;1.089;155;1.238;627;178;268;165;2.481
        Cupello;2.104;1.848;256;2.043;823;325;602;293;4.147
        Dogliola;120;96;24;178;90;22;45;21;298
        Fallo;52;45;7;71;43;3;15;10;122
        Fara Filiorum Petri;881;784;97;857;405;140;187;125;1.738
        Fara San Martino;555;501;54;654;366;94;130;64;1.209
        Filetto;382;335;47;441;258;55;65;63;823
        Fossacesia;2.829;2.483;346;2.487;1.154;468;537;328;5.315
        Fraine;109;96;13;173;98;21;32;22;282
        Francavilla al Mare;11.647;9.739;1.908;10.157;4.452;1.843;2.520;1.343;21.804
        Fresagrandinaria;342;291;52;498;236;57;143;62;840
        Frisa;808;709;99;703;381;101;137;84;1.511
        Furci;357;292;66;471;264;57;97;53;828
        Gamberale;121;105;16;146;86;16;21;23;267
        Gessopalena;579;469;110;678;388;96;104;90;1.257
        Gissi;1.173;975;198;1.218;647;191;231;150;2.391
        Giuliano Teatino;538;465;73;506;261;70;108;67;1.044
        Guardiagrele;3.741;3.285;456;4.046;2.160;624;748;514;7.787
        Guilmi;151;132;19;217;127;26;38;26;368
        Lama dei Peligni;494;423;71;585;276;83;138;88;1.079
        Lanciano;15.822;13.810;2.012;14.545;7.173;2.550;2.841;1.982;30.367
        Lentella;294;237;58;331;140;52;86;54;625
        Lettopalena;146;126;20;167;89;12;47;20;313
        Liscia;257;223;34;346;197;44;67;38;603
        Miglianico;2.229;1.899;330;1.900;926;317;409;249;4.129
        Montazzoli;359;314;45;479;271;65;96;47;837
        Montebello sul Sangro;23;21;2;51;32;1;13;5;74
        Monteferrante;40;33;7;74;52;3;10;9;113
        Montelapiano;30;26;4;48;29;3;9;8;78
        Montenerodomo;277;241;36;291;168;30;59;34;568
        Monteodorisio;1.023;855;168;1.041;422;173;313;133;2.063
        Mozzagrogna;1.188;1.057;131;870;413;165;187;106;2.058
        Orsogna;1.564;1.330;234;1.715;802;278;383;253;3.279
        Ortona;10.185;8.648;1.537;9.638;4.443;1.675;2.292;1.229;19.822
        Paglieta;1.987;1.737;250;1.686;872;304;312;199;3.673
        Palena;546;463;83;612;272;93;162;85;1.158
        Palmoli;326;271;55;474;245;44;119;66;799
        Palombaro;397;348;49;491;280;68;78;66;888
        Pennadomo;83;71;12;137;92;13;18;14;220
        Pennapiedimonte;166;138;28;240;147;21;40;32;406
        Perano;728;617;111;638;314;111;137;76;1.365
        Pietraferrazzana;52;43;9;57;29;9;14;5;109
        Pizzoferrato;495;440;55;457;275;57;66;60;952
        Poggiofiorito;388;341;47;364;192;52;76;45;752
        Pollutri;1.037;907;130;908;474;156;177;101;1.945
        Pretoro;398;338;60;417;199;70;98;51;815
        Quadri;288;250;38;408;186;61;91;71;696
        Rapino;557;478;79;581;301;90;123;67;1.138
        Ripa Teatina;1.871;1.562;309;1.601;755;298;342;206;3.472
        Rocca San Giovanni;1.124;1.017;107;901;426;149;204;122;2.024
        Roccamontepiano;712;598;114;805;412;112;169;112;1.517
        Roccascalegna;480;421;59;589;345;82;92;70;1.069
        Roccaspinalveti;499;436;63;662;428;83;89;63;1.161
        Roio del Sangro;33;28;5;56;37;4;9;6;89
        Rosello;83;68;15;130;102;5;15;8;212
        San Buono;356;299;57;490;244;66;128;53;846
        San Giovanni Lipioni;52;50;2;98;78;3;12;5;149
        San Giovanni Teatino;6.742;5.753;989;4.912;1.991;971;1.353;597;11.653
        San Martino sulla Marrucina;403;344;60;408;200;75;82;51;811
        San Salvo;8.946;7.532;1.414;8.073;3.178;1.474;2.456;965;17.018
        San Vito Chietino;2.383;2.024;359;2.203;1.013;377;541;272;4.586
        Santa Maria Imbaro;1.019;876;143;704;278;173;157;96;1.723
        Sant'Eusanio del Sangro;1.005;877;129;1.049;561;150;198;141;2.054
        Scerni;1.377;1.206;171;1.433;779;206;292;156;2.809
        Schiavi di Abruzzo;217;181;36;525;382;13;67;63;741
        Taranta Peligna;148;127;21;178;117;13;29;20;326
        Tollo;1.840;1.577;263;1.640;786;285;347;223;3.480
        Torino di Sangro;1.446;1.264;182;1.247;654;218;229;147;2.693
        Tornareccio;750;660;90;778;393;121;178;86;1.528
        Torrebruna;256;219;37;481;301;48;90;43;737
        Torrevecchia Teatina;1.918;1.666;252;1.618;742;295;403;178;3.536
        Torricella Peligna;489;418;71;687;431;63;116;78;1.176
        Treglio;792;701;91;624;271;136;138;79;1.416
        Tufillo;148;125;23;195;109;18;53;15;343
        Vacri;726;640;86;717;355;119;139;104;1.442
        Vasto;18.484;15.515;2.969;16.755;7.211;3.194;4.293;2.057;35.238
        Villa Santa Maria;549;457;92;602;275;75;152;101;1.151
        Villalfonsina;401;355;46;432;236;53;85;58;833
        Villamagna;1.028;878;151;983;548;131;174;131;2.011
    Molise;130.724;107.473;23.252;138.711;65.939;23.098;30.017;19.658;269.435
      Campobasso;95.575;77.931;17.645;99.166;46.538;17.205;22.454;12.970;194.741
        Acquaviva Collecroce;247;211;36;328;175;40;70;43;575
        Baranello;1.200;980;220;1.101;576;197;216;112;2.301
        Bojano;3.763;2.796;967;3.147;1.398;660;695;394;6.910
        Bonefro;506;424;82;697;362;91;163;81;1.203
        Busso;489;418;71;608;364;85;100;60;1.097
        Campobasso;21.483;18.001;3.482;21.652;10.004;4.193;4.706;2.749;43.135
        Campochiaro;288;222;66;262;89;45;78;50;550
        Campodipietra;1.145;912;233;967;412;223;225;107;2.112
        Campolieto;341;266;75;437;236;65;77;60;778
        Campomarino;3.498;2.655;843;3.202;1.229;474;963;536;6.700
        Casacalenda;796;666;130;1.060;569;144;205;142;1.856
        Casalciprano;192;165;27;281;157;33;58;33;473
        Castelbottaccio;66;56;10;195;144;13;22;16;260
        Castellino del Biferno;206;133;73;292;165;43;52;32;497
        Castelmauro;443;354;89;863;449;92;188;134;1.306
        Castropignano;382;312;70;462;251;71;91;49;844
        Cercemaggiore;1.543;1.271;272;1.699;893;280;332;195;3.242
        Cercepiccola;255;198;57;321;170;57;55;40;576
        Civitacampomarano;93;79;14;229;153;26;36;14;321
        Colle d'Anchise;334;287;47;333;189;57;55;32;667
        Colletorto;699;597;102;958;513;143;182;120;1.657
        Duronia;147;121;26;241;194;27;15;5;388
        Ferrazzano;1.508;1.258;250;1.341;586;320;289;147;2.849
        Fossalto;482;420;62;669;394;101;99;75;1.151
        Gambatesa;535;444;92;765;457;96;139;74;1.300
        Gildone;319;260;59;382;212;54;67;50;701
        Guardialfiera;385;326;59;512;257;76;111;69;897
        Guardiaregia;318;235;83;352;160;56;94;42;670
        Guglionesi;2.240;1.816;424;2.331;992;485;558;296;4.571
        Jelsi;786;598;188;777;413;114;153;97;1.563
        Larino;3.089;2.505;584;2.834;1.335;536;598;365;5.923
        Limosano;343;280;63;332;193;40;54;45;675
        Lucito;226;193;33;353;231;33;51;39;579
        Lupara;161;143;18;261;155;27;49;30;422
        Macchia Valfortore;183;164;19;310;201;20;57;32;493
        Mafalda;442;348;94;585;287;76;138;84;1.026
        Matrice;451;368;83;503;260;90;101;52;954
        Mirabello Sannitico;955;749;207;829;386;148;197;98;1.784
        Molise;62;50;12;97;67;12;12;6;159
        Monacilioni;170;145;25;263;155;30;51;27;433
        Montagano;409;340;69;548;291;83;111;63;957
        Montecilfone;533;387;146;680;306;86;182;106;1.212
        Montefalcone nel Sannio;568;444;125;793;332;122;210;130;1.361
        Montelongo;121;107;14;199;105;33;39;22;320
        Montemitro;114;104;10;200;112;36;33;20;314
        Montenero di Bisaccia;2.847;2.403;444;2.807;1.187;420;701;499;5.654
        Montorio nei Frentani;155;135;21;214;104;42;40;28;369
        Morrone del Sannio;223;184;39;294;175;35;44;40;517
        Oratino;792;673;119;697;303;171;145;78;1.489
        Palata;634;526;108;858;479;106;182;92;1.492
        Petacciato;1.619;1.303;316;1.641;631;300;446;264;3.260
        Petrella Tifernina;408;339;69;579;317;63;124;75;987
        Pietracatella;572;428;144;567;301;88;125;54;1.139
        Pietracupa;81;72;9;132;79;16;17;20;213
        Portocannone;1.024;774;250;1.109;470;166;304;169;2.132
        Provvidenti;45;39;6;55;32;4;11;8;100
        Riccia;2.155;1.776;380;2.340;1.238;387;451;264;4.495
        Ripabottoni;210;185;25;256;153;39;32;32;465
        Ripalimosani;1.551;1.245;306;1.165;541;242;238;145;2.716
        Roccavivara;270;226;44;420;209;72;83;56;690
        Rotello;534;409;125;550;249;97;113;91;1.084
        Salcito;296;232;64;301;183;43;50;25;597
        San Biase;46;43;3;107;87;7;7;7;153
        San Felice del Molise;243;193;50;322;199;41;57;25;565
        San Giacomo degli Schiavoni;660;525;135;555;192;121;156;86;1.214
        San Giovanni in Galdo;205;160;45;294;183;39;46;26;498
        San Giuliano del Sannio;421;353;68;468;236;68;92;73;889
        San Giuliano di Puglia;414;323;92;492;225;73;118;76;906
        San Martino in Pensilis;2.053;1.554;500;2.071;887;382;520;282;4.124
        San Massimo;439;309;131;299;145;37;74;43;738
        San Polo Matese;195;160;35;232;117;44;44;28;427
        Santa Croce di Magliano;1.864;1.411;453;1.977;833;295;595;254;3.841
        Sant'Angelo Limosano;136;109;27;173;92;14;41;26;308
        Sant'Elia a Pianisi;656;517;140;866;462;124;182;99;1.522
        Sepino;852;628;224;813;419;105;181;108;1.665
        Spinete;511;456;55;608;346;94;92;76;1.118
        Tavenna;232;205;27;401;290;35;44;32;633
        Termoli;14.812;12.407;2.405;14.250;5.455;2.791;3.866;2.138;29.062
        Torella del Sannio;302;253;49;353;197;41;67;49;655
        Toro;536;425;111;682;388;95;141;58;1.217
        Trivento;1.983;1.697;286;2.060;1.167;308;360;226;4.042
        Tufara;326;263;63;482;279;68;95;40;808
        Ururi;1.121;898;223;1.174;566;186;279;143;2.294
        Vinchiaturo;1.643;1.292;351;1.258;551;219;321;167;2.901
      Isernia;35.149;29.542;5.607;39.545;19.401;5.893;7.563;6.688;74.694
        Acquaviva d'Isernia;167;136;31;194;72;28;45;49;361
        Agnone;2.214;1.904;311;2.245;1.223;325;375;322;4.459
        Bagnoli del Trigno;265;230;35;347;220;27;53;48;612
        Belmonte del Sannio;239;205;34;398;252;30;65;51;637
        Cantalupo nel Sannio;335;270;65;334;175;35;61;63;668
        Capracotta;362;325;37;449;239;65;63;82;810
        Carovilli;565;484;81;606;291;79;118;119;1.171
        Carpinone;468;356;112;534;266;79;117;72;1.002
        Castel del Giudice;122;112;10;159;92;17;29;22;281
        Castel San Vincenzo;182;157;25;265;133;32;51;49;447
        Castelpetroso;697;567;130;739;303;81;179;176;1.436
        Castelpizzuto;65;50;15;86;37;15;15;19;151
        Castelverrino;48;45;4;54;36;8;5;5;102
        Cerro al Volturno;438;378;60;691;381;80;113;117;1.129
        Chiauci;97;83;14;103;67;8;15;13;200
        Civitanova del Sannio;371;306;65;462;229;49;96;88;833
        Colli a Volturno;591;498;93;583;252;89;127;115;1.173
        Conca Casale;56;48;8;105;67;5;14;20;161
        Filignano;255;227;28;296;160;25;65;46;551
        Forlì del Sannio;234;205;29;383;211;58;56;58;617
        Fornelli;752;659;93;896;412;168;184;132;1.648
        Frosolone;1.279;1.055;224;1.441;670;206;325;240;2.720
        Isernia;9.056;7.590;1.466;9.635;4.431;1.673;1.859;1.672;18.691
        Longano;276;230;46;296;183;30;50;33;572
        Macchia d'Isernia;484;414;70;465;240;76;77;72;949
        Macchiagodena;713;588;125;916;475;117;172;152;1.629
        Miranda;390;334;56;500;266;64;87;83;890
        Montaquila;1.034;894;140;1.073;543;167;195;168;2.107
        Montenero Val Cocchiara;198;170;28;273;144;38;38;54;470
        Monteroduni;842;722;120;1.093;551;164;188;190;1.935
        Pesche;733;619;114;681;275;125;143;138;1.413
        Pescolanciano;350;284;66;405;194;47;87;77;755
        Pescopennataro;104;94;10;133;94;12;11;16;237
        Pettoranello del Molise;167;140;27;226;112;39;41;34;393
        Pietrabbondante;270;231;39;408;237;44;70;57;678
        Pizzone;148;110;38;145;75;9;33;29;293
        Poggio Sannita;178;162;16;392;280;19;50;43;570
        Pozzilli;1.002;857;145;967;486;142;203;136;1.969
        Rionero Sannitico;422;339;83;568;273;60;118;118;990
        Roccamandolfi;345;287;58;523;278;67;76;102;867
        Roccasicura;245;174;71;231;132;31;39;29;476
        Rocchetta a Volturno;460;401;59;545;280;67;91;107;1.005
        San Pietro Avellana;171;151;20;286;153;34;35;64;457
        Santa Maria del Molise;294;216;79;312;139;25;77;71;606
        Sant'Agapito;603;501;102;645;325;90;127;103;1.248
        Sant'Angelo del Pesco;139;124;15;184;106;10;34;35;323
        Sant'Elena Sannita;104;87;17;168;96;17;25;30;272
        Scapoli;230;186;45;387;203;53;77;54;617
        Sessano del Molise;291;253;38;394;276;53;38;27;685
        Sesto Campano;887;738;149;1.123;620;154;216;133;2.010
        Vastogirardi;262;235;27;364;199;40;62;63;625
        Venafro;4.953;4.116;837;4.841;1.951;919;1.076;895;9.793
    Campania;2.345.367;1.809.081;536.286;2.562.869;816.270;433.176;825.248;488.176;4.908.236
      Caserta;371.322;286.568;84.754;406.924;128.350;72.460;129.318;76.797;778.246
        Ailano;531;400;131;654;315;92;145;102;1.184
        Alife;3.030;2.454;576;3.401;1.275;600;874;652;6.430
        Alvignano;2.087;1.561;526;1.975;935;336;366;338;4.061
        Arienzo;2.198;1.705;493;2.307;740;412;703;452;4.505
        Aversa;21.054;16.344;4.710;23.248;6.932;4.379;7.684;4.253;44.302
        Baia e Latina;842;652;190;999;429;172;212;187;1.841
        Bellona;2.509;1.943;566;2.537;768;441;860;469;5.045
        Caianello;791;636;155;848;333;154;213;148;1.639
        Caiazzo;2.177;1.802;375;2.560;1.112;392;616;441;4.737
        Calvi Risorta;2.216;1.759;457;2.707;1.014;511;730;452;4.923
        Camigliano;812;663;149;892;319;148;270;156;1.704
        Cancello ed Arnone;2.134;1.749;385;2.703;718;436;976;574;4.837
        Capodrise;4.174;3.349;825;4.113;1.102;906;1.379;726;8.287
        Capriati a Volturno;599;518;81;710;312;111;183;105;1.309
        Capua;7.464;6.070;1.394;8.345;2.966;1.413;2.533;1.434;15.809
        Carinaro;2.718;2.116;602;3.144;851;591;1.116;586;5.862
        Carinola;2.961;2.344;617;3.583;1.482;508;797;796;6.544
        Casagiove;5.353;4.202;1.151;6.501;2.310;1.085;2.132;974;11.853
        Casal di Principe;8.682;5.683;2.999;9.192;2.077;1.626;3.337;2.153;17.874
        Casaluce;3.919;2.581;1.338;4.214;1.042;781;1.583;809;8.133
        Casapesenna;2.762;1.734;1.028;3.125;750;570;1.134;671;5.887
        Casapulla;3.506;2.775;731;3.680;1.160;693;1.249;579;7.186
        Caserta;31.791;26.410;5.382;33.782;12.521;6.704;8.859;5.698;65.573
        Castel Campagnano;621;510;111;699;320;120;149;111;1.320
        Castel di Sasso;418;319;99;569;267;76;121;105;987
        Castel Morrone;1.554;1.249;305;1.739;661;277;484;317;3.293
        Castel Volturno;9.259;7.090;2.169;11.993;2.773;1.471;4.695;3.054;21.252
        Castello del Matese;570;441;129;693;257;147;177;112;1.263
        Cellole;3.297;2.588;709;3.566;1.223;516;1.111;716;6.863
        Cervino;2.039;1.557;482;2.235;723;376;666;470;4.274
        Cesa;3.793;2.775;1.018;3.764;899;691;1.420;754;7.556
        Ciorlano;158;116;42;212;112;27;42;31;370
        Conca della Campania;455;383;72;604;301;65;143;95;1.059
        Curti;2.728;2.198;530;3.240;1.100;564;1.068;509;5.968
        Dragoni;876;692;184;924;372;173;216;163;1.800
        Falciano del Massico;1.313;1.054;259;1.773;689;256;460;369;3.086
        Fontegreca;319;244;75;361;184;49;65;63;680
        Formicola;618;452;167;622;267;94;135;126;1.240
        Francolise;2.004;1.529;475;2.047;779;357;523;389;4.051
        Frignano;3.424;2.447;977;4.111;1.032;639;1.515;925;7.535
        Gallo Matese;191;163;28;322;173;35;57;57;513
        Galluccio;841;646;195;1.021;406;180;268;167;1.862
        Giano Vetusto;281;218;64;299;158;46;57;38;580
        Gioia Sannitica;1.343;1.046;297;1.729;711;254;441;323;3.071
        Grazzanise;2.749;2.237;512;3.166;935;561;1.123;547;5.915
        Gricignano di Aversa;4.884;3.543;1.341;5.037;1.102;978;1.975;983;9.921
        Letino;267;211;56;357;177;51;66;63;623
        Liberi;429;349;80;580;267;71;129;114;1.009
        Lusciano;6.592;4.806;1.786;6.534;1.676;1.271;2.255;1.332;13.126
        Macerata Campania;4.239;3.172;1.067;4.478;1.326;824;1.526;803;8.716
        Maddaloni;15.161;11.663;3.498;17.020;4.901;3.050;5.902;3.167;32.181
        Marcianise;16.304;12.813;3.491;16.658;5.092;3.525;4.922;3.119;32.961
        Marzano Appio;812;669;144;1.162;518;183;253;209;1.974
        Mignano Monte Lungo;1.216;997;219;1.501;576;227;471;227;2.717
        Mondragone;11.115;8.249;2.866;13.145;4.192;2.018;3.869;3.066;24.260
        Orta di Atella;11.064;7.954;3.110;10.422;1.791;1.974;4.755;1.903;21.486
        Parete;4.692;3.565;1.127;5.148;1.444;956;1.531;1.217;9.840
        Pastorano;1.259;1.030;229;1.311;458;233;415;205;2.569
        Piana di Monte Verna;870;706;164;1.177;501;155;312;209;2.047
        Piedimonte Matese;4.539;3.556;983;4.893;2.030;903;1.142;819;9.432
        Pietramelara;1.805;1.426;379;2.190;826;386;639;339;3.995
        Pietravairano;1.236;1.045;192;1.283;541;220;301;221;2.519
        Pignataro Maggiore;2.358;1.950;409;2.692;1.039;468;754;431;5.050
        Pontelatone;696;545;151;726;292;106;188;140;1.421
        Portico di Caserta;3.247;2.545;702;3.216;892;687;1.098;540;6.463
        Prata Sannita;553;448;105;736;330;100;194;113;1.289
        Pratella;587;452;135;779;352;138;157;132;1.366
        Presenzano;817;562;255;749;321;111;157;160;1.566
        Raviscanina;512;388;124;614;271;91;147;106;1.126
        Recale;3.197;2.546;651;3.339;918;647;1.233;542;6.536
        Riardo;960;762;198;1.076;442;178;276;181;2.036
        Rocca d'Evandro;1.230;1.014;216;1.464;619;209;408;228;2.693
        Roccamonfina;1.418;1.098;320;1.579;633;245;398;303;2.997
        Roccaromana;325;242;83;415;181;57;105;72;740
        Rocchetta e Croce;169;139;30;224;107;36;42;39;392
        Ruviano;697;581;116;803;393;110;171;129;1.499
        San Cipriano d'Aversa;5.192;3.488;1.704;6.341;1.582;1.187;2.251;1.321;11.532
        San Felice a Cancello;6.735;5.290;1.445;7.687;2.466;1.272;2.461;1.488;14.422
        San Gregorio Matese;372;284;88;467;226;73;95;74;839
        San Marcellino;5.761;4.196;1.565;5.948;1.331;1.063;2.287;1.267;11.709
        San Marco Evangelista;2.594;2.124;470;2.902;788;517;1.130;467;5.496
        San Nicola la Strada;9.651;7.823;1.828;9.613;3.103;1.865;3.134;1.511;19.263
        San Pietro Infine;345;278;67;449;172;62;131;86;794
        San Potito Sannitico;809;628;181;897;389;161;182;165;1.706
        San Prisco;5.076;3.956;1.120;5.163;1.495;994;1.825;849;10.239
        San Tammaro;2.457;1.907;550;2.279;661;468;786;365;4.736
        Santa Maria a Vico;5.474;4.442;1.032;6.354;1.810;1.227;2.154;1.163;11.827
        Santa Maria Capua Vetere;13.457;10.641;2.816;14.563;5.118;2.587;4.149;2.710;28.020
        Santa Maria la Fossa;1.098;842;256;1.174;335;230;399;210;2.272
        Sant'Angelo d'Alife;873;661;212;1.050;506;160;202;182;1.923
        Sant'Arpino;5.778;4.162;1.616;6.504;1.473;1.206;2.741;1.084;12.281
        Sessa Aurunca;8.269;6.315;1.954;10.333;4.139;1.418;2.836;1.941;18.602
        Sparanise;3.035;2.457;578;3.262;1.185;544;948;585;6.297
        Succivo;3.434;2.586;848;3.737;858;697;1.500;682;7.170
        Teano;4.839;3.793;1.046;5.788;2.251;949;1.535;1.053;10.627
        Teverola;6.192;4.442;1.750;5.621;1.329;1.105;2.124;1.063;11.812
        Tora e Piccilli;334;278;57;430;209;49;113;59;764
        Trentola Ducenta;7.959;6.227;1.732;8.162;1.905;1.596;2.971;1.690;16.121
        Vairano Patenora;2.697;2.237;460;2.992;1.194;543;727;529;5.689
        Valle Agricola;255;203;52;510;275;50;87;98;765
        Valle di Maddaloni;1.152;911;241;1.174;388;203;373;211;2.326
        Villa di Briano;2.814;2.110;704;3.043;749;574;1.015;705;5.856
        Villa Literno;5.056;3.301;1.755;5.217;1.453;856;1.510;1.398;10.273
        Vitulazio;3.214;2.564;650;3.058;959;571;985;543;6.272
      Benevento;117.485;95.938;21.547;124.366;54.733;22.695;26.544;20.395;241.851
        Airola;3.691;2.899;792;3.484;1.415;750;740;579;7.174
        Amorosi;1.121;910;211;1.287;624;240;236;187;2.408
        Apice;2.318;1.893;425;2.476;1.126;411;525;414;4.794
        Apollosa;1.115;890;225;1.188;502;232;260;194;2.303
        Arpaia;852;635;218;868;264;175;279;150;1.720
        Arpaise;338;268;70;349;189;46;55;59;687
        Baselice;842;715;127;1.209;629;170;241;169;2.051
        Benevento;25.167;20.847;4.320;26.596;10.409;4.943;6.704;4.540;51.763
        Bonea;549;435;114;618;225;120;150;123;1.166
        Bucciano;788;664;124;970;318;181;287;184;1.758
        Buonalbergo;711;591;120;774;407;99;173;95;1.485
        Calvi;1.211;1.002;209;1.039;447;221;221;150;2.250
        Campolattaro;423;362;61;479;249;68;89;74;902
        Campoli del Monte Taburno;762;632;130;666;301;117;121;127;1.427
        Casalduni;556;478;78;595;301;79;116;100;1.151
        Castelfranco in Miscano;421;364;57;362;169;62;70;62;783
        Castelpagano;614;540;74;657;397;99;68;93;1.271
        Castelpoto;469;370;99;596;309;95;106;86;1.065
        Castelvenere;1.149;920;229;1.252;508;245;240;260;2.401
        Castelvetere in Val Fortore;422;361;61;651;462;63;63;63;1.073
        Cautano;870;690;181;889;445;147;147;150;1.759
        Ceppaloni;1.390;1.102;288;1.551;689;243;345;274;2.941
        Cerreto Sannita;1.645;1.370;275;1.706;830;306;294;276;3.350
        Circello;1.010;877;133;1.049;594;198;111;146;2.059
        Colle Sannita;950;795;155;1.074;557;175;187;155;2.024
        Cusano Mutri;1.519;1.242;277;1.981;900;270;432;379;3.500
        Dugenta;1.159;965;194;1.239;566;189;247;237;2.397
        Durazzano;823;693;130;1.003;367;155;300;181;1.826
        Faicchio;1.474;1.171;303;1.693;840;293;313;247;3.167
        Foglianise;1.358;1.131;227;1.495;670;316;299;210;2.853
        Foiano di Val Fortore;588;496;92;665;352;111;114;88;1.252
        Forchia;511;418;93;513;168;98;151;97;1.024
        Fragneto l'Abate;412;314;98;498;286;71;73;68;910
        Fragneto Monforte;780;686;94;810;404;140;145;121;1.589
        Frasso Telesino;812;657;155;1.125;541;182;200;202;1.937
        Ginestra degli Schiavoni;207;153;54;209;130;30;21;28;416
        Guardia Sanframondi;2.059;1.677;382;2.282;1.051;414;461;356;4.340
        Limatola;1.753;1.346;407;1.805;712;312;443;338;3.558
        Melizzano;817;658;159;790;391;119;158;122;1.607
        Moiano;1.671;1.286;385;1.807;724;327;453;304;3.478
        Molinara;666;567;99;746;447;115;86;98;1.411
        Montefalcone di Val Fortore;575;474;101;743;421;122;110;90;1.318
        Montesarchio;5.832;4.616;1.216;5.751;1.961;1.215;1.520;1.055;11.583
        Morcone;2.056;1.765;291;2.243;1.282;362;287;312;4.299
        Paduli;1.622;1.355;267;1.772;922;277;272;301;3.394
        Pago Veiano;924;754;171;1.219;562;182;222;253;2.143
        Pannarano;915;618;297;910;319;170;241;180;1.824
        Paolisi;914;749;165;837;295;174;213;155;1.751
        Paupisi;681;506;175;772;343;158;147;125;1.452
        Pesco Sannita;818;670;148;913;497;160;124;132;1.731
        Pietraroja;214;173;41;265;153;37;42;33;478
        Pietrelcina;1.332;1.093;239;1.320;621;231;239;229;2.651
        Ponte;1.115;951;164;1.096;509;202;231;154;2.211
        Pontelandolfo;905;747;158;1.032;527;191;177;137;1.937
        Puglianello;661;481;180;543;276;101;83;83;1.204
        Reino;512;445;67;529;314;97;54;65;1.041
        San Bartolomeo in Galdo;1.909;1.603;306;2.200;1.207;369;342;282;4.109
        San Giorgio del Sannio;4.453;3.651;802;4.168;1.675;861;992;640;8.620
        San Giorgio La Molara;1.323;1.145;178;1.252;665;228;175;185;2.575
        San Leucio del Sannio;1.264;1.012;253;1.451;548;270;395;238;2.715
        San Lorenzello;926;747;179;1.014;495;166;207;146;1.939
        San Lorenzo Maggiore;904;717;187;926;435;176;159;157;1.830
        San Lupo;326;272;54;371;217;48;57;49;697
        San Marco dei Cavoti;1.403;1.237;166;1.484;821;274;198;191;2.887
        San Martino Sannita;545;420;125;548;213;108;142;85;1.093
        San Nazzaro;384;325;59;371;134;73;96;68;755
        San Nicola Manfredi;1.671;1.349;322;1.534;614;342;316;263;3.205
        San Salvatore Telesino;1.714;1.425;289;1.782;749;327;425;281;3.496
        Santa Croce del Sannio;400;354;46;389;188;60;78;64;789
        Sant'Agata de' Goti;4.498;3.672;827;5.021;2.116;910;1.069;926;9.519
        Sant'Angelo a Cupolo;1.932;1.491;441;1.858;773;381;415;289;3.790
        Sant'Arcangelo Trimonte;213;153;60;294;175;37;35;48;507
        Sassinoro;228;201;27;332;160;49;66;57;560
        Solopaca;1.535;1.220;315;1.788;858;330;324;277;3.323
        Telese Terme;3.402;2.749;654;3.160;1.205;739;718;498;6.562
        Tocco Caudio;600;489;111;734;315;120;157;142;1.333
        Torrecuso;1.528;1.240;288;1.433;678;266;256;234;2.961
        Vitulano;1.266;1.005;261;1.273;582;258;241;192;2.539
      Napoli;1.227.620;918.112;309.508;1.355.265;375.824;221.731;485.775;271.935;2.582.885
        Acerra;24.046;17.810;6.236;23.992;5.776;4.390;9.060;4.766;48.037
        Afragola;23.033;16.220;6.813;28.970;5.535;4.420;13.202;5.813;52.002
        Agerola;3.089;2.606;483;3.410;1.309;597;856;648;6.499
        Anacapri;3.138;2.864;274;2.869;945;371;1.125;428;6.006
        Arzano;12.728;9.355;3.373;15.864;3.861;2.279;6.708;3.016;28.591
        Bacoli;10.075;7.655;2.420;12.587;3.724;1.818;4.847;2.198;22.662
        Barano d'Ischia;3.835;3.217;618;4.780;1.426;794;1.666;894;8.615
        Boscoreale;10.780;7.790;2.991;12.255;3.403;2.002;4.327;2.524;23.035
        Boscotrecase;3.875;2.898;977;4.726;1.398;791;1.651;887;8.601
        Brusciano;6.765;4.788;1.978;6.785;1.730;1.193;2.574;1.288;13.550
        Caivano;14.216;9.609;4.607;16.641;3.457;2.611;7.202;3.371;30.857
        Calvizzano;4.872;3.499;1.373;5.576;1.413;945;2.058;1.160;10.447
        Camposano;2.221;1.700;521;2.312;794;386;694;438;4.533
        Capri;3.297;2.997;300;3.052;1.079;358;1.157;458;6.348
        Carbonara di Nola;1.056;843;213;963;305;201;252;205;2.018
        Cardito;8.884;6.101;2.783;9.376;2.073;1.663;3.811;1.830;18.260
        Casalnuovo di Napoli;19.552;14.461;5.091;20.591;4.471;4.231;8.230;3.659;40.142
        Casamarciano;1.298;1.040;258;1.519;543;288;414;275;2.817
        Casamicciola Terme;3.313;2.738;575;3.670;1.182;608;1.170;711;6.983
        Casandrino;5.733;4.259;1.474;5.738;1.082;985;2.561;1.110;11.471
        Casavatore;7.355;5.328;2.027;8.316;2.064;1.335;3.356;1.561;15.671
        Casola di Napoli;1.465;1.014;451;1.610;461;260;532;358;3.075
        Casoria;29.687;21.677;8.010;33.910;8.616;5.445;13.363;6.486;63.597
        Castellammare di Stabia;25.531;19.868;5.663;29.582;9.300;5.259;9.824;5.199;55.112
        Castello di Cisterna;3.473;2.453;1.020;3.011;747;542;1.178;545;6.484
        Cercola;7.080;5.213;1.868;7.666;2.119;1.348;2.832;1.367;14.746
        Cicciano;5.025;3.940;1.085;5.925;1.835;1.037;1.894;1.160;10.950
        Cimitile;3.012;2.483;529;3.020;1.043;562;879;537;6.032
        Comiziano;683;562;121;811;329;117;220;146;1.494
        Crispano;4.864;3.231;1.633;5.272;1.054;975;2.231;1.012;10.136
        Ercolano;18.460;13.505;4.955;25.502;6.538;3.840;10.554;4.570;43.962
        Forio;7.068;5.950;1.118;7.884;2.382;1.220;2.556;1.726;14.951
        Frattamaggiore;11.151;8.559;2.592;13.832;3.916;2.146;5.033;2.737;24.983
        Frattaminore;6.040;4.235;1.805;7.286;1.713;1.235;2.833;1.505;13.325
        Giugliano in Campania;45.926;35.641;10.285;51.365;11.441;9.064;18.682;12.178;97.290
        Gragnano;11.426;9.065;2.361;12.599;3.872;2.343;4.069;2.317;24.025
        Grumo Nevano;7.018;5.051;1.967;8.191;2.121;1.275;3.165;1.631;15.209
        Ischia;7.820;6.703;1.117;9.021;2.946;1.465;2.966;1.644;16.841
        Lacco Ameno;1.904;1.582;322;2.192;722;298;717;455;4.095
        Lettere;2.402;1.738;664;2.719;690;473;976;581;5.120
        Liveri;632;488;145;733;289;111;180;154;1.365
        Marano di Napoli;23.700;17.120;6.581;25.483;6.814;4.497;9.074;5.098;49.183
        Mariglianella;3.170;2.553;617;3.230;804;582;1.237;608;6.400
        Marigliano;12.293;9.522;2.771;12.360;3.977;2.292;3.851;2.240;24.652
        Massa di Somma;2.063;1.399;664;2.377;627;366;917;467;4.440
        Massa Lubrense;5.926;5.205;722;5.908;2.162;886;1.773;1.087;11.834
        Melito di Napoli;14.926;10.152;4.774;14.661;2.870;2.734;6.152;2.906;29.587
        Meta;3.273;2.876;397;3.565;1.278;601;1.055;631;6.838
        Monte di Procida;4.298;3.185;1.113;6.635;1.800;983;2.684;1.169;10.933
        Mugnano di Napoli;14.554;10.461;4.093;14.486;3.749;2.698;5.144;2.896;29.040
        Napoli;392.183;285.830;106.353;425.847;121.787;63.754;148.502;91.805;818.030
        Nola;14.331;11.559;2.773;14.969;4.664;2.614;4.550;3.142;29.300
        Ottaviano;9.277;7.376;1.901;10.736;2.938;1.959;3.584;2.255;20.013
        Palma Campania;8.063;6.284;1.780;6.149;2.079;1.122;1.376;1.572;14.212
        Piano di Sorrento;5.318;4.681;637;5.745;2.056;977;1.773;939;11.063
        Pimonte;2.319;1.730;589;2.655;678;501;887;589;4.974
        Poggiomarino;9.323;6.726;2.597;8.625;2.541;1.731;2.418;1.936;17.948
        Pollena Trocchia;5.440;4.115;1.325;5.770;1.544;1.139;2.150;937;11.210
        Pomigliano d'Arco;16.599;12.986;3.613;17.466;5.545;2.975;6.166;2.780;34.065
        Pompei;10.445;8.017;2.428;11.003;3.803;2.013;3.230;1.957;21.448
        Portici;21.198;17.061;4.137;25.438;8.867;4.193;8.147;4.232;46.636
        Pozzuoli;33.309;23.489;9.820;34.961;9.338;5.516;13.126;6.981;68.270
        Procida;3.673;3.086;587;5.363;1.810;719;1.965;869;9.036
        Qualiano;11.120;6.735;4.385;9.989;2.415;1.766;3.557;2.251;21.109
        Quarto;15.748;11.558;4.190;16.766;4.128;2.794;6.533;3.311;32.514
        Roccarainola;2.484;2.040;444;3.466;1.082;454;1.094;836;5.950
        San Gennaro Vesuviano;5.235;4.168;1.067;4.587;1.310;907;1.250;1.120;9.821
        San Giorgio a Cremano;16.707;13.436;3.271;21.359;7.419;3.458;7.002;3.480;38.066
        San Giuseppe Vesuviano;13.369;10.549;2.820;12.520;3.184;2.176;4.173;2.987;25.888
        San Paolo Bel Sito;1.441;1.170;271;1.484;496;310;418;260;2.925
        San Sebastiano al Vesuvio;3.621;3.058;564;3.987;1.233;780;1.356;619;7.608
        San Vitaliano;2.760;2.125;635;2.559;751;467;849;492;5.319
        Santa Maria la Carità;4.721;3.668;1.053;4.924;1.306;982;1.750;886;9.644
        Sant'Agnello;3.884;3.400;484;3.819;1.435;662;1.089;633;7.703
        Sant'Anastasia;10.539;8.217;2.322;12.298;3.341;2.103;4.732;2.123;22.837
        Sant'Antimo;12.590;8.710;3.881;15.211;3.145;2.238;6.285;3.543;27.801
        Sant'Antonio Abate;7.808;5.967;1.841;8.503;2.450;1.649;2.657;1.747;16.311
        Saviano;6.707;5.210;1.497;6.953;2.154;1.222;2.169;1.408;13.660
        Scisciano;2.612;2.142;470;2.554;771;536;770;477;5.166
        Serrara Fontana;1.290;1.048;243;1.426;493;213;427;294;2.716
        Somma Vesuviana;13.981;10.754;3.227;15.076;4.097;2.808;5.522;2.650;29.057
        Sorrento;7.250;6.536;715;6.881;2.736;1.146;1.897;1.102;14.131
        Striano;3.608;2.748;860;3.566;1.083;678;1.018;787;7.174
        Terzigno;7.396;5.437;1.959;7.690;1.892;1.385;2.650;1.763;15.086
        Torre Annunziata;15.576;11.484;4.092;19.441;5.765;3.086;7.029;3.561;35.017
        Torre del Greco;29.899;22.431;7.468;41.158;10.524;6.692;16.375;7.568;71.057
        Trecase;3.645;2.752;893;3.869;1.304;729;1.227;610;7.514
        Tufino;1.425;1.233;192;1.602;452;277;534;339;3.027
        Vico Equense;8.418;7.120;1.298;9.033;3.174;1.617;2.603;1.639;17.451
        Villaricca;12.723;9.262;3.461;12.596;3.168;2.258;4.811;2.360;25.319
        Visciano;1.981;1.650;331;1.829;726;324;380;399;3.810
        Volla;9.582;7.366;2.216;10.573;2.364;1.889;4.260;2.060;20.155
      Avellino;176.041;144.810;31.231;187.416;75.777;32.559;46.948;32.133;363.456
        Aiello del Sabato;1.833;1.489;344;1.601;555;333;449;264;3.434
        Altavilla Irpina;1.635;1.217;418;1.938;723;309;545;361;3.573
        Andretta;746;617;130;890;473;138;130;150;1.636
        Aquilonia;695;584;111;797;374;136;159;128;1.491
        Ariano Irpino;9.331;7.952;1.379;9.859;4.354;1.678;2.393;1.434;19.190
        Atripalda;4.531;3.843;688;4.935;1.738;898;1.492;808;9.466
        Avella;3.135;2.509;626;3.424;1.132;612;951;730;6.559
        Avellino;23.473;19.925;3.548;23.950;9.872;4.633;5.435;4.010;47.423
        Bagnoli Irpino;1.305;1.087;218;1.539;599;251;427;262;2.843
        Baiano;1.896;1.539;357;2.109;798;361;568;382;4.005
        Bisaccia;1.625;1.402;223;1.692;820;296;299;277;3.317
        Bonito;998;807;191;1.095;426;202;291;176;2.093
        Cairano;131;108;23;149;89;15;23;22;280
        Calabritto;882;683;199;1.218;565;157;264;232;2.100
        Calitri;1.963;1.628;335;2.128;1.193;329;329;277;4.091
        Candida;478;388;90;479;172;77;150;81;957
        Caposele;1.396;1.164;233;1.584;703;237;372;273;2.980
        Capriglia Irpina;1.022;845;177;1.042;411;189;263;179;2.064
        Carife;570;444;126;656;349;97;120;90;1.226
        Casalbore;702;573;129;857;401;120;198;139;1.559
        Cassano Irpino;411;312;99;397;166;72;95;65;808
        Castel Baronia;487;394;93;489;218;93;104;75;976
        Castelfranci;779;634;145;946;430;151;213;152;1.725
        Castelvetere sul Calore;629;535;94;770;344;106;207;113;1.399
        Cervinara;3.942;3.043;899;4.195;1.649;762;955;830;8.137
        Cesinali;1.172;1.005;167;1.076;352;239;338;147;2.248
        Chianche;214;165;49;237;94;25;59;59;451
        Chiusano di San Domenico;864;717;147;1.087;454;156;273;204;1.951
        Contrada;1.220;999;221;1.385;417;219;502;247;2.604
        Conza della Campania;557;471;86;634;314;103;117;100;1.191
        Domicella;790;647;144;739;258;136;176;170;1.529
        Flumeri;1.186;968;218;1.330;593;179;324;234;2.516
        Fontanarosa;1.191;992;199;1.512;676;259;323;254;2.703
        Forino;2.121;1.680;441;2.465;738;392;904;431;4.586
        Frigento;1.554;1.337;217;1.664;804;297;300;264;3.218
        Gesualdo;1.464;1.217;247;1.612;739;281;326;266;3.076
        Greci;268;219;49;338;217;25;50;46;606
        Grottaminarda;3.571;2.883;688;3.375;1.391;643;756;586;6.946
        Grottolella;846;660;187;826;328;181;173;145;1.672
        Guardia Lombardi;706;581;125;785;462;109;97;117;1.491
        Lacedonia;981;841;141;1.024;495;202;162;165;2.005
        Lapio;639;520;119;688;316;118;153;101;1.327
        Lauro;1.560;1.298;262;1.421;627;271;259;265;2.981
        Lioni;2.689;2.243;446;2.674;1.138;440;634;462;5.362
        Luogosano;463;374;89;542;208;123;129;83;1.005
        Manocalzati;1.401;1.175;226;1.348;502;238;382;226;2.749
        Marzano di Nola;711;600;111;709;270;136;161;143;1.420
        Melito Irpino;789;649;140;869;388;123;213;145;1.658
        Mercogliano;5.276;4.359;917;5.307;1.934;1.060;1.361;952;10.583
        Mirabella Eclano;3.142;2.629;513;3.488;1.347;535;982;624;6.629
        Montaguto;147;124;23;216;132;22;31;31;362
        Montecalvo Irpino;1.415;1.155;260;1.739;867;283;333;256;3.154
        Montefalcione;1.355;1.091;264;1.466;622;217;392;235;2.821
        Monteforte Irpino;5.096;4.208;888;4.682;1.509;930;1.405;839;9.778
        Montefredane;938;764;174;1.005;411;191;246;157;1.943
        Montefusco;569;485;84;589;267;96;131;95;1.158
        Montella;3.145;2.606;539;3.545;1.375;588;1.060;523;6.690
        Montemarano;1.090;917;174;1.369;676;148;328;217;2.459
        Montemiletto;2.241;1.767;475;2.403;1.027;392;567;417;4.644
        Monteverde;327;273;54;362;170;74;72;46;689
        Montoro;7.858;6.626;1.232;8.187;2.503;1.454;2.802;1.428;16.045
        Morra De Sanctis;454;381;73;621;332;87;118;84;1.075
        Moschiano;742;496;246;634;252;109;122;151;1.376
        Mugnano del Cardinale;2.438;1.832;606;2.090;844;404;444;399;4.528
        Nusco;1.659;1.337;323;1.898;849;284;453;312;3.557
        Ospedaletto d'Alpinolo;954;766;188;844;308;165;220;152;1.798
        Pago del Vallo di Lauro;727;590;138;816;275;166;192;183;1.543
        Parolise;281;230;51;302;137;45;73;48;583
        Paternopoli;977;813;164;1.070;515;160;211;184;2.047
        Petruro Irpino;122;77;45;139;69;9;22;39;261
        Pietradefusi;938;744;194;1.086;431;172;266;218;2.024
        Pietrastornina;578;473;105;739;334;86;195;124;1.317
        Prata di Principato Ultra;1.257;1.025;232;1.312;419;221;396;276;2.569
        Pratola Serra;1.591;1.358;233;1.598;554;307;479;258;3.189
        Quadrelle;847;647;200;736;265;147;189;135;1.583
        Quindici;829;655;174;816;328;130;178;180;1.645
        Rocca San Felice;371;318;53;371;180;42;87;62;742
        Roccabascerana;920;730;190;1.125;458;181;277;209;2.044
        Rotondi;1.527;1.223;304;1.567;595;325;360;288;3.094
        Salza Irpina;316;252;64;354;142;38;113;61;670
        San Mango sul Calore;488;352;136;565;263;99;120;84;1.053
        San Martino Valle Caudina;1.890;1.523;367;2.292;914;403;543;432;4.181
        San Michele di Serino;1.071;865;206;1.101;376;205;322;198;2.172
        San Nicola Baronia;350;286;65;331;155;72;55;49;681
        San Potito Ultra;670;559;112;711;282;140;180;110;1.381
        San Sossio Baronia;646;531;115;770;367;119;147;138;1.416
        Santa Lucia di Serino;600;470;130;597;241;87;154;115;1.197
        Santa Paolina;529;441;88;592;251;85;152;105;1.121
        Sant'Andrea di Conza;593;477;116;740;385;148;114;94;1.333
        Sant'Angelo a Scala;299;222;77;348;147;38;87;76;647
        Sant'Angelo all'Esca;294;239;55;412;193;67;89;63;706
        Sant'Angelo dei Lombardi;1.813;1.505;309;1.898;876;284;353;385;3.711
        Santo Stefano del Sole;923;769;154;918;346;162;261;149;1.840
        Savignano Irpino;431;366;65;562;276;71;132;83;993
        Scampitella;511;434;77;551;313;77;79;83;1.062
        Senerchia;328;273;55;427;174;80;86;87;755
        Serino;2.913;2.372;541;3.133;1.251;437;771;674;6.046
        Sirignano;1.242;968;274;1.150;350;232;352;216;2.392
        Solofra;5.129;4.130;999;5.389;1.573;965;2.005;847;10.518
        Sorbo Serpico;259;203;56;264;111;52;59;43;523
        Sperone;1.585;1.304;281;1.615;497;290;527;301;3.200
        Sturno;1.225;1.005;220;1.373;602;238;298;236;2.598
        Summonte;714;564;150;643;255;104;166;119;1.357
        Taurano;695;575;120;619;223;122;155;120;1.314
        Taurasi;869;670;199;1.149;491;207;268;183;2.018
        Teora;578;468;111;751;388;100;155;108;1.329
        Torella dei Lombardi;781;661;120;1.012;447;145;254;167;1.793
        Torre Le Nocelle;531;389;143;601;232;99;160;111;1.132
        Torrioni;185;146;39;291;106;32;89;65;476
        Trevico;368;299;69;461;232;68;97;65;829
        Tufo;347;286;61;427;185;53;106;83;774
        Vallata;1.158;952;206;1.189;567;230;225;167;2.347
        Vallesaccarda;527;461;66;617;281;110;127;99;1.144
        Venticano;1.099;906;193;1.077;438;220;228;191;2.175
        Villamaina;390;322;68;437;201;84;77;76;826
        Villanova del Battista;638;546;92;793;385;118;164;127;1.431
        Volturara Irpina;1.220;973;248;1.563;685;226;382;271;2.783
        Zungoli;478;394;84;497;266;86;73;72;975
      Salerno;452.900;363.653;89.247;488.899;181.587;83.733;136.663;86.917;941.798
        Acerno;1.083;901;182;1.246;558;191;217;280;2.329
        Agropoli;9.190;7.244;1.946;9.800;3.411;1.733;2.737;1.920;18.990
        Albanella;2.652;2.126;526;2.898;1.229;437;702;530;5.550
        Alfano;284;214;70;583;232;83;164;104;867
        Altavilla Silentina;2.882;2.370;512;3.251;1.387;497;815;552;6.133
        Amalfi;2.319;2.120;199;2.062;901;308;579;274;4.381
        Angri;14.360;11.255;3.105;13.907;4.549;2.812;4.096;2.450;28.267
        Aquara;640;440;200;667;379;106;86;96;1.306
        Ascea;2.385;1.886;499;2.816;1.192;397;666;562;5.201
        Atena Lucana;992;851;141;1.081;407;182;298;194;2.073
        Atrani;373;335;38;365;166;42;106;51;738
        Auletta;876;690;186;1.128;490;166;266;206;2.004
        Baronissi;7.255;5.946;1.309;7.280;2.340;1.390;2.445;1.105;14.534
        Battipaglia;22.102;17.562;4.540;21.774;7.892;3.881;6.152;3.850;43.876
        Bellizzi;5.468;4.288;1.181;5.978;2.096;939;1.859;1.084;11.446
        Bellosguardo;294;253;42;410;231;57;54;69;704
        Bracigliano;2.223;1.732;491;2.371;728;466;735;442;4.594
        Buccino;1.924;1.556;368;2.421;1.222;355;472;372;4.345
        Buonabitacolo;1.049;834;215;1.134;448;206;293;187;2.183
        Caggiano;1.066;884;182;1.280;593;226;260;202;2.346
        Calvanico;629;499;130;642;221;107;188;126;1.271
        Camerota;2.453;1.752;701;3.818;1.439;445;985;949;6.271
        Campagna;7.182;5.558;1.624;7.361;2.636;1.330;1.812;1.584;14.543
        Campora;125;101;24;230;151;20;26;33;355
        Cannalonga;382;302;80;515;248;59;117;91;897
        Capaccio Paestum;9.980;7.899;2.081;10.032;3.440;1.577;2.873;2.142;20.012
        Casal Velino;2.204;1.799;405;2.437;1.030;348;596;464;4.641
        Casalbuono;427;352;76;591;256;97;151;87;1.018
        Casaletto Spartano;480;385;95;750;383;82;169;116;1.230
        Caselle in Pittari;782;619;163;891;470;121;154;146;1.673
        Castel San Giorgio;5.768;4.554;1.214;5.697;1.793;1.134;1.879;891;11.465
        Castel San Lorenzo;906;716;190;1.190;624;208;172;186;2.095
        Castelcivita;620;523;97;884;544;112;108;120;1.504
        Castellabate;3.612;2.842;771;4.236;1.455;565;1.400;817;7.848
        Castelnuovo Cilento;1.089;892;197;1.262;468;208;357;229;2.350
        Castelnuovo di Conza;216;180;36;326;137;29;77;84;542
        Castiglione del Genovesi;591;496;95;513;193;81;143;97;1.104
        Cava de' Tirreni;20.858;16.564;4.295;23.722;7.967;4.223;7.625;3.907;44.580
        Celle di Bulgheria;713;495;218;891;383;151;209;148;1.604
        Centola;1.900;1.483;417;2.583;1.062;322;598;601;4.483
        Ceraso;977;727;250;1.059;555;177;155;172;2.036
        Cetara;865;703;162;983;379;132;331;141;1.848
        Cicerale;480;398;83;571;312;68;96;96;1.051
        Colliano;1.439;1.135;305;1.629;754;237;325;314;3.068
        Conca dei Marini;314;285;29;281;118;41;77;45;595
        Controne;353;283;70;402;216;66;62;59;755
        Contursi Terme;1.410;1.190;220;1.400;613;297;258;232;2.810
        Corbara;1.029;827;202;1.097;371;195;352;180;2.126
        Corleto Monforte;235;206;29;260;149;36;36;39;495
        Cuccaro Vetere;221;190;31;287;139;46;62;40;508
        Eboli;16.772;13.026;3.746;16.744;5.668;2.820;4.646;3.611;33.516
        Felitto;471;388;83;645;345;86;112;103;1.116
        Fisciano;5.987;4.875;1.113;5.863;1.903;1.041;2.020;899;11.850
        Furore;340;284;56;302;119;41;86;56;642
        Futani;433;354;79;572;261;87;124;101;1.005
        Giffoni Sei Casali;2.141;1.774;367;2.202;793;410;606;394;4.343
        Giffoni Valle Piana;4.745;3.763;983;5.369;2.206;817;1.359;987;10.114
        Gioi;443;345;98;668;357;74;116;121;1.111
        Giungano;565;423;142;549;241;95;111;102;1.114
        Ispani;397;334;63;492;233;48;131;80;888
        Laureana Cilento;496;365;131;541;243;79;121;99;1.037
        Laurino;582;470;113;715;377;115;118;106;1.297
        Laurito;281;209;72;422;209;72;67;74;703
        Laviano;532;411;121;672;286;84;164;138;1.204
        Lustra;426;342;84;486;219;68;111;88;912
        Magliano Vetere;228;177;51;363;223;44;49;47;591
        Maiori;2.411;2.108;303;2.452;1.018;359;713;362;4.862
        Mercato San Severino;9.199;7.347;1.852;9.520;2.976;1.648;3.258;1.639;18.719
        Minori;1.178;1.031;147;1.207;544;167;322;175;2.385
        Moio della Civitella;737;599;138;921;420;179;181;141;1.658
        Montano Antilia;717;513;204;1.011;502;110;215;184;1.728
        Monte San Giacomo;551;444;108;789;367;130;163;129;1.340
        Montecorice;1.060;850;210;1.307;569;173;274;291;2.367
        Montecorvino Pugliano;4.853;3.991;862;4.232;1.228;842;1.409;753;9.085
        Montecorvino Rovella;5.064;3.885;1.179;5.396;1.971;921;1.502;1.002;10.460
        Monteforte Cilento;203;155;48;288;149;42;46;51;491
        Montesano sulla Marcellana;2.695;2.299;396;2.998;1.316;443;771;468;5.692
        Morigerati;213;184;29;378;163;31;93;91;591
        Nocera Inferiore;18.647;15.081;3.566;20.729;6.775;3.936;6.372;3.646;39.376
        Nocera Superiore;9.812;7.962;1.850;10.819;3.295;1.915;3.938;1.671;20.631
        Novi Velia;1.027;842;185;916;364;168;217;167;1.942
        Ogliastro Cilento;991;769;222;993;440;139;221;193;1.983
        Olevano sul Tusciano;2.673;2.090;583;3.049;1.114;513;890;533;5.722
        Oliveto Citra;1.630;1.397;233;1.612;740;283;279;310;3.242
        Omignano;694;548;146;707;295;95;192;125;1.401
        Orria;399;324;75;568;345;70;68;86;967
        Ottati;236;201;36;322;181;33;51;57;558
        Padula;2.180;1.813;367;2.488;950;379;736;423;4.668
        Pagani;14.620;11.052;3.568;15.178;4.690;2.948;4.737;2.803;29.798
        Palomonte;1.585;1.326;259;1.741;816;277;334;314;3.325
        Pellezzano;4.685;3.872;813;4.546;1.583;825;1.437;702;9.231
        Perdifumo;700;565;135;864;386;102;192;184;1.563
        Perito;380;286;94;428;227;71;63;67;807
        Pertosa;273;225;48;340;144;71;75;50;612
        Petina;436;358;79;541;220;94;128;99;977
        Piaggine;453;352;101;728;398;125;112;93;1.180
        Pisciotta;1.023;805;218;1.317;655;167;238;257;2.340
        Polla;2.120;1.815;305;2.427;990;394;689;355;4.547
        Pollica;913;759;154;1.147;541;135;254;217;2.060
        Pontecagnano Faiano;11.242;9.148;2.094;11.187;4.044;1.833;3.233;2.077;22.428
        Positano;1.889;1.748;141;1.503;589;247;431;236;3.391
        Postiglione;816;662;154;1.027;475;145;221;187;1.843
        Praiano;902;806;96;877;341;121;281;134;1.779
        Prignano Cilento;432;333;99;492;200;64;133;95;924
        Ravello;1.202;1.101;101;995;437;137;272;149;2.197
        Ricigliano;383;306;77;649;343;89;101;116;1.032
        Roccadaspide;2.854;2.328;526;3.321;1.611;514;657;539;6.175
        Roccagloriosa;580;470;110;877;388;107;236;146;1.457
        Roccapiemonte;3.583;2.961;622;4.086;1.354;715;1.335;682;7.668
        Rofrano;489;356;133;832;348;99;226;159;1.320
        Romagnano al Monte;139;116;23;199;83;28;50;39;338
        Roscigno;281;195;86;365;198;45;55;68;646
        Rutino;333;255;78;370;148;49;97;77;703
        Sacco;148;117;31;280;176;28;31;45;428
        Sala Consilina;5.244;4.441;803;5.510;2.166;855;1.640;849;10.753
        Salento;821;656;165;884;403;143;174;164;1.705
        Salerno;56.516;46.747;9.769;60.352;24.372;10.714;15.290;9.976;116.867
        Salvitelle;184;138;46;292;161;28;61;42;476
        San Cipriano Picentino;2.824;2.332;492;2.740;939;488;860;453;5.564
        San Giovanni a Piro;1.361;1.052;309;1.920;751;244;559;366;3.280
        San Gregorio Magno;1.671;1.320;351;2.025;1.105;328;297;296;3.696
        San Mango Piemonte;1.215;969;247;1.082;354;220;338;171;2.297
        San Marzano sul Sarno;4.311;3.317;994;4.523;1.434;834;1.238;1.018;8.834
        San Mauro Cilento;371;311;60;413;230;41;64;78;784
        San Mauro la Bruca;221;159;62;283;166;42;33;42;504
        San Pietro al Tanagro;715;600;115;725;299;137;183;106;1.440
        San Rufo;670;557;113;784;329;98;212;146;1.454
        San Valentino Torio;4.489;3.573;916;4.502;1.230;892;1.380;1.001;8.991
        Santa Marina;1.242;975;268;1.497;618;177;426;277;2.739
        Sant'Angelo a Fasanella;197;162;35;321;194;32;49;46;518
        Sant'Arsenio;1.139;953;186;1.271;547;227;308;190;2.410
        Sant'Egidio del Monte Albino;3.478;2.846;632;3.946;1.137;706;1.381;722;7.424
        Santomenna;156;133;24;227;115;21;35;57;383
        Sanza;1.010;816;194;1.261;528;225;260;248;2.271
        Sapri;2.733;2.213;520;3.149;1.379;485;749;536;5.882
        Sarno;12.427;9.558;2.869;14.012;4.384;2.443;4.400;2.785;26.439
        Sassano;2.099;1.699;400;2.205;983;331;520;372;4.304
        Scafati;20.628;15.971;4.657;21.389;6.228;4.394;6.883;3.885;42.017
        Scala;679;599;80;656;281;70;202;103;1.334
        Serramezzana;126;96;30;148;77;15;29;28;274
        Serre;1.635;1.302;333;1.723;723;251;455;295;3.358
        Sessa Cilento;503;389;114;620;323;82;111;104;1.123
        Siano;3.897;3.145;752;4.404;1.376;837;1.392;799;8.300
        Sicignano degli Alburni;1.379;1.118;261;1.576;712;237;319;309;2.955
        Stella Cilento;266;207;59;361;197;55;56;54;627
        Stio;308;245;63;435;206;81;78;70;742
        Teggiano;3.001;2.496;505;3.815;1.640;575;983;617;6.816
        Torchiara;825;692;133;755;292;134;207;122;1.580
        Torraca;498;400;98;588;257;84;147;100;1.086
        Torre Orsaia;751;591;160;1.081;516;138;250;177;1.832
        Tortorella;170;142;28;272;155;22;53;42;441
        Tramonti;1.749;1.485;264;1.788;709;267;502;310;3.537
        Trentinara;649;475;174;784;374;123;143;144;1.433
        Valle dell'Angelo;85;69;16;134;85;15;18;16;218
        Vallo della Lucania;3.557;2.994;563;3.754;1.584;811;766;593;7.311
        Valva;610;495;115;806;336;112;176;183;1.416
        Vibonati;1.273;1.076;197;1.662;668;229;395;370;2.935
        Vietri sul Mare;3.103;2.422;681;3.621;1.292;528;1.192;609;6.723
    Puglia;1.630.412;1.291.996;338.416;1.824.556;702.794;289.893;541.662;290.208;3.454.968
      Foggia;246.660;188.758;57.902;280.958;102.557;46.657;87.010;44.734;527.618
        Accadia;928;719;209;1.085;569;161;213;142;2.013
        Alberona;344;259;85;493;257;65;93;79;837
        Anzano di Puglia;451;347;104;632;306;124;107;96;1.083
        Apricena;4.840;3.770;1.070;6.208;2.041;987;2.379;801;11.048
        Ascoli Satriano;2.585;2.116;469;2.657;1.096;393;753;415;5.242
        Biccari;1.034;860;175;1.355;658;179;261;257;2.389
        Bovino;1.200;1.028;172;1.654;847;222;409;176;2.854
        Cagnano Varano;2.494;1.814;680;3.554;1.673;514;703;664;6.048
        Candela;1.129;919;210;1.249;473;258;300;218;2.378
        Carapelle;2.632;2.017;616;2.854;911;448;1.043;453;5.486
        Carlantino;330;236;94;518;244;84;88;102;848
        Carpino;1.675;1.226;449;1.938;1.024;291;305;319;3.613
        Casalnuovo Monterotaro;523;445;78;771;414;109;151;97;1.293
        Casalvecchio di Puglia;727;541;186;890;434;140;199;117;1.617
        Castelluccio dei Sauri;918;726;192;871;380;141;223;127;1.789
        Castelluccio Valmaggiore;472;390;82;640;288;105;139;108;1.111
        Castelnuovo della Daunia;515;428;87;700;319;91;173;117;1.215
        Celenza Valfortore;459;360;99;905;504;107;182;112;1.363
        Celle di San Vito;58;41;17;93;46;8;14;25;151
        Cerignola;23.326;17.252;6.074;23.254;6.179;4.030;8.225;4.820;46.580
        Chieuti;670;518;152;799;334;112;272;81;1.469
        Deliceto;1.511;1.260;251;1.673;832;273;341;228;3.184
        Faeto;244;199;45;292;129;43;65;55;536
        Foggia;61.793;49.005;12.788;68.546;24.877;11.272;21.921;10.476;130.339
        Ischitella;1.712;1.249;463;2.053;916;267;435;436;3.765
        Isole Tremiti;263;193;70;162;80;11;45;26;425
        Lesina;2.426;1.869;557;3.046;1.099;467;1.051;429;5.472
        Lucera;13.208;10.138;3.070;15.004;5.390;2.680;4.803;2.131;28.212
        Manfredonia;21.564;16.365;5.199;26.659;9.133;4.323;9.476;3.728;48.222
        Mattinata;2.418;1.644;774;2.879;1.266;456;666;492;5.297
        Monte Sant'Angelo;4.399;3.549;851;6.078;2.423;1.055;1.802;798;10.477
        Monteleone di Puglia;399;321;78;482;215;91;86;90;881
        Motta Montecorvino;256;228;28;375;223;52;51;49;631
        Ordona;1.158;924;234;1.160;461;193;305;201;2.318
        Orsara di Puglia;1.018;831;187;1.370;765;189;243;174;2.388
        Orta Nova;7.192;5.563;1.629;7.475;2.641;1.296;2.300;1.238;14.667
        Panni;270;233;38;412;253;49;64;47;682
        Peschici;1.916;1.091;825;1.812;695;257;505;355;3.728
        Pietramontecorvino;995;837;158;1.304;620;210;346;129;2.299
        Poggio Imperiale;949;705;244;1.333;565;183;450;135;2.282
        Rignano Garganico;712;576;136;1.071;470;179;279;143;1.783
        Rocchetta Sant'Antonio;726;611;115;882;422;141;181;138;1.608
        Rodi Garganico;1.424;943;481;1.708;605;232;471;400;3.132
        Roseto Valfortore;364;287;77;548;262;59;138;89;912
        San Giovanni Rotondo;11.584;9.484;2.100;11.593;4.284;2.709;2.929;1.671;23.177
        San Marco in Lamis;5.254;4.046;1.208;6.132;2.272;1.227;1.750;883;11.386
        San Marco la Catola;327;251;77;541;261;66;117;98;868
        San Nicandro Garganico;5.184;3.824;1.360;7.959;2.891;1.139;2.391;1.538;13.143
        San Paolo di Civitate;2.247;1.728;519;2.627;900;447;822;458;4.874
        San Severo;20.339;14.521;5.818;22.609;6.818;3.685;8.546;3.560;42.947
        Sant'Agata di Puglia;768;666;102;869;462;113;127;167;1.637
        Serracapriola;1.416;1.133;283;1.951;771;256;525;399;3.367
        Stornara;2.323;1.765;558;2.407;770;389;770;478;4.730
        Stornarella;2.214;1.758;456;2.158;806;393;586;373;4.372
        Torremaggiore;6.780;5.411;1.369;7.574;2.943;1.454;2.174;1.003;14.354
        Troia;2.947;2.346;601;3.106;1.456;576;716;359;6.053
        Vico del Gargano;2.824;1.989;835;3.650;1.522;491;959;678;6.474
        Vieste;6.207;3.619;2.588;5.691;1.939;784;1.784;1.184;11.898
        Volturara Appula;126;105;21;258;159;16;58;26;384
        Volturino;607;528;79;859;457;119;162;121;1.465
        Zapponeta;1.289;955;334;1.533;510;249;344;430;2.822
      Bari;520.632;424.979;95.653;551.620;204.293;90.208;177.898;79.221;1.072.252
        Acquaviva delle Fonti;8.536;7.062;1.474;9.224;4.019;1.704;2.293;1.208;17.760
        Adelfia;7.064;5.693;1.372;7.482;2.750;1.196;2.375;1.161;14.546
        Alberobello;4.678;4.069;609;4.759;2.426;681;1.002;650;9.437
        Altamura;29.286;23.948;5.339;29.481;8.631;6.403;10.824;3.623;58.767
        Bari;133.332;109.388;23.944;144.992;55.017;21.332;47.159;21.484;278.323
        Binetto;936;741;195;950;291;185;345;129;1.885
        Bitetto;5.141;4.306;835;4.919;1.668;842;1.795;614;10.060
        Bitonto;22.061;16.957;5.104;23.354;7.303;4.260;8.051;3.740;45.415
        Bitritto;5.177;4.332;845;4.439;1.511;797;1.528;604;9.616
        Capurso;6.384;5.182;1.202;6.689;2.176;984;2.442;1.087;13.073
        Casamassima;8.450;7.024;1.426;8.137;2.928;1.259;2.774;1.176;16.587
        Cassano delle Murge;6.239;5.043;1.196;6.395;2.433;1.063;1.956;944;12.634
        Castellana Grotte;8.801;7.479;1.322;8.022;3.780;1.242;1.895;1.105;16.823
        Cellamare;2.592;2.145;447;2.265;663;442;854;306;4.857
        Conversano;11.267;9.328;1.939;11.216;4.761;1.872;2.755;1.828;22.483
        Corato;19.721;15.853;3.868;21.208;6.578;3.757;8.019;2.854;40.928
        Gioia del Colle;10.985;9.260;1.725;12.911;5.362;1.850;3.888;1.812;23.896
        Giovinazzo;7.900;6.584;1.316;9.319;3.411;1.443;3.360;1.105;17.219
        Gravina in Puglia;18.123;14.166;3.957;18.475;5.825;3.942;5.868;2.841;36.598
        Grumo Appula;4.943;3.853;1.091;5.826;1.842;938;2.113;933;10.769
        Locorotondo;6.201;5.222;980;6.145;3.033;914;1.437;762;12.346
        Modugno;15.658;12.811;2.847;16.960;5.757;2.566;6.485;2.153;32.618
        Mola di Bari;10.113;7.746;2.367;11.850;4.341;1.720;4.157;1.633;21.963
        Molfetta;22.950;19.127;3.823;28.037;10.370;4.014;10.005;3.648;50.987
        Monopoli;21.221;17.237;3.984;20.925;8.368;3.052;6.424;3.082;42.146
        Noci;8.188;7.068;1.120;8.434;3.689;1.330;2.328;1.088;16.622
        Noicattaro;11.761;9.720;2.041;10.701;3.648;2.162;3.388;1.503;22.462
        Palo del Colle;8.494;6.692;1.802;9.360;2.788;1.541;3.716;1.315;17.854
        Poggiorsini;630;488;142;660;214;156;145;145;1.290
        Polignano a Mare;7.912;6.551;1.361;7.520;3.488;1.201;1.738;1.093;15.432
        Putignano;11.378;9.628;1.750;11.695;5.817;1.789;2.583;1.506;23.073
        Rutigliano;7.949;6.536;1.413;7.993;2.931;1.406;2.472;1.185;15.942
        Ruvo di Puglia;10.191;8.319;1.872;11.458;4.049;1.948;3.966;1.496;21.648
        Sammichele di Bari;2.496;2.101;395;3.099;1.598;445;631;425;5.595
        Sannicandro di Bari;4.150;3.210;941;4.220;1.461;746;1.303;711;8.370
        Santeramo in Colle;10.918;8.676;2.242;11.630;4.624;2.173;2.956;1.877;22.548
        Terlizzi;11.046;8.884;2.162;11.766;4.030;2.171;3.792;1.773;22.812
        Toritto;3.226;2.579;647;3.946;1.399;634;1.309;604;7.172
        Triggiano;11.468;9.213;2.255;11.676;4.027;1.905;3.853;1.892;23.144
        Turi;5.664;4.656;1.008;5.618;2.430;880;1.339;969;11.282
        Valenzano;7.404;6.106;1.298;7.866;2.858;1.268;2.579;1.161;15.270
      Taranto;225.862;178.805;47.057;268.079;104.434;40.633;80.973;42.039;493.940
        Avetrana;2.418;1.810;608;3.327;1.484;417;756;670;5.745
        Carosino;2.793;2.268;525;3.058;1.170;550;994;345;5.851
        Castellaneta;6.784;5.452;1.332;7.785;3.268;1.143;2.275;1.099;14.568
        Crispiano;5.073;4.201;872;6.354;2.492;866;2.163;833;11.427
        Faggiano;1.297;1.028;269;1.698;646;217;600;235;2.995
        Fragagnano;1.915;1.581;334;2.600;1.183;375;596;448;4.515
        Ginosa;9.464;7.160;2.304;9.481;3.907;1.573;2.461;1.540;18.944
        Grottaglie;13.223;10.355;2.868;14.240;5.915;2.577;3.716;2.032;27.463
        Laterza;6.288;5.103;1.185;6.501;2.795;1.188;1.593;926;12.789
        Leporano;3.401;2.732;669;3.539;1.269;524;1.277;470;6.940
        Lizzano;3.781;2.796;985;4.763;1.835;727;1.235;966;8.544
        Manduria;11.946;8.961;2.985;14.862;6.300;2.121;3.588;2.853;26.808
        Martina Franca;20.215;16.706;3.510;21.882;9.259;3.292;5.980;3.351;42.097
        Maruggio;1.975;1.546;429;2.720;1.253;341;642;484;4.695
        Massafra;13.273;10.591;2.682;14.329;5.566;2.304;4.341;2.118;27.601
        Monteiasi;2.140;1.745;395;2.578;1.075;361;840;302;4.718
        Montemesola;1.418;1.113;305;1.888;807;274;588;219;3.305
        Monteparano;902;707;195;1.146;503;143;364;136;2.048
        Mottola;6.247;5.198;1.049;7.535;3.208;1.166;2.142;1.019;13.782
        Palagianello;3.101;2.461;640;3.464;1.483;550;904;527;6.564
        Palagiano;6.590;5.271;1.319;7.175;3.011;1.287;1.770;1.107;13.765
        Pulsano;4.553;3.510;1.043;5.333;1.998;752;1.694;889;9.886
        Roccaforzata;706;560;146;841;314;118;299;110;1.546
        San Giorgio Ionico;5.779;4.688;1.091;6.925;2.655;1.153;2.311;806;12.704
        San Marzano di San Giuseppe;3.689;2.889;800;4.004;1.587;733;1.042;642;7.693
        Sava;5.884;4.360;1.524;7.646;3.196;1.104;1.933;1.413;13.530
        Statte;4.764;3.748;1.016;6.821;2.303;931;2.755;832;11.585
        Taranto;74.622;58.986;15.636;93.518;33.017;13.575;31.684;15.242;168.139
        Torricella;1.624;1.280;344;2.069;937;273;432;427;3.693
      Brindisi;162.543;126.347;36.196;176.847;75.018;26.533;44.503;30.794;339.390
        Brindisi;34.784;26.752;8.032;39.497;13.760;5.886;13.301;6.550;74.281
        Carovigno;7.309;5.475;1.834;7.490;2.998;1.146;1.588;1.758;14.799
        Ceglie Messapica;7.901;6.120;1.781;9.152;4.298;1.245;1.815;1.794;17.052
        Cellino San Marco;2.580;1.946;634;3.056;1.558;379;648;471;5.636
        Cisternino;4.789;4.060;729;5.390;2.957;770;902;762;10.179
        Erchie;3.678;2.646;1.032;3.730;1.604;731;745;650;7.408
        Fasano;17.861;14.178;3.683;16.363;6.932;2.443;4.296;2.692;34.223
        Francavilla Fontana;15.248;12.044;3.204;15.358;5.926;2.602;4.298;2.532;30.606
        Latiano;5.913;4.653;1.260;6.482;2.841;977;1.467;1.198;12.395
        Mesagne;10.902;8.333;2.570;12.014;5.597;1.712;2.721;1.984;22.916
        Oria;5.994;4.585;1.409;7.009;2.834;1.057;1.725;1.393;13.003
        Ostuni;13.178;10.463;2.715;14.160;6.556;2.040;3.210;2.354;27.338
        San Donaci;2.551;2.042;509;3.074;1.489;467;498;620;5.624
        San Michele Salentino;2.527;2.026;501;2.903;1.451;423;546;483;5.430
        San Pancrazio Salentino;3.913;3.009;905;4.740;2.268;734;943;796;8.653
        San Pietro Vernotico;5.373;4.080;1.293;6.462;3.094;915;1.398;1.055;11.834
        San Vito dei Normanni;7.376;5.859;1.517;9.204;4.007;1.296;2.294;1.607;16.579
        Torchiarolo;2.205;1.615;590;2.451;1.121;365;564;401;4.655
        Torre Santa Susanna;4.470;3.298;1.172;4.538;2.039;746;896;858;9.008
        Villa Castelli;3.994;3.166;828;3.777;1.689;600;650;838;7.771
      Lecce;315.561;250.452;65.109;374.065;165.326;56.716;86.330;65.694;689.626
        Acquarica del Capo;1.716;1.225;491;2.283;961;340;521;461;3.998
        Alessano;2.385;1.897;488;3.205;1.304;554;724;623;5.589
        Alezio;2.157;1.682;475;2.667;1.132;384;750;402;4.824
        Alliste;2.567;1.883;684;3.204;1.351;438;746;670;5.771
        Andrano;1.818;1.505;314;2.401;1.186;443;396;376;4.219
        Aradeo;3.518;2.746;772;4.439;1.775;605;1.121;938;7.956
        Arnesano;1.640;1.310;330;1.802;768;315;437;282;3.442
        Bagnolo del Salento;667;541;126;947;415;150;226;157;1.614
        Botrugno;990;813;177;1.414;751;215;237;211;2.404
        Calimera;2.693;2.236;457;3.324;1.773;459;679;414;6.017
        Campi Salentina;3.998;3.158;840;4.916;2.196;769;1.110;841;8.914
        Cannole;605;501;104;879;436;118;167;158;1.484
        Caprarica di Lecce;880;743;137;1.248;700;149;267;133;2.128
        Carmiano;4.724;3.718;1.006;5.636;2.656;845;1.205;930;10.360
        Carpignano Salentino;1.450;1.107;343;1.835;955;227;386;267;3.284
        Casarano;8.515;6.711;1.804;8.777;3.704;1.448;2.131;1.494;17.292
        Castri di Lecce;1.175;931;244;1.364;641;220;308;195;2.539
        Castrignano de' Greci;1.479;1.186;293;1.992;888;284;474;346;3.471
        Castrignano del Capo;1.936;1.554;382;2.713;1.266;360;628;459;4.649
        Castro;886;733;153;1.280;630;211;287;152;2.166
        Cavallino;5.633;4.700;933;5.162;1.960;1.019;1.495;688;10.795
        Collepasso;2.176;1.755;421;3.064;1.624;443;615;382;5.240
        Copertino;9.233;7.068;2.165;11.246;5.050;1.723;2.118;2.355;20.479
        Corigliano d'Otranto;2.250;1.895;356;2.837;1.313;433;708;383;5.087
        Corsano;2.128;1.687;442;2.546;1.063;536;434;513;4.674
        Cursi;1.547;1.272;275;2.020;866;297;550;307;3.567
        Cutrofiano;3.378;2.759;619;4.429;1.980;589;1.118;742;7.806
        Diso;1.095;914;181;1.586;847;217;267;255;2.681
        Gagliano del Capo;1.884;1.441;443;2.661;1.092;430;577;562;4.545
        Galatina;10.561;8.752;1.809;12.722;5.446;1.963;3.419;1.894;23.283
        Galatone;6.035;4.766;1.269;7.255;2.828;1.150;1.999;1.278;13.290
        Gallipoli;8.252;6.339;1.913;9.749;3.474;1.315;2.883;2.077;18.001
        Giuggianello;443;354;89;594;294;90;132;79;1.037
        Giurdignano;767;588;179;892;453;124;205;110;1.659
        Guagnano;2.035;1.620;415;3.002;1.600;333;599;470;5.037
        Lecce;40.970;33.402;7.569;41.229;18.364;6.128;9.838;6.900;82.199
        Lequile;3.526;2.902;624;3.774;1.543;613;911;708;7.300
        Leverano;5.471;4.186;1.285;6.462;2.983;1.005;1.227;1.247;11.933
        Lizzanello;5.089;4.087;1.002;4.828;1.905;717;1.294;912;9.917
        Maglie;5.664;4.803;861;6.767;3.179;1.073;1.654;862;12.431
        Martano;3.405;2.713;692;4.413;2.074;594;954;792;7.818
        Martignano;614;481;133;808;397;132;159;120;1.421
        Matino;4.441;3.463;978;5.381;2.286;780;1.237;1.079;9.822
        Melendugno;4.192;3.120;1.072;4.574;2.169;637;1.064;704;8.766
        Melissano;2.603;2.002;602;3.497;1.523;516;729;729;6.100
        Melpignano;876;726;150;1.089;495;173;269;152;1.965
        Miggiano;1.337;1.050;287;1.695;854;283;327;231;3.032
        Minervino di Lecce;1.400;1.113;287;1.775;967;216;324;269;3.175
        Monteroni di Lecce;5.640;4.304;1.337;6.397;2.577;969;1.559;1.292;12.037
        Montesano Salentino;1.125;907;219;1.159;565;242;203;149;2.284
        Morciano di Leuca;1.087;866;222;1.795;866;220;305;405;2.882
        Muro Leccese;1.908;1.541;368;2.458;1.153;393;589;323;4.366
        Nardò;12.427;9.882;2.545;14.649;5.984;2.187;3.278;3.200;27.076
        Neviano;1.835;1.451;384;2.773;1.217;378;651;528;4.608
        Nociglia;800;643;157;1.201;600;200;235;167;2.001
        Novoli;2.971;2.338;633;4.018;1.802;622;815;779;6.989
        Ortelle;924;714;210;1.202;599;215;195;193;2.126
        Otranto;2.482;1.967;515;2.725;1.156;323;639;608;5.207
        Palmariggi;548;450;98;745;389;94;152;111;1.293
        Parabita;3.434;2.792;642;4.401;1.978;647;987;789;7.834
        Patù;646;499;147;847;381;124;212;130;1.493
        Poggiardo;2.401;1.941;460;2.873;1.299;465;654;456;5.274
        Porto Cesareo;2.564;1.876;689;2.798;1.000;360;771;667;5.362
        Presicce;1.881;1.363;518;2.697;1.287;336;581;493;4.578
        Presicce-Acquarica;..;..;..;..;..;..;..;..;..
        Racale;4.352;3.351;1.001;5.053;2.028;786;1.200;1.040;9.405
        Ruffano;3.646;2.812;834;4.575;1.927;692;943;1.013;8.221
        Salice Salentino;3.029;2.391;638;4.137;1.940;593;936;668;7.166
        Salve;1.585;1.234;351;2.533;1.263;285;521;465;4.118
        San Cassiano;760;641;120;1.033;551;159;165;158;1.793
        San Cesario di Lecce;3.342;2.802;540;3.652;1.553;535;961;603;6.994
        San Donato di Lecce;2.232;1.838;394;2.673;1.289;374;624;387;4.905
        San Pietro in Lama;1.364;1.078;286;1.675;819;201;363;293;3.039
        Sanarica;551;457;94;711;354;85;172;100;1.262
        Sannicola;2.144;1.680;464;3.000;1.383;367;712;538;5.144
        Santa Cesarea Terme;1.209;982;227;1.429;780;212;266;172;2.638
        Scorrano;2.740;2.191;549;3.231;1.399;500;814;519;5.971
        Seclì;682;548;134;979;381;182;226;190;1.661
        Sogliano Cavour;1.522;1.236;286;2.000;897;298;474;331;3.522
        Soleto;2.090;1.743;347;2.653;1.158;448;679;368;4.743
        Specchia;1.907;1.481;426;2.243;1.006;401;454;383;4.150
        Spongano;1.376;1.161;216;1.788;859;303;362;264;3.164
        Squinzano;5.581;4.138;1.443;6.745;3.154;907;1.487;1.197;12.326
        Sternatia;849;719;130;1.155;630;162;233;130;2.003
        Supersano;1.626;1.264;362;2.066;926;291;436;414;3.692
        Surano;614;516;99;817;441;129;128;119;1.431
        Surbo;6.435;5.164;1.271;6.078;2.409;1.053;1.723;893;12.513
        Taurisano;4.625;3.377;1.248;5.313;1.947;944;1.219;1.203;9.937
        Taviano;4.428;3.579;849;5.895;2.624;928;1.253;1.090;10.323
        Tiggiano;1.127;928;199;1.300;536;272;295;197;2.427
        Trepuzzi;5.717;4.399;1.318;6.675;3.060;1.025;1.537;1.054;12.392
        Tricase;7.089;5.822;1.267;8.049;3.455;1.658;1.656;1.280;15.137
        Tuglie;1.946;1.565;382;2.567;1.151;357;680;379;4.513
        Ugento;4.776;3.497;1.279;5.906;2.303;795;1.285;1.523;10.682
        Uggiano la Chiesa;1.742;1.295;448;2.105;1.116;286;443;260;3.847
        Veglie;5.373;4.012;1.361;6.569;2.896;1.033;1.475;1.166;11.942
        Vernole;2.853;2.264;589;3.384;1.681;492;682;530;6.237
        Zollino;777;624;153;960;448;132;203;178;1.737
      Barletta-Andria-Trani;159.155;122.656;36.499;172.988;51.167;29.147;64.948;27.726;332.142
        Andria;41.235;31.330;9.905;42.845;11.671;7.151;17.713;6.310;84.080
        Barletta;38.750;29.700;9.050;41.367;11.430;7.576;16.417;5.945;80.117
        Bisceglie;23.054;18.673;4.381;23.932;7.702;3.643;8.409;4.178;46.986
        Canosa di Puglia;11.537;8.922;2.615;14.025;4.244;2.353;4.833;2.595;25.562
        Margherita di Savoia;4.408;3.332;1.076;5.767;1.932;869;1.912;1.055;10.175
        Minervino Murge;3.263;2.628;635;4.373;1.667;685;1.301;720;7.636
        San Ferdinando di Puglia;5.777;4.601;1.176;6.096;2.227;1.129;1.650;1.091;11.873
        Spinazzola;2.513;2.004;509;3.072;1.160;514;896;504;5.585
        Trani;23.025;17.374;5.651;25.011;7.188;4.121;9.605;4.097;48.036
        Trinitapoli;5.593;4.092;1.501;6.500;1.948;1.107;2.213;1.232;12.092
    Basilicata;246.210;197.071;49.139;245.998;108.359;42.978;58.466;36.195;492.208
      Potenza;160.963;129.317;31.646;159.340;73.847;27.671;35.035;22.787;320.302
        Abriola;582;461;121;660;338;83;135;105;1.242
        Acerenza;1.007;785;222;1.090;533;179;232;146;2.096
        Albano di Lucania;643;542;101;592;299;106;114;74;1.235
        Anzi;714;525;189;745;344;134;163;104;1.458
        Armento;246;197;49;283;142;29;52;61;529
        Atella;1.667;1.360;307;1.671;736;353;342;240;3.338
        Avigliano;5.013;4.144;869;4.703;2.088;866;1.177;572;9.716
        Balvano;813;639;175;800;408;99;167;127;1.613
        Banzi;520;422;98;656;325;113;123;96;1.176
        Baragiano;1.155;906;249;1.131;521;177;258;175;2.286
        Barile;1.236;966;270;1.214;550;245;243;177;2.450
        Bella;2.150;1.691;459;2.190;985;331;552;322;4.339
        Brienza;1.725;1.378;347;1.772;790;308;399;275;3.497
        Brindisi Montagna;411;328;83;362;154;80;75;53;773
        Calvello;739;623;116;912;462;128;151;172;1.651
        Calvera;160;107;53;196;113;20;29;35;356
        Campomaggiore;315;246;69;391;192;75;78;46;706
        Cancellara;516;427;89;613;326;99;93;95;1.128
        Carbone;196;151;45;355;226;33;41;55;551
        Castelgrande;370;289;81;451;235;51;104;61;821
        Castelluccio Inferiore;851;691;160;953;483;132;225;113;1.803
        Castelluccio Superiore;287;228;59;393;207;37;73;76;680
        Castelmezzano;311;272;39;392;240;42;53;57;703
        Castelsaraceno;544;446;98;640;344;83;110;103;1.184
        Castronuovo di Sant'Andrea;361;309;52;584;369;57;68;90;945
        Cersosimo;238;186;52;325;188;40;34;63;563
        Chiaromonte;803;630;173;921;444;120;164;194;1.724
        Corleto Perticara;1.095;913;182;1.168;614;142;178;234;2.263
        Episcopia;546;419;127;653;344;86;131;92;1.198
        Fardella;242;204;38;297;183;30;36;48;539
        Filiano;1.297;1.078;219;1.276;620;219;272;165;2.573
        Forenza;826;669;158;954;460;144;180;170;1.780
        Francavilla in Sinni;1.773;1.407;366;1.848;805;283;355;405;3.620
        Gallicchio;371;299;72;414;205;71;66;73;785
        Genzano di Lucania;2.355;1.858;497;2.565;1.201;440;583;342;4.920
        Ginestra;304;254;50;319;143;55;60;61;623
        Grumento Nova;707;582;125;760;369;90;155;146;1.467
        Guardia Perticara;240;192;48;259;137;36;40;46;499
        Lagonegro;2.440;2.089;351;2.219;1.130;453;393;243;4.659
        Latronico;1.746;1.403;343;2.196;1.204;311;409;273;3.942
        Laurenzana;731;557;175;806;408;122;191;86;1.537
        Lauria;5.357;4.492;865;5.734;2.843;947;1.180;764;11.091
        Lavello;5.921;4.642;1.279;5.529;2.196;1.028;1.396;909;11.450
        Maratea;2.105;1.626;479;2.387;1.129;264;381;613;4.492
        Marsico Nuovo;1.652;1.352;300;1.983;1.022;282;409;270;3.634
        Marsicovetere;2.624;2.204;420;2.064;805;425;558;276;4.688
        Maschito;673;538;135;775;375;100;193;107;1.448
        Melfi;8.282;6.716;1.566;6.609;2.482;1.388;1.758;981;14.891
        Missanello;221;166;55;288;131;44;57;57;509
        Moliterno;1.652;1.333;319;1.775;873;227;433;242;3.427
        Montemilone;641;471;170;736;328;104;210;95;1.377
        Montemurro;501;409;92;575;290;81;105;99;1.076
        Muro Lucano;2.239;1.718;521;2.511;1.189;330;619;374;4.750
        Nemoli;594;488;106;689;368;98;142;82;1.283
        Noepoli;326;264;62;432;262;42;51;77;758
        Oppido Lucano;1.620;1.270;350;1.631;744;332;383;173;3.251
        Palazzo San Gervasio;2.132;1.602;530;2.031;773;395;558;305;4.163
        Paterno;1.357;1.083;274;1.535;690;232;375;238;2.892
        Pescopagano;774;664;110;855;457;147;156;95;1.629
        Picerno;2.430;1.999;431;2.689;1.271;484;617;318;5.119
        Pietragalla;1.720;1.426;294;1.802;920;292;379;211;3.522
        Pietrapertosa;404;338;67;470;264;52;64;90;874
        Pignola;3.351;2.808;543;2.560;925;606;700;329;5.911
        Potenza;31.472;25.489;5.984;27.495;12.549;5.531;6.140;3.275;58.967
        Rapolla;1.935;1.503;432;1.731;695;321;398;317;3.666
        Rapone;384;330;54;460;244;65;95;56;844
        Rionero in Vulture;6.065;4.898;1.167;5.215;2.313;1.091;1.076;735;11.280
        Ripacandida;748;597;151;749;355;156;153;85;1.497
        Rivello;1.132;926;206;1.234;639;187;248;161;2.366
        Roccanova;588;480;108;728;390;107;103;128;1.315
        Rotonda;1.445;1.148;297;1.628;786;249;353;240;3.073
        Ruoti;1.583;1.249;334;1.479;677;247;393;162;3.062
        Ruvo del Monte;421;323;99;516;256;76;125;60;937
        San Chirico Nuovo;517;424;93;662;386;100;95;82;1.179
        San Chirico Raparo;371;303;68;561;319;63;98;81;932
        San Costantino Albanese;271;226;45;346;230;34;38;44;617
        San Fele;1.061;899;162;1.546;895;177;231;243;2.607
        San Martino d'Agri;262;221;41;394;230;44;53;68;656
        San Paolo Albanese;81;67;14;151;105;15;13;18;232
        San Severino Lucano;609;510;99;782;443;99;98;142;1.391
        Sant'Angelo Le Fratte;581;446;135;611;272;92;135;112;1.192
        Sant'Arcangelo;2.711;2.010;701;2.764;1.137;472;771;384;5.474
        Sarconi;613;505;109;631;300;89;147;96;1.244
        Sasso di Castalda;341;279;62;380;196;39;62;83;720
        Satriano di Lucania;1.011;821;190;1.021;438;188;201;194;2.031
        Savoia di Lucania;456;359;97;510;264;69;108;69;966
        Senise;3.057;2.219;838;3.023;1.292;552;656;523;6.079
        Spinoso;588;466;122;693;332;109;147;105;1.281
        Teana;231;183;48;291;157;45;47;42;522
        Terranova di Pollino;517;407;110;528;328;81;53;66;1.044
        Tito;3.278;2.699;579;2.862;1.105;561;839;357;6.140
        Tolve;1.410;1.053;357;1.409;640;305;307;157;2.819
        Tramutola;1.317;1.092;225;1.322;581;252;317;172;2.639
        Trecchina;886;690;196;1.094;559;125;219;192;1.980
        Trivigno;273;209;64;311;168;54;54;36;584
        Vaglio Basilicata;848;702;146;895;461;114;194;126;1.743
        Venosa;5.166;4.007;1.159;4.924;2.028;982;1.162;752;10.090
        Vietri di Potenza;1.195;903;292;1.272;575;202;317;178;2.467
        Viggianello;1.100;875;225;1.514;836;160;247;271;2.614
        Viggiano;1.624;1.324;300;1.226;474;224;322;206;2.849
      Matera;85.248;67.754;17.494;86.659;34.512;15.308;23.431;13.408;171.906
        Accettura;708;563;145;865;409;122;201;133;1.573
        Aliano;371;288;83;495;286;66;82;61;866
        Bernalda;5.262;3.719;1.543;5.108;1.801;872;1.661;774;10.370
        Calciano;284;234;50;364;188;52;80;45;648
        Cirigliano;126;112;14;183;106;15;26;37;309
        Colobraro;467;387;80;599;305;82;128;84;1.066
        Craco;238;171;67;357;144;61;98;55;595
        Ferrandina;3.398;2.666;732;4.050;1.648;681;1.152;569;7.448
        Garaguso;404;328;76;473;191;95;117;70;876
        Gorgoglione;375;319;56;463;244;58;64;97;838
        Grassano;2.034;1.646;388;2.347;966;434;618;330;4.381
        Grottole;922;722;200;1.013;392;177;321;123;1.935
        Irsina;1.929;1.541;388;2.310;969;413;627;301;4.239
        Matera;27.981;23.382;4.599;24.613;9.613;5.067;6.892;3.041;52.594
        Miglionico;1.048;827;221;1.124;452;184;326;163;2.172
        Montalbano Jonico;3.018;2.276;742;3.168;1.296;519;769;585;6.186
        Montescaglioso;3.908;3.042;866;4.495;1.696;819;1.312;669;8.403
        Nova Siri;2.894;2.239;655;2.955;1.103;505;753;594;5.848
        Oliveto Lucano;137;115;22;236;136;14;38;49;373
        Pisticci;7.171;5.138;2.034;7.781;2.901;1.240;2.311;1.329;14.952
        Policoro;8.114;6.500;1.614;7.176;2.458;1.336;1.983;1.399;15.290
        Pomarico;1.597;1.245;352;1.978;809;295;551;323;3.575
        Rotondella;1.121;869;252;1.188;503;167;293;225;2.308
        Salandra;1.080;813;267;1.300;514;212;388;186;2.380
        San Giorgio Lucano;394;319;75;637;346;67;112;112;1.031
        San Mauro Forte;524;411;113;775;360;85;190;140;1.298
        Scanzano Jonico;3.319;2.592;727;3.114;1.041;467;792;815;6.433
        Stigliano;1.616;1.360;257;2.064;1.118;282;422;242;3.680
        Tricarico;2.149;1.817;333;2.436;1.160;452;495;330;4.585
        Tursi;2.083;1.642;441;2.269;1.007;360;488;414;4.352
        Valsinni;578;474;104;725;353;111;143;118;1.302
    Calabria;783.322;597.347;185.976;875.907;336.519;145.525;206.920;186.944;1.659.229
      Cosenza;287.690;220.086;67.604;320.308;123.185;50.618;78.837;67.668;607.998
        Acquaformosa;359;305;54;622;308;64;107;143;981
        Acquappesa;730;562;168;864;358;103;228;175;1.594
        Acri;8.246;6.441;1.805;9.517;4.181;1.502;1.846;1.988;17.763
        Aiello Calabro;592;429;163;878;383;112;200;183;1.470
        Aieta;253;165;89;414;171;52;127;64;667
        Albidona;449;327;122;706;346;86;132;142;1.155
        Alessandria del Carretto;154;126;28;247;183;15;18;31;401
        Altilia;281;195;86;343;119;47;85;92;624
        Altomonte;1.629;1.195;434;2.074;827;279;506;463;3.703
        Amantea;5.849;4.636;1.213;6.397;2.213;1.163;1.600;1.421;12.245
        Amendolara;1.160;860;300;1.449;621;225;322;281;2.609
        Aprigliano;981;733;248;1.378;480;187;426;286;2.359
        Belmonte Calabro;690;532;158;979;422;105;247;205;1.669
        Belsito;389;256;133;427;146;60;145;76;816
        Belvedere Marittimo;3.561;2.717;844;4.494;1.783;629;1.157;926;8.055
        Bianchi;483;343;140;653;269;75;183;126;1.136
        Bisignano;3.957;3.056;901;4.682;1.750;751;1.048;1.133;8.638
        Bocchigliero;449;371;78;710;458;76;70;106;1.159
        Bonifati;929;700;229;1.530;625;169;439;298;2.459
        Buonvicino;732;550;182;1.254;548;139;301;266;1.986
        Calopezzati;538;437;101;657;350;93;80;135;1.195
        Caloveto;461;383;78;558;300;94;60;104;1.018
        Campana;639;549;90;883;539;99;80;165;1.522
        Canna;227;185;42;411;232;53;49;78;638
        Cariati;3.052;2.358;694;3.724;1.339;679;714;993;6.776
        Carolei;1.328;1.015;313;1.569;552;224;439;354;2.897
        Carpanzano;71;61;10;153;96;12;28;18;224
        Casali del Manco;4.324;3.275;1.049;4.343;1.576;773;1.229;765;8.667
        Cassano all'Ionio;7.003;4.812;2.191;7.918;2.592;1.262;2.243;1.821;14.921
        Castiglione Cosentino;1.275;917;358;1.304;418;191;394;301;2.579
        Castrolibero;4.220;3.431;789;4.099;1.658;749;993;699;8.319
        Castroregio;98;86;12;157;100;9;20;28;255
        Castrovillari;8.777;6.827;1.950;10.367;3.978;1.777;2.436;2.176;19.144
        Celico;1.148;931;217;1.303;449;220;319;316;2.451
        Cellara;231;171;60;219;88;29;55;48;450
        Cerchiara di Calabria;986;783;203;1.084;552;124;206;202;2.070
        Cerisano;1.330;985;345;1.329;440;215;388;286;2.659
        Cervicati;318;238;80;407;212;51;74;70;725
        Cerzeto;478;337;141;682;340;76;127;139;1.160
        Cetraro;3.702;2.714;988;4.858;1.909;623;1.293;1.033;8.560
        Civita;330;274;56;494;264;54;76;100;823
        Cleto;471;357;114;612;244;82;148;138;1.083
        Colosimi;448;366;82;644;218;81;202;144;1.092
        Corigliano-Rossano;33.033;24.723;8.310;31.150;10.264;5.966;7.549;7.372;64.183
        Cosenza;28.151;22.498;5.654;29.971;12.291;4.496;7.384;5.800;58.122
        Cropalati;479;339;140;431;229;80;53;69;910
        Crosia;4.406;3.149;1.257;3.797;1.453;776;693;875;8.203
        Diamante;2.054;1.591;463;2.556;1.039;345;590;583;4.610
        Dipignano;1.860;1.393;467;1.916;621;326;585;385;3.776
        Domanico;360;254;106;468;154;46;151;117;828
        Fagnano Castello;1.336;936;400;1.926;769;250;517;391;3.262
        Falconara Albanese;502;415;88;740;269;92;195;184;1.242
        Figline Vegliaturo;495;414;81;517;163;87;161;107;1.012
        Firmo;733;504;229;1.050;482;139;209;220;1.782
        Fiumefreddo Bruzio;1.027;801;226;1.522;611;166;369;376;2.549
        Francavilla Marittima;1.140;879;261;1.344;569;216;320;239;2.483
        Frascineto;776;589;187;1.036;478;144;215;200;1.812
        Fuscaldo;2.996;2.225;771;3.943;1.372;563;1.093;915;6.939
        Grimaldi;637;479;158;818;324;119;190;186;1.455
        Grisolia;898;656;243;1.062;457;146;233;226;1.960
        Guardia Piemontese;679;525;155;948;295;132;309;212;1.627
        Lago;837;656;181;1.385;581;144;342;318;2.222
        Laino Borgo;660;534;126;1.001;507;121;176;197;1.660
        Laino Castello;268;214;55;418;187;58;90;83;686
        Lappano;391;298;93;421;161;69;115;77;812
        Lattarico;1.458;1.169;289;1.947;651;277;561;458;3.405
        Longobardi;842;610;232;1.192;422;163;343;264;2.033
        Longobucco;1.206;940;266;1.443;828;206;158;251;2.649
        Lungro;866;686;180;1.308;600;139;271;298;2.173
        Luzzi;3.664;2.648;1.016;4.210;1.593;615;1.174;829;7.874
        Maierà;468;295;173;613;257;63;190;103;1.080
        Malito;316;227;89;370;167;45;69;89;686
        Malvito;695;496;199;857;357;121;173;206;1.552
        Mandatoriccio;1.061;875;187;1.316;551;176;221;370;2.377
        Mangone;817;639;178;752;268;115;225;144;1.569
        Marano Marchesato;1.507;1.191;316;1.334;349;272;414;299;2.841
        Marano Principato;1.434;1.091;343;1.167;332;242;360;233;2.601
        Marzi;383;311;72;447;170;74;118;86;830
        Mendicino;4.216;3.367;849;3.784;1.241;780;1.004;759;7.999
        Mongrassano;618;478;140;763;361;101;148;153;1.381
        Montalto Uffugo;9.030;7.120;1.910;7.714;2.269;1.348;2.329;1.768;16.744
        Montegiordano;693;578;115;932;522;97;172;141;1.625
        Morano Calabro;1.689;1.201;489;2.208;967;304;515;422;3.897
        Mormanno;1.166;942;224;1.451;724;211;283;234;2.617
        Mottafollone;484;370;114;618;321;76;84;138;1.102
        Nocara;132;93;39;211;115;23;31;43;343
        Oriolo;786;621;165;1.092;649;128;145;171;1.878
        Orsomarso;469;357;112;642;292;91;149;110;1.111
        Paludi;402;324;78;529;280;66;62;121;931
        Panettieri;148;128;20;149;82;22;21;24;297
        Paola;6.186;4.926;1.260;7.530;2.703;1.156;2.110;1.561;13.715
        Papasidero;237;172;65;396;160;39;119;79;633
        Parenti;856;687;169;1.036;355;185;306;190;1.892
        Paterno Calabro;529;419;110;671;244;93;178;156;1.200
        Pedivigliano;245;192;53;472;181;49;146;97;717
        Piane Crati;589;476;113;641;224;107;185;126;1.230
        Pietrafitta;525;386;139;597;198;91;183;125;1.122
        Pietrapaola;457;355;102;486;241;96;50;99;943
        Plataci;289;196;93;368;218;50;43;58;657
        Praia a Mare;2.737;2.088;650;3.138;1.170;488;848;632;5.875
        Rende;16.435;13.273;3.162;14.343;5.351;2.927;3.254;2.811;30.778
        Rocca Imperiale;1.388;1.134;254;1.500;645;222;320;313;2.888
        Roggiano Gravina;2.749;1.879;870;3.375;1.133;530;863;850;6.124
        Rogliano;2.366;1.852;514;2.680;982;458;757;483;5.046
        Rose;1.841;1.336;505;1.889;684;282;503;420;3.730
        Roseto Capo Spulico;786;604;182;878;372;106;220;181;1.664
        Rota Greca;414;292;122;538;243;43;100;152;952
        Rovito;1.367;1.061;306;1.325;441;260;388;236;2.692
        San Basile;370;291;79;556;343;61;72;80;925
        San Benedetto Ullano;515;375;140;767;305;87;210;165;1.282
        San Cosmo Albanese;257;188;70;269;152;44;35;40;526
        San Demetrio Corone;1.382;1.107;275;1.620;743;216;280;382;3.002
        San Donato di Ninea;409;303;106;746;409;68;142;127;1.155
        San Fili;1.046;803;243;1.195;397;169;391;238;2.241
        San Giorgio Albanese;590;448;142;658;384;102;82;91;1.248
        San Giovanni in Fiore;7.005;5.407;1.598;7.749;2.470;1.364;2.135;1.780;14.754
        San Lorenzo Bellizzi;221;185;36;320;180;38;50;52;541
        San Lorenzo del Vallo;1.223;881;343;1.556;540;264;359;393;2.779
        San Lucido;2.221;1.645;576;2.931;946;399;943;644;5.152
        San Marco Argentano;2.866;2.223;643;3.421;1.245;464;874;839;6.287
        San Martino di Finita;430;276;154;484;226;72;95;91;914
        San Nicola Arcella;806;607;199;826;266;123;254;184;1.632
        San Pietro in Amantea;158;129;29;290;163;29;55;44;448
        San Pietro in Guarano;1.487;1.141;346;1.622;712;224;418;269;3.109
        San Sosti;790;605;185;1.108;485;128;221;275;1.898
        San Vincenzo La Costa;886;632;254;931;347;111;254;219;1.817
        Sangineto;494;374;120;646;314;81;131;120;1.139
        Santa Caterina Albanese;399;286;113;631;291;71;160;110;1.030
        Santa Domenica Talao;423;301;122;639;237;76;176;150;1.062
        Santa Maria del Cedro;1.850;1.321;529;2.466;808;393;738;527;4.316
        Santa Sofia d'Epiro;897;702;196;1.273;587;169;227;290;2.170
        Sant'Agata di Esaro;663;432;231;939;415;117;221;187;1.602
        Santo Stefano di Rogliano;734;565;169;685;222;128;197;138;1.419
        Saracena;1.396;1.067;329;1.923;991;256;307;369;3.319
        Scala Coeli;353;276;77;496;283;59;63;91;849
        Scalea;4.660;3.377;1.283;4.936;1.541;758;1.621;1.016;9.596
        Scigliano;399;304;96;695;295;78;204;118;1.094
        Serra d'Aiello;206;151;55;263;116;41;43;64;469
        Spezzano Albanese;2.746;2.036;710;3.275;1.278;505;774;718;6.021
        Spezzano della Sila;2.020;1.607;413;1.971;685;341;522;424;3.991
        Tarsia;763;556;207;958;396;134;229;199;1.721
        Terranova da Sibari;2.154;1.532;622;2.045;887;362;420;377;4.199
        Terravecchia;202;177;25;438;217;24;93;105;640
        Torano Castello;1.841;1.426;415;2.073;802;302;447;522;3.914
        Tortora;2.539;1.761;778;2.707;901;467;828;512;5.246
        Trebisacce;3.877;2.933;944;4.003;1.635;657;958;754;7.880
        Vaccarizzo Albanese;468;347;121;489;252;82;71;85;957
        Verbicaro;952;617;335;1.626;653;192;457;325;2.578
        Villapiana;2.209;1.633;576;2.444;979;351;649;465;4.653
        Zumpano;1.198;920;278;920;276;199;273;172;2.118
      Catanzaro;145.888;112.376;33.512;160.759;62.046;27.378;39.110;32.225;306.647
        Albi;323;240;83;472;191;69;113;99;794
        Amaroni;610;439;171;945;391;140;232;182;1.554
        Amato;310;254;56;390;154;56;96;84;699
        Andali;248;192;56;385;226;49;48;63;633
        Argusto;152;129;23;290;125;34;64;67;441
        Badolato;1.168;922;246;1.410;666;194;235;315;2.578
        Belcastro;517;410;107;595;251;102;108;134;1.111
        Borgia;3.131;2.384;747;3.294;1.186;600;827;682;6.425
        Botricello;2.158;1.544;614;2.165;685;424;603;454;4.323
        Caraffa di Catanzaro;730;575;155;879;359;134;190;196;1.609
        Cardinale;699;489;211;1.112;456;150;253;253;1.811
        Carlopoli;574;424;150;772;378;112;131;151;1.346
        Catanzaro;37.503;29.875;7.628;39.354;15.099;7.356;9.964;6.935;76.857
        Cenadi;217;161;56;247;123;26;56;42;464
        Centrache;101;82;19;227;113;20;53;41;328
        Cerva;434;308;126;562;247;103;124;88;996
        Chiaravalle Centrale;2.097;1.609;489;2.698;1.202;410;515;572;4.795
        Cicala;358;288;70;456;224;58;76;98;814
        Conflenti;500;367;133;729;352;96;133;148;1.228
        Cortale;809;656;154;1.015;526;134;165;190;1.824
        Cropani;1.864;1.472;393;2.121;735;394;519;473;3.985
        Curinga;2.944;2.170;774;2.832;1.153;582;557;540;5.776
        Davoli;2.295;1.763;532;2.422;747;423;683;569;4.717
        Decollatura;1.217;938;279;1.487;642;208;321;316;2.704
        Falerna;1.610;1.154;457;1.689;623;283;427;356;3.299
        Feroleto Antico;800;628;172;974;407;128;271;168;1.774
        Fossato Serralta;211;166;45;296;109;45;64;78;507
        Gagliato;167;132;35;231;120;21;49;41;397
        Gasperina;674;493;182;1.159;476;131;291;261;1.833
        Gimigliano;1.167;958;209;1.658;663;220;445;331;2.825
        Girifalco;2.272;1.743;530;2.844;1.112;397;667;668;5.116
        Gizzeria;2.013;1.540;473;2.257;696;323;606;633;4.270
        Guardavalle;1.682;1.196;486;2.084;894;352;380;459;3.766
        Isca sullo Ionio;604;464;141;768;337;110;144;178;1.372
        Jacurso;230;193;37;317;167;50;53;48;546
        Lamezia Terme;29.773;22.121;7.652;29.044;9.823;5.376;7.970;5.875;58.817
        Magisano;445;340;105;574;256;94;108;117;1.019
        Maida;1.826;1.361;465;2.042;801;320;475;446;3.868
        Marcedusa;137;103;34;223;113;21;37;52;359
        Marcellinara;964;790;174;904;361;169;220;155;1.868
        Martirano;301;223;78;456;212;40;100;104;757
        Martirano Lombardo;367;274;93;598;318;87;97;96;965
        Miglierina;275;210;65;358;138;52;90;79;633
        Montauro;773;623;150;768;327;118;159;164;1.540
        Montepaone;2.364;1.927;437;2.302;803;402;573;524;4.666
        Motta Santa Lucia;338;248;90;383;148;50;104;81;721
        Nocera Terinese;2.087;1.586;501;2.064;872;358;431;403;4.151
        Olivadi;186;135;51;281;124;30;73;54;467
        Palermiti;328;247;81;701;285;58;204;154;1.029
        Pentone;773;610;163;996;399;154;214;229;1.768
        Petrizzi;429;322;107;554;246;76;138;94;983
        Petronà;941;746;195;1.292;524;181;301;287;2.233
        Pianopoli;1.075;830;245;1.135;407;212;286;231;2.210
        Platania;755;560;195;1.061;421;148;270;222;1.816
        San Floro;308;252;56;301;148;40;57;56;609
        San Mango d'Aquino;629;501;129;704;311;121;145;128;1.333
        San Pietro a Maida;1.545;1.177;368;1.952;810;304;376;462;3.497
        San Pietro Apostolo;641;489;152;839;379;130;159;172;1.480
        San Sostene;551;405;146;616;241;86;172;118;1.167
        San Vito sullo Ionio;618;483;135;863;382;107;193;182;1.481
        Santa Caterina dello Ionio;797;569;228;1.072;437;179;223;233;1.868
        Sant'Andrea Apostolo dello Ionio;701;550;151;962;454;138;198;172;1.662
        Satriano;1.496;1.124;372;1.476;504;315;345;312;2.972
        Sellia;172;129;43;303;131;48;59;65;475
        Sellia Marina;3.219;2.503;716;3.272;1.118;563;804;787;6.491
        Serrastretta;1.282;991;291;1.401;702;196;281;222;2.683
        Sersale;1.801;1.383;418;2.176;811;391;554;420;3.977
        Settingiano;1.397;1.163;234;1.159;475;210;251;224;2.556
        Simeri Crichi;1.981;1.467;514;1.991;697;361;521;413;3.972
        Sorbo San Basile;308;237;72;387;136;65;102;84;695
        Soverato;3.724;2.997;727;4.193;1.826;656;890;822;7.917
        Soveria Mannelli;1.251;1.009;242;1.382;602;235;275;270;2.633
        Soveria Simeri;587;449;139;751;337;104;177;133;1.338
        Squillace;1.501;1.161;340;1.588;523;278;444;344;3.089
        Stalettì;913;712;201;1.174;458;184;275;257;2.087
        Taverna;1.003;750;253;1.260;380;227;389;264;2.263
        Tiriolo;1.517;1.170;347;1.809;712;295;451;351;3.326
        Torre di Ruggiero;306;218;88;549;259;59;118;114;855
        Vallefiorita;515;404;112;931;433;107;196;195;1.446
        Zagarise;606;477;129;783;373;108;149;153;1.388
      Reggio di Calabria;218.285;165.503;52.783;244.053;96.931;41.699;52.081;53.343;462.338
        Africo;1.244;1.023;221;1.277;539;223;136;380;2.521
        Agnana Calabra;200;158;42;258;122;32;45;60;458
        Anoia;843;636;207;997;425;165;171;237;1.840
        Antonimina;536;420;116;585;272;97;94;122;1.120
        Ardore;2.016;1.568;449;2.178;1.004;319;363;493;4.194
        Bagaladi;365;265;100;501;252;60;78;111;866
        Bagnara Calabra;3.444;2.439;1.005;4.997;1.798;740;1.517;943;8.441
        Benestare;911;720;191;1.162;514;174;128;346;2.073
        Bianco;1.667;1.311;357;1.876;817;303;266;490;3.543
        Bivongi;496;395;102;659;312;99;98;150;1.155
        Bova;194;157;37;182;107;21;21;33;376
        Bova Marina;1.680;1.290;390;1.958;878;295;345;441;3.637
        Bovalino;3.743;2.901;842;3.616;1.593;618;533;872;7.358
        Brancaleone;1.335;1.033;302;1.780;845;236;295;404;3.114
        Bruzzano Zeffirio;359;305;54;622;365;58;76;123;981
        Calanna;298;224;74;482;267;43;85;87;780
        Camini;232;178;54;396;171;46;76;103;627
        Campo Calabro;1.838;1.402;436;1.881;729;359;452;341;3.718
        Candidoni;170;112;58;174;76;32;37;29;344
        Canolo;296;249;47;331;165;32;59;75;627
        Caraffa del Bianco;200;167;33;240;145;28;23;44;439
        Cardeto;472;342;130;880;504;92;126;159;1.352
        Careri;920;771;150;956;438;120;92;307;1.876
        Casignana;287;211;77;331;158;65;40;68;618
        Caulonia;2.507;1.913;594;3.661;1.406;519;789;947;6.168
        Ciminà;243;187;56;252;154;20;29;50;495
        Cinquefrondi;2.699;1.954;745;2.857;992;521;651;693;5.555
        Cittanova;4.228;3.209;1.020;4.427;1.772;845;803;1.008;8.655
        Condofuri;1.966;1.473;493;2.311;1.027;336;427;522;4.277
        Cosoleto;290;235;55;437;196;72;51;118;727
        Delianuova;1.289;1.027;262;1.473;595;327;170;382;2.762
        Feroleto della Chiesa;632;431;201;792;357;116;153;166;1.423
        Ferruzzano;300;231;69;354;186;54;40;75;654
        Fiumara;332;244;88;495;260;58;95;83;826
        Galatro;587;450;137;836;401;95;121;220;1.423
        Gerace;1.141;857;284;1.072;521;165;197;189;2.213
        Giffone;491;346;145;1.001;352;145;214;291;1.492
        Gioia Tauro;7.867;5.743;2.124;8.432;2.525;1.516;2.426;1.965;16.298
        Gioiosa Ionica;2.607;1.947;660;3.221;1.031;524;823;843;5.827
        Grotteria;988;743;245;1.647;677;199;402;369;2.635
        Laganadi;136;92;44;219;105;28;44;42;354
        Laureana di Borrello;1.753;1.334;419;2.505;1.064;352;472;617;4.258
        Locri;5.301;4.150;1.151;5.343;2.327;987;954;1.075;10.644
        Mammola;988;789;199;1.398;594;208;250;347;2.386
        Marina di Gioiosa Ionica;2.532;1.970;563;2.898;1.013;477;678;731;5.430
        Maropati;514;398;116;747;366;110;114;157;1.261
        Martone;192;139;53;264;108;49;43;64;456
        Melicuccà;313;269;44;469;225;58;75;111;782
        Melicucco;2.016;1.516;500;2.005;717;372;355;562;4.020
        Melito di Porto Salvo;4.419;3.404;1.015;5.179;1.920;917;1.075;1.267;9.597
        Molochio;946;728;218;1.220;591;193;154;282;2.165
        Monasterace;1.381;1.050;331;1.681;636;241;333;471;3.062
        Montebello Jonico;2.150;1.555;595;3.123;1.347;416;614;746;5.273
        Motta San Giovanni;2.253;1.768;485;2.912;1.313;419;575;607;5.165
        Oppido Mamertina;2.025;1.628;397;2.414;998;426;310;680;4.439
        Palizzi;835;615;220;1.272;575;146;280;271;2.107
        Palmi;7.599;5.779;1.820;8.085;2.974;1.639;1.729;1.743;15.683
        Pazzano;175;155;20;287;181;22;34;50;462
        Placanica;372;276;96;641;318;69;117;137;1.013
        Platì;1.340;1.001;339;1.566;525;220;207;614;2.905
        Polistena;4.306;3.208;1.098;4.163;1.417;853;859;1.034;8.469
        Portigliola;426;348;78;555;296;63;73;123;980
        Reggio di Calabria;74.996;56.809;18.187;77.876;31.138;14.085;18.631;14.022;152.871
        Riace;842;551;291;930;317;150;202;261;1.771
        Rizziconi;3.351;2.610;741;3.216;1.152;730;499;835;6.567
        Roccaforte del Greco;170;111;59;235;139;37;25;34;405
        Roccella Ionica;2.593;2.036;557;2.991;1.238;516;685;553;5.584
        Roghudi;341;279;62;520;193;78;99;151;861
        Rosarno;5.692;4.070;1.622;6.042;1.888;1.146;1.544;1.464;11.734
        Samo;321;287;34;355;211;48;32;64;676
        San Ferdinando;2.072;1.310;762;2.348;762;346;474;767;4.420
        San Giorgio Morgeto;1.246;857;389;1.322;564;246;253;259;2.568
        San Giovanni di Gerace;140;102;38;245;113;29;51;52;385
        San Lorenzo;887;647;240;1.331;669;177;202;283;2.218
        San Luca;1.333;1.000;333;1.634;657;230;216;532;2.967
        San Pietro di Caridà;378;276;102;627;326;60;112;129;1.005
        San Procopio;188;155;33;248;144;32;16;56;436
        San Roberto;563;411;152;892;388;108;171;225;1.455
        Santa Cristina d'Aspromonte;323;250;74;448;223;91;37;97;771
        Sant'Agata del Bianco;237;199;38;281;128;44;35;74;518
        Sant'Alessio in Aspromonte;125;90;35;155;67;21;26;41;279
        Sant'Eufemia d'Aspromonte;1.639;1.287;352;1.735;791;315;204;425;3.374
        Sant'Ilario dello Ionio;517;411;106;662;329;96;88;149;1.179
        Santo Stefano in Aspromonte;516;362;154;595;263;88;90;154;1.111
        Scido;343;227;116;436;216;64;63;93;779
        Scilla;1.891;1.363;528;2.294;921;343;604;427;4.185
        Seminara;1.039;844;195;1.248;560;210;174;304;2.287
        Serrata;306;234;73;414;176;61;75;102;720
        Siderno;7.179;5.458;1.721;7.609;2.448;1.377;2.013;1.771;14.788
        Sinopoli;786;660;126;897;381;160;88;268;1.682
        Staiti;73;56;17;130;89;11;15;15;203
        Stignano;503;354;149;639;266;74;146;153;1.142
        Stilo;1.025;837;188;1.153;397;209;205;342;2.178
        Taurianova;6.207;4.836;1.371;6.838;2.542;1.205;1.301;1.790;13.045
        Terranova Sappo Minulio;217;134;83;224;90;43;45;47;441
        Varapodio;919;742;177;872;364;154;122;232;1.791
        Villa San Giovanni;5.454;4.220;1.234;6.090;2.228;1.091;1.658;1.113;11.543
      Crotone;67.789;51.145;16.644;78.821;25.516;13.314;22.035;17.957;146.610
        Belvedere di Spinello;714;556;158;1.152;419;138;325;270;1.865
        Caccuri;602;493;109;787;343;107;173;165;1.389
        Carfizzi;200;167;33;354;230;28;37;59;553
        Casabona;934;786;148;1.290;618;192;241;239;2.224
        Castelsilano;370;302;68;484;227;56;109;92;853
        Cerenzia;403;326;77;561;269;75;113;104;964
        Cirò;898;720;178;1.448;619;206;294;330;2.345
        Cirò Marina;5.331;4.187;1.144;6.849;1.803;1.175;2.024;1.847;12.180
        Cotronei;2.174;1.755;419;2.478;990;418;545;525;4.652
        Crotone;27.227;19.979;7.248;26.804;7.694;5.119;8.434;5.557;54.031
        Crucoli;1.169;948;221;1.420;696;217;219;289;2.589
        Cutro;3.504;2.557;947;5.221;1.635;697;1.609;1.280;8.725
        Isola di Capo Rizzuto;6.435;4.316;2.120;7.923;1.512;1.219;3.016;2.177;14.358
        Melissa;1.344;1.005;339;1.556;591;257;374;335;2.900
        Mesoraca;2.359;1.922;437;2.859;1.218;442;437;763;5.218
        Pallagorio;415;348;67;615;352;69;96;98;1.030
        Petilia Policastro;3.434;2.846;588;4.147;1.694;711;607;1.135;7.581
        Rocca di Neto;2.133;1.630;503;2.575;707;481;866;521;4.708
        Roccabernarda;1.163;977;186;1.605;664;293;263;385;2.768
        San Mauro Marchesato;785;639;146;1.018;421;202;182;214;1.803
        San Nicola dell'Alto;259;216;43;457;265;45;69;79;716
        Santa Severina;774;562;212;958;388;151;222;198;1.732
        Savelli;428;345;83;646;338;86;108;114;1.074
        Scandale;1.141;799;342;1.445;431;251;474;289;2.586
        Strongoli;2.595;1.950;645;2.893;802;490;957;645;5.488
        Umbriatico;303;262;42;418;204;60;73;81;721
        Verzino;697;554;143;860;388;132;171;169;1.557
      Vibo Valentia;63.670;48.237;15.433;71.966;28.842;12.516;14.858;15.751;135.636
        Acquaro;783;606;177;1.104;591;141;132;240;1.887
        Arena;546;439;107;686;298;138;84;166;1.232
        Briatico;1.748;1.148;600;2.006;754;371;426;455;3.754
        Brognaturo;325;214;111;375;130;87;44;114;700
        Capistrano;388;296;92;482;198;53;108;123;870
        Cessaniti;1.184;896;288;1.584;787;231;246;321;2.768
        Dasà;522;364;158;453;220;63;73;97;974
        Dinami;706;491;216;1.058;518;122;190;229;1.764
        Drapia;849;624;225;982;494;158;174;156;1.831
        Fabrizia;788;587;201;1.040;403;166;240;231;1.828
        Filadelfia;1.969;1.562;407;2.592;1.233;386;427;546;4.560
        Filandari;768;549;219;769;285;171;155;158;1.537
        Filogaso;562;410;152;636;205;141;161;129;1.198
        Francavilla Angitola;718;546;172;937;430;157;187;163;1.655
        Francica;677;514;163;701;310;124;89;179;1.378
        Gerocarne;829;670;159;954;389;170;112;283;1.783
        Jonadi;2.031;1.571;460;1.453;373;404;371;305;3.484
        Joppolo;593;439;154;1.078;498;111;232;237;1.670
        Limbadi;1.293;976;317;1.647;599;335;331;382;2.940
        Maierato;963;775;188;853;321;192;147;193;1.816
        Mileto;2.966;2.174;793;2.779;1.134;497;576;572;5.745
        Mongiana;275;222;53;373;116;56;107;95;648
        Monterosso Calabro;664;538;126;809;427;118;112;152;1.472
        Nardodipace;358;247;111;687;257;76;190;164;1.045
        Nicotera;2.354;1.656;698;3.028;1.115;441;710;762;5.382
        Parghelia;480;374;107;652;279;88;150;136;1.132
        Pizzo;3.562;2.627;935;4.335;1.427;699;1.314;896;7.897
        Pizzoni;366;266;100;580;297;76;81;127;946
        Polia;332;255;77;542;262;68;96;116;874
        Ricadi;2.111;1.628;483;2.102;915;311;457;420;4.213
        Rombiolo;1.833;1.301;532;1.997;804;345;404;444;3.830
        San Calogero;1.639;1.218;421;1.856;825;330;268;433;3.495
        San Costantino Calabro;894;652;242;949;405;179;201;164;1.843
        San Gregorio d'Ippona;1.077;873;204;1.072;446;147;130;349;2.148
        San Nicola da Crissa;473;360;113;659;321;73;116;149;1.132
        Sant'Onofrio;1.235;944;291;1.329;552;269;251;257;2.564
        Serra San Bruno;2.505;1.978;527;3.123;954;571;706;892;5.627
        Simbario;384;280;104;430;210;52;59;109;813
        Sorianello;503;411;92;463;190;105;46;122;966
        Soriano Calabro;1.011;823;188;942;355;205;125;257;1.953
        Spadola;327;247;80;361;150;70;54;87;687
        Spilinga;612;497;115;677;299;111;94;174;1.289
        Stefanaconi;1.105;844;261;971;380;197;191;203;2.076
        Tropea;2.677;1.987;690;2.803;1.050;429;738;586;5.480
        Vallelonga;277;208;70;357;147;61;57;93;634
        Vazzano;382;320;62;481;257;74;62;88;863
        Vibo Valentia;13.299;10.449;2.850;14.149;5.368;2.761;3.261;2.759;27.448
        Zaccanopoli;284;193;91;362;163;69;64;66;646
        Zambrone;685;463;222;791;332;149;163;147;1.476
        Zungri;762;529;233;921;371;170;150;230;1.683
  Isole;2.734.678;2.043.471;691.207;2.938.172;1.082.395;454.284;874.263;527.230;5.672.850
    Sicilia;1.983.688;1.454.343;529.345;2.248.530;780.045;348.922;709.047;410.516;4.232.217
      Trapani;170.951;127.448;43.503;198.451;72.018;30.385;58.614;37.435;369.401
        Alcamo;18.622;14.460;4.162;20.618;7.816;3.576;5.790;3.437;39.240
        Buseto Palizzolo;1.094;851;243;1.387;581;207;371;229;2.481
        Calatafimi-Segesta;2.444;1.808;636;3.292;1.361;444;962;525;5.736
        Campobello di Mazara;4.383;3.177;1.206;5.747;2.187;683;1.412;1.465;10.130
        Castellammare del Golfo;5.958;4.563;1.396;6.858;2.401;1.017;2.128;1.312;12.816
        Castelvetrano;12.764;9.033;3.731;14.195;5.163;2.245;3.762;3.026;26.959
        Custonaci;2.293;1.659;634;2.418;874;333;709;502;4.710
        Erice;10.542;8.300;2.242;12.862;4.721;2.031;3.773;2.337;23.404
        Favignana;1.675;1.349;326;2.197;962;198;598;439;3.872
        Gibellina;1.725;1.347;378;1.791;870;263;328;330;3.516
        Marsala;33.093;24.155;8.938;37.522;13.317;5.692;11.794;6.719;70.615
        Mazara del Vallo;20.375;13.852;6.523;23.026;6.929;4.066;8.289;3.742;43.401
        Misiliscemi;..;..;..;..;..;..;..;..;..
        Paceco;4.267;3.379;888;5.346;1.992;793;1.523;1.038;9.613
        Pantelleria;3.286;2.458;828;3.197;1.314;437;794;652;6.483
        Partanna;4.107;3.271;836;4.891;2.145;737;928;1.081;8.997
        Petrosino;3.151;2.320;831;3.760;1.147;520;1.212;881;6.910
        Poggioreale;628;465;163;681;287;102;160;133;1.309
        Salaparuta;691;487;204;717;321;122;153;122;1.408
        Salemi;4.133;3.111;1.022;5.057;1.948;775;1.221;1.113;9.189
        San Vito Lo Capo;1.988;1.536;452;2.184;791;268;664;461;4.172
        Santa Ninfa;2.059;1.525;534;2.266;926;333;560;447;4.325
        Trapani;25.760;19.816;5.944;32.039;11.446;4.561;9.795;6.238;57.799
        Valderice;5.090;3.929;1.161;5.469;2.096;835;1.506;1.033;10.559
        Vita;825;598;227;933;425;148;184;176;1.757
      Palermo;485.600;346.191;139.409;568.637;186.174;87.365;189.902;105.197;1.054.237
        Alia;1.159;819;340;1.931;821;214;499;397;3.090
        Alimena;668;502;166;1.063;489;124;242;209;1.731
        Aliminusa;362;277;86;677;300;96;170;112;1.039
        Altavilla Milicia;3.097;2.378;719;3.945;1.204;554;1.335;852;7.041
        Altofonte;3.729;2.823;906;4.686;1.457;786;1.592;851;8.414
        Bagheria;19.471;13.288;6.183;26.078;6.885;3.879;9.715;5.600;45.549
        Balestrate;2.225;1.568;657;3.356;1.111;371;1.068;806;5.581
        Baucina;616;482;134;1.042;386;125;301;230;1.658
        Belmonte Mezzagno;4.124;2.664;1.460;5.029;1.373;780;1.990;886;9.153
        Bisacquino;1.589;1.220;369;2.262;994;296;508;464;3.851
        Blufi;374;309;65;486;291;58;56;82;860
        Bolognetta;1.484;1.053;431;1.997;607;263;744;383;3.480
        Bompietro;492;388;104;698;361;93;109;135;1.190
        Borgetto;2.665;1.847;818;3.400;919;484;1.197;800;6.065
        Caccamo;2.949;2.170;779;4.114;1.584;613;1.090;827;7.063
        Caltavuturo;1.455;1.113;342;1.961;847;233;545;336;3.416
        Campofelice di Fitalia;168;134;34;259;104;39;47;69;427
        Campofelice di Roccella;3.137;2.405;732;3.430;1.229;503;1.127;571;6.566
        Campofiorito;441;304;137;657;269;83;129;177;1.098
        Camporeale;1.242;909;333;1.453;517;261;386;289;2.695
        Capaci;4.564;3.193;1.371;5.106;1.363;712;1.876;1.155;9.670
        Carini;14.343;10.295;4.048;16.970;4.321;2.605;6.586;3.458;31.313
        Castelbuono;3.561;2.783;778;4.104;1.808;676;1.040;580;7.665
        Casteldaccia;4.224;3.065;1.159;5.328;1.520;770;1.979;1.059;9.552
        Castellana Sicula;1.305;999;307;1.589;763;237;318;271;2.894
        Castronovo di Sicilia;1.148;855;293;1.535;660;213;384;278;2.683
        Cefalà Diana;380;281;99;467;168;62;143;94;847
        Cefalù;5.790;4.615;1.175;6.730;2.943;891;1.789;1.108;12.520
        Cerda;1.744;1.281;463;2.597;996;355;771;475;4.341
        Chiusa Sclafani;984;767;217;1.476;672;197;308;299;2.460
        Ciminna;1.157;856;301;2.023;759;234;594;436;3.179
        Cinisi;4.379;3.319;1.060;5.690;1.596;875;2.131;1.089;10.069
        Collesano;1.427;1.076;351;1.986;889;208;527;362;3.412
        Contessa Entellina;656;488;168;834;330;105;203;196;1.489
        Corleone;4.240;3.200;1.040;5.154;2.004;833;1.292;1.025;9.394
        Ficarazzi;4.869;3.346;1.523;5.396;1.238;928;2.187;1.044;10.265
        Gangi;2.520;2.062;458;3.330;1.630;436;740;524;5.850
        Geraci Siculo;694;555;139;945;495;167;137;146;1.638
        Giardinello;772;585;187;1.118;330;198;380;210;1.890
        Giuliana;762;526;236;901;451;109;139;202;1.663
        Godrano;461;324;137;565;217;114;131;103;1.026
        Gratteri;311;230;81;503;263;33;120;87;813
        Isnello;548;449;100;767;383;80;169;135;1.315
        Isola delle Femmine;2.830;2.118;712;3.162;834;524;1.249;555;5.992
        Lascari;1.544;1.117;427;1.572;649;246;431;246;3.116
        Lercara Friddi;2.337;1.775;562;3.433;1.120;484;1.201;628;5.770
        Marineo;2.411;1.723;689;3.118;1.034;468;1.076;540;5.529
        Mezzojuso;1.043;792;251;1.427;519;186;383;339;2.470
        Misilmeri;10.484;7.262;3.222;13.365;3.359;1.863;5.357;2.786;23.848
        Monreale;14.690;10.574;4.116;16.529;4.411;2.603;6.134;3.381;31.218
        Montelepre;2.330;1.659;671;2.826;879;491;953;504;5.156
        Montemaggiore Belsito;1.110;834;276;1.737;847;207;367;316;2.847
        Palazzo Adriano;828;614;214;982;434;168;211;169;1.810
        Palermo;268.830;188.751;80.079;290.515;96.037;47.273;97.558;49.647;559.345
        Partinico;11.622;8.468;3.154;14.975;4.605;2.308;4.579;3.483;26.597
        Petralia Soprana;1.323;1.088;235;1.512;808;232;230;243;2.835
        Petralia Sottana;1.145;932;213;1.272;679;197;196;200;2.416
        Piana degli Albanesi;2.389;1.783;606;2.928;1.112;440;757;619;5.316
        Polizzi Generosa;1.171;920;251;1.748;770;226;433;320;2.919
        Pollina;1.280;879;401;1.336;642;203;253;239;2.616
        Prizzi;1.716;1.295;421;2.388;1.029;347;550;463;4.104
        Roccamena;522;411;112;750;306;82;168;194;1.272
        Roccapalumba;810;619;191;1.325;508;171;367;279;2.135
        San Cipirello;1.949;1.322;627;2.520;773;383;862;503;4.468
        San Giuseppe Jato;2.893;2.056;837;4.294;1.262;549;1.525;958;7.187
        San Mauro Castelverde;532;410;122;836;450;88;133;165;1.368
        Santa Cristina Gela;429;313;116;441;154;75;129;83;870
        Santa Flavia;4.049;2.930;1.119;5.339;1.464;717;2.061;1.097;9.388
        Sciara;894;611;284;1.376;467;161;462;286;2.270
        Scillato;214;161;53;329;163;27;85;55;543
        Sclafani Bagni;183;127;56;195;110;16;30;39;377
        Termini Imerese;9.536;7.043;2.493;12.676;4.443;1.750;4.225;2.258;22.212
        Terrasini;4.363;3.239;1.125;6.057;1.655;746;2.387;1.270;10.420
        Torretta;1.524;1.080;444;1.976;484;296;786;411;3.500
        Trabia;3.590;2.596;994;5.131;1.566;632;1.739;1.194;8.720
        Trappeto;1.088;765;323;1.561;570;173;480;338;2.648
        Ustica;485;377;108;677;257;67;193;160;1.162
        Valledolmo;1.257;938;319;1.815;765;231;463;356;3.071
        Ventimiglia di Sicilia;631;443;188;1.013;404;137;267;205;1.644
        Vicari;947;669;278;1.359;542;170;373;274;2.306
        Villabate;7.128;4.823;2.305;8.901;1.908;1.328;3.977;1.688;16.029
        Villafrati;1.216;877;339;1.612;614;211;485;302;2.828
      Messina;263.284;195.942;67.343;278.582;116.227;42.030;66.923;53.402;541.866
        Acquedolci;2.244;1.687;557;2.610;1.038;447;643;482;4.853
        Alcara li Fusi;725;568;158;978;563;100;85;230;1.703
        Alì;279;201;78;343;164;37;59;83;622
        Alì Terme;993;786;208;1.117;467;194;238;218;2.110
        Antillo;313;237;76;433;232;46;43;112;746
        Barcellona Pozzo di Gotto;17.326;12.755;4.571;17.532;7.105;3.135;3.662;3.630;34.858
        Basicò;231;147;84;310;174;30;29;77;541
        Brolo;2.769;2.107;662;2.205;1.017;381;420;388;4.974
        Capizzi;1.216;853;364;1.304;571;223;244;267;2.520
        Capo d'Orlando;5.959;4.698;1.261;5.608;2.529;953;1.202;924;11.567
        Capri Leone;1.937;1.489;448;1.835;735;355;431;314;3.772
        Caronia;1.293;927;366;1.523;763;238;236;287;2.816
        Casalvecchio Siculo;296;234;62;413;209;41;42;121;709
        Castel di Lucio;470;354;116;615;316;91;101;107;1.085
        Castell'Umberto;1.337;996;341;1.320;662;199;210;249;2.657
        Castelmola;460;370;90;513;234;39;117;123;973
        Castroreale;931;709;222;1.143;617;148;138;241;2.074
        Cesarò;932;718;214;1.008;463;155;204;186;1.939
        Condrò;164;129;35;260;114;22;48;77;424
        Falcone;1.139;798;341;1.258;561;169;266;262;2.396
        Ficarra;585;457;128;692;390;90;71;141;1.277
        Fiumedinisi;522;403;119;620;294;74;89;164;1.142
        Floresta;203;153;50;228;131;30;29;39;431
        Fondachelli-Fantina;406;316;90;564;270;75;41;179;970
        Forza d'Agrò;386;266;120;377;165;54;80;78;763
        Francavilla di Sicilia;1.559;1.206;353;1.709;854;221;269;365;3.268
        Frazzanò;257;204;53;327;184;39;40;64;584
        Furci Siculo;1.439;1.115;324;1.393;580;230;282;301;2.832
        Furnari;1.614;1.175;439;1.734;776;218;361;379;3.348
        Gaggi;1.278;1.027;251;1.439;471;169;399;400;2.717
        Galati Mamertino;1.070;773;297;1.193;665;185;116;227;2.262
        Gallodoro;174;117;58;138;73;17;16;33;312
        Giardini-Naxos;4.050;3.096;954;4.048;1.590;513;1.177;768;8.098
        Gioiosa Marea;3.194;2.282;912;2.917;1.456;441;482;539;6.111
        Graniti;607;380;227;666;320;92;98;156;1.272
        Gualtieri Sicaminò;636;456;180;834;384;92;163;196;1.470
        Itala;640;451;189;756;286;113;192;166;1.396
        Leni;342;229;114;273;134;33;43;63;615
        Letojanni;1.239;1.026;213;1.125;489;139;298;200;2.364
        Librizzi;685;509;177;756;404;104;85;164;1.441
        Limina;247;186;61;449;195;38;69;148;696
        Lipari;5.584;4.201;1.383;5.366;1.914;649;1.697;1.106;10.950
        Longi;636;516;120;597;298;115;73;111;1.233
        Malfa;545;359;186;315;145;48;57;66;860
        Malvagna;269;162;107;333;183;40;43;67;602
        Mandanici;200;139;61;309;170;35;37;67;509
        Mazzarrà Sant'Andrea;662;436;227;635;312;77;93;154;1.297
        Merì;995;717;278;948;363;154;262;169;1.942
        Messina;97.531;70.916;26.615;102.489;38.892;16.064;29.150;18.383;200.020
        Milazzo;12.763;9.835;2.928;13.775;5.690;2.069;3.727;2.289;26.538
        Militello Rosmarino;465;355;110;656;343;63;89;161;1.121
        Mirto;392;299;93;428;223;50;60;95;820
        Mistretta;1.793;1.413;380;2.259;991;352;510;407;4.052
        Moio Alcantara;290;200;90;339;171;48;51;69;628
        Monforte San Giorgio;1.061;797;264;1.310;580;161;303;266;2.371
        Mongiuffi Melia;238;170;68;289;139;25;36;89;527
        Montagnareale;665;492;173;691;343;87;97;165;1.356
        Montalbano Elicona;828;622;206;1.099;623;116;124;236;1.927
        Motta Camastra;336;233;103;388;212;37;54;85;724
        Motta d'Affermo;240;183;57;399;204;49;64;82;639
        Naso;1.482;1.115;367;1.781;909;217;307;348;3.263
        Nizza di Sicilia;1.645;1.206;439;1.542;640;254;328;320;3.187
        Novara di Sicilia;480;367;114;682;389;59;59;175;1.162
        Oliveri;864;639;225;996;457;133;225;181;1.860
        Pace del Mela;2.610;1.915;695;2.771;1.058;399;782;532;5.380
        Pagliara;438;311;127;562;235;81;102;144;1.000
        Patti;5.596;4.225;1.371;5.752;2.601;858;1.231;1.062;11.348
        Pettineo;483;370;113;660;309;91;122;138;1.143
        Piraino;1.730;1.335;395;1.657;780;255;328;294;3.387
        Raccuja;420;323;97;451;251;54;45;101;871
        Reitano;264;195;69;391;191;32;70;98;655
        Roccafiorita;78;57;21;98;42;19;18;19;175
        Roccalumera;1.740;1.347;393;1.773;770;262;368;373;3.513
        Roccavaldina;449;305;144;468;205;53;130;80;916
        Roccella Valdemone;249;174;75;305;167;36;40;62;554
        Rodì Milici;858;630;228;923;457;167;110;190;1.781
        Rometta;2.659;2.065;594;3.064;1.281;432;841;510;5.723
        San Filippo del Mela;2.838;2.184;654;3.119;1.196;465;870;588;5.957
        San Fratello;1.412;957;455;1.725;772;254;300;399;3.137
        San Marco d'Alunzio;820;659;161;858;477;140;84;158;1.678
        San Pier Niceto;1.024;701;324;1.374;602;188;254;330;2.398
        San Piero Patti;1.114;844;270;1.360;713;163;177;307;2.474
        San Salvatore di Fitalia;495;359;136;622;352;53;72;146;1.117
        San Teodoro;544;436;108;640;311;95;119;116;1.184
        Santa Domenica Vittoria;432;317;115;384;200;76;42;66;816
        Santa Lucia del Mela;1.984;1.396;588;1.983;922;244;375;442;3.967
        Santa Marina Salina;437;313;124;357;152;28;78;99;794
        Santa Teresa di Riva;4.077;3.227;850;4.102;1.784;697;882;740;8.179
        Sant'Agata di Militello;5.131;3.973;1.158;5.779;2.567;968;1.175;1.069;10.910
        Sant'Alessio Siculo;699;528;172;630;281;90;133;126;1.329
        Sant'Angelo di Brolo;1.263;970;293;1.411;793;182;143;293;2.674
        Santo Stefano di Camastra;1.743;1.357;386;2.266;943;292;516;515;4.008
        Saponara;1.576;1.174;403;1.848;679;251;530;388;3.424
        Savoca;764;532;232;743;278;113;200;153;1.507
        Scaletta Zanclea;787;565;223;980;399;138;241;203;1.767
        Sinagra;1.197;934;263;1.109;547;191;145;227;2.305
        Spadafora;1.954;1.484;470;2.454;923;308;650;573;4.408
        Taormina;4.964;3.955;1.009;4.372;1.840;627;1.188;717;9.336
        Terme Vigliatore;3.106;2.353;753;3.074;1.322;505;655;593;6.180
        Torregrotta;3.110;2.256;854;3.140;1.126;458;972;584;6.250
        Torrenova;2.016;1.546;470;1.868;756;364;401;347;3.883
        Tortorici;2.629;2.131;498;2.688;1.462;298;254;675;5.316
        Tripi;330;272;58;417;218;43;48;108;746
        Tusa;1.066;814;252;1.438;758;203;177;301;2.504
        Ucria;395;311;84;512;277;51;41;143;906
        Valdina;507;385;122;622;228;89;181;125;1.129
        Venetico;1.657;1.245;412;1.768;639;242;571;316;3.425
        Villafranca Tirrena;3.536;2.559;977;3.880;1.534;613;1.008;725;7.416
      Agrigento;163.225;121.432;41.793;207.932;70.814;31.961;63.819;41.338;371.157
        Agrigento;24.821;18.198;6.623;26.104;9.744;4.790;7.412;4.159;50.925
        Alessandria della Rocca;932;714;218;1.548;631;199;321;397;2.480
        Aragona;3.602;2.944;658;4.504;1.445;766;1.466;827;8.105
        Bivona;1.327;917;410;1.765;685;273;426;381;3.092
        Burgio;1.058;805;253;1.259;562;168;265;265;2.317
        Calamonaci;485;360;125;641;280;88;138;135;1.126
        Caltabellotta;1.237;989;248;1.886;840;224;431;392;3.123
        Camastra;693;553;140;1.091;432;149;277;234;1.784
        Cammarata;2.638;1.836;802;2.603;864;454;806;479;5.241
        Campobello di Licata;3.493;2.680;813;4.796;1.637;711;1.593;855;8.289
        Canicattì;13.136;9.926;3.210;16.447;4.783;2.458;6.186;3.020;29.583
        Casteltermini;2.774;2.046;728;4.101;1.345;552;1.418;787;6.875
        Castrofilippo;959;735;225;1.446;529;172;398;348;2.405
        Cattolica Eraclea;1.279;928;352;1.863;651;269;480;464;3.142
        Cianciana;1.130;861;269;1.844;700;230;497;417;2.973
        Comitini;357;277;80;443;148;103;128;65;800
        Favara;12.590;8.876;3.714;14.609;4.169;2.435;4.536;3.469;27.199
        Grotte;1.994;1.538;456;2.792;935;401;872;585;4.786
        Joppolo Giancaxio;434;337;97;586;245;78;143;121;1.020
        Lampedusa e Linosa;2.885;2.123;762;2.638;770;356;998;514;5.522
        Licata;12.814;9.462;3.352;18.315;5.495;2.639;6.198;3.983;31.129
        Lucca Sicula;786;644;142;756;332;140;141;143;1.542
        Menfi;4.516;3.399;1.117;6.231;2.206;890;1.924;1.212;10.747
        Montallegro;976;660;316;1.181;442;168;344;227;2.156
        Montevago;1.088;777;311;1.455;541;223;350;341;2.543
        Naro;2.590;1.974;617;3.997;1.618;531;1.009;839;6.587
        Palma di Montechiaro;6.935;5.299;1.636;11.399;3.720;1.620;3.843;2.217;18.334
        Porto Empedocle;5.889;4.196;1.693;8.106;2.243;1.053;3.095;1.715;13.995
        Racalmuto;2.801;2.082;719;4.091;1.304;603;1.339;845;6.892
        Raffadali;4.708;3.825;883;6.132;2.296;995;1.529;1.313;10.840
        Ravanusa;3.900;2.994;906;5.738;1.778;832;1.907;1.221;9.637
        Realmonte;1.641;1.153;489;2.195;750;291;631;523;3.836
        Ribera;6.970;5.183;1.787;8.808;3.111;1.354;2.533;1.810;15.778
        Sambuca di Sicilia;2.286;1.713;573;2.728;1.054;483;656;535;5.013
        San Biagio Platani;1.012;765;248;1.768;770;189;414;395;2.780
        San Giovanni Gemini;3.125;2.331;794;3.714;1.328;569;1.131;686;6.839
        Santa Elisabetta;950;725;225;1.057;370;159;286;242;2.007
        Santa Margherita di Belice;2.371;1.792;579;3.088;1.132;498;759;700;5.459
        Sant'Angelo Muxaro;418;319;99;717;355;91;104;167;1.135
        Santo Stefano Quisquina;1.636;1.245;391;2.341;920;365;622;434;3.977
        Sciacca;15.894;11.684;4.211;18.311;6.597;3.037;5.489;3.189;34.205
        Siculiana;1.593;1.170;424;2.171;769;268;586;548;3.764
        Villafranca Sicula;505;402;103;670;292;93;143;143;1.175
      Caltanissetta;100.252;74.046;26.206;123.688;40.636;20.484;42.932;19.636;223.940
        Acquaviva Platani;318;244;74;508;225;54;106;123;826
        Bompensiere;212;161;51;281;120;32;78;52;493
        Butera;1.654;1.247;408;2.273;811;289;694;479;3.927
        Caltanissetta;26.013;19.334;6.679;27.170;10.282;5.093;7.599;4.197;53.183
        Campofranco;1.058;814;244;1.582;594;197;475;317;2.640
        Delia;1.591;1.171;420;1.900;657;341;500;402;3.490
        Gela;28.007;19.573;8.434;33.886;9.272;5.828;14.311;4.476;61.893
        Marianopoli;648;481;167;922;355;104;285;178;1.570
        Mazzarino;4.380;3.447;933;5.746;1.848;1.022;1.980;897;10.126
        Milena;1.203;949;255;1.442;602;215;364;261;2.645
        Montedoro;535;421;114;797;298;115;232;152;1.332
        Mussomeli;4.349;3.369;980;4.696;1.802;777;1.354;763;9.045
        Niscemi;8.700;6.308;2.392;13.512;3.645;2.054;5.463;2.350;22.212
        Resuttano;693;557;136;1.023;430;143;234;217;1.716
        Riesi;3.897;2.837;1.060;5.630;1.597;856;2.068;1.109;9.527
        San Cataldo;8.549;6.640;1.909;9.790;3.497;1.683;3.076;1.535;18.339
        Santa Caterina Villarmosa;1.779;1.379;400;2.723;1.087;343;831;462;4.502
        Serradifalco;2.235;1.732;503;2.934;1.016;457;1.020;441;5.169
        Sommatino;2.346;1.785;561;3.489;1.156;463;1.276;595;5.835
        Sutera;465;370;95;742;347;112;141;142;1.207
        Vallelunga Pratameno;1.086;817;269;1.813;652;233;607;321;2.899
        Villalba;535;411;124;830;344;76;242;168;1.364
      Enna;64.094;49.015;15.080;77.937;28.177;12.251;23.960;13.550;142.031
        Agira;3.177;2.276;902;3.701;1.208;547;1.298;648;6.878
        Aidone;1.692;1.276;416;2.439;864;340;714;521;4.131
        Assoro;1.918;1.516;402;2.469;768;355;910;436;4.387
        Barrafranca;4.382;3.413;969;6.282;2.039;917;2.100;1.226;10.664
        Calascibetta;1.675;1.321;354;2.093;792;342;572;387;3.767
        Catenanuova;1.854;1.305;549;2.161;657;359;769;377;4.015
        Centuripe;2.246;1.526;720;2.405;909;333;690;474;4.651
        Cerami;810;593;217;908;376;128;236;168;1.717
        Enna;11.498;9.153;2.345;12.253;4.978;2.190;3.549;1.536;23.750
        Gagliano Castelferrato;1.415;1.126;289;1.686;809;254;348;275;3.101
        Leonforte;4.809;3.599;1.211;6.341;1.992;1.001;2.204;1.144;11.150
        Nicosia;5.483;4.420;1.063;6.256;2.472;1.062;1.773;949;11.739
        Nissoria;1.255;919;336;1.317;406;272;410;230;2.572
        Piazza Armerina;8.372;6.386;1.986;10.138;3.548;1.638;3.036;1.916;18.509
        Pietraperzia;2.305;1.778;527;3.492;1.219;463;1.117;695;5.797
        Regalbuto;2.844;1.979;865;3.245;1.137;463;983;662;6.089
        Sperlinga;275;223;52;386;184;61;77;64;661
        Troina;3.793;2.836;957;4.176;1.756;664;1.025;731;7.969
        Valguarnera Caropepe;2.627;2.049;578;3.782;1.244;527;1.377;634;6.409
        Villarosa;1.666;1.322;344;2.409;821;336;774;479;4.075
      Catania;445.442;320.748;124.695;474.751;151.895;75.652;161.359;85.846;920.193
        Aci Bonaccorsi;1.508;1.178;330;1.460;462;261;496;241;2.968
        Aci Castello;7.750;6.271;1.479;7.787;2.879;1.229;2.469;1.210;15.537
        Aci Catena;12.228;8.574;3.654;11.266;2.869;2.183;4.363;1.852;23.494
        Aci Sant'Antonio;8.133;5.822;2.311;6.906;1.824;1.404;2.598;1.081;15.039
        Acireale;21.717;16.071;5.646;22.923;7.677;3.712;7.152;4.382;44.640
        Adrano;11.569;7.694;3.875;16.956;4.362;2.423;7.045;3.126;28.524
        Belpasso;11.298;8.323;2.975;11.461;3.056;1.922;4.502;1.981;22.759
        Biancavilla;7.895;5.670;2.225;11.416;3.075;1.750;4.700;1.891;19.311
        Bronte;7.579;5.687;1.892;8.410;2.897;1.460;2.639;1.414;15.989
        Calatabiano;2.093;1.449;644;2.324;884;281;667;493;4.417
        Caltagirone;14.687;10.826;3.861;17.112;5.867;3.097;5.237;2.912;31.799
        Camporotondo Etneo;2.263;1.700;563;1.758;394;338;793;234;4.021
        Castel di Iudica;1.593;1.137;456;2.263;727;317;755;464;3.856
        Castiglione di Sicilia;1.332;974;358;1.407;660;182;277;288;2.739
        Catania;124.764;85.967;38.797;131.369;43.976;18.947;43.142;25.304;256.132
        Fiumefreddo di Sicilia;3.850;2.737;1.114;4.228;1.484;633;1.340;771;8.078
        Giarre;11.284;8.348;2.936;12.131;4.471;1.785;3.165;2.710;23.414
        Grammichele;4.737;3.594;1.143;6.392;2.085;848;2.162;1.297;11.128
        Gravina di Catania;10.811;8.329;2.482;11.178;4.000;1.688;3.627;1.864;21.989
        Licodia Eubea;1.128;841;287;1.461;471;194;508;289;2.589
        Linguaglossa;2.239;1.718;521;2.304;992;435;477;400;4.543
        Maletto;1.395;1.029;366;1.838;619;292;629;298;3.233
        Maniace;1.743;1.256;487;1.306;591;288;199;229;3.049
        Mascali;6.263;4.431;1.832;5.645;1.815;904;1.932;995;11.908
        Mascalucia;13.609;10.083;3.526;12.205;3.673;2.387;4.312;1.833;25.813
        Mazzarrone;1.682;1.351;331;1.635;449;241;710;235;3.316
        Militello in Val di Catania;2.521;1.713;808;3.745;1.200;419;1.212;914;6.266
        Milo;437;325;112;485;228;57;88;112;922
        Mineo;1.996;1.385;611;2.721;890;385;798;648;4.717
        Mirabella Imbaccari;1.476;1.084;392;2.495;913;280;760;542;3.971
        Misterbianco;20.479;14.290;6.189;20.233;5.076;3.198;8.320;3.639;40.712
        Motta Sant'Anastasia;5.400;4.008;1.392;4.693;1.369;812;1.804;708;10.093
        Nicolosi;3.293;2.504;789;3.010;996;542;945;527;6.302
        Palagonia;5.675;3.493;2.182;7.889;2.004;1.153;3.277;1.455;13.564
        Paternò;18.661;12.759;5.902;20.652;5.878;3.267;7.946;3.562;39.313
        Pedara;6.530;4.893;1.637;5.561;1.767;1.047;1.851;896;12.090
        Piedimonte Etneo;1.663;1.256;407;1.863;712;270;477;404;3.526
        Raddusa;1.191;861;330;1.375;365;211;509;290;2.566
        Ragalna;1.792;1.420;372;1.618;547;288;536;248;3.410
        Ramacca;4.115;2.678;1.437;4.819;1.195;888;1.932;805;8.934
        Randazzo;4.591;3.480;1.112;4.830;2.095;786;1.146;803;9.421
        Riposto;5.736;4.218;1.518;6.624;2.269;915;2.042;1.398;12.360
        San Cono;998;693;305;1.262;418;172;351;322;2.260
        San Giovanni la Punta;10.009;7.716;2.294;9.313;3.128;1.767;2.942;1.477;19.322
        San Gregorio di Catania;5.106;4.254;852;4.829;1.796;1.013;1.372;648;9.934
        San Michele di Ganzaria;1.093;805;288;1.695;596;229;464;406;2.788
        San Pietro Clarenza;3.351;2.632;720;3.130;781;575;1.303;472;6.481
        Santa Maria di Licodia;3.053;2.013;1.040;3.277;983;507;1.227;560;6.330
        Santa Venerina;3.520;2.541;979;3.737;1.167;609;1.218;743;7.257
        Sant'Agata li Battiati;3.990;3.284;706;4.153;1.682;821;1.064;586;8.143
        Sant'Alfio;715;476;239;656;275;114;144;124;1.371
        Scordia;6.063;4.108;1.955;8.194;2.431;1.190;3.221;1.352;14.257
        Trecastagni;4.811;3.704;1.107;4.377;1.384;859;1.431;703;9.188
        Tremestieri Etneo;8.717;6.943;1.774;8.504;3.007;1.725;2.594;1.178;17.221
        Valverde;3.529;2.670;859;3.105;959;639;1.044;463;6.633
        Viagrande;3.608;2.848;761;3.567;1.141;630;1.210;587;7.175
        Vizzini;2.196;1.672;524;3.054;1.037;394;963;661;5.250
        Zafferana Etnea;3.982;2.967;1.015;4.149;1.355;696;1.277;822;8.131
      Ragusa;134.931;103.316;31.615;135.821;50.342;22.084;41.654;21.741;270.752
        Acate;4.527;3.187;1.341;4.609;1.222;684;1.831;872;9.136
        Chiaramonte Gulfi;3.567;2.834;733;3.570;1.368;520;1.077;606;7.137
        Comiso;12.778;9.494;3.284;13.331;4.334;2.030;4.682;2.285;26.109
        Giarratana;1.245;1.000;246;1.349;717;210;222;200;2.594
        Ispica;6.934;5.302;1.632;7.010;2.593;1.195;2.112;1.110;13.943
        Modica;23.014;18.537;4.477;22.984;9.088;4.167;6.513;3.216;45.998
        Monterosso Almo;1.263;996;267;1.346;658;226;229;233;2.609
        Pozzallo;7.114;5.321;1.794;9.152;2.886;1.353;3.440;1.473;16.266
        Ragusa;32.988;26.023;6.965;29.100;12.897;5.039;7.462;3.702;62.088
        Santa Croce Camerina;5.055;3.737;1.318;4.178;1.518;620;1.306;734;9.232
        Scicli;11.129;8.341;2.788;11.637;4.769;1.756;3.121;1.991;22.766
        Vittoria;25.318;18.546;6.772;27.556;8.292;4.285;9.659;5.321;52.874
      Siracusa;155.909;116.207;39.702;182.731;63.764;26.711;59.885;32.372;338.640
        Augusta;13.344;10.590;2.754;17.250;5.906;2.471;6.554;2.319;30.594
        Avola;11.368;8.597;2.771;15.253;4.926;2.130;5.167;3.030;26.621
        Buccheri;744;577;167;974;496;123;173;182;1.718
        Buscemi;397;286;111;502;228;89;87;98;899
        Canicattini Bagni;2.653;1.970;683;3.307;1.321;477;788;721;5.960
        Carlentini;6.589;5.164;1.425;8.136;2.897;1.115;2.733;1.392;14.725
        Cassaro;290;208;82;403;173;58;102;70;692
        Ferla;940;771;169;1.179;523;138;323;196;2.119
        Floridia;8.754;6.171;2.583;9.605;2.803;1.545;3.317;1.941;18.359
        Francofonte;4.006;2.648;1.358;6.671;2.003;767;2.333;1.569;10.677
        Lentini;8.174;5.727;2.448;11.592;4.034;1.328;3.920;2.310;19.766
        Melilli;5.392;4.116;1.276;6.157;1.853;931;2.464;910;11.549
        Noto;9.233;7.051;2.182;11.153;3.819;1.514;3.432;2.388;20.386
        Pachino;8.199;6.150;2.049;10.175;3.120;1.452;3.201;2.402;18.373
        Palazzolo Acreide;3.575;2.743;832;3.896;1.717;613;905;661;7.471
        Portopalo di Capo Passero;1.416;1.060;356;1.858;561;272;647;379;3.274
        Priolo Gargallo;4.702;3.415;1.288;5.347;1.537;779;2.179;852;10.049
        Rosolini;8.791;6.392;2.399;8.919;3.057;1.652;2.738;1.473;17.710
        Siracusa;50.939;37.766;13.174;52.616;20.001;8.124;16.390;8.101;103.555
        Solarino;3.160;2.253;907;3.523;1.098;555;1.138;732;6.683
        Sortino;3.244;2.555;690;4.216;1.693;580;1.296;647;7.460
    Sardegna;750.991;589.128;161.863;689.643;302.350;105.363;165.216;116.714;1.440.633
      Sassari;228.137;178.741;49.397;201.624;88.101;31.707;46.611;35.206;429.761
        Aggius;694;558;137;623;324;82;117;100;1.317
        Aglientu;544;440;104;590;290;64;117;120;1.134
        Alà dei Sardi;747;565;182;822;368;123;163;169;1.569
        Alghero;19.629;15.593;4.036;18.802;8.565;2.683;4.511;3.043;38.431
        Anela;258;220;39;303;183;44;37;39;561
        Ardara;350;280;70;316;141;49;68;58;666
        Arzachena;6.663;5.224;1.439;5.067;1.829;747;1.463;1.028;11.730
        Badesi;825;615;210;838;405;113;180;140;1.663
        Banari;207;162;46;280;140;26;60;54;487
        Benetutti;817;661;156;792;333;161;179;120;1.609
        Berchidda;1.276;1.064;212;1.150;564;147;261;179;2.426
        Bessude;165;138;27;217;134;24;29;30;382
        Bonnanaro;382;297;85;488;265;46;91;87;870
        Bono;1.556;1.125;431;1.452;695;249;276;232;3.008
        Bonorva;1.426;1.144;282;1.587;770;216;327;274;3.013
        Bortigiadas;310;247;63;362;219;30;70;43;672
        Borutta;124;100;25;133;72;19;23;20;257
        Bottidda;296;237;59;312;157;40;62;53;608
        Buddusò;1.632;1.218;414;1.534;621;214;370;329;3.165
        Budoni;2.532;1.922;610;2.047;904;306;494;343;4.578
        Bultei;390;317;73;435;240;62;64;69;825
        Bulzi;188;143;45;267;142;14;54;58;455
        Burgos;382;314;68;409;201;71;70;67;791
        Calangianus;1.881;1.507;374;1.772;819;257;420;276;3.653
        Cargeghe;300;228;72;235;93;38;58;46;535
        Castelsardo;2.563;2.008;555;2.692;1.092;323;675;602;5.255
        Cheremule;164;146;19;226;123;24;41;38;390
        Chiaramonti;742;606;136;711;368;99;134;110;1.453
        Codrongianos;614;495;119;559;264;82;124;90;1.173
        Cossoine;332;272;60;411;219;51;80;61;742
        Erula;315;251;64;357;170;43;69;76;672
        Esporlatu;158;117;41;185;94;40;29;22;343
        Florinas;637;497;140;710;308;102;189;111;1.347
        Giave;210;171;39;264;137;25;58;44;474
        Golfo Aranci;1.126;914;212;1.050;396;134;310;210;2.176
        Illorai;338;259;79;417;226;59;82;51;755
        Ittireddu;221;181;40;219;114;27;46;32;440
        Ittiri;3.854;3.043;811;3.620;1.849;560;681;530;7.474
        La Maddalena;4.920;3.964;957;4.869;2.083;679;1.217;890;9.789
        Laerru;391;293;98;418;211;50;91;66;808
        Loiri Porto San Paolo;1.737;1.422;315;1.333;534;177;366;256;3.069
        Luogosanto;802;629;174;806;352;101;198;156;1.608
        Luras;1.120;850;270;1.085;484;162;244;196;2.205
        Mara;225;180;45;318;160;24;73;61;543
        Martis;192;142;50;257;133;31;52;41;449
        Monteleone Rocca Doria;39;27;12;56;24;5;12;15;95
        Monti;1.097;889;208;989;412;125;249;204;2.086
        Mores;839;651;188;853;376;106;192;179;1.692
        Muros;406;300;106;322;140;57;79;46;727
        Nughedu San Nicolò;354;277;77;370;201;44;62;63;724
        Nule;605;474;131;598;252;92;148;107;1.203
        Nulvi;1.226;920;307;1.170;484;164;297;226;2.396
        Olbia;30.395;24.231;6.164;20.638;7.687;3.625;5.695;3.632;51.033
        Olmedo;1.957;1.512;445;1.702;636;280;476;311;3.659
        Oschiri;1.409;1.145;264;1.507;752;215;322;218;2.916
        Osilo;1.399;1.116;283;1.298;636;193;261;208;2.696
        Ossi;2.697;1.999;698;2.356;1.030;386;535;405;5.053
        Ozieri;4.943;3.914;1.029;4.410;2.057;805;918;630;9.352
        Padria;239;193;46;345;181;26;70;68;583
        Padru;955;747;208;889;352;105;240;192;1.844
        Palau;1.938;1.505;433;1.656;642;207;457;350;3.594
        Pattada;1.389;1.164;225;1.261;654;217;249;141;2.649
        Perfugas;1.022;803;219;1.050;467;138;249;196;2.072
        Ploaghe;2.086;1.690;396;1.832;865;317;377;273;3.918
        Porto Torres;9.744;7.236;2.508;9.390;3.598;1.416;2.795;1.581;19.134
        Pozzomaggiore;1.127;917;210;1.184;612;144;230;199;2.311
        Putifigari;338;258;80;282;138;65;47;32;619
        Romana;204;164;40;275;125;35;72;44;478
        San Teodoro;2.415;1.929;486;1.998;791;259;569;380;4.413
        Santa Maria Coghinas;632;458;175;603;304;50;127;122;1.235
        Santa Teresa Gallura;2.456;1.871;585;2.304;921;268;580;536;4.760
        Sant'Antonio di Gallura;676;525;151;661;266;74;183;138;1.337
        Sassari;59.940;47.396;12.544;51.810;22.715;9.383;10.458;9.254;111.750
        Sedini;567;437;130;633;315;75;133;110;1.200
        Semestene;50;38;12;89;50;6;17;17;139
        Sennori;3.417;2.365;1.052;2.883;1.410;466;608;399;6.299
        Siligo;321;259;62;432;251;32;76;73;753
        Sorso;6.729;4.758;1.971;6.054;2.574;957;1.395;1.129;12.783
        Stintino;751;594;157;667;310;81;160;116;1.417
        Telti;1.038;838;200;933;407;112;241;173;1.970
        Tempio Pausania;6.512;5.081;1.431;5.694;2.604;890;1.279;921;12.206
        Tergu;269;216;53;277;130;35;58;54;546
        Thiesi;1.319;1.079;240;1.228;610;189;250;180;2.547
        Tissi;1.208;953;255;846;327;179;214;126;2.054
        Torralba;442;358;84;398;189;59;89;61;839
        Trinità d'Agultu e Vignola;1.064;795;269;1.051;454;137;246;214;2.115
        Tula;664;544;120;658;324;97;128;110;1.322
        Uri;1.299;962;337;1.266;595;220;239;212;2.565
        Usini;1.994;1.501;493;1.722;726;298;386;312;3.716
        Valledoria;1.959;1.481;478;1.914;879;217;453;365;3.873
        Viddalba;736;561;175;773;374;97;171;132;1.509
        Villanova Monteleone;1.044;859;186;965;471;151;204;140;2.009
      Nuoro;94.491;73.456;21.036;88.365;42.889;14.640;16.078;14.759;182.856
        Aritzo;602;466;136;571;269;97;103;103;1.173
        Arzana;1.133;919;214;944;490;192;135;127;2.077
        Atzara;475;353;122;544;317;62;85;80;1.019
        Austis;350;274;76;388;196;60;55;77;737
        Bari Sardo;1.708;1.317;392;1.752;942;251;286;273;3.460
        Baunei;1.516;1.192;324;1.633;856;211;316;250;3.149
        Belvì;287;229;58;253;123;42;49;39;539
        Birori;215;171;44;265;116;30;68;51;480
        Bitti;1.235;1.026;209;1.196;646;176;195;181;2.431
        Bolotana;993;783;210;1.346;747;163;234;202;2.339
        Borore;865;683;182;948;470;99;206;173;1.813
        Bortigali;557;455;102;646;337;68;128;113;1.203
        Cardedu;938;720;218;727;318;135;155;119;1.664
        Desulo;1.034;820;214;996;524;154;133;185;2.030
        Dorgali;3.998;3.137;862;3.278;1.494;593;588;603;7.276
        Dualchi;249;192;57;314;181;24;50;59;562
        Elini;266;199;67;230;103;55;43;29;496
        Fonni;1.785;1.527;258;1.546;836;267;213;231;3.331
        Gadoni;291;202;89;411;229;30;88;64;702
        Gairo;584;444;140;646;318;104;120;105;1.230
        Galtellì;1.065;753;312;1.021;452;147;204;218;2.086
        Gavoi;1.196;975;221;1.114;606;181;154;173;2.310
        Girasole;660;517;143;470;164;115;112;79;1.130
        Ilbono;976;700;276;917;463;172;138;144;1.892
        Irgoli;996;753;243;980;462;139;195;184;1.976
        Jerzu;1.453;1.140;313;1.265;644;223;218;180;2.718
        Lanusei;2.454;1.905;549;2.179;1.145;364;358;312;4.633
        Lei;212;172;40;254;140;31;47;36;466
        Loceri;592;439;153;546;292;69;91;95;1.138
        Loculi;226;187;39;216;86;34;38;58;442
        Lodè;650;472;178;877;485;122;130;140;1.527
        Lodine;167;126;41;134;78;21;21;14;300
        Lotzorai;935;703;233;972;462;137;221;152;1.907
        Lula;649;471;178;592;316;85;84;108;1.241
        Macomer;4.592;3.655;937;4.284;1.999;729;902;654;8.876
        Mamoiada;1.099;824;275;1.022;510;150;186;176;2.121
        Meana Sardo;707;551;156;880;419;145;183;133;1.587
        Noragugume;120;93;27;154;76;22;29;28;274
        Nuoro;16.996;13.536;3.460;14.454;6.768;3.005;2.322;2.359;31.450
        Oliena;3.113;2.382;731;3.017;1.477;566;492;482;6.130
        Ollolai;585;445;140;558;331;78;77;72;1.142
        Olzai;378;278;100;406;231;40;59;76;784
        Onanì;176;142;34;155;86;22;25;22;331
        Onifai;284;224;60;351;162;41;50;98;635
        Oniferi;434;336;98;352;161;69;63;59;786
        Orani;1.225;975;250;1.291;616;201;269;206;2.516
        Orgosolo;1.909;1.404;505;1.714;846;269;264;335;3.623
        Orosei;3.260;2.470;790;2.765;1.090;503;643;530;6.025
        Orotelli;803;631;172;915;434;129;192;161;1.718
        Ortueri;487;373;114;551;278;82;91;100;1.038
        Orune;1.140;903;237;907;477;154;112;164;2.046
        Osidda;95;71;24;110;58;14;19;19;205
        Osini;299;224;76;394;209;51;66;69;693
        Ottana;984;738;246;1.028;451;134;245;198;2.012
        Ovodda;692;535;157;694;378;107;93;117;1.386
        Perdasdefogu;772;622;150;870;430;105;196;139;1.641
        Posada;1.355;996;359;1.255;603;173;252;227;2.610
        Sarule;713;558;155;786;405;117;115;150;1.499
        Silanus;910;741;169;932;468;153;167;144;1.842
        Sindia;733;620;113;765;372;91;167;136;1.498
        Siniscola;5.216;3.868;1.348;4.783;1.993;786;1.107;897;9.999
        Sorgono;764;593;171;705;374;110;121;100;1.469
        Talana;419;341;78;418;197;57;80;84;837
        Tertenia;1.693;1.222;471;1.691;792;275;353;272;3.384
        Teti;336;253;83;276;156;37;40;44;612
        Tiana;189;149;40;237;129;31;30;47;426
        Tonara;968;790;178;821;442;130;130;120;1.789
        Torpè;1.210;819;391;1.210;533;132;286;259;2.420
        Tortolì;5.241;4.110;1.131;4.093;1.834;751;906;603;9.334
        Triei;452;327;125;521;255;55;106;105;973
        Ulassai;648;502;146;651;359;124;89;79;1.299
        Urzulei;531;430;101;553;269;84;87;114;1.084
        Ussassai;215;160;55;279;167;26;43;44;494
        Villagrande Strisaili;1.441;1.146;295;1.351;752;249;164;186;2.791
      Cagliari;205.450;163.866;41.584;170.319;70.259;27.751;45.107;27.202;375.769
        Assemini;13.026;10.253;2.774;9.787;3.591;1.669;3.001;1.526;22.813
        Cagliari;71.496;58.484;13.012;65.383;30.853;9.825;13.719;10.986;136.878
        Capoterra;10.890;8.624;2.266;8.770;3.304;1.628;2.476;1.363;19.660
        Decimomannu;4.013;3.141;872;3.158;1.168;566;947;477;7.171
        Elmas;4.745;3.890;855;3.492;1.351;618;1.004;519;8.237
        Maracalagonis;3.727;2.764;963;3.109;1.044;466;1.008;592;6.836
        Monserrato;9.499;7.550;1.950;8.066;3.507;1.220;2.196;1.143;17.565
        Pula;3.262;2.589;673;3.109;1.272;370;931;536;6.371
        Quartu Sant'Elena;33.701;26.320;7.381;27.274;10.304;4.600;8.217;4.154;60.975
        Quartucciu;6.573;5.173;1.400;4.848;1.734;880;1.478;756;11.420
        Sarroch;2.250;1.776;475;2.427;953;301;778;395;4.677
        Selargius;14.480;11.578;2.902;11.018;4.323;2.243;2.996;1.456;25.498
        Sestu;10.932;8.799;2.133;6.759;2.182;1.250;2.159;1.168;17.691
        Settimo San Pietro;3.332;2.620;712;2.518;909;401;813;395;5.850
        Sinnai;8.296;6.265;2.031;6.517;2.254;1.107;2.094;1.062;14.812
        Uta;4.268;3.273;995;3.201;1.186;495;1.000;520;7.468
        Villa San Pietro;962;770;192;885;325;112;292;156;1.847
      Oristano;69.901;55.211;14.690;70.904;33.189;9.836;15.458;12.421;140.804
        Abbasanta;1.145;951;194;1.171;529;186;282;174;2.316
        Aidomaggiore;179;153;26;213;119;18;42;34;392
        Albagiara;91;73;18;134;77;14;23;21;225
        Ales;579;437;142;675;343;89;142;101;1.253
        Allai;157;130;27;167;88;24;31;24;323
        Arborea;2.030;1.757;273;1.399;598;226;357;218;3.429
        Ardauli;307;248;59;489;282;40;88;79;796
        Assolo;131;100;31;209;103;19;35;52;340
        Asuni;129;97;32;178;95;17;37;29;307
        Baradili;32;28;4;39;16;5;12;7;71
        Baratili San Pietro;569;421;148;568;251;73;143;102;1.137
        Baressa;232;182;50;345;191;31;60;63;577
        Bauladu;283;220;63;307;127;47;71;62;590
        Bidonì;54;37;17;76;38;6;11;22;130
        Bonarcado;663;510;153;721;331;94;143;153;1.384
        Boroneddu;54;44;10;94;52;8;20;14;147
        Bosa;3.505;2.690;815;3.447;1.566;508;758;615;6.952
        Busachi;512;422;90;654;343;59;137;116;1.166
        Cabras;4.236;3.303;933;3.938;1.751;535;956;697;8.174
        Cuglieri;1.040;850;190;1.327;808;109;224;187;2.367
        Curcuris;133;101;32;132;66;21;26;20;265
        Flussio;183;138;45;208;111;23;38;36;391
        Fordongianus;361;267;94;444;209;63;98;74;805
        Ghilarza;1.929;1.578;351;2.004;951;315;420;318;3.932
        Gonnoscodina;204;157;47;223;117;31;44;32;427
        Gonnosnò;294;233;61;377;207;33;80;57;671
        Gonnostramatza;349;259;90;443;194;64;108;77;791
        Laconi;781;629;152;866;441;121;179;125;1.646
        Magomadas;240;201;39;343;180;32;66;66;583
        Marrubiu;2.121;1.627;494;2.116;896;284;569;368;4.237
        Masullas;422;322;100;514;226;75;114;99;936
        Milis;665;515;150;670;316;89;153;113;1.335
        Modolo;63;50;13;83;47;10;15;11;146
        Mogorella;166;133;33;226;66;22;80;58;392
        Mogoro;1.713;1.312;401;1.971;856;257;490;368;3.684
        Montresta;157;115;42;257;135;17;50;55;414
        Morgongiori;306;227;79;346;173;37;76;60;652
        Narbolia;790;596;194;759;351;111;168;129;1.549
        Neoneli;265;203;63;340;182;51;60;47;605
        Norbello;595;459;137;557;245;80;122;110;1.152
        Nughedu Santa Vittoria;176;131;45;262;129;29;50;54;438
        Nurachi;814;621;193;715;325;100;162;129;1.529
        Nureci;114;91;23;200;103;21;41;35;314
        Ollastra;502;391;111;574;250;105;135;84;1.076
        Oristano;14.960;12.070;2.890;12.985;6.059;2.235;2.427;2.264;27.945
        Palmas Arborea;717;576;141;622;232;117;163;110;1.339
        Pau;99;70;30;169;90;12;30;37;268
        Paulilatino;959;795;164;1.001;472;145;206;178;1.960
        Pompu;99;74;25;126;47;18;35;26;225
        Riola Sardo;914;708;206;983;482;112;202;187;1.896
        Ruinas;260;203;57;351;202;30;66;53;610
        Sagama;75;65;11;89;38;12;23;16;164
        Samugheo;1.230;984;246;1.439;648;217;332;242;2.669
        San Nicolò d'Arcidano;1.037;776;261;1.242;506;165;301;270;2.279
        San Vero Milis;1.101;855;247;1.134;546;131;253;204;2.235
        Santa Giusta;2.357;1.862;496;1.888;759;329;483;318;4.245
        Santu Lussurgiu;1.000;817;183;1.094;559;153;204;179;2.094
        Scano di Montiferro;653;525;128;686;358;97;119;113;1.339
        Sedilo;955;795;160;882;496;121;136;130;1.837
        Seneghe;729;590;139;833;446;108;143;136;1.562
        Senis;149;107;42;267;131;23;55;59;416
        Sennariolo;67;53;14;97;47;10;21;20;164
        Siamaggiore;442;343;99;382;184;54;89;55;824
        Siamanna;353;279;74;372;178;48;87;59;725
        Siapiccia;143;105;38;168;92;17;35;24;311
        Simala;133;109;24;161;93;24;25;19;294
        Simaxis;1.022;793;230;978;420;146;230;183;2.000
        Sini;189;153;36;281;141;27;56;58;470
        Siris;100;79;21;103;45;9;30;19;203
        Soddì;38;30;8;75;46;4;14;11;112
        Solarussa;1.002;762;240;1.080;465;149;254;212;2.082
        Sorradile;143;118;25;194;117;14;30;33;337
        Suni;454;360;94;511;255;68;102;86;965
        Tadasuni;44;31;13;92;47;6;19;20;136
        Terralba;4.503;3.457;1.046;4.482;1.926;545;1.186;825;8.984
        Tinnura;98;80;18;127;69;15;24;19;224
        Tramatza;407;321;86;454;210;52;104;88;861
        Tresnuraghes;484;403;81;531;277;64;99;91;1.015
        Ulà Tirso;225;140;85;252;139;18;43;53;477
        Uras;1.143;874;270;1.386;602;160;346;278;2.529
        Usellus;298;246;53;396;191;40;76;89;694
        Villa Sant'Antonio;153;119;35;184;103;24;30;27;337
        Villa Verde;114;92;22;171;86;14;35;36;285
        Villanova Truschedu;112;93;19;162;79;12;42;29;274
        Villaurbana;701;555;146;729;392;84;158;96;1.430
        Zeddiani;520;416;104;498;235;54;119;90;1.018
        Zerfaliu;453;325;128;471;201;60;119;92;924
      Sud Sardegna;153.012;117.855;35.157;158.431;67.913;21.429;41.963;27.127;311.443
        Arbus;2.588;1.998;591;2.962;1.335;322;789;517;5.550
        Armungia;187;141;46;243;143;20;47;33;430
        Ballao;286;196;90;408;188;47;96;77;693
        Barrali;481;369;112;503;212;83;123;86;984
        Barumini;558;461;97;567;287;87;119;74;1.125
        Buggerru;438;311;127;503;216;39;146;103;941
        Burcei;1.152;823;329;1.245;510;184;336;215;2.397
        Calasetta;1.179;919;260;1.373;605;151;368;249;2.552
        Carbonia;11.536;8.823;2.713;13.064;5.371;1.690;3.412;2.591;24.600
        Carloforte;2.496;1.959;537;2.955;1.219;348;853;535;5.451
        Castiadas;856;659;197;602;266;88;165;83;1.458
        Collinas;306;251;55;430;226;43;86;75;736
        Decimoputzu;2.022;1.516;506;1.735;720;232;485;298;3.757
        Dolianova;4.540;3.623;917;3.848;1.545;577;1.094;632;8.388
        Domus de Maria;714;561;153;779;334;84;229;132;1.492
        Domusnovas;2.777;2.134;643;2.738;1.086;375;826;452;5.515
        Donori;929;694;235;893;359;130;260;144;1.821
        Escalaplano;909;629;280;989;534;101;181;175;1.898
        Escolca;229;172;57;297;147;37;65;48;526
        Esterzili;251;210;41;306;182;30;53;41;556
        Fluminimaggiore;1.322;921;401;1.389;605;214;337;234;2.711
        Furtei;686;528;158;731;344;90;180;117;1.417
        Genoni;283;220;63;453;227;41;108;77;736
        Genuri;114;87;27;180;87;18;42;33;294
        Gergei;509;393;117;563;277;63;123;100;1.072
        Gesico;346;259;87;411;162;63;109;77;756
        Gesturi;520;388;132;577;265;68;129;115;1.097
        Giba;846;626;220;964;430;108;262;164;1.810
        Goni;217;147;70;214;96;31;51;36;431
        Gonnesa;2.116;1.589;527;2.245;941;266;645;393;4.361
        Gonnosfanadiga;2.766;2.109;657;2.974;1.296;339;751;588;5.739
        Guamaggiore;453;334;119;416;193;60;93;71;869
        Guasila;1.182;899;283;1.185;487;167;320;211;2.367
        Guspini;4.977;3.946;1.031;5.331;2.293;806;1.407;825;10.308
        Iglesias;12.027;9.225;2.802;11.598;4.923;1.731;2.782;2.162;23.625
        Isili;1.188;968;220;1.150;633;160;211;147;2.338
        Las Plassas;89;66;23;110;53;8;29;20;199
        Lunamatrona;729;596;134;809;422;119;175;93;1.538
        Mandas;873;700;173;1.011;437;128;259;187;1.884
        Masainas;566;407;159;611;281;49;182;100;1.177
        Monastir;2.130;1.747;383;1.944;784;230;575;355;4.074
        Muravera;2.384;1.939;445;2.298;991;371;595;341;4.682
        Musei;734;560;174;638;268;91;182;97;1.372
        Narcao;1.375;1.035;340;1.496;593;202;448;254;2.871
        Nuragus;356;285;71;443;217;56;107;63;799
        Nurallao;507;386;121;635;272;94;164;105;1.142
        Nuraminis;1.099;882;217;1.158;533;134;286;206;2.257
        Nurri;877;694;183;1.026;460;123;229;214;1.903
        Nuxis;643;490;153;789;346;95;212;136;1.431
        Orroli;945;734;211;1.037;544;128;213;152;1.982
        Ortacesus;404;321;83;393;185;57;78;75;797
        Pabillonis;1.278;894;384;1.147;496;179;285;187;2.425
        Pauli Arbarei;276;194;82;259;129;24;55;51;535
        Perdaxius;599;422;178;669;302;83;195;89;1.268
        Pimentel;493;367;126;540;229;72;149;90;1.032
        Piscinas;343;238;105;396;152;36;116;92;739
        Portoscuso;2.122;1.677;445;2.390;974;258;780;379;4.512
        Sadali;400;314;86;465;215;58;102;90;864
        Samassi;2.088;1.610;478;2.390;1.000;316;667;408;4.478
        Samatzai;723;576;147;731;301;111;213;106;1.454
        San Basilio;539;388;151;518;238;66;117;97;1.056
        San Gavino Monreale;3.561;2.780;781;3.995;1.773;521;1.060;642;7.556
        San Giovanni Suergiu;2.469;1.815;655;2.791;1.165;338;822;467;5.260
        San Nicolò Gerrei;303;223;80;368;166;34;90;78;670
        San Sperate;3.995;3.249;746;3.223;1.245;512;943;523;7.217
        San Vito;1.486;1.183;303;1.739;734;235;465;306;3.225
        Sanluri;3.943;3.171;773;3.564;1.515;589;917;543;7.507
        Santadi;1.404;1.050;354;1.624;688;189;432;315;3.028
        Sant'Andrea Frius;735;558;177;801;357;145;186;113;1.535
        Sant'Anna Arresi;1.151;855;296;1.299;519;158;372;250;2.450
        Sant'Antioco;4.566;3.478;1.088;5.376;2.264;664;1.542;906;9.942
        Sardara;1.750;1.381;369;1.813;805;241;505;262;3.563
        Segariu;512;375;137;550;231;91;132;97;1.061
        Selegas;637;437;201;587;223;106;160;98;1.224
        Senorbì;2.331;1.805;526;1.947;780;357;509;301;4.277
        Serdiana;1.267;987;280;1.050;392;157;303;198;2.316
        Serramanna;4.007;3.028;979;3.925;1.652;555;1.087;631;7.932
        Serrenti;2.139;1.664;475;2.126;939;307;554;326;4.265
        Serri;279;222;57;308;131;35;76;66;587
        Setzu;53;40;13;72;41;9;11;11;125
        Seui;552;411;141;586;238;96;151;101;1.138
        Seulo;329;284;45;405;240;41;63;61;734
        Siddi;283;225;58;316;142;45;74;55;598
        Siliqua;1.716;1.295;421;1.687;734;235;470;248;3.402
        Silius;468;328;140;563;242;70;140;111;1.031
        Siurgus Donigala;794;621;173;900;372;109;258;161;1.694
        Soleminis;868;656;212;767;281;119;249;118;1.635
        Suelli;506;374;132;506;213;74;132;87;1.012
        Teulada;1.536;1.217;319;1.681;781;171;441;289;3.217
        Tratalias;440;316;124;524;230;67;152;75;964
        Tuili;368;290;78;551;305;52;103;91;919
        Turri;152;122;30;233;145;13;39;37;385
        Ussana;1.931;1.567;364;1.669;632;250;514;274;3.600
        Ussaramanna;202;171;31;273;144;40;50;39;474
        Vallermosa;830;597;233;907;443;125;191;148;1.737
        Villacidro;5.916;4.369;1.547;5.999;2.488;927;1.608;976;11.915
        Villamar;1.129;869;260;1.176;512;186;283;196;2.305
        Villamassargia;1.520;1.141;379;1.665;648;222;493;302;3.185
        Villanova Tulo;445;333;112;515;258;63;109;85;959
        Villanovaforru;306;247;59;309;151;54;57;48;615
        Villanovafranca;520;391;129;649;320;75;144;110;1.169
        Villaperuccio;465;359;106;495;190;55;158;92;960
        Villaputzu;2.044;1.585;459;2.191;952;313;581;346;4.235
        Villasalto;378;317;62;559;295;72;114;78;937
        Villasimius;1.866;1.529;337;1.421;546;166;408;301;3.287
        Villasor;3.056;2.301;755;3.063;1.294;403;846;520;6.119
        Villaspeciosa;1.256;1.038;218;949;340;173;281;155;2.205
Dati estratti il 31 mar 2026, 13h39 UTC (GMT) da I.Stat;;;;;;;;;
