Territorio;forze di lavoro;occupato;in cerca di occupazione;non forze di lavoro;percettore/rice di una o più pensioni per effetto di attività lavorativa precedente o di redditi da capitale;studente/ssa;casalinga/o;in altra condizione;totale
Italia;26.199.247;23.953.736;2.245.511;25.453.855;11.903.465;4.180.413;5.644.371;3.725.606;51.653.102
  Nord-ovest;7.460.262;6.995.339;464.923;6.447.029;3.492.252;1.026.872;1.154.986;772.919;13.907.291
    Piemonte;1.961.277;1.819.484;141.793;1.792.469;1.020.707;269.282;286.751;215.728;3.753.746
      Torino;1.022.571;941.287;81.284;921.520;516.211;144.284;149.026;111.998;1.944.091
        Agliè;1.203;1.115;88;1.059;636;137;165;121;2.262
        Airasca;1.727;1.584;143;1.468;769;255;270;174;3.195
        Ala di Stura;224;209;15;192;106;29;31;25;416
        Albiano d'Ivrea;728;675;53;725;446;108;92;79;1.453
        Alice Superiore;..;..;..;..;..;..;..;..;..
        Almese;2.971;2.783;188;2.613;1.469;461;415;269;5.584
        Alpette;99;92;7;128;83;8;14;24;227
        Alpignano;7.415;6.819;596;7.273;4.335;987;1.132;819;14.688
        Andezeno;929;861;68;819;461;140;131;87;1.748
        Andrate;215;198;17;219;137;25;33;25;434
        Angrogna;356;327;29;367;184;55;63;65;723
        Arignano;534;504;30;437;237;82;66;53;971
        Avigliana;5.781;5.375;406;5.131;2.803;925;833;569;10.912
        Azeglio;586;549;37;506;300;84;67;54;1.092
        Bairo;348;327;21;360;231;46;50;34;708
        Balangero;1.324;1.247;77;1.387;842;223;186;136;2.711
        Baldissero Canavese;220;199;21;236;142;22;29;44;456
        Baldissero Torinese;1.794;1.684;110;1.532;790;325;241;176;3.326
        Balme;52;49;3;39;26;2;6;5;91
        Banchette;1.429;1.307;122;1.334;806;188;172;168;2.763
        Barbania;695;650;45;699;410;90;122;77;1.394
        Bardonecchia;1.480;1.360;120;1.201;643;192;206;160;2.681
        Barone Canavese;250;228;22;246;158;27;23;37;496
        Beinasco;7.703;7.152;551;7.694;4.600;1.157;1.121;816;15.397
        Bibiana;1.527;1.407;120;1.389;787;209;215;178;2.916
        Bobbio Pellice;222;207;15;257;158;33;32;35;479
        Bollengo;970;905;65;908;546;128;128;106;1.878
        Borgaro Torinese;5.488;5.146;342;4.731;2.715;800;729;487;10.219
        Borgiallo;273;251;22;231;136;25;35;34;504
        Borgofranco d'Ivrea;1.551;1.436;115;1.564;928;227;227;182;3.115
        Borgomasino;320;288;32;365;215;55;44;52;685
        Borgone Susa;888;813;75;1.036;603;142;171;120;1.924
        Bosconero;1.406;1.301;105;1.275;731;196;213;134;2.681
        Brandizzo;4.131;3.851;280;3.330;1.813;549;617;350;7.461
        Bricherasio;2.153;1.996;157;1.878;1.089;292;287;209;4.031
        Brosso;176;162;14;181;115;21;20;25;357
        Brozolo;221;208;13;180;101;33;21;25;401
        Bruino;3.935;3.671;264;3.478;1.853;717;550;358;7.413
        Brusasco;597;551;46;715;399;99;133;84;1.312
        Bruzolo;696;644;52;616;347;92;107;71;1.312
        Buriasco;628;593;35;529;315;84;67;63;1.157
        Burolo;467;431;36;552;358;77;56;61;1.019
        Busano;739;695;44;624;331;110;117;66;1.363
        Bussoleno;2.352;2.143;209;2.708;1.635;343;410;319;5.060
        Buttigliera Alta;2.869;2.678;191;2.576;1.470;405;445;256;5.445
        Cafasse;1.547;1.460;87;1.399;815;215;218;151;2.946
        Caluso;3.339;3.086;253;3.183;1.908;450;446;379;6.522
        Cambiano;2.688;2.529;159;2.511;1.475;436;350;249;5.199
        Campiglione Fenile;634;595;39;530;310;73;93;55;1.164
        Candia Canavese;541;504;37;538;322;74;76;66;1.079
        Candiolo;2.654;2.485;169;2.207;1.249;406;334;218;4.861
        Canischio;111;101;10;143;84;14;32;13;254
        Cantalupa;1.193;1.119;74;1.073;598;193;174;107;2.266
        Cantoira;273;256;17;271;169;35;37;30;544
        Caprie;950;887;63;850;489;131;136;94;1.800
        Caravino;407;384;23;406;231;57;46;71;813
        Carema;326;302;24;326;214;28;49;35;652
        Carignano;4.166;3.873;293;3.745;2.155;608;550;433;7.911
        Carmagnola;13.124;12.109;1.015;11.254;5.950;1.871;2.190;1.242;24.378
        Casalborgone;838;784;54;831;477;139;108;108;1.669
        Cascinette d'Ivrea;669;606;63;652;393;108;74;78;1.321
        Caselette;1.394;1.289;105;1.233;703;209;192;129;2.627
        Caselle Torinese;6.704;6.228;476;5.265;2.842;931;887;606;11.969
        Castagneto Po;872;815;57;693;382;139;95;78;1.565
        Castagnole Piemonte;1.038;964;74;866;460;147;170;89;1.904
        Castellamonte;4.467;4.097;370;4.039;2.319;606;615;498;8.506
        Castelnuovo Nigra;172;162;10;209;126;22;30;30;381
        Castiglione Torinese;3.193;3.010;183;2.440;1.309;518;363;250;5.633
        Cavagnolo;1.007;936;71;980;564;143;161;112;1.987
        Cavour;2.571;2.421;150;2.165;1.298;303;328;236;4.736
        Cercenasco;799;747;52;752;443;112;128;69;1.551
        Ceres;448;392;56;504;291;54;70;89;952
        Ceresole Reale;88;86;2;58;44;4;6;3;146
        Cesana Torinese;433;388;45;392;207;52;68;65;825
        Chialamberto;129;120;9;171;111;15;25;21;300
        Chianocco;659;616;43;735;477;89;102;66;1.394
        Chiaverano;839;769;70;924;565;143;110;106;1.763
        Chieri;16.586;15.303;1.283;14.980;8.465;2.553;2.207;1.755;31.566
        Chiesanuova;94;87;7;97;52;14;14;17;191
        Chiomonte;340;315;25;443;283;42;62;56;783
        Chiusa di San Michele;687;623;64;659;357;102;125;75;1.346
        Chivasso;12.385;11.495;890;10.630;5.945;1.631;1.886;1.168;23.015
        Ciconio;179;171;8;135;84;18;22;10;314
        Cintano;97;92;5;112;60;15;15;22;209
        Cinzano;155;145;10;151;74;27;27;22;306
        Ciriè;8.363;7.808;555;7.802;4.614;1.158;1.154;877;16.165
        Claviere;99;88;11;84;31;18;12;24;183
        Coassolo Torinese;659;621;38;614;359;82;88;84;1.273
        Coazze;1.495;1.393;102;1.428;757;207;239;225;2.923
        Collegno;22.406;20.885;1.521;20.300;11.959;3.275;2.893;2.173;42.706
        Colleretto Castelnuovo;131;119;12;156;89;17;22;27;287
        Colleretto Giacosa;283;263;20;250;143;35;36;36;533
        Condove;1.970;1.824;146;2.004;1.215;264;318;207;3.974
        Corio;1.354;1.257;97;1.383;809;162;247;165;2.737
        Cossano Canavese;175;159;16;222;137;24;27;34;397
        Cuceglio;444;420;24;378;228;44;67;40;822
        Cumiana;3.603;3.333;270;3.302;1.833;570;515;383;6.905
        Cuorgnè;4.128;3.833;295;4.277;2.416;562;742;556;8.405
        Druento;4.266;3.982;284;3.549;1.995;630;544;379;7.815
        Exilles;121;114;7;97;52;13;18;14;218
        Favria;2.303;2.157;146;2.023;1.019;346;424;235;4.326
        Feletto;989;905;84;953;493;138;207;115;1.942
        Fenestrelle;195;189;6;250;137;19;19;74;445
        Fiano;1.199;1.118;81;1.128;643;216;156;114;2.327
        Fiorano Canavese;312;290;22;377;225;58;42;52;689
        Foglizzo;1.048;965;83;932;535;139;168;90;1.980
        Forno Canavese;1.300;1.209;91;1.529;875;198;285;171;2.829
        Frassinetto;120;113;7;132;83;13;15;22;252
        Front;763;706;57;655;385;90;91;89;1.418
        Frossasco;1.281;1.196;85;1.235;724;195;181;135;2.516
        Garzigliana;256;242;14;222;129;30;38;25;478
        Gassino Torinese;4.251;3.953;298;3.957;2.253;630;630;444;8.208
        Germagnano;488;448;40;544;317;67;88;72;1.032
        Giaglione;272;263;9;271;186;39;26;20;543
        Giaveno;7.203;6.613;590;7.253;4.084;1.135;1.157;878;14.456
        Givoletto;2.005;1.884;121;1.495;749;317;278;151;3.500
        Gravere;300;270;30;320;189;31;46;55;620
        Groscavallo;83;79;4;91;65;7;9;10;174
        Grosso;471;439;32;409;235;70;60;44;880
        Grugliasco;16.586;15.427;1.159;16.070;9.808;2.303;2.264;1.696;32.656
        Ingria;13;13;0;26;9;0;0;16;39
        Inverso Pinasca;302;278;24;320;187;33;59;40;622
        Isolabella;175;160;15;151;86;24;26;15;326
        Issiglio;195;178;17;182;108;17;26;30;377
        Ivrea;10.033;9.155;878;10.053;6.023;1.503;1.284;1.242;20.086
        La Cassa;847;783;64;695;369;129;124;74;1.542
        La Loggia;4.239;3.980;259;3.244;1.784;583;552;324;7.483
        Lanzo Torinese;2.130;1.995;135;2.215;1.298;313;299;305;4.345
        Lauriano;622;571;51;611;345;95;90;81;1.233
        Leini;7.693;7.174;519;6.194;3.353;1.055;1.104;683;13.887
        Lemie;73;69;4;81;54;5;13;9;154
        Lessolo;778;725;53;802;523;101;92;85;1.580
        Levone;201;188;13;191;118;22;35;16;392
        Locana;554;525;29;667;480;49;77;61;1.221
        Lombardore;805;757;48;685;359;119;127;80;1.490
        Lombriasco;516;481;35;441;254;57;79;50;957
        Loranzè;543;512;31;451;266;86;55;43;994
        Lugnacco;..;..;..;..;..;..;..;..;..
        Luserna San Giovanni;2.983;2.719;264;3.395;2.037;401;459;499;6.378
        Lusernetta;225;208;17;204;128;21;28;27;429
        Lusigliè;261;241;20;225;120;42;39;25;486
        Macello;517;480;37;483;276;75;82;50;1.000
        Maglione;191;179;12;190;124;26;16;24;381
        Mappano;3.538;3.320;218;2.855;1.451;583;484;338;6.393
        Marentino;557;525;32;583;342;106;72;64;1.140
        Massello;22;19;3;33;20;1;7;5;55
        Mathi;1.672;1.571;101;1.699;992;267;248;192;3.371
        Mattie;303;277;26;303;176;41;40;46;606
        Mazzè;1.953;1.822;131;1.792;1.052;269;279;193;3.745
        Meana di Susa;334;308;26;407;213;55;80;60;741
        Mercenasco;696;582;114;455;279;57;31;87;1.151
        Meugliano;..;..;..;..;..;..;..;..;..
        Mezzenile;290;272;18;387;225;42;70;49;677
        Mombello di Torino;192;180;12;172;88;31;35;17;364
        Mompantero;276;252;24;282;156;45;44;38;558
        Monastero di Lanzo;133;119;14;177;115;11;29;23;310
        Moncalieri;26.116;24.095;2.021;23.080;12.794;3.731;3.901;2.653;49.196
        Moncenisio;19;18;1;24;15;2;3;4;43
        Montaldo Torinese;340;315;25;305;170;49;49;37;645
        Montalenghe;439;396;43;432;230;69;74;59;871
        Montalto Dora;1.508;1.400;108;1.443;872;222;185;164;2.951
        Montanaro;2.225;2.076;149;2.206;1.328;311;337;231;4.431
        Monteu da Po;393;362;31;356;194;51;65;46;749
        Moriondo Torinese;372;346;26;374;218;50;63;43;746
        Nichelino;20.997;19.447;1.550;19.596;10.819;3.226;3.269;2.282;40.593
        Noasca;45;41;4;59;44;1;7;6;104
        Nole;3.152;2.946;206;2.758;1.573;457;417;312;5.910
        Nomaglio;113;104;9;142;88;19;19;16;255
        None;3.612;3.363;249;3.186;1.748;526;568;344;6.798
        Novalesa;231;221;10;233;145;32;32;24;464
        Oglianico;682;648;34;569;304;119;88;58;1.251
        Orbassano;10.452;9.697;755;9.707;5.644;1.436;1.556;1.070;20.159
        Orio Canavese;332;307;25;332;222;38;42;30;664
        Osasco;570;534;36;426;249;71;67;39;996
        Osasio;447;426;21;362;212;55;69;27;809
        Oulx;1.601;1.461;140;1.312;696;206;206;204;2.913
        Ozegna;576;542;34;467;275;69;67;56;1.043
        Palazzo Canavese;379;353;26;362;218;57;47;40;741
        Pancalieri;882;824;58;858;501;119;161;77;1.740
        Parella;173;161;12;197;127;22;25;23;370
        Pavarolo;553;517;36;465;246;94;67;57;1.018
        Pavone Canavese;1.574;1.459;115;1.650;1.051;234;173;191;3.224
        Pecco;..;..;..;..;..;..;..;..;..
        Pecetto Torinese;1.830;1.703;127;1.670;923;331;238;178;3.500
        Perosa Argentina;1.239;1.127;112;1.523;967;161;222;174;2.762
        Perosa Canavese;241;222;19;225;133;35;32;24;466
        Perrero;209;190;19;325;197;36;39;53;534
        Pertusio;337;318;19;322;185;52;50;35;659
        Pessinetto;263;240;23;269;155;39;30;46;532
        Pianezza;7.338;6.888;450;5.899;3.206;1.179;901;613;13.237
        Pinasca;1.248;1.166;82;1.288;805;144;200;138;2.536
        Pinerolo;15.980;14.655;1.325;15.334;8.741;2.336;2.351;1.906;31.314
        Pino Torinese;3.770;3.512;258;3.699;1.996;760;561;383;7.469
        Piobesi Torinese;1.807;1.711;96;1.498;846;284;223;144;3.305
        Piossasco;8.372;7.805;567;7.306;4.024;1.378;1.122;782;15.678
        Piscina;1.515;1.423;92;1.357;762;218;234;143;2.872
        Piverone;594;557;37;548;323;93;63;70;1.142
        Poirino;4.887;4.560;327;3.975;2.185;649;699;442;8.862
        Pomaretto;395;362;33;468;322;46;48;52;863
        Pont Canavese;1.273;1.174;99;1.436;861;166;217;192;2.709
        Porte;496;454;42;465;244;72;90;59;961
        Pragelato;344;300;44;292;122;45;63;62;636
        Prali;119;108;11;112;75;9;11;17;231
        Pralormo;890;838;52;759;426;114;120;100;1.649
        Pramollo;98;88;10;97;63;7;15;11;195
        Prarostino;578;542;36;528;305;86;77;60;1.106
        Prascorsano;314;292;22;322;190;41;52;40;636
        Pratiglione;175;160;15;240;136;22;48;33;415
        Quagliuzzo;166;147;19;143;89;20;16;19;309
        Quassolo;154;142;12;144;96;19;15;14;298
        Quincinetto;434;409;25;441;288;54;61;38;875
        Reano;812;758;54;722;382;134;127;79;1.534
        Ribordone;20;19;1;29;25;0;1;3;49
        Riva presso Chieri;2.320;2.189;131;1.695;946;341;246;162;4.015
        Rivalba;527;497;30;475;262;86;66;60;1.002
        Rivalta di Torino;9.654;9.016;638;7.863;4.382;1.401;1.255;825;17.517
        Rivara;1.085;1.014;71;1.105;629;168;184;124;2.190
        Rivarolo Canavese;5.674;5.256;418;5.055;2.928;694;857;575;10.729
        Rivarossa;742;698;44;636;343;117;104;72;1.378
        Rivoli;21.161;19.723;1.438;20.837;12.513;2.972;3.158;2.194;41.998
        Robassomero;1.465;1.366;99;1.244;725;204;193;122;2.709
        Rocca Canavese;754;699;55;750;421;99;136;94;1.504
        Roletto;906;843;63;827;484;126;130;88;1.733
        Romano Canavese;1.247;1.158;89;1.108;678;167;138;124;2.355
        Ronco Canavese;101;94;7;154;103;6;27;18;255
        Rondissone;903;831;72;778;426;104;152;97;1.681
        Rorà;100;90;10;105;62;8;6;29;205
        Rosta;2.410;2.267;143;1.980;1.079;412;296;193;4.390
        Roure;312;295;17;394;262;36;49;48;706
        Rubiana;1.104;1.016;88;1.052;557;162;187;146;2.156
        Rueglio;348;321;27;349;212;42;38;57;697
        Salassa;913;865;48;711;400;117;113;81;1.624
        Salbertrand;271;246;25;263;120;58;47;37;534
        Salerano Canavese;215;200;15;204;128;32;21;23;419
        Salza di Pinerolo;32;29;3;32;19;3;4;6;64
        Samone;723;677;46;602;348;108;74;71;1.325
        San Benigno Canavese;2.886;2.704;182;2.309;1.247;399;428;234;5.195
        San Carlo Canavese;1.931;1.822;109;1.582;910;282;236;154;3.513
        San Colombano Belmonte;183;172;11;132;71;27;14;21;315
        San Didero;226;203;23;227;139;31;30;26;453
        San Francesco al Campo;2.309;2.162;147;1.907;1.059;353;288;207;4.216
        San Germano Chisone;750;696;54;775;484;91;120;80;1.525
        San Gillio;1.573;1.473;100;1.209;644;218;207;140;2.782
        San Giorgio Canavese;1.206;1.124;82;1.016;597;166;131;123;2.222
        San Giorio di Susa;413;389;24;459;271;52;81;54;872
        San Giusto Canavese;1.417;1.303;114;1.431;797;224;204;207;2.848
        San Martino Canavese;343;318;25;364;216;63;42;43;707
        San Maurizio Canavese;5.055;4.768;287;3.799;2.069;748;582;401;8.854
        San Mauro Torinese;8.564;7.962;602;7.881;4.652;1.284;1.092;854;16.445
        San Pietro Val Lemina;663;619;44;626;380;94;86;67;1.289
        San Ponso;117;111;6;100;60;13;19;8;217
        San Raffaele Cimena;1.461;1.364;97;1.278;680;234;218;147;2.739
        San Sebastiano da Po;857;791;66;798;453;123;126;96;1.655
        San Secondo di Pinerolo;1.654;1.545;109;1.518;904;260;199;155;3.172
        Sangano;1.553;1.454;99;1.678;975;271;275;158;3.231
        Sant'Ambrogio di Torino;2.118;1.936;182;1.905;995;315;355;240;4.023
        Sant'Antonino di Susa;1.802;1.644;158;1.779;973;259;318;228;3.581
        Santena;4.840;4.512;328;4.224;2.350;673;764;437;9.064
        Sauze di Cesana;125;114;11;90;53;8;16;13;215
        Sauze d'Oulx;531;477;54;383;178;55;75;75;914
        Scalenghe;1.540;1.431;109;1.273;727;182;228;136;2.813
        Scarmagno;332;314;18;366;219;56;43;47;698
        Sciolze;661;624;37;630;380;99;79;72;1.291
        Sestriere;513;470;43;312;135;69;49;60;825
        Settimo Rottaro;212;193;19;222;143;30;25;24;434
        Settimo Torinese;21.301;19.791;1.510;19.259;10.846;2.998;3.216;2.198;40.560
        Settimo Vittone;678;628;50;660;404;85;72;98;1.338
        Sparone;400;372;28;452;287;50;58;58;852
        Strambinello;105;99;6;125;68;24;20;12;230
        Strambino;2.821;2.628;193;2.588;1.589;377;345;277;5.409
        Susa;2.479;2.284;195;2.771;1.550;398;429;394;5.250
        Tavagnasco;346;313;33;324;177;53;45;50;670
        Torino;399.080;362.131;36.949;351.168;190.204;54.247;59.525;47.192;750.248
        Torrazza Piemonte;1.442;1.350;92;1.184;642;192;198;152;2.626
        Torre Canavese;285;264;21;278;170;28;43;37;563
        Torre Pellice;1.853;1.673;180;2.245;1.347;234;338;327;4.098
        Trana;1.770;1.633;137;1.529;812;244;301;171;3.299
        Trausella;..;..;..;..;..;..;..;..;..
        Traversella;127;121;6;156;100;9;12;34;283
        Traves;202;186;16;253;156;23;40;34;455
        Trofarello;4.857;4.531;326;4.520;2.535;806;686;493;9.377
        Usseaux;65;60;5;91;49;10;17;14;156
        Usseglio;93;89;4;87;53;8;18;7;180
        Vaie;630;573;57;573;322;87;99;65;1.203
        Val della Torre;1.926;1.793;133;1.570;895;224;273;178;3.496
        Val di Chy;536;488;48;590;358;69;72;90;1.126
        Valchiusa;434;407;27;476;297;43;54;82;910
        Valgioie;444;409;35;402;183;62;101;57;846
        Vallo Torinese;357;334;23;330;186;52;52;41;687
        Valperga;1.321;1.235;86;1.265;756;182;185;142;2.586
        Valprato Soana;42;39;3;36;23;1;5;6;78
        Varisella;371;347;24;369;193;63;61;52;740
        Vauda Canavese;669;632;37;593;344;83;96;70;1.262
        Venaria Reale;14.617;13.586;1.031;14.077;8.371;2.153;2.029;1.524;28.694
        Venaus;366;345;21;439;270;55;68;45;805
        Verolengo;2.224;2.048;176;1.987;1.134;306;339;209;4.211
        Verrua Savoia;599;552;47;617;367;66;108;76;1.216
        Vestignè;343;323;20;333;225;40;32;37;676
        Vialfrè;120;112;8;96;57;14;10;14;216
        Vico Canavese;..;..;..;..;..;..;..;..;..
        Vidracco;232;203;29;200;107;22;37;33;432
        Vigone;2.369;2.205;164;2.064;1.203;293;326;242;4.433
        Villafranca Piemonte;2.135;2.004;131;1.917;1.058;253;381;225;4.052
        Villanova Canavese;557;520;37;490;280;67;89;54;1.047
        Villar Dora;1.315;1.222;93;1.154;660;182;188;124;2.469
        Villar Focchiardo;855;796;59;897;547;118;125;107;1.752
        Villar Pellice;480;451;29;465;293;59;46;66;945
        Villar Perosa;1.718;1.579;139;1.766;1.046;244;260;216;3.484
        Villarbasse;1.656;1.555;101;1.409;779;284;213;133;3.065
        Villareggia;418;393;25;467;281;60;86;41;885
        Villastellone;2.074;1.944;130;1.846;1.105;298;263;180;3.920
        Vinovo;7.136;6.684;452;5.886;3.332;1.014;952;587;13.022
        Virle Piemonte;528;491;37;464;267;52;94;52;992
        Vische;532;496;36;551;338;73;82;59;1.083
        Vistrorio;247;227;20;227;133;27;22;44;474
        Viù;422;389;33;505;298;47;72;88;927
        Volpiano;7.155;6.684;471;6.034;3.249;1.028;1.078;679;13.189
        Volvera;4.104;3.849;255;3.223;1.684;639;564;335;7.327
      Vercelli;74.577;69.588;4.989;73.003;44.053;9.871;10.096;8.982;147.580
        Alagna Valsesia;340;313;27;294;156;33;40;66;634
        Albano Vercellese;126;110;16;142;90;12;17;23;268
        Alice Castello;1.119;1.043;76;1.074;621;158;158;138;2.193
        Alto Sermenza;62;59;3;77;56;5;6;10;139
        Arborio;380;347;33;353;230;39;45;39;733
        Asigliano Vercellese;670;633;37;542;331;77;76;58;1.212
        Balmuccia;52;49;3;42;26;5;7;5;94
        Balocco;101;92;9;91;61;7;12;11;192
        Bianzè;844;789;55;804;515;92;107;90;1.648
        Boccioleto;61;58;3;86;60;5;14;7;147
        Borgo d'Ale;1.024;961;63;981;600;132;126;123;2.005
        Borgo Vercelli;1.084;1.016;68;871;489;150;127;104;1.955
        Borgosesia;5.327;5.060;267;5.620;3.682;732;607;599;10.947
        Buronzo;394;370;24;379;223;55;57;44;773
        Campertogno;107;100;7;87;44;14;12;17;194
        Carcoforo;37;35;2;29;21;2;2;3;66
        Caresana;489;424;65;457;276;50;43;88;946
        Caresanablot;514;482;32;440;287;62;53;38;954
        Carisio;354;333;21;345;216;45;40;45;699
        Casanova Elvo;103;96;7;93;53;15;15;10;196
        Cellio con Breia;413;390;23;443;316;30;49;48;856
        Cervatto;28;27;1;19;11;1;5;2;47
        Cigliano;1.964;1.850;114;1.807;1.091;257;250;210;3.771
        Civiasco;106;101;5;100;55;18;16;11;206
        Collobiano;43;42;1;31;19;4;3;4;74
        Costanzana;331;300;31;346;228;30;42;47;677
        Cravagliana;105;100;5;138;96;16;14;12;243
        Crescentino;3.525;3.258;267;3.262;1.794;483;566;419;6.787
        Crova;153;141;12;166;100;17;33;17;319
        Desana;506;474;32;423;268;61;51;45;929
        Fobello;91;84;7;82;54;4;3;21;173
        Fontanetto Po;453;420;33;507;298;68;78;63;960
        Formigliana;230;217;13;201;128;15;37;21;431
        Gattinara;3.392;3.214;178;3.363;2.122;404;416;422;6.755
        Ghislarengo;334;308;26;369;179;62;79;48;703
        Greggio;142;130;12;152;90;16;23;23;294
        Guardabosone;147;139;8;152;109;14;13;16;299
        Lamporo;217;207;10;216;121;39;37;19;433
        Lenta;384;367;17;321;213;29;43;36;705
        Lignana;270;256;14;214;129;32;31;22;484
        Livorno Ferraris;1.864;1.735;129;1.819;1.008;270;313;230;3.683
        Lozzolo;313;297;16;374;217;54;57;46;687
        Mollia;40;36;4;47;25;3;9;10;87
        Moncrivello;564;531;33;653;390;69;77;117;1.217
        Motta de' Conti;290;267;23;373;217;41;68;47;663
        Olcenengo;373;348;25;309;183;48;42;35;682
        Oldenico;91;86;5;102;57;10;17;18;193
        Palazzolo Vercellese;476;447;29;530;324;56;87;63;1.006
        Pertengo;135;126;9;129;73;16;29;12;264
        Pezzana;583;552;31;540;318;90;83;49;1.123
        Pila;70;68;2;55;34;12;6;4;125
        Piode;80;72;8;91;49;12;17;13;171
        Postua;244;234;10;255;189;15;30;21;499
        Prarolo;348;321;27;291;172;52;24;43;639
        Quarona;1.745;1.672;73;1.667;1.097;262;139;169;3.412
        Quinto Vercellese;183;173;10;153;91;24;27;11;336
        Rassa;32;31;1;26;21;0;2;3;58
        Rimella;63;59;4;60;45;1;7;7;123
        Riva Valdobbia;..;..;..;..;..;..;..;..;..
        Rive;184;162;22;216;125;28;36;28;400
        Roasio;1.036;989;47;965;557;132;154;122;2.001
        Ronsecco;245;224;21;248;153;32;27;35;493
        Rossa;80;76;4;83;53;8;6;16;163
        Rovasenda;405;388;17;395;253;43;61;37;800
        Salasco;94;86;8;79;45;9;15;11;173
        Sali Vercellese;37;34;3;52;33;5;8;5;89
        Saluggia;1.661;1.559;102;1.709;1.010;239;219;241;3.370
        San Germano Vercellese;680;615;65;677;371;96;118;92;1.357
        San Giacomo Vercellese;117;110;7;139;87;17;18;16;256
        Santhià;3.584;3.330;254;3.671;2.261;460;518;432;7.255
        Scopa;167;159;8;167;113;19;19;16;334
        Scopello;181;171;10;158;100;21;13;24;339
        Serravalle Sesia;2.093;1.982;111;2.147;1.285;315;269;278;4.240
        Stroppiana;548;518;30;494;294;57;92;51;1.042
        Tricerro;294;270;24;304;183;44;44;34;598
        Trino;2.757;2.537;220;3.153;1.832;433;506;382;5.910
        Tronzano Vercellese;1.486;1.396;90;1.421;863;214;192;151;2.907
        Valduggia;790;753;37;910;616;106;92;96;1.700
        Varallo;3.050;2.897;153;3.129;2.071;375;332;351;6.179
        Vercelli;20.677;19.042;1.635;19.356;11.164;2.790;2.860;2.543;40.033
        Villarboit;160;149;11;187;127;20;21;19;347
        Villata;659;618;41;694;466;81;87;60;1.353
        Vocca;76;73;3;56;23;4;6;23;132
      Novara;170.826;158.629;12.197;147.272;82.887;23.172;24.844;16.370;318.098
        Agrate Conturbia;751;702;49;616;306;117;122;71;1.367
        Ameno;388;361;27;386;238;41;65;42;774
        Armeno;940;883;57;921;545;141;123;111;1.861
        Arona;5.949;5.464;485;6.321;3.702;786;1.121;713;12.270
        Barengo;328;313;15;324;215;42;33;33;652
        Bellinzago Novarese;4.465;4.205;260;3.678;2.157;541;644;335;8.143
        Biandrate;621;581;40;480;271;72;94;43;1.101
        Boca;555;521;34;476;267;83;73;54;1.031
        Bogogno;596;559;37;526;313;67;87;60;1.122
        Bolzano Novarese;529;500;29;488;311;72;55;51;1.017
        Borgo Ticino;2.452;2.252;200;1.971;949;335;445;242;4.423
        Borgolavezzaro;894;832;62;891;539;129;127;96;1.785
        Borgomanero;10.008;9.367;641;8.737;4.836;1.464;1.357;1.080;18.745
        Briga Novarese;1.333;1.262;71;1.151;689;200;143;118;2.484
        Briona;542;513;29;446;267;75;70;33;988
        Caltignaga;1.212;1.140;72;988;583;160;148;97;2.200
        Cameri;5.110;4.792;318;4.247;2.435;706;709;397;9.357
        Carpignano Sesia;1.160;1.084;76;994;623;130;141;101;2.154
        Casalbeltrame;474;443;31;371;222;52;55;42;845
        Casaleggio Novara;434;405;29;345;203;42;67;33;779
        Casalino;692;647;45;629;384;85;96;64;1.321
        Casalvolone;416;377;39;358;186;59;61;52;774
        Castellazzo Novarese;154;140;14;112;58;20;17;16;266
        Castelletto sopra Ticino;4.699;4.350;349;3.924;2.088;624;778;434;8.623
        Cavaglietto;158;149;9;179;108;28;17;25;337
        Cavaglio d'Agogna;509;482;27;503;353;39;62;48;1.012
        Cavallirio;631;599;32;485;286;67;76;54;1.116
        Cerano;2.924;2.654;270;2.838;1.545;425;546;322;5.762
        Colazza;264;246;18;218;131;28;26;33;482
        Comignago;599;558;41;483;277;74;80;52;1.082
        Cressa;722;679;43;661;380;122;97;62;1.383
        Cureggio;1.262;1.179;83;1.009;576;175;144;115;2.271
        Divignano;645;588;57;602;318;93;119;73;1.247
        Dormelletto;1.133;1.041;92;1.138;661;147;199;132;2.271
        Fara Novarese;925;862;63;857;502;128;133;94;1.782
        Fontaneto d'Agogna;1.214;1.133;81;1.078;639;168;154;116;2.292
        Galliate;7.434;6.928;506;6.116;3.442;993;1.052;628;13.550
        Garbagna Novarese;694;652;42;505;290;92;71;51;1.199
        Gargallo;840;791;49;737;440;115;108;74;1.577
        Gattico;..;..;..;..;..;..;..;..;..
        Gattico-Veruno;2.578;2.427;151;2.040;1.179;352;289;220;4.618
        Ghemme;1.624;1.521;103;1.422;873;172;222;155;3.046
        Gozzano;2.610;2.442;168;2.340;1.395;335;319;292;4.950
        Granozzo con Monticello;637;593;44;529;302;79;90;58;1.166
        Grignasco;1.938;1.835;103;1.970;1.284;276;204;206;3.908
        Invorio;2.095;1.967;128;1.693;1.004;260;243;186;3.788
        Landiona;241;230;11;249;193;24;17;16;490
        Lesa;934;863;71;1.007;547;136;187;138;1.941
        Maggiora;776;732;44;674;401;104;88;81;1.450
        Mandello Vitta;108;102;6;103;75;8;11;8;211
        Marano Ticino;760;713;47;612;350;95;116;51;1.372
        Massino Visconti;503;468;35;510;304;58;91;57;1.013
        Meina;1.116;1.041;75;1.055;587;145;201;122;2.171
        Mezzomerico;570;543;27;452;237;88;79;48;1.022
        Miasino;321;302;19;427;272;38;66;52;748
        Momo;1.112;1.036;76;1.024;631;141;147;105;2.136
        Nebbiuno;894;832;62;730;405;107;131;86;1.624
        Nibbiola;374;349;25;339;195;65;49;30;713
        Novara;48.296;44.312;3.984;41.014;22.362;6.713;7.173;4.765;89.310
        Oleggio;6.728;6.330;398;5.626;3.128;915;981;603;12.354
        Oleggio Castello;1.080;1.017;63;864;502;157;120;85;1.944
        Orta San Giulio;448;424;24;536;273;59;127;77;984
        Paruzzaro;1.048;987;61;816;444;159;134;80;1.864
        Pella;438;414;24;380;253;53;35;40;818
        Pettenasco;672;641;31;530;313;87;71;58;1.202
        Pisano;386;353;33;331;173;51;66;40;717
        Pogno;601;571;30;609;381;96;64;67;1.210
        Pombia;1.068;990;78;817;425;157;138;97;1.885
        Prato Sesia;867;822;45;758;490;110;80;78;1.625
        Recetto;421;380;41;404;218;62;65;60;825
        Romagnano Sesia;1.726;1.629;97;1.525;975;179;204;166;3.251
        Romentino;2.722;2.534;188;2.017;1.038;372;394;213;4.739
        San Maurizio d'Opaglio;1.446;1.369;77;1.183;699;218;143;123;2.629
        San Nazzaro Sesia;336;316;20;292;192;32;41;26;628
        San Pietro Mosezzo;966;906;60;761;439;121;116;85;1.727
        Sillavengo;263;245;18;227;135;29;43;19;490
        Sizzano;622;593;29;587;385;87;61;55;1.209
        Soriso;325;305;20;303;184;48;36;35;628
        Sozzago;496;460;36;443;250;66;81;47;939
        Suno;1.292;1.230;62;1.104;689;151;156;108;2.396
        Terdobbiate;210;197;13;179;96;22;35;25;389
        Tornaco;403;375;28;367;217;55;48;47;770
        Trecate;9.689;8.890;799;7.771;3.863;1.346;1.710;851;17.460
        Vaprio d'Agogna;480;446;34;401;255;48;55;43;881
        Varallo Pombia;2.303;2.132;171;2.056;1.123;354;358;221;4.359
        Veruno;..;..;..;..;..;..;..;..;..
        Vespolate;952;883;69;877;512;121;160;85;1.829
        Vicolungo;421;397;24;333;184;55;56;38;754
        Vinzaglio;268;251;17;202;115;33;28;26;470
      Cuneo;273.989;260.987;13.002;232.565;136.278;35.773;34.794;25.720;506.554
        Acceglio;71;67;4;68;41;5;11;11;139
        Aisone;89;87;2;106;79;10;10;8;195
        Alba;15.126;14.383;743;12.365;7.402;1.897;1.709;1.357;27.491
        Albaretto della Torre;92;87;5;108;69;12;17;9;200
        Alto;63;57;6;72;30;10;17;15;135
        Argentera;41;40;1;32;22;3;3;5;73
        Arguello;87;85;2;87;56;11;14;7;174
        Bagnasco;400;375;25;449;263;59;82;45;849
        Bagnolo Piemonte;2.677;2.546;131;2.457;1.389;331;419;317;5.134
        Baldissero d'Alba;530;505;25;405;253;53;60;40;935
        Barbaresco;312;299;13;204;120;41;23;20;516
        Barge;3.419;3.249;170;3.009;1.712;422;490;386;6.428
        Barolo;332;317;15;234;144;38;20;32;566
        Bastia Mondovì;274;261;13;293;160;51;35;47;567
        Battifollo;98;92;6;124;86;9;10;18;222
        Beinette;1.678;1.604;74;1.240;683;240;190;128;2.918
        Bellino;47;45;2;49;36;1;3;8;96
        Belvedere Langhe;166;160;6;125;80;15;17;13;291
        Bene Vagienna;1.680;1.609;71;1.440;797;259;222;161;3.120
        Benevello;226;217;9;184;120;19;29;17;410
        Bergolo;21;19;2;33;24;3;2;3;54
        Bernezzo;2.108;2.025;83;1.375;739;284;216;136;3.483
        Bonvicino;38;36;2;48;27;5;12;3;86
        Borgo San Dalmazzo;5.834;5.539;295;4.986;2.855;854;760;518;10.820
        Borgomale;198;194;4;130;73;22;22;13;328
        Bosia;79;77;2;78;55;4;14;6;157
        Bossolasco;279;265;14;299;188;26;45;39;578
        Boves;4.580;4.378;202;3.798;2.207;625;577;388;8.378
        Bra;13.786;13.047;739;11.879;6.705;1.866;1.995;1.313;25.665
        Briaglia;142;134;8;136;78;22;15;20;278
        Briga Alta;23;22;1;17;12;2;2;1;40
        Brondello;123;115;8;123;71;14;21;17;246
        Brossasco;449;431;18;446;285;52;70;39;895
        Busca;4.846;4.632;214;3.925;2.319;575;572;459;8.771
        Camerana;242;232;10;278;181;29;43;25;520
        Camo;..;..;..;..;..;..;..;..;..
        Canale;2.599;2.478;121;2.187;1.269;336;332;250;4.786
        Canosio;33;31;2;36;24;3;6;3;69
        Caprauna;37;35;2;48;35;0;3;10;85
        Caraglio;3.301;3.146;155;2.574;1.480;445;359;290;5.875
        Caramagna Piemonte;1.404;1.341;63;1.189;693;197;180;119;2.593
        Cardè;550;528;22;424;259;54;65;46;974
        Carrù;2.048;1.953;95;1.777;1.062;271;233;211;3.825
        Cartignano;73;68;5;77;47;12;11;7;150
        Casalgrasso;658;627;31;582;318;94;111;59;1.240
        Castagnito;1.185;1.135;50;745;399;137;131;78;1.930
        Casteldelfino;59;55;4;70;51;7;5;7;129
        Castellar;..;..;..;..;..;..;..;..;..
        Castelletto Stura;707;680;27;447;269;73;65;41;1.154
        Castelletto Uzzone;141;136;5;140;93;12;19;16;281
        Castellinaldo d'Alba;458;432;26;342;201;44;56;41;800
        Castellino Tanaro;114;110;4;126;79;17;15;14;240
        Castelmagno;28;27;1;24;18;1;2;4;52
        Castelnuovo di Ceva;39;37;2;57;38;6;7;6;96
        Castiglione Falletto;365;352;13;222;140;36;23;23;587
        Castiglione Tinella;368;349;19;316;206;37;27;47;684
        Castino;227;217;10;180;108;18;39;16;407
        Cavallerleone;327;314;13;244;132;33;53;25;571
        Cavallermaggiore;2.562;2.455;107;2.028;1.152;323;351;202;4.590
        Celle di Macra;37;35;2;39;25;4;6;5;76
        Centallo;3.374;3.237;137;2.469;1.376;438;407;248;5.843
        Ceresole Alba;957;914;43;802;493;125;108;75;1.759
        Cerretto Langhe;173;165;8;204;135;17;21;31;377
        Cervasca;2.517;2.409;108;1.918;1.099;349;286;184;4.435
        Cervere;1.107;1.057;50;800;436;141;145;78;1.907
        Ceva;2.499;2.372;127;2.401;1.381;360;383;277;4.900
        Cherasco;4.673;4.495;178;3.384;1.884;581;569;351;8.057
        Chiusa di Pesio;1.665;1.573;92;1.495;897;214;206;176;3.160
        Cigliè;90;88;2;72;44;12;10;6;162
        Cissone;34;33;1;38;25;5;4;4;72
        Clavesana;349;333;16;363;211;47;64;41;712
        Corneliano d'Alba;1.067;1.025;42;796;478;120;118;79;1.863
        Cortemilia;1.001;964;37;941;612;110;122;97;1.942
        Cossano Belbo;394;370;24;404;249;43;57;56;798
        Costigliole Saluzzo;1.527;1.449;78;1.342;725;209;230;178;2.869
        Cravanzana;167;158;9;159;107;14;21;18;326
        Crissolo;70;66;4;74;44;9;9;13;144
        Cuneo;26.175;24.738;1.437;23.022;13.572;3.716;3.215;2.518;49.197
        Demonte;809;774;35;864;581;95;83;105;1.673
        Diano d'Alba;1.859;1.782;77;1.274;760;215;172;127;3.133
        Dogliani;2.138;2.033;105;1.912;1.098;282;284;247;4.050
        Dronero;3.565;3.416;149;2.485;1.448;419;305;312;6.050
        Elva;39;37;2;31;17;3;3;8;70
        Entracque;317;298;19;379;233;40;58;48;696
        Envie;920;883;37;794;477;116;107;95;1.714
        Farigliano;765;732;33;714;433;104;96;80;1.479
        Faule;231;219;12;178;102;28;32;17;409
        Feisoglio;113;107;6;147;114;4;16;14;260
        Fossano;11.425;10.897;528;9.572;5.649;1.549;1.374;1.000;20.997
        Frabosa Soprana;317;303;14;327;226;33;38;30;644
        Frabosa Sottana;759;723;36;663;365;93;120;86;1.422
        Frassino;112;105;7;118;78;11;11;18;230
        Gaiola;268;259;9;222;135;48;21;17;490
        Gambasca;149;143;6;153;84;25;35;9;302
        Garessio;1.167;1.113;54;1.415;927;157;196;135;2.582
        Genola;1.235;1.186;49;906;492;185;145;84;2.141
        Gorzegno;103;98;5;137;85;5;33;13;240
        Gottasecca;57;55;2;63;40;8;11;4;120
        Govone;1.109;1.055;54;848;504;120;134;91;1.957
        Grinzane Cavour;993;948;45;704;413;105;108;77;1.697
        Guarene;1.874;1.800;74;1.220;700;216;181;123;3.094
        Igliano;28;27;1;35;24;3;3;4;63
        Isasca;33;32;1;28;21;2;2;3;61
        La Morra;1.327;1.264;63;1.013;580;161;155;117;2.340
        Lagnasco;675;638;37;533;297;105;76;56;1.208
        Lequio Berria;174;166;8;210;146;16;23;25;384
        Lequio Tanaro;363;341;22;282;140;36;63;42;645
        Lesegno;373;355;18;330;202;45;49;35;703
        Levice;79;76;3;102;80;3;11;9;181
        Limone Piemonte;637;602;35;596;342;83;85;87;1.233
        Lisio;78;74;4;96;60;6;13;17;174
        Macra;15;14;1;23;16;1;3;4;38
        Magliano Alfieri;1.082;1.029;53;742;425;135;112;70;1.824
        Magliano Alpi;968;925;43;883;490;148;144;101;1.851
        Mango;567;527;40;548;341;60;73;75;1.115
        Manta;1.823;1.741;82;1.411;836;230;205;140;3.234
        Marene;1.607;1.546;61;1.147;631;211;186;119;2.754
        Margarita;692;664;28;550;327;83;96;44;1.242
        Marmora;30;29;1;22;18;1;2;1;52
        Marsaglia;91;87;4;107;76;11;8;13;198
        Martiniana Po;355;337;18;316;202;26;36;52;671
        Melle;119;110;9;145;100;12;17;16;264
        Moiola;97;92;5;100;67;10;11;12;197
        Mombarcaro;94;89;5;141;96;5;25;16;235
        Mombasiglio;270;260;10;268;184;34;28;22;538
        Monastero di Vasco;595;574;21;503;312;81;60;49;1.098
        Monasterolo Casotto;34;32;2;42;32;2;5;4;76
        Monasterolo di Savigliano;640;616;24;483;291;73;78;41;1.123
        Monchiero;280;267;13;213;103;41;45;24;493
        Mondovì;10.040;9.542;498;9.145;5.330;1.436;1.309;1.069;19.185
        Monesiglio;259;246;13;291;187;34;31;39;550
        Monforte d'Alba;968;924;44;744;453;101;94;96;1.712
        Montà;2.171;2.080;91;1.888;1.063;335;278;212;4.059
        Montaldo di Mondovì;231;221;10;252;166;24;35;27;483
        Montaldo Roero;435;414;21;355;206;50;62;37;790
        Montanera;381;367;14;236;132;43;36;26;617
        Montelupo Albese;238;227;11;172;102;25;26;20;410
        Montemale di Cuneo;108;103;5;85;51;13;11;10;193
        Monterosso Grana;243;229;14;218;116;26;37;39;461
        Monteu Roero;748;712;36;668;409;81;101;77;1.416
        Montezemolo;105;99;6;112;69;9;18;16;217
        Monticello d'Alba;1.200;1.149;51;785;436;134;128;87;1.985
        Moretta;1.878;1.805;73;1.703;1.000;278;252;173;3.581
        Morozzo;956;915;41;749;456;123;102;67;1.705
        Murazzano;339;311;28;430;234;45;82;69;769
        Murello;420;398;22;379;216;55;61;47;799
        Narzole;1.629;1.562;67;1.376;737;242;239;158;3.005
        Neive;1.605;1.522;83;1.291;712;223;207;149;2.896
        Neviglie;193;181;12;145;89;12;22;21;338
        Niella Belbo;131;127;4;179;112;17;15;35;310
        Niella Tanaro;408;383;25;429;277;35;63;53;837
        Novello;473;455;18;363;207;62;52;42;836
        Nucetto;170;161;9;178;108;29;22;20;348
        Oncino;47;46;1;32;24;1;2;4;79
        Ormea;596;562;34;799;559;43;95;102;1.395
        Ostana;39;37;2;35;21;3;3;7;74
        Paesana;1.104;1.049;55;1.235;830;135;136;135;2.339
        Pagno;272;258;14;256;141;43;45;27;528
        Pamparato;92;86;6;162;134;4;8;15;254
        Paroldo;90;87;3;84;61;5;14;4;174
        Perletto;123;120;3;112;78;10;14;10;235
        Perlo;48;47;1;49;30;3;13;3;97
        Peveragno;2.610;2.499;111;2.105;1.301;310;288;205;4.715
        Pezzolo Valle Uzzone;117;112;5;162;91;14;36;20;279
        Pianfei;1.011;972;39;786;460;117;133;76;1.797
        Piasco;1.245;1.196;49;1.133;736;165;129;103;2.378
        Pietraporzio;32;31;1;37;28;4;1;4;69
        Piobesi d'Alba;743;716;27;457;279;73;60;45;1.200
        Piozzo;462;442;20;398;238;52;57;52;860
        Pocapaglia;1.614;1.554;60;1.216;720;209;178;110;2.830
        Polonghera;484;454;30;506;304;66;83;53;990
        Pontechianale;90;85;5;77;62;1;6;7;167
        Pradleves;93;87;6;126;82;15;14;16;219
        Prazzo;70;66;4;95;65;7;12;11;165
        Priero;217;203;14;219;109;33;32;45;436
        Priocca;1.042;1.003;39;747;474;99;111;62;1.789
        Priola;278;264;14;312;189;48;42;33;590
        Prunetto;154;149;5;206;134;17;33;21;360
        Racconigi;4.414;4.183;231;4.021;2.258;609;699;455;8.435
        Revello;2.009;1.914;95;1.616;946;246;216;208;3.625
        Rifreddo;483;462;21;419;238;68;65;47;902
        Rittana;47;45;2;51;37;4;5;5;98
        Roaschia;34;31;3;58;45;0;7;6;92
        Roascio;34;33;1;45;21;10;10;4;79
        Robilante;927;880;47;917;566;128;131;93;1.844
        Roburent;194;180;14;240;160;14;40;26;434
        Rocca Cigliè;51;49;2;63;43;5;10;5;114
        Rocca de' Baldi;738;707;31;625;380;101;81;63;1.363
        Roccabruna;722;691;31;623;386;94;71;73;1.345
        Roccaforte Mondovì;945;893;52;897;557;124;103;113;1.842
        Roccasparvera;370;357;13;251;147;41;41;21;621
        Roccavione;1.179;1.128;51;1.139;648;142;191;158;2.318
        Rocchetta Belbo;77;70;7;71;48;6;5;13;148
        Roddi;790;765;25;583;327;141;67;48;1.373
        Roddino;201;191;10;153;90;15;26;22;354
        Rodello;491;471;20;380;232;56;48;44;871
        Rossana;391;375;16;335;219;41;40;35;726
        Ruffia;168;158;10;135;74;18;29;14;303
        Sale delle Langhe;212;200;12;227;132;27;38;29;439
        Sale San Giovanni;63;60;3;75;45;8;16;6;138
        Saliceto;499;478;21;562;378;50;90;44;1.061
        Salmour;357;344;13;261;152;41;44;24;618
        Saluzzo;8.288;7.836;452;7.041;3.958;1.162;1.050;871;15.329
        Sambuco;39;37;2;38;24;4;3;6;77
        Sampeyre;445;426;19;438;293;44;51;51;883
        San Benedetto Belbo;62;60;2;80;54;8;9;8;142
        San Damiano Macra;159;151;8;217;139;18;29;32;376
        San Michele Mondovì;743;701;42;814;484;92;141;98;1.557
        Sanfrè;1.436;1.367;69;1.162;633;176;239;114;2.598
        Sanfront;1.033;993;40;1.006;668;116;108;113;2.039
        Santa Vittoria d'Alba;1.440;1.375;65;1.036;567;162;193;114;2.476
        Sant'Albano Stura;1.163;1.123;40;840;483;131;135;90;2.003
        Santo Stefano Belbo;1.788;1.699;89;1.602;977;219;221;186;3.390
        Santo Stefano Roero;613;587;26;554;342;72;79;61;1.167
        Savigliano;10.240;9.739;501;8.581;4.832;1.459;1.376;914;18.821
        Scagnello;71;68;3;83;61;5;9;8;154
        Scarnafigi;1.024;975;49;800;470;135;103;92;1.824
        Serralunga d'Alba;280;267;13;183;98;31;29;24;463
        Serravalle Langhe;143;137;6;144;98;10;22;15;287
        Sinio;237;227;10;183;103;23;37;20;420
        Somano;154;148;6;125;73;17;17;18;279
        Sommariva del Bosco;2.890;2.746;144;2.575;1.381;408;531;256;5.465
        Sommariva Perno;1.320;1.266;54;1.067;668;160;142;97;2.387
        Stroppo;45;43;2;49;26;12;3;9;94
        Tarantasca;1.109;1.064;45;705;410;114;112;70;1.814
        Torre Bormida;56;54;2;96;65;7;16;8;152
        Torre Mondovì;222;200;22;239;134;24;47;34;461
        Torre San Giorgio;342;331;11;280;170;46;39;26;622
        Torresina;16;14;2;29;24;2;1;2;45
        Treiso;399;383;16;276;163;46;39;28;675
        Trezzo Tinella;140;134;6;129;89;14;15;11;269
        Trinità;1.013;968;45;856;471;153;140;92;1.869
        Valdieri;393;374;19;410;257;47;65;41;803
        Valgrana;378;358;20;328;203;41;45;39;706
        Valloriate;37;35;2;57;43;4;3;7;94
        Valmala;..;..;..;..;..;..;..;..;..
        Venasca;585;557;28;595;360;75;96;64;1.180
        Verduno;273;259;14;219;137;25;35;22;492
        Vernante;489;471;18;498;303;50;99;45;987
        Verzuolo;3.015;2.867;148;2.534;1.408;403;403;320;5.549
        Vezza d'Alba;1.154;1.107;47;897;552;139;122;84;2.051
        Vicoforte;1.475;1.413;62;1.344;829;209;171;134;2.819
        Vignolo;1.307;1.257;50;970;533;192;153;92;2.277
        Villafalletto;1.352;1.289;63;1.118;643;177;178;120;2.470
        Villanova Mondovì;2.666;2.540;126;2.419;1.320;423;395;281;5.085
        Villanova Solaro;365;351;14;284;180;31;44;28;649
        Villar San Costanzo;760;731;29;591;349;97;69;76;1.351
        Vinadio;265;255;10;267;181;29;30;26;532
        Viola;155;148;7;190;128;19;18;25;345
        Vottignasco;244;235;9;198;125;25;30;18;442
      Asti;94.135;87.446;6.689;89.812;50.162;13.037;14.727;11.886;183.947
        Agliano Terme;697;660;37;687;417;82;96;93;1.384
        Albugnano;233;220;13;231;136;25;28;43;464
        Antignano;401;384;17;447;273;41;54;79;848
        Aramengo;239;221;18;277;149;29;49;50;516
        Asti;33.672;31.009;2.663;31.152;17.062;4.777;5.228;4.085;64.824
        Azzano d'Asti;177;162;15;174;107;28;18;21;351
        Baldichieri d'Asti;499;452;47;461;245;63;96;57;960
        Belveglio;132;124;8;145;75;20;26;23;277
        Berzano di San Pietro;160;143;17;218;104;25;34;54;378
        Bruno;130;123;7;140;87;15;21;16;270
        Bubbio;354;332;22;367;243;39;40;45;721
        Buttigliera d'Asti;1.179;1.113;66;1.041;553;198;178;112;2.220
        Calamandrana;791;752;39;678;384;97;116;82;1.469
        Calliano Monferrato;517;466;51;553;314;69;91;79;1.070
        Calosso;514;479;35;490;283;76;59;73;1.004
        Camerano Casasco;165;150;15;198;115;21;36;26;363
        Canelli;4.502;4.193;309;4.385;2.362;664;719;640;8.887
        Cantarana;449;412;37;398;201;75;66;56;847
        Capriglio;136;119;17;139;69;19;23;28;275
        Casorzo Monferrato;224;205;19;315;201;21;46;47;539
        Cassinasco;257;231;26;249;123;28;50;48;506
        Castagnole delle Lanze;1.661;1.559;102;1.596;876;230;258;233;3.257
        Castagnole Monferrato;483;452;31;515;280;52;102;82;998
        Castel Boglione;261;238;23;262;159;31;25;46;523
        Castel Rocchero;135;125;10;196;119;10;27;39;331
        Castell'Alfero;1.237;1.167;70;1.087;616;167;181;122;2.324
        Castellero;133;127;6;112;70;17;16;9;245
        Castelletto Molina;64;59;5;67;29;7;25;6;131
        Castello di Annone;876;794;82;756;403;118;116;118;1.632
        Castelnuovo Belbo;335;312;23;403;217;54;82;50;738
        Castelnuovo Calcea;277;257;20;356;219;39;48;50;633
        Castelnuovo Don Bosco;1.438;1.361;77;1.360;738;214;210;197;2.798
        Cellarengo;316;293;23;305;155;54;56;40;621
        Celle Enomondo;189;179;10;203;116;33;36;18;392
        Cerreto d'Asti;84;78;6;99;55;12;19;13;183
        Cerro Tanaro;272;253;19;256;136;40;46;34;528
        Cessole;152;142;10;174;107;21;18;27;326
        Chiusano d'Asti;101;91;10;111;62;22;11;15;212
        Cinaglio;165;153;12;213;121;29;30;33;378
        Cisterna d'Asti;582;559;23;495;287;81;69;58;1.077
        Coazzolo;140;129;11;106;53;16;26;12;246
        Cocconato;609;574;35;670;379;93;103;95;1.279
        Corsione;91;84;7;88;43;14;13;17;179
        Cortandone;129;113;16;149;84;17;13;35;278
        Cortanze;116;105;11;115;63;17;19;16;231
        Cortazzone;258;237;21;271;138;44;57;32;529
        Cortiglione;222;207;15;250;129;35;51;35;472
        Cossombrato;233;216;17;227;132;30;41;23;460
        Costigliole d'Asti;2.609;2.444;165;2.379;1.375;303;372;329;4.988
        Cunico;190;181;9;197;117;34;23;23;387
        Dusino San Michele;520;480;40;421;216;79;65;60;941
        Ferrere;654;611;43;673;391;97;108;77;1.327
        Fontanile;202;181;21;252;140;22;44;45;454
        Frinco;330;297;33;323;168;50;65;39;653
        Grana Monferrato;221;207;14;246;161;19;35;32;467
        Grazzano Badoglio;265;250;15;257;152;36;32;36;522
        Incisa Scapaccino;875;817;58;873;462;110;174;126;1.748
        Isola d'Asti;938;878;60;764;445;104;128;87;1.702
        Loazzolo;145;140;5;123;82;12;11;18;268
        Maranzana;92;80;12;122;75;11;17;19;214
        Maretto;182;172;10;158;73;31;32;22;340
        Moasca;251;236;15;210;126;28;34;22;461
        Mombaldone;77;70;7;107;72;6;13;17;184
        Mombaruzzo;382;350;32;493;300;35;75;82;875
        Mombercelli;913;861;52;971;547;123;198;103;1.884
        Monale;442;412;30;412;212;77;70;53;854
        Monastero Bormida;373;350;23;397;258;39;51;49;770
        Moncalvo;1.180;1.103;77;1.310;760;187;188;175;2.490
        Moncucco Torinese;392;373;19;372;199;67;59;47;764
        Mongardino;376;353;23;386;266;39;44;37;762
        Montabone;141;132;9;152;95;15;23;19;293
        Montafia;376;348;28;468;257;56;81;74;844
        Montaldo Scarampi;309;290;19;318;176;48;55;40;627
        Montechiaro d'Asti;552;500;52;552;333;73;79;68;1.104
        Montegrosso d'Asti;1.123;1.055;68;921;496;139;168;118;2.044
        Montemagno Monferrato;448;425;23;500;321;58;62;59;948
        Montiglio Monferrato;647;608;39;701;423;86;113;80;1.348
        Moransengo;79;74;5;86;46;4;25;12;165
        Moransengo-Tonengo;..;..;..;..;..;..;..;..;..
        Nizza Monferrato;4.620;4.293;327;4.285;2.329;618;748;590;8.905
        Olmo Gentile;25;22;3;43;30;2;2;9;68
        Passerano Marmorito;205;189;16;187;112;7;31;38;392
        Penango;184;170;14;203;116;27;41;19;387
        Piea;210;194;16;265;149;27;46;43;475
        Pino d'Asti;101;96;5;107;55;18;20;15;208
        Piovà Massaia;249;231;18;276;159;32;48;37;525
        Portacomaro;852;811;41;832;508;131;121;72;1.684
        Quaranti;63;57;6;72;51;5;7;9;135
        Refrancore;710;666;44;690;401;108;102;79;1.400
        Revigliasco d'Asti;318;299;19;353;240;30;45;37;671
        Roatto;165;155;10;160;99;21;23;17;325
        Robella;164;144;20;241;135;23;30;53;405
        Rocca d'Arazzo;415;383;32;426;258;47;50;71;841
        Roccaverano;139;129;10;195;116;18;27;34;334
        Rocchetta Palafea;149;140;9;161;98;9;31;23;310
        Rocchetta Tanaro;574;533;41;619;390;84;81;64;1.193
        San Damiano d'Asti;3.792;3.563;229;3.171;1.728;538;512;393;6.963
        San Giorgio Scarampi;42;40;2;45;26;4;8;7;87
        San Martino Alfieri;328;306;22;268;166;37;34;31;596
        San Marzano Oliveto;479;457;22;402;218;69;63;52;881
        San Paolo Solbrito;542;510;32;501;266;95;80;61;1.043
        Scurzolengo;224;208;16;236;139;30;39;28;460
        Serole;42;40;2;56;31;5;11;9;98
        Sessame;106;101;5;109;63;14;19;12;215
        Settime;247;224;23;230;110;36;49;34;477
        Soglio;65;62;3;68;42;9;7;10;133
        Tigliole;770;724;46;726;414;100;132;80;1.496
        Tonco;340;312;28;339;213;41;44;42;679
        Tonengo;82;77;5;118;73;12;19;13;200
        Vaglio Serra;114;108;6;118;60;18;24;16;232
        Valfenera;1.141;1.077;64;924;525;135;167;97;2.065
        Vesime;233;214;19;310;172;38;49;51;543
        Viale;108;88;20;107;66;12;11;18;215
        Viarigi;402;377;25;382;233;39;64;46;784
        Vigliano d'Asti;367;337;30;367;216;44;63;44;734
        Villa San Secondo;163;155;8;168;112;18;26;11;331
        Villafranca d'Asti;1.281;1.187;94;1.303;706;203;235;159;2.584
        Villanova d'Asti;2.619;2.460;159;2.150;1.132;397;369;252;4.769
        Vinchio;227;215;12;275;171;38;32;35;502
      Alessandria;183.757;169.403;14.354;179.564;103.450;23.507;30.705;21.902;363.321
        Acqui Terme;8.200;7.523;677;8.915;5.202;1.167;1.403;1.142;17.115
        Albera Ligure;111;101;10;170;105;19;22;24;281
        Alessandria;42.011;38.260;3.751;38.632;21.213;5.467;6.989;4.963;80.643
        Alfiano Natta;299;277;22;324;178;36;54;56;623
        Alice Bel Colle;303;282;21;315;200;31;41;44;618
        Alluvioni Piovera;722;673;49;726;410;83;146;87;1.448
        Altavilla Monferrato;163;153;10;198;104;25;39;30;361
        Alzano Scrivia;162;149;13;155;82;15;38;20;317
        Arquata Scrivia;2.900;2.699;201;2.597;1.554;298;482;263;5.497
        Avolasca;108;99;9;126;85;13;11;17;234
        Balzola;518;481;37;610;401;69;75;64;1.128
        Basaluzzo;932;867;65;841;485;118;160;79;1.773
        Bassignana;726;678;48;677;386;91;129;71;1.403
        Belforte Monferrato;231;215;16;208;125;27;35;21;439
        Bergamasco;284;265;19;346;219;39;41;48;630
        Berzano di Tortona;68;65;3;69;34;14;11;10;137
        Bistagno;789;739;50;788;442;108;131;107;1.577
        Borghetto di Borbera;889;825;64;826;501;90;159;77;1.715
        Borgo San Martino;650;598;52;525;287;82;94;62;1.175
        Borgoratto Alessandrino;226;209;17;274;168;32;39;35;500
        Bosco Marengo;1.015;945;70;949;556;132;169;92;1.964
        Bosio;438;397;41;518;323;53;75;66;956
        Bozzole;161;141;20;143;75;21;21;26;304
        Brignano-Frascata;169;155;14;220;156;11;27;26;389
        Cabella Ligure;180;166;14;247;167;19;31;30;427
        Camagna Monferrato;206;193;13;225;136;31;33;25;431
        Camino;315;288;27;361;217;35;66;43;676
        Cantalupo Ligure;178;166;12;229;155;16;36;22;407
        Capriata d'Orba;814;759;55;772;466;91;144;72;1.586
        Carbonara Scrivia;532;486;46;446;259;63;71;53;978
        Carentino;142;128;14;148;75;23;31;18;290
        Carezzano;198;187;11;187;126;13;25;23;385
        Carpeneto;398;373;25;433;271;50;65;48;831
        Carrega Ligure;33;31;2;51;36;1;6;7;84
        Carrosio;228;211;17;195;109;18;40;28;423
        Cartosio;281;256;25;373;197;51;63;62;654
        Casal Cermelli;528;491;37;544;329;76;72;67;1.072
        Casale Monferrato;14.757;13.446;1.311;14.340;8.150;2.023;2.298;1.868;29.097
        Casaleggio Boiro;169;159;10;165;99;25;24;17;334
        Casalnoceto;463;438;25;408;219;70;75;44;871
        Casasco;49;46;3;59;35;6;8;10;108
        Cassano Spinola;819;772;47;792;496;83;142;71;1.611
        Cassine;1.223;1.118;105;1.287;790;94;238;166;2.510
        Cassinelle;334;306;28;452;281;38;77;56;786
        Castellania Coppi;34;32;2;42;29;4;6;4;76
        Castellar Guidobono;194;184;10;174;103;25;30;16;368
        Castellazzo Bormida;2.129;1.981;148;1.788;1.032;242;297;217;3.917
        Castelletto d'Erro;47;43;4;77;50;3;9;16;124
        Castelletto d'Orba;806;745;61;850;509;92;146;102;1.656
        Castelletto Merli;209;199;10;199;115;26;34;25;408
        Castelletto Monferrato;695;649;46;626;353;97;111;65;1.321
        Castelnuovo Bormida;265;241;24;309;184;35;51;40;574
        Castelnuovo Scrivia;2.236;2.071;165;2.120;1.250;283;350;237;4.356
        Castelspina;171;161;10;193;113;31;19;29;364
        Cavatore;113;101;12;126;78;10;17;20;239
        Cella Monte;211;199;12;215;136;35;22;22;426
        Cereseto;162;149;13;189;117;26;24;22;351
        Cerreto Grue;136;128;8;129;84;17;17;11;265
        Cerrina Monferrato;535;497;38;648;403;79;93;74;1.183
        Coniolo;200;192;8;196;112;40;22;21;396
        Conzano;413;381;32;422;239;66;68;49;835
        Costa Vescovato;131;121;10;153;90;18;22;22;284
        Cremolino;434;407;27;454;269;60;74;51;888
        Cuccaro Monferrato;..;..;..;..;..;..;..;..;..
        Denice;56;52;4;101;66;9;16;11;157
        Dernice;70;65;5;94;72;3;12;7;164
        Fabbrica Curone;213;195;18;333;230;26;30;48;546
        Felizzano;918;850;68;990;573;128;180;109;1.908
        Fraconalto;140;131;9;138;83;13;25;16;278
        Francavilla Bisio;252;237;15;209;122;33;35;20;461
        Frascaro;176;166;10;206;116;35;30;25;382
        Frassinello Monferrato;208;190;18;215;135;23;31;26;423
        Frassineto Po;610;570;40;596;337;88;69;103;1.206
        Fresonara;294;274;20;266;157;42;41;26;560
        Frugarolo;806;749;57;843;515;99;148;82;1.649
        Fubine Monferrato;699;644;55;695;399;86;137;72;1.394
        Gabiano;423;395;28;532;328;50;75;79;955
        Gamalero;392;369;23;331;177;54;65;35;723
        Garbagna;258;240;18;301;180;30;49;41;559
        Gavi;2.053;1.910;143;1.892;1.135;227;344;185;3.945
        Giarole;290;271;19;325;189;38;55;42;615
        Gremiasco;99;89;10;160;114;13;14;20;259
        Grognardo;93;87;6;124;75;7;24;18;217
        Grondona;216;203;13;220;140;19;30;31;436
        Guazzora;117;109;8;131;80;16;20;15;248
        Isola Sant'Antonio;270;251;19;289;175;31;49;34;559
        Lerma;342;319;23;386;231;37;73;45;728
        Lu;..;..;..;..;..;..;..;..;..
        Lu e Cuccaro Monferrato;617;574;43;565;367;55;83;60;1.182
        Malvicino;27;24;3;47;31;1;9;6;74
        Masio;540;511;29;585;381;76;84;44;1.125
        Melazzo;547;502;45;562;317;69;94;82;1.109
        Merana;74;68;6;90;50;16;15;10;164
        Mirabello Monferrato;519;481;38;575;357;56;99;64;1.094
        Molare;892;831;61;895;528;113;156;97;1.787
        Molino dei Torti;246;219;27;273;167;30;34;42;519
        Mombello Monferrato;390;360;30;436;235;55;85;61;826
        Momperone;82;77;5;102;66;10;11;16;184
        Moncestino;84;73;11;91;49;10;11;21;175
        Mongiardino Ligure;56;49;7;88;60;3;12;13;144
        Monleale;262;239;23;239;136;38;27;39;501
        Montacuto;94;85;9;137;101;6;10;20;231
        Montaldeo;81;76;5;121;80;7;19;15;202
        Montaldo Bormida;230;221;9;332;167;31;28;106;562
        Montecastello;123;115;8;138;76;18;31;13;261
        Montechiaro d'Acqui;215;201;14;245;137;24;46;38;460
        Montegioco;129;117;12;121;77;14;17;14;250
        Montemarzino;131;118;13;154;95;7;29;24;285
        Morano sul Po;525;485;40;660;404;68;116;72;1.185
        Morbello;167;153;14;193;133;13;24;23;360
        Mornese;314;295;19;319;177;36;71;35;633
        Morsasco;246;229;17;307;176;31;64;37;553
        Murisengo;535;509;26;636;368;75;64;130;1.171
        Novi Ligure;12.545;11.595;950;11.818;6.603;1.575;2.300;1.340;24.363
        Occimiano;563;515;48;510;284;82;96;48;1.073
        Odalengo Grande;152;142;10;224;140;16;44;24;376
        Odalengo Piccolo;85;80;5;111;72;15;15;10;196
        Olivola;49;45;4;54;31;8;9;7;103
        Orsara Bormida;164;152;12;180;112;10;34;25;344
        Ottiglio;258;235;23;277;153;24;55;45;535
        Ovada;4.692;4.391;301;4.991;2.985;619;825;563;9.683
        Oviglio;547;512;35;534;341;62;76;55;1.081
        Ozzano Monferrato;610;567;43;628;373;94;87;74;1.238
        Paderna;83;80;3;95;63;9;11;11;178
        Pareto;192;180;12;281;193;26;26;36;473
        Parodi Ligure;258;237;21;315;207;25;38;45;573
        Pasturana;625;586;39;506;310;70;80;45;1.131
        Pecetto di Valenza;532;505;27;523;300;66;114;43;1.055
        Pietra Marazzi;414;384;30;397;232;68;58;40;811
        Pomaro Monferrato;132;121;11;151;87;13;30;21;283
        Pontecurone;1.529;1.410;119;1.548;970;181;223;173;3.077
        Pontestura;571;522;49;609;364;76;102;68;1.180
        Ponti;200;176;24;270;164;21;52;33;470
        Ponzano Monferrato;141;131;10;148;87;14;30;17;289
        Ponzone;332;305;27;619;377;26;97;119;951
        Pozzol Groppo;128;115;13;154;113;9;11;21;282
        Pozzolo Formigaro;2.141;2.013;128;1.859;1.034;256;377;192;4.000
        Prasco;215;195;20;243;143;26;48;26;458
        Predosa;785;723;62;929;550;108;169;103;1.714
        Quargnento;626;589;37;543;342;69;81;51;1.169
        Quattordio;595;554;41;718;462;87;98;71;1.313
        Ricaldone;279;245;34;267;149;28;47;44;546
        Rivalta Bormida;618;552;66;620;398;68;61;93;1.238
        Rivarone;173;154;19;197;99;21;25;51;370
        Rocca Grimalda;651;613;38;613;363;73;103;74;1.264
        Roccaforte Ligure;54;50;4;68;50;1;8;10;122
        Rocchetta Ligure;99;87;12;105;60;13;16;16;204
        Rosignano Monferrato;676;637;39;621;370;101;80;69;1.297
        Sala Monferrato;138;123;15;176;118;18;23;16;314
        Sale;1.715;1.589;126;1.750;1.035;215;293;207;3.465
        San Cristoforo;255;237;18;233;141;27;39;27;488
        San Giorgio Monferrato;567;531;36;499;295;76;79;48;1.066
        San Salvatore Monferrato;1.767;1.642;125;1.850;1.094;250;285;221;3.617
        San Sebastiano Curone;239;221;18;244;127;29;56;33;483
        Sant'Agata Fossili;143;133;10;195;119;21;28;27;338
        Sardigliano;166;154;12;183;110;26;29;18;349
        Sarezzano;544;504;40;443;256;64;69;54;987
        Serralunga di Crea;236;221;15;224;142;19;42;21;460
        Serravalle Scrivia;2.636;2.429;207;2.480;1.344;296;551;288;5.116
        Sezzadio;511;471;40;523;316;57;92;58;1.034
        Silvano d'Orba;881;821;60;799;459;90;164;87;1.680
        Solero;694;646;48;722;449;88;111;73;1.416
        Solonghello;97;94;3;86;61;9;7;9;183
        Spigno Monferrato;343;324;19;493;302;47;61;84;836
        Spineto Scrivia;162;150;12;179;102;23;33;20;341
        Stazzano;1.081;1.018;63;963;541;134;184;104;2.044
        Strevi;856;784;72;845;431;116;180;118;1.701
        Tagliolo Monferrato;710;670;40;641;370;71;101;99;1.351
        Tassarolo;294;273;21;243;149;24;44;26;537
        Terruggia;434;415;19;342;207;61;40;35;776
        Terzo;386;355;31;367;220;50;53;44;753
        Ticineto;594;545;49;606;345;84;113;63;1.200
        Tortona;12.256;11.276;980;11.162;6.152;1.695;1.966;1.349;23.418
        Treville;119;112;7;116;66;20;18;12;235
        Trisobbio;276;255;21;324;197;38;53;37;600
        Valenza;8.422;7.837;585;7.879;4.523;1.113;1.250;994;16.301
        Valmacca;423;386;37;445;268;46;78;53;868
        Vignale Monferrato;393;363;30;446;263;41;80;61;839
        Vignole Borbera;941;878;63;883;501;114;180;88;1.824
        Viguzzolo;1.397;1.311;86;1.255;723;189;223;119;2.652
        Villadeati;195;183;12;243;140;26;35;42;438
        Villalvernia;393;366;27;386;223;48;69;47;779
        Villamiroglio;123;111;12;153;97;9;24;23;276
        Villanova Monferrato;810;753;57;708;420;102;115;70;1.518
        Villaromagnano;296;275;21;292;190;29;45;28;588
        Visone;503;461;42;526;307;63;89;68;1.029
        Volpedo;536;489;47;498;300;65;75;58;1.034
        Volpeglino;61;58;3;62;29;8;12;13;123
        Voltaggio;281;266;15;315;210;28;51;27;596
      Biella;74.968;69.971;4.997;77.216;49.713;10.247;8.609;8.647;152.184
        Ailoche;131;125;6;141;89;19;12;21;272
        Andorno Micca;1.279;1.193;86;1.469;964;160;169;175;2.748
        Benna;526;499;27;461;307;70;41;43;987
        Biella;19.099;17.653;1.446;19.234;11.687;2.795;2.418;2.335;38.333
        Bioglio;377;353;24;425;275;50;44;55;802
        Borriana;382;357;25;375;240;53;44;39;757
        Brusnengo;877;823;54;897;591;88;111;108;1.774
        Callabiana;69;58;11;53;35;6;1;11;122
        Camandona;121;112;9;165;116;17;14;17;286
        Camburzano;493;467;26;500;345;61;48;47;993
        Campiglia Cervo;212;194;18;252;157;25;30;40;464
        Candelo;3.305;3.117;188;3.221;2.148;454;327;291;6.526
        Caprile;87;83;4;88;62;10;6;9;175
        Casapinta;166;154;12;174;106;31;18;18;340
        Castelletto Cervo;368;348;20;326;184;47;53;42;694
        Cavaglià;1.632;1.511;121;1.498;929;191;192;185;3.130
        Cerreto Castello;..;..;..;..;..;..;..;..;..
        Cerrione;1.262;1.191;71;1.176;759;172;139;107;2.438
        Coggiola;635;591;44;869;620;74;70;104;1.504
        Cossato;6.109;5.712;397;6.421;4.298;802;681;640;12.530
        Crevacuore;575;539;36;668;465;67;70;66;1.243
        Curino;184;172;12;239;141;26;35;37;423
        Donato;295;276;19;344;218;33;47;46;639
        Dorzano;254;240;14;222;146;26;29;20;476
        Gaglianico;1.753;1.649;104;1.655;1.084;204;209;158;3.408
        Gifflenga;47;44;3;40;24;7;6;4;87
        Graglia;626;582;44;698;453;79;95;72;1.324
        Lessona;1.188;1.121;67;1.168;774;153;107;133;2.356
        Magnano;142;139;3;193;60;12;4;117;335
        Massazza;282;261;21;226;144;26;19;37;508
        Masserano;838;787;51;904;578;112;101;112;1.742
        Mezzana Mortigliengo;182;170;12;257;201;17;14;24;439
        Miagliano;218;200;18;256;166;28;30;32;474
        Mongrando;1.553;1.454;99;1.721;1.108;220;193;200;3.274
        Mosso;..;..;..;..;..;..;..;..;..
        Mottalciata;619;591;28;536;352;77;57;49;1.155
        Muzzano;255;237;18;270;176;31;34;30;525
        Netro;380;356;24;481;305;57;58;61;861
        Occhieppo Inferiore;1.681;1.575;106;1.693;1.132;225;158;178;3.374
        Occhieppo Superiore;1.175;1.099;76;1.197;800;173;108;116;2.372
        Pettinengo;634;583;51;708;456;95;56;101;1.342
        Piatto;215;203;12;220;144;36;19;22;435
        Piedicavallo;75;71;4;85;53;8;8;16;160
        Pollone;930;871;59;894;548;148;109;89;1.824
        Ponderano;1.666;1.557;109;1.637;1.061;230;181;166;3.303
        Portula;447;423;24;595;406;76;43;70;1.042
        Pralungo;1.033;963;70;1.056;678;143;120;116;2.089
        Pray;807;761;46;1.004;693;119;92;101;1.811
        Quaregna;..;..;..;..;..;..;..;..;..
        Quaregna Cerreto;977;917;60;801;527;123;73;78;1.778
        Ronco Biellese;638;587;51;632;377;110;68;77;1.270
        Roppolo;330;304;26;427;265;51;50;61;757
        Rosazza;44;40;4;52;30;6;8;9;96
        Sagliano Micca;696;644;52;704;422;91;81;111;1.400
        Sala Biellese;240;225;15;264;175;26;33;30;504
        Salussola;863;803;60;789;505;105;98;80;1.652
        Sandigliano;1.190;1.123;67;1.142;746;166;129;101;2.332
        Soprana;..;..;..;..;..;..;..;..;..
        Sordevolo;567;529;38;567;337;91;71;67;1.134
        Sostegno;341;324;17;317;207;40;40;30;658
        Strona;423;389;34;448;315;43;48;43;871
        Tavigliano;432;407;25;401;266;57;36;42;833
        Ternengo;108;103;5;125;93;13;9;11;233
        Tollegno;1.034;945;89;1.059;689;149;97;124;2.093
        Torrazzo;87;80;7;94;60;15;11;9;181
        Trivero;..;..;..;..;..;..;..;..;..
        Valdengo;1.105;1.048;57;1.037;708;144;97;88;2.142
        Valdilana;4.143;3.875;268;5.032;3.390;597;496;549;9.175
        Vallanzengo;88;80;8;90;63;11;7;9;178
        Valle Mosso;..;..;..;..;..;..;..;..;..
        Valle San Nicolao;367;340;27;423;281;56;42;44;790
        Veglio;182;165;17;234;147;20;34;33;416
        Verrone;566;539;27;465;301;78;50;37;1.031
        Vigliano Biellese;3.411;3.213;198;3.395;2.295;416;366;318;6.806
        Villa del Bosco;146;139;7;152;80;27;25;21;298
        Villanova Biellese;88;82;6;71;46;6;14;5;159
        Viverone;618;576;42;593;366;81;75;71;1.211
        Zimone;173;159;14;175;113;19;21;22;348
        Zubiena;493;460;33;565;347;82;70;67;1.058
        Zumaglia;434;410;24;450;289;69;43;48;884
      Verbano-Cusio-Ossola;66.454;62.173;4.281;71.517;37.953;9.392;13.950;10.223;137.971
        Antrona Schieranco;155;147;8;216;143;8;37;27;371
        Anzola d'Ossola;178;172;6;168;107;25;21;15;346
        Arizzano;863;800;63;893;439;163;178;113;1.756
        Arola;102;97;5;117;62;18;24;14;219
        Aurano;45;39;6;55;32;4;10;9;100
        Baceno;383;365;18;399;259;35;62;43;782
        Bannio Anzino;167;157;10;250;144;18;48;40;417
        Baveno;2.146;2.024;122;2.042;1.118;273;367;283;4.188
        Bee;326;302;24;372;158;58;93;64;698
        Belgirate;207;191;16;241;127;34;37;43;448
        Beura-Cardezza;591;555;36;672;348;85;169;71;1.263
        Bognanco;75;71;4;92;63;4;14;10;167
        Borgomezzavalle;115;107;8;156;89;9;25;33;271
        Brovello-Carpugnino;378;354;24;301;151;28;75;47;679
        Calasca-Castiglione;209;194;15;348;193;20;89;46;557
        Cambiasca;659;604;55;743;409;112;118;104;1.402
        Cannero Riviera;330;301;29;518;224;55;132;106;848
        Cannobio;2.394;2.304;90;2.083;889;240;498;456;4.477
        Caprezzo;66;61;5;100;50;6;27;16;166
        Casale Corte Cerro;1.641;1.565;76;1.350;794;223;179;154;2.991
        Cavaglio-Spoccia;..;..;..;..;..;..;..;..;..
        Ceppo Morelli;102;94;8;180;103;16;30;32;282
        Cesara;263;246;17;257;153;34;32;38;520
        Cossogno;293;273;20;303;149;38;64;52;596
        Craveggia;383;363;20;312;145;37;54;76;695
        Crevoladossola;1.915;1.783;132;2.100;1.003;292;502;303;4.015
        Crodo;596;565;31;687;405;92;106;84;1.283
        Cursolo-Orasso;..;..;..;..;..;..;..;..;..
        Domodossola;7.403;6.861;542;8.476;4.344;1.118;1.845;1.171;15.879
        Druogno;498;473;25;405;162;64;107;71;903
        Falmenta;..;..;..;..;..;..;..;..;..
        Formazza;187;178;9;220;124;25;43;28;407
        Germagno;79;75;4;94;60;12;11;12;173
        Ghiffa;920;832;88;1.130;578;140;246;165;2.050
        Gignese;471;445;26;472;256;58;96;62;943
        Gravellona Toce;3.365;3.159;206;3.296;1.901;428;551;415;6.661
        Gurro;37;34;3;137;56;7;32;43;174
        Intragna;35;32;3;47;28;2;12;5;82
        Loreglia;80;77;3;116;91;6;11;7;196
        Macugnaga;217;202;15;261;146;39;41;36;478
        Madonna del Sasso;163;156;7;175;108;21;22;24;338
        Malesco;620;589;31;604;277;66;162;99;1.224
        Masera;605;560;45;706;359;89;169;89;1.311
        Massiola;45;43;2;60;33;9;13;5;105
        Mergozzo;975;931;44;938;461;149;149;179;1.913
        Miazzina;153;141;12;184;107;15;34;28;337
        Montecrestese;508;464;44;609;329;71;123;87;1.117
        Montescheno;147;138;9;197;109;18;42;28;344
        Nonio;379;362;17;357;211;55;47;44;736
        Oggebbio;302;267;35;459;181;49;117;112;761
        Omegna;6.505;6.166;339;6.364;3.898;893;844;729;12.869
        Ornavasso;1.592;1.521;71;1.318;774;200;201;144;2.910
        Pallanzeno;441;405;36;539;286;64;121;67;980
        Piedimulera;606;566;40;704;363;80;165;95;1.310
        Pieve Vergonte;996;947;49;1.179;619;132;298;130;2.175
        Premeno;338;315;23;367;199;41;71;56;705
        Premia;226;214;12;257;156;21;52;27;483
        Premosello-Chiovenda;844;795;49;840;456;108;175;101;1.684
        Quarna Sopra;104;100;4;111;75;10;16;11;215
        Quarna Sotto;154;145;9;192;114;24;31;23;346
        Re;305;288;17;318;140;39;80;59;623
        San Bernardino Verbano;563;526;37;566;271;85;117;93;1.129
        Santa Maria Maggiore;481;436;45;656;280;72;221;83;1.137
        Stresa;2.003;1.876;127;2.197;1.185;274;431;307;4.200
        Toceno;261;241;20;376;122;42;168;45;637
        Trarego Viggiona;188;181;7;161;80;17;27;37;349
        Trasquera;63;57;6;104;55;7;26;17;167
        Trontano;682;640;42;811;403;112;178;119;1.493
        Valle Cannobina;202;197;5;229;93;11;44;81;431
        Valstrona;511;494;17;530;272;73;131;53;1.041
        Vanzone con San Carlo;174;167;7;181;105;18;33;25;355
        Varzo;708;625;83;1.053;503;94;298;158;1.761
        Verbania;12.864;11.904;960;14.050;7.410;2.040;2.428;2.172;26.914
        Vignone;547;512;35;508;242;100;88;77;1.055
        Villadossola;2.489;2.324;165;3.052;1.691;333;649;378;5.541
        Villette;88;82;6;154;57;21;48;28;242
        Vogogna;747;696;51;803;423;114;145;120;1.550
    Valle d'Aosta / Vallée d'Aoste;57.615;54.407;3.208;50.592;28.408;8.294;7.138;6.751;108.207
      Valle d'Aosta / Vallée d'Aoste;57.615;54.407;3.208;50.592;28.408;8.294;7.138;6.751;108.207
        Allein;98;95;3;91;59;14;10;8;189
        Antey-Saint-André;245;233;12;221;115;28;27;53;466
        Aosta;14.970;14.132;838;14.341;8.242;2.243;2.075;1.781;29.311
        Arnad;565;545;20;509;316;78;43;73;1.074
        Arvier;390;368;22;325;194;45;43;43;715
        Avise;133;127;6;123;77;20;13;13;256
        Ayas;631;593;38;527;262;85;66;114;1.158
        Aymavilles;986;936;50;826;456;137;144;90;1.812
        Bard;47;45;2;45;26;4;9;5;92
        Bionaz;100;97;3;95;57;12;7;19;195
        Brissogne;512;487;25;339;190;69;32;48;851
        Brusson;377;350;27;373;203;61;45;63;750
        Challand-Saint-Anselme;328;309;19;312;180;48;35;49;640
        Challand-Saint-Victor;234;218;16;246;132;45;32;38;480
        Chambave;390;364;26;382;245;53;44;40;772
        Chamois;60;58;2;39;24;3;1;10;99
        Champdepraz;350;327;23;296;166;48;44;38;646
        Champorcher;174;163;11;171;108;17;22;25;345
        Charvensod;1.199;1.134;65;912;499;169;129;114;2.111
        Châtillon;1.995;1.864;131;1.916;1.105;267;323;221;3.911
        Cogne;628;588;40;570;312;91;80;87;1.198
        Courmayeur;1.269;1.184;85;1.071;509;181;224;158;2.340
        Donnas;1.065;1.005;60;1.079;641;167;163;108;2.144
        Doues;246;238;8;199;120;32;15;31;445
        Emarèse;107;104;3;86;49;14;10;13;193
        Etroubles;214;199;15;209;108;26;31;44;423
        Fénis;809;766;43;709;420;107;107;76;1.518
        Fontainemore;187;176;11;190;117;29;19;26;377
        Gaby;185;174;11;191;112;37;16;27;376
        Gignod;847;807;40;602;306;136;74;85;1.449
        Gressan;1.653;1.567;86;1.257;706;244;160;147;2.910
        Gressoney-La-Trinité;152;146;6;121;45;30;14;33;273
        Gressoney-Saint-Jean;362;342;20;322;168;56;39;59;684
        Hône;537;508;29;471;308;63;49;52;1.008
        Introd;303;289;14;253;147;55;24;28;556
        Issime;171;161;10;146;83;22;20;21;317
        Issogne;577;553;24;571;382;68;51;70;1.148
        Jovençan;357;339;18;268;150;56;33;29;625
        La Magdeleine;53;50;3;39;23;7;5;4;92
        La Salle;941;878;63;804;426;121;133;125;1.745
        La Thuile;370;341;29;335;158;51;57;70;705
        Lillianes;208;198;10;166;93;24;21;28;374
        Montjovet;873;829;44;690;393;113;76;108;1.563
        Morgex;990;918;72;813;417;133;155;108;1.803
        Nus;1.457;1.377;80;1.127;629;203;159;136;2.584
        Ollomont;77;73;4;71;40;5;9;17;148
        Oyace;95;91;4;90;50;15;11;13;185
        Perloz;208;199;9;202;121;33;24;25;410
        Pollein;731;696;35;553;304;119;71;59;1.284
        Pontboset;75;69;6;82;47;13;9;13;157
        Pontey;371;351;20;329;177;63;46;43;700
        Pont-Saint-Martin;1.572;1.479;93;1.537;892;226;222;196;3.109
        Pré-Saint-Didier;460;433;27;398;184;60;71;82;858
        Quart;2.088;1.997;91;1.425;783;272;187;183;3.513
        Rhêmes-Notre-Dame;38;37;1;38;17;5;1;16;76
        Rhêmes-Saint-Georges;79;76;3;70;48;11;3;7;149
        Roisan;489;467;22;385;205;80;53;47;874
        Saint-Christophe;1.708;1.625;83;1.324;762;257;176;129;3.032
        Saint-Denis;163;157;6;148;87;27;15;19;311
        Saint-Marcel;616;591;25;523;279;110;69;65;1.139
        Saint-Nicolas;158;152;6;123;72;16;9;27;281
        Saint-Oyen;82;79;3;94;57;13;18;6;176
        Saint-Pierre;1.607;1.526;81;1.195;638;216;169;172;2.802
        Saint-Rhémy-en-Bosses;142;132;10;156;93;22;19;23;298
        Saint-Vincent;2.049;1.909;140;1.948;1.076;267;341;263;3.997
        Sarre;2.346;2.218;128;1.878;1.042;349;255;232;4.224
        Torgnon;238;225;13;243;135;36;22;50;481
        Valgrisenche;96;92;4;79;50;12;6;10;175
        Valpelline;284;270;14;243;136;42;33;32;527
        Valsavarenche;82;77;5;66;40;9;9;8;148
        Valtournenche;1.039;976;63;880;377;145;129;229;1.919
        Verrayes;591;568;23;548;322;95;61;70;1.139
        Verrès;1.146;1.062;84;1.099;647;168;156;127;2.245
        Villeneuve;641;598;43;486;250;98;69;69;1.127
    Liguria;666.036;620.138;45.898;680.882;361.839;98.441;128.743;91.860;1.346.918
      Imperia;87.038;79.727;7.311;99.098;51.962;13.222;19.141;14.773;186.136
        Airole;120;109;11;209;106;14;55;34;329
        Apricale;222;198;24;336;177;33;59;67;558
        Aquila d'Arroscia;63;55;8;68;45;3;16;5;131
        Armo;35;31;4;70;40;6;17;7;105
        Aurigo;119;106;13;182;106;27;30;19;301
        Badalucco;434;403;31;543;299;65;108;71;977
        Bajardo;135;118;17;231;144;6;13;68;366
        Bordighera;4.001;3.640;361;5.153;2.779;592;1.081;701;9.154
        Borghetto d'Arroscia;155;149;6;207;131;17;29;29;362
        Borgomaro;310;292;18;420;237;41;80;62;730
        Camporosso;2.770;2.586;184;2.026;984;372;357;314;4.796
        Caravonica;114;111;3;117;61;18;19;19;231
        Castel Vittorio;72;69;3;174;120;14;19;22;246
        Castellaro;588;559;29;545;270;85;99;91;1.133
        Ceriana;391;356;35;605;342;53;111;99;996
        Cervo;434;404;30;551;341;47;88;75;985
        Cesio;131;121;10;115;55;17;21;22;246
        Chiusanico;262;249;13;263;142;31;45;45;525
        Chiusavecchia;223;208;15;215;93;42;47;32;438
        Cipressa;527;495;32;552;305;65;117;66;1.079
        Civezza;268;245;23;278;150;41;50;37;546
        Cosio d'Arroscia;57;53;4;104;71;6;19;7;161
        Costarainera;320;296;24;374;180;51;75;67;694
        Diano Arentino;286;260;26;332;179;36;66;51;618
        Diano Castello;1.017;930;87;975;493;149;159;174;1.992
        Diano Marina;2.157;2.009;148;2.849;1.681;329;432;407;5.006
        Diano San Pietro;469;440;29;489;269;56;83;81;958
        Dolceacqua;848;784;64;1.025;512;132;184;198;1.873
        Dolcedo;541;506;35;563;305;67;104;87;1.104
        Imperia;18.779;17.145;1.634;18.717;9.686;2.968;3.505;2.558;37.496
        Isolabona;259;232;27;332;169;30;61;71;591
        Lucinasco;130;110;20;122;58;18;25;21;252
        Mendatica;78;75;3;83;57;5;10;11;161
        Molini di Triora;214;198;16;354;209;26;51;68;568
        Montalto Carpasio;170;162;8;298;181;24;50;43;468
        Montegrosso Pian Latte;42;41;1;64;48;5;8;4;106
        Olivetta San Michele;84;80;4;96;60;9;18;10;180
        Ospedaletti;1.292;1.186;106;1.597;860;175;337;225;2.889
        Perinaldo;285;263;22;469;242;56;75;96;754
        Pietrabruna;162;150;12;244;134;37;39;33;406
        Pieve di Teco;534;488;46;623;356;66;114;87;1.157
        Pigna;267;243;24;430;249;48;69;64;697
        Pompeiana;364;345;19;378;188;43;79;68;742
        Pontedassio;1.076;1.012;64;1.002;493;161;182;167;2.078
        Pornassio;245;239;6;335;187;25;35;89;580
        Prelà;160;150;10;277;157;29;38;53;437
        Ranzo;235;214;21;251;146;24;49;33;486
        Rezzo;125;120;5;158;93;11;23;31;283
        Riva Ligure;1.185;1.124;61;1.332;751;160;201;220;2.517
        Rocchetta Nervina;116;100;16;131;61;13;28;29;247
        San Bartolomeo al Mare;1.218;1.134;84;1.443;796;172;255;219;2.661
        San Biagio della Cima;527;489;38;577;266;88;108;115;1.104
        San Lorenzo al Mare;509;476;33;589;329;60;121;78;1.098
        Sanremo;22.472;20.402;2.070;25.259;13.259;3.306;5.142;3.552;47.731
        Santo Stefano al Mare;880;831;49;956;551;124;152;128;1.836
        Seborga;105;90;15;146;83;10;28;24;251
        Soldano;407;361;46;440;201;65;102;72;847
        Taggia;5.883;5.477;406;6.188;3.194;931;1.118;945;12.071
        Terzorio;101;93;8;104;58;13;21;13;205
        Triora;124;116;8;219;132;15;25;47;343
        Vallebona;517;482;35;576;281;76;114;104;1.093
        Vallecrosia;2.637;2.433;204;3.328;1.730;445;659;494;5.965
        Vasia;136;127;9;209;123;22;35;28;345
        Ventimiglia;8.354;7.473;881;11.867;5.784;1.509;2.631;1.942;20.221
        Vessalico;109;105;4;125;59;14;14;37;234
        Villa Faraldi;189;179;10;207;112;26;36;32;396
      Savona;116.539;107.689;8.850;123.373;68.475;17.469;21.055;16.374;239.912
        Alassio;4.341;4.010;331;4.837;2.635;691;762;749;9.178
        Albenga;10.446;9.541;905;10.265;5.445;1.537;1.794;1.489;20.711
        Albisola Superiore;4.060;3.771;289;4.669;2.731;630;803;505;8.729
        Albissola Marina;2.210;2.088;122;2.503;1.461;350;408;284;4.713
        Altare;822;759;63;932;553;101;166;111;1.754
        Andora;3.129;2.847;282;3.416;1.877;505;555;479;6.545
        Arnasco;234;217;17;270;169;27;36;38;504
        Balestrino;250;231;19;228;132;43;28;26;478
        Bardineto;294;274;20;380;231;35;64;50;674
        Bergeggi;484;458;26;497;276;86;81;53;981
        Boissano;1.231;1.138;93;1.057;492;214;169;181;2.288
        Borghetto Santo Spirito;1.790;1.621;169;2.384;1.411;275;370;329;4.174
        Borgio Verezzi;848;786;62;1.050;634;133;153;129;1.898
        Bormida;124;116;8;193;129;11;36;17;317
        Cairo Montenotte;5.662;5.221;441;5.626;3.048;775;1.076;727;11.288
        Calice Ligure;778;720;58;764;404;133;119;108;1.542
        Calizzano;604;564;40;683;425;68;101;89;1.287
        Carcare;2.334;2.177;157;2.396;1.362;348;418;269;4.730
        Casanova Lerrone;296;275;21;371;208;36;68;59;667
        Castelbianco;133;117;16;143;72;19;30;23;276
        Castelvecchio di Rocca Barbena;47;42;5;74;54;3;11;6;121
        Celle Ligure;2.058;1.923;135;2.346;1.360;342;359;286;4.404
        Cengio;1.385;1.233;152;1.557;878;202;302;175;2.942
        Ceriale;2.265;2.063;202;2.467;1.386;328;403;351;4.732
        Cisano sul Neva;964;906;58;919;468;142;150;158;1.883
        Cosseria;460;426;34;466;251;74;86;55;926
        Dego;792;726;66;859;499;100;162;98;1.651
        Erli;57;57;0;149;96;8;8;36;206
        Finale Ligure;4.835;4.451;384;5.282;2.999;734;843;706;10.117
        Garlenda;655;608;47;545;259;88;96;102;1.200
        Giustenice;444;416;28;448;251;68;64;66;892
        Giusvalla;164;154;10;210;131;25;34;19;374
        Laigueglia;662;610;52;862;497;105;116;144;1.524
        Loano;4.507;4.159;348;5.143;2.978;684;773;708;9.650
        Magliolo;429;398;31;427;220;70;77;59;856
        Mallare;428;392;36;537;314;60;98;65;965
        Massimino;35;32;3;53;37;1;10;5;88
        Millesimo;1.413;1.321;92;1.380;764;173;267;175;2.793
        Mioglia;205;192;13;257;155;20;51;31;462
        Murialdo;323;296;27;350;209;35;58;47;673
        Nasino;59;55;4;97;60;8;16;12;156
        Noli;1.052;967;85;1.212;693;161;206;153;2.264
        Onzo;78;72;6;122;75;12;16;19;200
        Orco Feglino;410;382;28;425;228;66;73;59;835
        Ortovero;783;722;61;614;271;105;109;129;1.397
        Osiglia;176;150;26;215;132;14;43;27;391
        Pallare;409;381;28;382;200;47;90;45;791
        Piana Crixia;316;287;29;356;218;28;63;47;672
        Pietra Ligure;3.507;3.247;260;4.001;2.372;516;567;545;7.508
        Plodio;302;288;14;262;152;32;46;32;564
        Pontinvrea;318;298;20;407;255;37;66;48;725
        Quiliano;3.060;2.880;180;3.133;1.714;472;586;361;6.193
        Rialto;230;209;21;245;140;29;48;28;475
        Roccavignale;339;310;29;338;175;48;77;38;677
        Sassello;756;717;39;812;522;78;97;114;1.568
        Savona;25.913;23.889;2.024;26.222;14.089;4.012;4.817;3.304;52.135
        Spotorno;1.451;1.328;123;1.722;1.036;209;270;207;3.173
        Stella;1.351;1.259;92;1.323;703;193;233;193;2.674
        Stellanello;340;314;26;423;210;58;74;81;763
        Testico;72;61;11;105;56;16;19;13;177
        Toirano;1.246;1.166;80;1.085;528;179;182;195;2.331
        Tovo San Giacomo;1.148;1.081;67;1.086;547;191;180;169;2.234
        Urbe;276;253;23;343;229;26;50;39;619
        Vado Ligure;3.497;3.299;198;3.675;2.086;497;642;450;7.172
        Varazze;5.301;4.928;373;5.998;3.396;858;984;760;11.299
        Vendone;155;143;12;180;102;21;28;29;335
        Vezzi Portio;379;360;19;354;189;50;61;54;733
        Villanova d'Albenga;1.290;1.194;96;1.116;523;210;187;196;2.406
        Zuccarello;126;113;13;126;74;15;19;18;252
      Genova;365.594;342.390;23.204;363.913;192.918;53.924;68.851;48.220;729.507
        Arenzano;4.795;4.562;233;5.126;2.895;740;911;580;9.921
        Avegno;1.235;1.153;82;1.035;516;142;219;158;2.270
        Bargagli;1.152;1.057;95;1.138;599;161;218;160;2.290
        Bogliasco;1.937;1.837;100;1.999;1.103;298;365;233;3.936
        Borzonasca;734;692;42;923;568;69;162;123;1.657
        Busalla;2.227;2.062;165;2.379;1.352;270;463;294;4.606
        Camogli;2.171;2.043;128;2.386;1.330;357;423;276;4.557
        Campo Ligure;1.183;1.126;57;1.309;765;167;222;155;2.492
        Campomorone;2.816;2.672;144;3.054;1.696;418;592;348;5.870
        Carasco;1.781;1.656;125;1.488;688;266;313;222;3.269
        Casarza Ligure;3.087;2.914;173;2.808;1.387;486;546;388;5.895
        Casella;1.435;1.350;85;1.317;708;179;261;168;2.752
        Castiglione Chiavarese;628;590;38;795;444;93;151;107;1.423
        Ceranesi;1.713;1.645;68;1.526;791;240;302;194;3.239
        Chiavari;11.893;11.209;684;12.466;6.751;1.864;2.162;1.689;24.359
        Cicagna;968;909;59;961;481;128;208;144;1.929
        Cogoleto;3.702;3.522;180;3.904;2.254;538;632;480;7.606
        Cogorno;2.532;2.402;130;2.450;1.295;365;463;327;4.982
        Coreglia Ligure;118;113;5;112;61;13;16;22;230
        Crocefieschi;225;214;11;254;157;22;44;31;479
        Davagna;822;766;56;848;488;84;154;121;1.670
        Fascia;27;26;1;41;34;1;3;3;68
        Favale di Malvaro;163;137;26;218;110;33;51;25;381
        Fontanigorda;84;77;7;135;95;7;21;12;219
        Genova;253.675;237.212;16.463;247.234;129.018;37.929;47.249;33.039;500.909
        Gorreto;32;23;9;56;43;1;11;1;88
        Isola del Cantone;580;537;43;685;397;83;127;79;1.265
        Lavagna;5.290;4.958;332;5.761;3.221;795;982;763;11.051
        Leivi;1.096;1.032;64;1.071;554;182;187;147;2.167
        Lorsica;153;144;9;221;135;25;39;23;374
        Lumarzo;641;584;57;664;373;79;131;81;1.305
        Masone;1.499;1.433;66;1.526;866;198;285;176;3.025
        Mele;1.155;1.098;57;1.067;567;155;205;140;2.222
        Mezzanego;635;581;54;679;329;93;144;112;1.314
        Mignanego;1.600;1.519;81;1.546;814;218;297;217;3.146
        Moconesi;1.018;958;60;1.136;602;158;200;176;2.154
        Moneglia;1.067;993;74;1.235;754;139;189;153;2.302
        Montebruno;75;71;4;107;67;6;21;14;182
        Montoggio;938;862;76;900;470;123;185;121;1.838
        Ne;898;855;43;978;552;98;163;164;1.876
        Neirone;333;306;27;466;281;41;88;57;799
        Orero;210;199;11;247;147;23;42;34;457
        Pieve Ligure;1.050;988;62;1.096;570;172;226;127;2.146
        Portofino;178;171;7;150;81;17;28;25;328
        Propata;56;52;4;55;35;4;9;7;111
        Rapallo;12.882;11.926;956;13.189;6.882;1.860;2.522;1.925;26.071
        Recco;4.069;3.826;243;4.412;2.472;625;795;520;8.481
        Rezzoaglio;300;282;18;507;362;24;71;49;807
        Ronco Scrivia;1.810;1.690;120;1.861;1.008;255;373;225;3.671
        Rondanina;25;23;2;34;23;1;6;5;59
        Rossiglione;1.046;993;53;1.221;741;135;213;132;2.267
        Rovegno;206;195;11;253;160;17;36;41;459
        San Colombano Certenoli;1.220;1.132;88;1.075;567;145;213;150;2.295
        Santa Margherita Ligure;3.553;3.299;254;4.172;2.238;535;852;547;7.725
        Santo Stefano d'Aveto;436;419;17;493;312;42;69;69;929
        Sant'Olcese;2.503;2.392;111;2.438;1.320;360;481;277;4.941
        Savignone;1.454;1.379;75;1.235;659;178;245;153;2.689
        Serra Riccò;3.380;3.206;174;3.286;1.703;471;700;412;6.666
        Sestri Levante;7.484;7.018;466;8.078;4.610;1.049;1.439;980;15.562
        Sori;1.769;1.669;100;1.818;1.000;253;352;214;3.587
        Tiglieto;197;185;12;255;164;21;38;32;452
        Torriglia;972;926;46;1.060;627;108;177;149;2.032
        Tribogna;251;232;19;273;149;33;49;41;524
        Uscio;914;861;53;980;526;126;193;136;1.894
        Valbrevenna;333;310;23;365;215;35;69;46;698
        Vobbia;161;151;10;193;115;22;30;27;354
        Zoagli;1.022;966;56;1.163;622;147;220;174;2.185
      La Spezia;96.864;90.332;6.532;94.499;48.484;13.825;19.696;12.494;191.363
        Ameglia;1.961;1.794;167;1.945;1.046;234;431;235;3.906
        Arcola;4.547;4.210;337;4.537;2.273;658;1.015;592;9.084
        Beverino;1.011;968;43;1.003;563;111;202;126;2.014
        Bolano;3.254;3.037;217;3.307;1.645;516;723;422;6.561
        Bonassola;294;273;21;444;281;36;69;59;738
        Borghetto di Vara;364;349;15;433;255;57;72;49;797
        Brugnato;580;570;10;566;320;69;77;101;1.146
        Calice al Cornoviglio;458;434;24;534;295;61;102;75;992
        Carro;185;175;10;268;177;17;43;31;453
        Carrodano;176;169;7;270;187;16;38;29;446
        Castelnuovo Magra;3.634;3.365;269;3.698;1.842;535;837;484;7.332
        Deiva Marina;529;484;45;636;395;54;110;77;1.165
        Follo;2.917;2.695;222;2.480;1.154;389;597;340;5.397
        Framura;221;206;15;312;204;22;47;39;533
        La Spezia;42.373;39.322;3.051;39.359;19.319;6.337;8.406;5.297;81.732
        Lerici;3.937;3.680;257;4.694;2.710;530;926;528;8.631
        Levanto;2.198;2.053;145;2.440;1.415;312;413;300;4.638
        Maissana;234;223;11;306;205;26;39;36;540
        Monterosso al Mare;593;571;22;606;355;68;85;97;1.199
        Luni;3.730;3.405;325;3.565;1.801;479;829;456;7.295
        Pignone;234;222;12;235;142;24;43;26;469
        Portovenere;1.403;1.315;88;1.624;948;180;315;180;3.027
        Riccò del Golfo di Spezia;1.647;1.575;72;1.499;727;252;296;223;3.146
        Riomaggiore;551;533;18;660;450;60;87;61;1.211
        Rocchetta di Vara;265;255;10;333;202;33;41;57;598
        Santo Stefano di Magra;4.743;4.490;253;3.855;1.848;564;874;569;8.598
        Sarzana;9.903;9.288;615;9.493;4.667;1.535;1.954;1.336;19.396
        Sesta Godano;512;483;29;670;426;55;111;78;1.182
        Varese Ligure;714;679;35;919;592;68;145;114;1.633
        Vernazza;287;279;8;393;271;24;56;42;680
        Vezzano Ligure;3.222;3.049;173;3.191;1.626;483;673;409;6.413
        Zignago;187;181;6;224;140;22;39;24;411
    Lombardia;4.775.333;4.501.310;274.023;3.923.087;2.081.297;650.855;732.355;458.580;8.698.420
      Varese;405.286;377.105;28.181;362.848;196.206;57.729;64.774;44.140;768.134
        Agra;175;164;11;162;84;16;41;20;337
        Albizzate;2.345;2.208;137;2.152;1.234;315;396;208;4.497
        Angera;2.327;2.195;132;2.495;1.448;363;408;277;4.822
        Arcisate;4.010;3.518;492;4.609;2.266;677;1.032;634;8.619
        Arsago Seprio;2.205;2.087;118;1.947;1.103;312;323;209;4.152
        Azzate;2.199;2.028;171;1.818;986;315;303;214;4.017
        Azzio;332;306;26;338;185;52;55;45;670
        Barasso;732;679;53;732;417;123;111;82;1.464
        Bardello;756;711;45;639;347;122;100;69;1.395
        Bardello con Malgesso e Bregano;..;..;..;..;..;..;..;..;..
        Bedero Valcuvia;292;254;38;309;159;47;58;45;601
        Besano;1.259;1.160;99;924;467;151;179;127;2.183
        Besnate;2.613;2.469;144;2.202;1.253;388;333;228;4.815
        Besozzo;3.952;3.651;301;3.748;2.002;624;683;440;7.700
        Biandronno;1.453;1.376;77;1.371;828;203;196;144;2.824
        Bisuschio;2.065;1.912;153;1.634;868;263;310;193;3.699
        Bodio Lomnago;1.028;961;67;945;549;156;144;97;1.973
        Brebbia;1.449;1.349;100;1.341;764;196;230;151;2.790
        Bregano;372;348;24;315;177;41;59;39;687
        Brenta;765;693;72;750;404;107;124;115;1.515
        Brezzo di Bedero;492;437;55;557;239;84;120;115;1.049
        Brinzio;340;314;26;351;201;58;55;37;691
        Brissago-Valtravaglia;613;572;41;482;213;81;112;76;1.095
        Brunello;456;428;28;394;208;73;74;40;850
        Brusimpiano;563;503;60;447;215;65;83;84;1.010
        Buguggiate;1.348;1.260;88;1.384;806;231;219;129;2.732
        Busto Arsizio;39.094;36.878;2.216;33.533;18.257;5.452;6.043;3.781;72.627
        Cadegliano-Viconago;998;903;95;839;404;111;159;166;1.837
        Cadrezzate;..;..;..;..;..;..;..;..;..
        Cadrezzate con Osmate;1.250;1.158;92;1.040;501;162;250;128;2.290
        Cairate;3.599;3.394;205;3.149;1.759;473;604;313;6.748
        Cantello;2.406;2.243;163;1.733;944;270;298;222;4.139
        Caravate;1.124;1.037;87;1.105;631;159;169;146;2.229
        Cardano al Campo;7.280;6.861;419;5.486;2.992;914;938;642;12.766
        Carnago;3.108;2.936;172;2.597;1.454;454;410;279;5.705
        Caronno Pertusella;9.227;8.757;470;6.205;3.251;1.102;1.152;700;15.432
        Caronno Varesino;2.199;2.055;144;2.043;1.157;323;351;212;4.242
        Casale Litta;1.273;1.192;81;1.101;603;181;195;121;2.374
        Casalzuigno;563;509;54;644;323;91;130;100;1.207
        Casciago;1.586;1.463;123;1.643;943;290;247;163;3.229
        Casorate Sempione;2.739;2.597;142;2.213;1.227;400;349;238;4.952
        Cassano Magnago;9.951;9.353;598;8.655;4.940;1.328;1.454;932;18.606
        Cassano Valcuvia;264;236;28;287;137;41;60;48;551
        Castellanza;6.389;6.000;389;5.997;3.579;809;1.003;607;12.386
        Castello Cabiaglio;250;234;16;232;120;29;50;33;482
        Castelseprio;613;581;32;556;303;96;100;57;1.169
        Castelveccana;734;663;71;935;474;140;163;158;1.669
        Castiglione Olona;3.340;3.100;240;3.272;1.847;500;556;369;6.612
        Castronno;2.364;2.190;174;2.108;1.210;353;277;268;4.472
        Cavaria con Premezzo;2.682;2.506;176;2.198;1.187;356;407;248;4.880
        Cazzago Brabbia;357;338;19;324;169;63;55;36;681
        Cislago;4.858;4.566;292;4.073;2.191;647;792;442;8.931
        Cittiglio;1.624;1.487;137;1.704;956;223;282;244;3.328
        Clivio;1.008;913;95;753;363;124;148;118;1.761
        Cocquio-Trevisago;2.010;1.866;144;2.051;1.187;300;316;248;4.061
        Comabbio;607;568;39;462;247;84;73;57;1.069
        Comerio;1.303;1.206;97;1.126;610;181;208;127;2.429
        Cremenaga;336;297;39;344;143;48;92;60;680
        Crosio della Valle;290;258;32;253;149;45;29;29;543
        Cuasso al Monte;1.398;1.211;187;1.628;730;201;432;265;3.026
        Cugliate-Fabiasco;1.524;1.382;142;1.137;495;191;236;215;2.661
        Cunardo;1.253;1.019;234;1.253;556;205;256;236;2.506
        Curiglia con Monteviasco;49;47;2;89;49;7;21;12;138
        Cuveglio;1.347;1.227;120;1.531;752;245;298;236;2.878
        Cuvio;705;646;59;783;391;122;131;138;1.488
        Daverio;1.457;1.360;97;1.252;684;228;199;142;2.709
        Dumenza;678;631;47;578;267;90;117;103;1.256
        Duno;73;67;6;66;31;6;14;16;139
        Fagnano Olona;5.912;5.564;348;4.744;2.585;795;835;528;10.656
        Ferno;3.184;3.014;170;2.662;1.469;422;481;289;5.846
        Ferrera di Varese;282;232;50;296;121;42;48;86;578
        Gallarate;24.895;23.232;1.663;20.964;10.745;3.562;3.994;2.663;45.859
        Galliate Lombardo;468;439;29;398;217;77;63;41;866
        Gavirate;4.108;3.797;311;3.962;2.298;617;566;480;8.070
        Gazzada Schianno;2.133;2.010;123;1.869;1.098;289;293;188;4.002
        Gemonio;1.302;1.189;113;1.172;604;194;205;168;2.474
        Gerenzano;5.292;5.005;287;3.987;2.059;720;794;414;9.279
        Germignaga;1.437;1.265;172;1.807;837;242;386;342;3.244
        Golasecca;1.215;1.139;76;1.114;660;160;161;133;2.329
        Gorla Maggiore;2.221;2.084;137;2.071;1.198;340;340;193;4.292
        Gorla Minore;3.827;3.599;228;3.320;1.832;543;595;350;7.147
        Gornate Olona;1.075;1.015;60;826;444;141;149;92;1.901
        Grantola;507;453;54;569;228;84;161;96;1.076
        Inarzo;524;489;35;402;232;68;57;44;926
        Induno Olona;4.539;4.173;366;4.441;2.416;703;811;511;8.980
        Ispra;2.305;2.124;181;2.276;1.109;337;493;337;4.581
        Jerago con Orago;2.525;2.381;144;2.053;1.142;355;342;215;4.578
        Lavena Ponte Tresa;2.717;2.475;242;2.228;1.016;315;523;374;4.945
        Laveno-Mombello;3.385;3.121;264;4.221;2.479;594;586;563;7.606
        Leggiuno;1.630;1.522;108;1.520;799;221;294;205;3.150
        Lonate Ceppino;2.379;2.192;187;1.986;1.004;349;410;223;4.365
        Lonate Pozzolo;5.426;5.119;307;4.486;2.493;708;805;479;9.912
        Lozza;596;554;42;419;228;74;60;56;1.015
        Luino;5.380;4.700;680;7.088;3.399;911;1.488;1.290;12.468
        Luvinate;620;569;51;540;303;83;85;69;1.160
        Maccagno con Pino e Veddasca;815;734;81;1.335;637;133;370;196;2.150
        Malgesso;571;539;32;498;272;78;96;52;1.069
        Malnate;7.014;6.271;743;7.248;3.679;1.113;1.478;978;14.262
        Marchirolo;1.749;1.564;185;1.261;590;200;232;239;3.010
        Marnate;4.011;3.790;221;2.913;1.588;491;528;306;6.924
        Marzio;137;126;11;144;76;17;24;27;281
        Masciago Primo;160;147;13;104;50;13;21;21;264
        Mercallo;819;773;46;752;424;128;124;76;1.571
        Mesenzana;708;629;79;700;257;123;189;132;1.408
        Montegrino Valtravaglia;593;515;78;690;285;111;172;123;1.283
        Monvalle;885;831;54;791;394;135;152;111;1.676
        Morazzone;2.008;1.863;145;1.776;1.001;289;258;228;3.784
        Mornago;2.318;2.198;120;1.937;1.034;373;336;193;4.255
        Oggiona con Santo Stefano;2.034;1.913;121;1.725;975;267;304;179;3.759
        Olgiate Olona;6.047;5.721;326;4.914;2.690;939;815;470;10.961
        Origgio;3.974;3.816;158;2.922;1.666;511;477;267;6.896
        Orino;372;336;36;359;184;44;61;70;731
        Osmate;..;..;..;..;..;..;..;..;..
        Porto Ceresio;1.352;1.240;112;1.182;623;150;251;158;2.534
        Porto Valtravaglia;943;854;89;1.090;557;142;200;191;2.033
        Rancio Valcuvia;367;316;51;445;202;53;62;127;812
        Ranco;563;528;35;531;255;86;129;61;1.094
        Saltrio;1.433;1.288;145;1.166;586;161;227;191;2.599
        Samarate;7.409;6.982;427;6.620;3.804;1.014;1.114;687;14.029
        Sangiano;650;600;50;604;336;80;102;85;1.254
        Saronno;17.920;16.779;1.141;15.848;9.035;2.642;2.511;1.660;33.768
        Sesto Calende;5.070;4.755;315;4.575;2.551;715;820;489;9.645
        Solbiate Arno;1.870;1.763;107;1.638;920;254;303;161;3.508
        Solbiate Olona;2.547;2.420;127;2.206;1.252;344;413;198;4.753
        Somma Lombardo;8.389;7.873;516;7.060;3.893;1.049;1.288;830;15.449
        Sumirago;2.783;2.618;165;2.489;1.393;402;446;248;5.272
        Taino;1.660;1.549;111;1.481;805;231;282;162;3.141
        Ternate;1.203;1.131;72;1.008;589;167;138;114;2.211
        Tradate;8.783;8.148;635;7.654;4.088;1.292;1.386;888;16.437
        Travedona-Monate;1.825;1.707;118;1.625;866;296;258;206;3.450
        Tronzano Lago Maggiore;100;93;7;111;42;10;43;16;211
        Uboldo;5.283;5.011;272;4.078;2.241;707;704;425;9.361
        Valganna;702;587;115;680;313;83;153;131;1.382
        Varano Borghi;1.131;1.072;59;1.030;613;154;147;116;2.161
        Varese;35.231;32.343;2.888;34.531;18.857;5.451;5.538;4.685;69.762
        Vedano Olona;3.163;2.874;289;3.179;1.729;502;581;367;6.342
        Venegono Inferiore;2.669;2.466;203;2.558;1.394;381;490;293;5.227
        Venegono Superiore;3.233;2.957;276;3.146;1.613;489;671;373;6.379
        Vergiate;3.976;3.769;207;3.604;2.110;519;610;366;7.580
        Viggiù;2.565;2.341;224;1.989;978;297;397;317;4.554
        Vizzola Ticino;314;301;13;208;112;39;37;21;522
      Como;273.781;254.964;18.817;248.519;131.581;38.427;47.884;30.628;522.300
        Albavilla;2.941;2.781;160;2.660;1.527;394;452;288;5.601
        Albese con Cassano;1.858;1.759;99;1.820;1.085;266;286;184;3.678
        Albiolo;1.143;1.001;142;1.234;536;212;302;184;2.377
        Alserio;700;666;34;485;247;89;93;56;1.185
        Alta Valle Intelvi;1.250;1.122;128;1.541;685;174;350;332;2.791
        Alzate Brianza;2.294;2.167;127;1.953;1.077;331;344;200;4.247
        Anzano del Parco;824;782;42;707;410;110;107;80;1.531
        Appiano Gentile;3.503;3.289;214;3.294;1.850;483;572;389;6.797
        Argegno;317;298;19;290;148;28;74;40;607
        Arosio;2.438;2.328;110;1.973;1.103;308;364;197;4.411
        Asso;1.601;1.520;81;1.498;793;216;317;172;3.099
        Barni;262;250;12;245;132;25;57;32;507
        Bellagio;1.717;1.656;61;1.473;878;183;238;173;3.190
        Bene Lario;169;155;14;140;66;32;21;22;309
        Beregazzo con Figliaro;1.170;1.070;100;1.197;624;158;263;152;2.367
        Binago;2.162;1.919;243;2.045;970;321;439;316;4.207
        Bizzarone;897;822;75;610;302;90;113;105;1.507
        Blessagno;115;103;12;135;62;18;29;26;250
        Blevio;492;445;47;496;251;79;96;71;988
        Bregnano;3.136;2.961;175;2.411;1.264;412;432;303;5.547
        Brenna;1.036;997;39;842;478;132;156;76;1.878
        Brienno;149;137;12;159;87;17;35;19;308
        Brunate;705;652;53;716;386;120;136;74;1.421
        Bulgarograsso;1.884;1.762;122;1.591;812;295;292;190;3.475
        Cabiate;3.612;3.417;195;2.853;1.513;456;582;301;6.465
        Cadorago;3.785;3.539;246;3.108;1.603;493;623;388;6.893
        Caglio;213;200;13;230;130;21;43;36;443
        Cagno;..;..;..;..;..;..;..;..;..
        Campione d'Italia;623;528;95;961;425;105;249;183;1.584
        Cantù;18.838;17.719;1.119;15.742;8.400;2.480;3.077;1.786;34.580
        Canzo;2.230;2.079;151;2.269;1.310;328;385;246;4.499
        Capiago Intimiano;2.592;2.444;148;2.210;1.206;407;374;223;4.802
        Carate Urio;527;478;49;503;267;74;103;59;1.030
        Carbonate;1.371;1.297;74;1.208;676;175;243;113;2.579
        Carimate;2.099;1.981;118;1.732;891;350;332;158;3.831
        Carlazzo;1.562;1.466;96;1.156;503;192;287;175;2.718
        Carugo;3.257;3.087;170;2.483;1.244;450;536;253;5.740
        Caslino d'Erba;768;735;33;677;374;98;139;65;1.445
        Casnate con Bernate;2.362;2.227;135;2.020;1.138;334;337;210;4.382
        Cassina Rizzardi;1.566;1.467;99;1.261;651;213;246;151;2.827
        Castelmarte;622;587;35;494;273;85;78;58;1.116
        Castelnuovo Bozzente;388;346;42;393;199;51;90;53;781
        Cavargna;81;76;5;82;49;4;12;17;163
        Centro Valle Intelvi;1.579;1.449;130;1.621;735;240;382;264;3.200
        Cerano d'Intelvi;243;224;19;289;144;42;66;38;532
        Cermenate;4.507;4.226;281;3.704;2.005;625;618;455;8.211
        Cernobbio;2.709;2.494;215;3.051;1.634;452;639;326;5.760
        Cirimido;1.002;929;73;863;469;137;158;99;1.865
        Claino con Osteno;185;166;19;290;112;30;105;43;475
        Colonno;185;173;12;232;132;27;45;28;417
        Colverde;2.347;2.157;190;2.424;1.109;435;512;368;4.771
        Como;37.956;34.549;3.407;36.185;19.283;5.259;6.537;5.107;74.141
        Corrido;408;391;17;316;115;50;111;40;724
        Cremia;253;238;15;364;190;33;97;44;617
        Cucciago;1.590;1.480;110;1.453;805;223;270;155;3.043
        Cusino;112;106;6;99;51;12;25;11;211
        Dizzasco;260;239;21;312;168;41;48;54;572
        Domaso;666;625;41;639;356;75;118;91;1.305
        Dongo;1.317;1.229;88;1.514;852;173;260;228;2.831
        Dosso del Liro;88;83;5;124;69;9;20;25;212
        Erba;7.399;6.965;434;6.895;4.023;995;1.146;732;14.294
        Eupilio;1.175;1.118;57;1.070;617;181;183;90;2.245
        Faggeto Lario;512;484;28;513;277;84;93;59;1.025
        Faloppio;1.963;1.756;207;2.132;897;336;583;316;4.095
        Fenegrò;1.551;1.451;100;1.247;631;232;242;142;2.798
        Figino Serenza;2.309;2.171;138;2.017;1.149;329;294;245;4.326
        Fino Mornasco;4.628;4.332;296;3.929;2.017;651;766;495;8.557
        Garzeno;232;214;18;392;233;26;80;53;624
        Gera Lario;478;456;22;430;241;59;72;59;908
        Grandate;1.230;1.152;78;1.267;735;198;200;135;2.497
        Grandola ed Uniti;525;463;62;623;283;80;135;126;1.148
        Gravedona ed Uniti;1.724;1.612;112;1.911;1.082;222;329;278;3.635
        Griante;267;244;23;271;152;37;35;47;538
        Guanzate;2.695;2.516;179;2.283;1.199;370;451;263;4.978
        Inverigo;4.486;4.271;215;3.543;1.960;562;649;372;8.029
        Laglio;390;360;30;412;204;51;106;51;802
        Laino;269;254;15;209;100;29;40;40;478
        Lambrugo;1.195;1.138;57;964;555;140;171;99;2.159
        Lasnigo;196;183;13;204;111;22;45;27;400
        Lezzeno;831;787;44;859;497;112;153;97;1.690
        Limido Comasco;1.924;1.821;103;1.313;601;253;308;151;3.237
        Lipomo;2.653;2.484;169;2.561;1.437;391;476;257;5.214
        Livo;81;77;4;79;42;7;18;12;160
        Locate Varesino;2.005;1.888;117;1.707;910;261;353;182;3.712
        Lomazzo;4.700;4.413;287;3.804;1.999;658;700;446;8.504
        Longone al Segrino;945;906;39;725;389;139;129;68;1.670
        Luisago;1.320;1.223;97;1.106;577;194;203;132;2.426
        Lurago d'Erba;2.605;2.478;127;2.075;1.115;318;432;211;4.680
        Lurago Marinone;1.215;1.144;71;1.013;523;164;202;124;2.228
        Lurate Caccivio;4.340;3.995;345;4.164;2.287;646;712;519;8.504
        Magreglio;307;292;15;292;147;36;71;37;599
        Mariano Comense;12.272;11.620;652;9.678;4.927;1.698;2.061;992;21.950
        Maslianico;1.240;1.107;133;1.572;807;199;364;201;2.812
        Menaggio;1.277;1.175;102;1.445;738;200;292;215;2.722
        Merone;2.025;1.924;101;1.535;813;286;287;149;3.560
        Moltrasio;617;572;45;737;411;84;169;73;1.354
        Monguzzo;1.168;1.106;62;860;430;167;171;92;2.028
        Montano Lucino;2.480;2.301;179;2.144;1.110;323;446;264;4.624
        Montemezzo;92;89;3;108;51;9;37;11;200
        Montorfano;1.120;1.049;71;1.109;640;180;178;111;2.229
        Mozzate;4.139;3.862;277;3.401;1.753;595;659;395;7.540
        Musso;394;373;21;451;269;41;83;59;845
        Nesso;483;460;23;561;312;59;122;69;1.044
        Novedrate;1.344;1.263;81;1.192;665;181;214;131;2.536
        Olgiate Comasco;5.018;4.562;456;5.275;2.779;768;1.033;694;10.293
        Oltrona di San Mamette;1.064;965;99;967;524;161;150;131;2.031
        Orsenigo;1.277;1.213;64;1.059;583;193;183;100;2.336
        Peglio;74;69;5;89;42;12;19;16;163
        Pianello del Lario;413;385;28;524;312;54;81;77;937
        Pigra;97;89;8;129;74;7;24;24;226
        Plesio;352;321;31;388;217;46;66;60;740
        Pognana Lario;291;272;19;316;186;34;54;43;607
        Ponna;91;87;4;130;79;7;27;16;221
        Ponte Lambro;1.958;1.843;115;1.737;966;300;291;180;3.695
        Porlezza;2.355;2.200;155;1.867;850;277;416;324;4.222
        Proserpio;465;447;18;364;207;48;75;34;829
        Pusiano;631;603;28;523;297;87;94;45;1.154
        Rezzago;132;129;3;135;79;15;30;11;267
        Rodero;651;603;48;426;204;56;108;58;1.077
        Ronago;679;588;91;760;348;108;181;125;1.439
        Rovellasca;3.753;3.548;205;3.146;1.673;547;580;347;6.899
        Rovello Porro;3.007;2.837;170;2.381;1.238;351;526;266;5.388
        Sala Comacina;211;201;10;228;150;27;25;25;439
        San Bartolomeo Val Cavargna;444;413;31;414;195;60;100;59;858
        San Fermo della Battaglia;3.394;3.102;292;3.442;1.790;580;663;409;6.836
        San Nazzaro Val Cavargna;117;103;14;136;78;10;18;30;253
        San Siro;694;649;45;822;434;75;193;119;1.516
        Schignano;357;322;35;424;222;52;68;82;781
        Senna Comasco;1.488;1.399;89;1.240;622;253;228;136;2.728
        Solbiate;..;..;..;..;..;..;..;..;..
        Solbiate con Cagno;1.897;1.696;201;2.130;1.035;308;507;281;4.027
        Sorico;552;512;40;540;286;74;89;91;1.092
        Sormano;305;293;12;300;184;19;45;51;605
        Stazzona;245;231;14;288;159;31;62;36;533
        Tavernerio;2.531;2.357;174;2.441;1.352;426;408;255;4.972
        Torno;481;445;36;505;294;80;73;59;986
        Tremezzina;2.163;2.030;133;2.275;1.240;292;430;313;4.438
        Trezzone;97;93;4;103;55;11;24;12;200
        Turate;4.732;4.455;277;3.607;1.914;624;678;391;8.339
        Uggiate-Trevano;2.030;1.780;250;2.414;1.044;407;617;346;4.444
        Uggiate con Ronago;..;..;..;..;..;..;..;..;..
        Val Rezzo;79;75;4;57;30;3;15;9;136
        Valbrona;1.176;1.112;64;1.101;574;158;230;139;2.277
        Valmorea;1.088;957;131;1.222;579;211;264;168;2.310
        Valsolda;459;394;65;797;339;75;264;119;1.256
        Veleso;91;85;6;104;60;13;15;16;195
        Veniano;1.471;1.389;82;1.179;620;181;244;134;2.650
        Vercana;332;316;16;334;174;41;72;46;666
        Vertemate con Minoprio;1.918;1.812;106;1.676;934;269;288;185;3.594
        Villa Guardia;3.578;3.285;293;3.259;1.745;575;538;402;6.837
        Zelbio;83;75;8;78;39;16;10;13;161
      Sondrio;79.248;75.121;4.127;77.566;41.117;11.179;14.915;10.355;156.814
        Albaredo per San Marco;116;113;3;164;106;10;37;12;280
        Albosaggia;1.344;1.286;58;1.332;840;170;186;137;2.676
        Andalo Valtellino;255;240;15;249;128;31;60;31;504
        Aprica;671;631;40;632;315;95;113;109;1.303
        Ardenno;1.394;1.331;63;1.424;793;211;253;167;2.818
        Bema;47;44;3;65;44;4;8;9;112
        Berbenno di Valtellina;1.887;1.805;82;1.725;953;245;309;218;3.612
        Bianzone;505;474;31;578;292;64;143;79;1.083
        Bormio;1.732;1.627;105;1.750;956;265;301;228;3.482
        Buglio in Monte;884;845;39;851;487;106;161;97;1.735
        Caiolo;505;468;37;421;238;58;67;58;926
        Campodolcino;410;387;23;418;191;44;116;67;828
        Caspoggio;550;516;34;672;331;77;192;71;1.222
        Castello dell'Acqua;257;242;15;288;165;30;52;42;545
        Castione Andevenno;711;671;40;655;376;98;93;88;1.366
        Cedrasco;182;174;8;201;127;26;23;26;383
        Cercino;361;345;16;334;175;53;63;42;695
        Chiavenna;2.973;2.768;205;3.418;1.724;451;735;508;6.391
        Chiesa in Valmalenco;970;915;55;1.127;615;128;240;145;2.097
        Chiuro;1.097;1.036;61;1.048;594;140;184;130;2.145
        Cino;150;146;4;154;87;17;36;13;304
        Civo;511;486;25;484;260;61;99;64;995
        Colorina;680;623;57;556;292;94;80;90;1.236
        Cosio Valtellino;2.545;2.447;98;2.303;1.244;345;452;261;4.848
        Dazio;220;210;10;214;121;24;43;26;434
        Delebio;1.495;1.423;72;1.340;704;199;273;163;2.835
        Dubino;1.736;1.651;85;1.517;745;217;325;230;3.253
        Faedo Valtellino;239;228;11;227;132;26;41;28;466
        Forcola;351;324;27;317;177;45;37;57;668
        Fusine;252;239;13;243;146;32;41;24;495
        Gerola Alta;88;87;1;67;47;2;12;6;155
        Gordona;776;720;56;876;412;129;219;116;1.652
        Grosio;1.851;1.754;97;1.981;1.119;253;308;301;3.832
        Grosotto;720;690;30;711;416;115;85;96;1.431
        Lanzada;543;516;27;597;335;71;123;69;1.140
        Livigno;3.329;3.147;182;2.221;582;488;548;603;5.550
        Lovero;282;267;15;255;148;33;35;39;537
        Madesimo;237;224;13;217;112;27;36;42;454
        Mantello;339;326;13;306;162;55;57;32;645
        Mazzo di Valtellina;496;477;19;404;223;54;75;52;900
        Mello;396;378;18;416;197;62;112;44;812
        Mese;735;678;57;843;370;133;231;110;1.578
        Montagna in Valtellina;1.305;1.253;52;1.343;795;169;263;115;2.648
        Morbegno;5.605;5.361;244;5.164;2.819;839;905;601;10.769
        Novate Mezzola;726;676;50;934;449;117;245;124;1.660
        Pedesina;15;15;0;18;11;1;5;1;33
        Piantedo;666;643;23;534;274;86;111;63;1.200
        Piateda;888;851;37;935;567;88;189;91;1.823
        Piuro;749;695;54;924;404;140;256;124;1.673
        Poggiridenti;820;787;33;752;441;90;147;75;1.572
        Ponte in Valtellina;1.026;979;47;966;589;122;148;108;1.992
        Postalesio;337;318;19;251;134;42;48;27;588
        Prata Camportaccio;1.159;1.067;92;1.363;607;210;341;205;2.522
        Rasura;119;116;3;142;79;20;32;12;261
        Rogolo;272;261;11;209;103;30;49;26;481
        Samolaco;1.184;1.103;81;1.315;597;217;308;193;2.499
        San Giacomo Filippo;124;116;8;205;109;14;56;26;329
        Sernio;216;205;11;206;111;37;32;26;422
        Sondalo;1.698;1.605;93;1.800;1.069;208;234;289;3.498
        Sondrio;9.445;8.973;472;9.281;5.324;1.476;1.341;1.139;18.726
        Spriana;35;34;1;37;20;0;13;5;72
        Talamona;2.129;2.053;76;1.898;998;290;403;207;4.027
        Tartano;72;68;4;111;78;4;6;23;183
        Teglio;1.924;1.815;109;2.118;1.153;279;392;293;4.042
        Tirano;3.882;3.674;208;3.917;2.128;534;709;546;7.799
        Torre di Santa Maria;305;290;15;357;212;47;53;45;662
        Tovo di Sant'Agata;299;286;13;238;136;34;28;40;537
        Traona;1.396;1.342;54;1.009;475;153;245;136;2.405
        Tresivio;920;868;52;881;489;120;176;98;1.801
        Val Masino;369;351;18;399;229;52;70;48;768
        Valdidentro;1.831;1.730;101;1.707;770;248;468;221;3.538
        Valdisotto;1.632;1.548;84;1.456;685;255;305;210;3.088
        Valfurva;1.080;1.020;60;1.130;582;142;249;158;2.210
        Verceia;426;396;30;517;251;76;124;67;943
        Vervio;85;80;5;91;53;8;12;19;176
        Villa di Chiavenna;327;297;30;496;218;64;140;73;823
        Villa di Tirano;1.361;1.286;75;1.260;679;182;208;192;2.621
      Milano;1.595.806;1.501.071;94.735;1.220.245;646.220;217.312;206.636;150.078;2.816.051
        Abbiategrasso;15.223;14.201;1.022;12.929;7.014;2.332;2.167;1.417;28.152
        Albairate;2.291;2.158;133;1.884;1.008;394;298;184;4.175
        Arconate;3.274;3.117;157;2.552;1.358;514;430;249;5.826
        Arese;8.831;8.358;473;8.168;4.718;1.540;1.245;664;16.999
        Arluno;5.966;5.626;340;4.630;2.489;812;806;523;10.596
        Assago;4.726;4.510;216;3.117;1.634;639;493;350;7.843
        Baranzate;5.785;5.270;515;4.258;2.141;699;793;625;10.043
        Bareggio;8.380;7.937;443;6.692;3.784;1.164;1.065;680;15.072
        Basiano;1.832;1.744;88;1.383;764;240;237;142;3.215
        Basiglio;3.954;3.706;248;2.940;1.324;750;585;281;6.894
        Bellinzago Lombardo;1.844;1.744;100;1.498;876;261;215;146;3.342
        Bernate Ticino;1.365;1.291;74;1.228;730;182;186;130;2.593
        Besate;981;916;65;812;433;128;157;94;1.793
        Binasco;3.335;3.141;194;2.948;1.762;500;378;307;6.283
        Boffalora sopra Ticino;1.894;1.791;103;1.730;1.022;279;265;164;3.624
        Bollate;17.258;16.268;990;14.656;8.372;2.524;2.187;1.572;31.914
        Bresso;12.120;11.348;772;10.847;6.328;1.745;1.602;1.171;22.967
        Bubbiano;1.282;1.212;70;843;408;185;151;99;2.125
        Buccinasco;12.995;12.291;704;10.316;5.578;2.252;1.485;1.002;23.311
        Buscate;2.078;1.945;133;1.941;1.106;312;319;205;4.019
        Bussero;4.012;3.828;184;3.433;2.046;642;436;308;7.445
        Busto Garolfo;6.754;6.375;379;5.581;3.193;895;888;605;12.335
        Calvignasco;603;570;33;440;228;79;85;47;1.043
        Cambiago;3.578;3.406;172;2.457;1.249;504;451;253;6.035
        Canegrate;6.024;5.666;358;4.990;2.858;844;753;534;11.014
        Carpiano;2.161;2.072;89;1.274;603;225;296;150;3.435
        Carugate;7.958;7.577;381;5.691;3.057;1.124;911;598;13.649
        Casarile;2.009;1.904;105;1.393;714;288;237;155;3.402
        Casorezzo;2.729;2.589;140;2.100;1.162;403;321;214;4.829
        Cassano d'Adda;9.313;8.774;539;7.490;4.104;1.342;1.217;826;16.803
        Cassina de' Pecchi;6.555;6.198;357;5.421;3.096;979;821;525;11.976
        Cassinetta di Lugagnano;912;860;52;746;391;176;102;77;1.658
        Castano Primo;4.993;4.677;316;4.450;2.490;702;790;467;9.443
        Cernusco sul Naviglio;16.805;16.028;777;12.888;7.199;2.560;1.893;1.236;29.693
        Cerro al Lambro;2.463;2.352;111;1.991;1.132;371;298;189;4.454
        Cerro Maggiore;6.932;6.541;391;6.067;3.471;937;1.024;635;12.999
        Cesano Boscone;11.033;10.363;670;9.465;5.426;1.382;1.460;1.197;20.498
        Cesate;7.095;6.723;372;5.245;2.812;967;895;571;12.340
        Cinisello Balsamo;34.796;32.260;2.536;30.043;16.446;4.641;5.270;3.686;64.839
        Cisliano;2.567;2.447;120;1.714;935;321;261;197;4.281
        Cologno Monzese;22.241;20.866;1.375;18.429;10.124;2.825;3.304;2.176;40.670
        Colturano;1.109;1.051;58;635;299;155;104;77;1.744
        Corbetta;9.216;8.728;488;6.874;3.718;1.270;1.159;728;16.090
        Cormano;9.772;9.232;540;7.913;4.342;1.444;1.278;849;17.685
        Cornaredo;10.097;9.546;551;8.010;4.515;1.399;1.273;824;18.107
        Corsico;16.356;15.292;1.064;13.864;7.837;2.038;2.328;1.661;30.220
        Cuggiono;3.838;3.614;224;3.280;1.829;566;556;329;7.118
        Cusago;2.390;2.282;108;1.509;722;379;261;147;3.899
        Cusano Milanino;8.538;8.070;468;8.127;4.880;1.180;1.284;782;16.665
        Dairago;3.198;3.067;131;2.259;1.208;392;442;218;5.457
        Dresano;1.519;1.450;69;1.099;613;190;186;110;2.618
        Gaggiano;4.482;4.279;203;3.506;1.978;577;599;352;7.988
        Garbagnate Milanese;12.530;11.769;761;10.968;6.201;1.784;1.821;1.161;23.498
        Gessate;4.625;4.415;210;2.948;1.475;683;471;320;7.573
        Gorgonzola;10.471;9.889;582;7.737;4.180;1.477;1.244;836;18.208
        Grezzago;1.623;1.540;83;1.045;530;199;198;118;2.668
        Gudo Visconti;816;774;42;595;306;143;88;58;1.411
        Inveruno;3.846;3.655;191;3.558;2.207;495;499;357;7.404
        Inzago;5.417;5.167;250;4.309;2.476;745;657;431;9.726
        Lacchiarella;4.484;4.222;262;3.358;1.850;586;529;393;7.842
        Lainate;12.745;12.119;626;10.118;5.647;1.834;1.620;1.017;22.863
        Legnano;28.857;27.218;1.639;23.636;12.543;4.258;4.107;2.728;52.493
        Liscate;2.108;1.984;124;1.389;707;251;262;170;3.497
        Locate di Triulzi;5.245;4.984;261;3.559;1.917;664;571;406;8.804
        Magenta;11.306;10.597;709;9.910;5.689;1.596;1.604;1.019;21.216
        Magnago;4.627;4.384;243;3.536;1.931;625;618;362;8.163
        Marcallo con Casone;2.985;2.837;148;2.429;1.363;411;421;234;5.414
        Masate;1.966;1.865;101;1.299;672;248;237;141;3.265
        Mediglia;6.061;5.687;374;4.515;2.225;938;822;529;10.576
        Melegnano;8.610;8.114;496;6.879;3.885;1.107;1.107;780;15.489
        Melzo;8.737;8.237;500;7.308;4.277;1.124;1.150;757;16.045
        Mesero;2.098;1.997;101;1.614;950;233;263;168;3.712
        Milano;693.483;650.109;43.374;499.416;250.461;90.738;86.882;71.334;1.192.899
        Morimondo;451;432;19;446;248;70;89;39;897
        Motta Visconti;3.870;3.622;248;3.196;1.714;571;571;341;7.066
        Nerviano;7.855;7.416;439;7.052;4.120;1.190;1.063;679;14.907
        Nosate;294;282;12;290;178;43;45;25;584
        Novate Milanese;9.219;8.694;525;8.360;5.012;1.379;1.165;804;17.579
        Noviglio;2.307;2.184;123;1.555;746;357;280;172;3.862
        Opera;6.782;6.431;351;5.670;3.306;922;874;567;12.452
        Ossona;2.106;1.984;122;1.682;973;306;225;178;3.788
        Ozzero;665;635;30;545;309;84;88;64;1.210
        Paderno Dugnano;22.445;21.175;1.270;18.742;10.531;3.050;3.177;1.984;41.187
        Pantigliate;2.816;2.680;136;2.193;1.215;400;350;229;5.009
        Parabiago;13.735;13.037;698;10.538;6.003;1.734;1.643;1.159;24.273
        Paullo;5.328;5.046;282;4.328;2.403;710;771;444;9.656
        Pero;5.807;5.450;357;4.282;2.283;700;756;544;10.089
        Peschiera Borromeo;12.113;11.483;630;8.908;4.756;1.794;1.454;904;21.021
        Pessano con Bornago;4.403;4.165;238;3.462;1.871;696;556;339;7.865
        Pieve Emanuele;7.812;7.335;477;5.875;3.042;1.029;1.086;719;13.687
        Pioltello;17.736;16.403;1.333;13.169;6.348;2.434;2.723;1.664;30.905
        Pogliano Milanese;4.171;3.920;251;3.246;1.789;588;531;337;7.417
        Pozzo d'Adda;3.401;3.226;175;2.135;1.039;383;445;268;5.536
        Pozzuolo Martesana;4.409;4.194;215;3.086;1.668;559;530;330;7.495
        Pregnana Milanese;3.581;3.415;166;2.620;1.457;404;461;297;6.201
        Rescaldina;6.841;6.473;368;5.577;3.078;960;961;577;12.418
        Rho;24.348;23.100;1.248;20.015;11.144;3.150;3.424;2.296;44.363
        Robecchetto con Induno;2.229;2.112;117;1.965;1.151;310;295;210;4.194
        Robecco sul Naviglio;3.285;3.126;159;2.655;1.508;465;438;243;5.940
        Rodano;2.255;2.145;110;1.718;917;341;299;161;3.973
        Rosate;2.797;2.651;146;2.177;1.171;393;365;248;4.974
        Rozzano;19.860;18.512;1.348;15.826;8.096;2.784;2.814;2.131;35.686
        San Colombano al Lambro;3.397;3.199;198;3.065;1.735;450;549;331;6.462
        San Donato Milanese;15.368;14.415;953;12.679;6.839;2.632;1.977;1.231;28.047
        San Giorgio su Legnano;3.193;3.002;191;2.750;1.585;443;433;288;5.943
        San Giuliano Milanese;19.673;18.466;1.207;14.027;7.127;2.582;2.556;1.763;33.700
        San Vittore Olona;3.997;3.756;241;3.229;1.819;552;495;363;7.226
        San Zenone al Lambro;2.266;2.135;131;1.544;796;293;281;174;3.810
        Santo Stefano Ticino;2.441;2.321;120;1.848;1.031;320;317;180;4.289
        Sedriano;6.337;5.988;349;4.613;2.388;894;823;507;10.950
        Segrate;17.761;16.765;996;14.113;7.619;2.794;2.328;1.373;31.874
        Senago;10.455;9.891;564;8.185;4.346;1.445;1.486;907;18.640
        Sesto San Giovanni;38.020;35.816;2.204;31.485;17.457;5.191;4.993;3.844;69.505
        Settala;3.748;3.553;195;2.613;1.292;600;441;281;6.361
        Settimo Milanese;9.906;9.397;509;7.479;4.170;1.432;1.096;781;17.385
        Solaro;6.848;6.488;360;5.177;2.722;921;1.012;522;12.025
        Trezzano Rosa;2.782;2.648;134;1.839;940;354;342;203;4.621
        Trezzano sul Naviglio;10.548;9.988;560;7.925;4.201;1.467;1.407;850;18.473
        Trezzo sull'Adda;5.638;5.310;328;4.864;2.831;711;820;503;10.502
        Tribiano;2.067;1.990;77;1.098;499;278;194;126;3.165
        Truccazzano;3.072;2.925;147;2.021;1.056;350;375;239;5.093
        Turbigo;3.212;3.013;199;2.958;1.696;451;513;298;6.170
        Vanzaghello;2.424;2.295;129;2.172;1.263;361;352;196;4.596
        Vanzago;4.661;4.452;209;3.341;1.783;764;463;331;8.002
        Vaprio d'Adda;4.713;4.437;276;3.324;1.697;603;650;373;8.037
        Vermezzo;..;..;..;..;..;..;..;..;..
        Vermezzo con Zelo;3.032;2.877;155;1.977;937;435;377;227;5.009
        Vernate;1.715;1.634;81;1.191;596;232;231;131;2.906
        Vignate;4.527;4.298;229;3.378;1.832;639;569;339;7.905
        Villa Cortese;2.860;2.720;140;2.566;1.522;398;403;244;5.426
        Vimodrone;8.320;7.898;422;6.181;3.447;1.092;972;670;14.501
        Vittuone;4.484;4.215;269;3.534;1.897;664;598;375;8.018
        Vizzolo Predabissi;1.816;1.712;104;1.572;910;248;261;153;3.388
        Zelo Surrigone;..;..;..;..;..;..;..;..;..
        Zibido San Giacomo;3.501;3.315;186;2.303;1.091;521;418;273;5.804
      Bergamo;526.315;499.015;27.300;432.487;223.563;71.960;91.420;45.544;958.802
        Adrara San Martino;1.132;1.084;48;733;335;140;169;89;1.865
        Adrara San Rocco;377;361;16;329;170;47;74;37;706
        Albano Sant'Alessandro;4.045;3.841;204;3.074;1.493;549;735;297;7.119
        Albino;8.196;7.780;416;7.134;4.010;1.213;1.162;748;15.330
        Algua;279;266;13;324;187;34;68;34;603
        Almè;2.497;2.376;121;2.395;1.341;339;508;207;4.892
        Almenno San Bartolomeo;3.290;3.141;149;2.325;1.159;418;520;228;5.615
        Almenno San Salvatore;2.574;2.463;111;2.332;1.307;380;427;218;4.906
        Alzano Lombardo;6.399;6.048;351;5.306;2.859;941;943;564;11.705
        Ambivere;1.141;1.087;54;916;494;149;183;89;2.057
        Antegnate;1.553;1.474;79;1.145;519;178;334;115;2.698
        Arcene;2.375;2.252;123;1.880;986;293;403;199;4.255
        Ardesio;1.461;1.393;68;1.478;814;151;366;146;2.939
        Arzago d'Adda;1.295;1.218;77;1.101;560;221;205;115;2.396
        Averara;82;79;3;80;46;4;22;8;162
        Aviatico;270;259;11;232;128;20;55;30;502
        Azzano San Paolo;3.654;3.448;206;2.930;1.562;521;540;307;6.584
        Azzone;134;128;6;195;112;13;57;14;329
        Bagnatica;2.169;2.079;90;1.614;788;263;404;158;3.783
        Barbata;326;310;16;271;124;22;103;22;597
        Bariano;1.967;1.878;89;1.689;858;240;450;142;3.656
        Barzana;1.023;979;44;679;330;138;128;83;1.702
        Bedulita;303;290;13;307;152;47;82;26;610
        Berbenno;1.078;1.029;49;1.059;533;193;241;92;2.137
        Bergamo;57.669;54.222;3.447;48.018;25.159;8.432;8.385;6.041;105.687
        Berzo San Fermo;643;614;29;514;266;69;135;44;1.157
        Bianzano;268;254;14;286;160;22;69;35;554
        Blello;32;31;1;32;15;3;4;10;64
        Bolgare;3.329;3.188;141;2.159;946;382;626;205;5.488
        Boltiere;3.089;2.933;156;2.183;997;417;516;253;5.272
        Bonate Sopra;5.274;5.026;248;3.357;1.564;638;769;386;8.631
        Bonate Sotto;3.144;2.973;171;2.619;1.348;442;568;262;5.763
        Borgo di Terzo;553;517;36;442;192;78;126;47;995
        Bossico;441;421;20;398;222;44;85;47;839
        Bottanuco;2.422;2.310;112;1.996;1.059;290;452;196;4.418
        Bracca;317;302;15;316;169;34;75;38;633
        Branzi;269;252;17;309;171;32;67;38;578
        Brembate;4.160;3.960;200;3.247;1.656;533;714;344;7.407
        Brembate di Sopra;3.710;3.530;180;3.176;1.743;561;571;301;6.886
        Brignano Gera d'Adda;3.039;2.900;139;2.139;1.097;371;444;226;5.178
        Brumano;52;48;4;54;28;5;12;9;106
        Brusaporto;2.868;2.755;113;1.974;905;448;447;174;4.842
        Calcinate;2.945;2.775;170;2.205;951;404;650;200;5.150
        Calcio;2.507;2.352;155;2.140;1.046;324;542;229;4.647
        Calusco d'Adda;3.709;3.509;200;3.412;1.856;479;749;329;7.121
        Calvenzano;2.070;1.968;102;1.662;859;310;328;164;3.732
        Camerata Cornello;271;244;27;240;125;46;36;34;511
        Canonica d'Adda;1.956;1.852;104;1.701;917;268;347;169;3.657
        Capizzone;546;521;25;523;278;79;116;50;1.069
        Capriate San Gervasio;3.902;3.677;225;3.171;1.723;484;601;363;7.073
        Caprino Bergamasco;1.453;1.384;69;1.189;626;164;278;122;2.642
        Caravaggio;7.669;7.276;393;6.291;3.286;1.021;1.376;608;13.960
        Carobbio degli Angeli;2.433;2.303;130;1.620;689;349;414;168;4.053
        Carona;115;107;8;153;98;14;32;10;268
        Carvico;2.132;2.019;113;1.868;992;288;403;185;4.000
        Casazza;1.736;1.642;94;1.553;696;304;412;142;3.289
        Casirate d'Adda;1.950;1.842;108;1.573;786;259;365;164;3.523
        Casnigo;1.403;1.356;47;1.307;812;154;180;161;2.710
        Cassiglio;48;39;9;52;29;7;10;6;100
        Castel Rozzone;1.337;1.279;58;1.080;586;152;251;91;2.417
        Castelli Calepio;4.826;4.562;264;3.975;1.952;690;932;402;8.801
        Castione della Presolana;1.510;1.432;78;1.473;700;205;429;139;2.983
        Castro;538;519;19;568;321;83;125;39;1.106
        Cavernago;1.464;1.402;62;937;385;187;270;95;2.401
        Cazzano Sant'Andrea;808;781;27;602;318;109;101;73;1.410
        Cenate Sopra;1.265;1.196;69;941;437;211;196;95;2.206
        Cenate Sotto;1.914;1.824;90;1.370;619;300;326;124;3.284
        Cene;1.909;1.812;97;1.667;940;223;311;193;3.576
        Cerete;720;682;38;692;367;103;144;78;1.412
        Chignolo d'Isola;1.631;1.544;87;1.221;587;204;289;141;2.852
        Chiuduno;2.885;2.726;159;2.323;1.136;391;585;211;5.208
        Cisano Bergamasco;2.928;2.774;154;2.468;1.293;434;519;222;5.396
        Ciserano;2.732;2.580;152;2.006;946;351;487;222;4.738
        Cividate al Piano;2.352;2.220;132;2.003;1.072;287;427;217;4.355
        Clusone;3.808;3.596;212;3.699;1.960;543;745;451;7.507
        Colere;481;462;19;501;251;41;169;40;982
        Cologno al Serio;5.311;5.076;235;4.191;2.056;678;1.093;363;9.502
        Colzate;734;702;32;677;379;107;108;83;1.411
        Comun Nuovo;2.155;2.061;94;1.556;753;292;362;149;3.711
        Corna Imagna;420;399;21;370;165;62;106;37;790
        Cornalba;121;115;6;145;91;6;33;15;266
        Cortenuova;948;896;52;725;329;140;186;71;1.673
        Costa di Mezzate;1.662;1.579;83;1.224;553;248;311;112;2.886
        Costa Serina;347;333;14;441;267;34;101;40;788
        Costa Valle Imagna;225;213;12;292;169;35;60;27;517
        Costa Volpino;3.945;3.762;183;3.724;1.914;569;897;344;7.669
        Covo;2.021;1.913;108;1.527;679;253;439;156;3.548
        Credaro;1.791;1.695;96;1.160;521;227;279;133;2.951
        Curno;3.566;3.389;177;3.066;1.678;553;545;290;6.632
        Cusio;88;85;3;116;76;7;25;8;204
        Dalmine;11.257;10.618;639;9.229;4.780;1.595;1.936;919;20.486
        Dossena;386;372;14;411;225;30;123;34;797
        Endine Gaiano;1.605;1.521;84;1.388;664;201;375;149;2.993
        Entratico;950;913;37;730;347;134;191;58;1.680
        Fara Gera d'Adda;3.877;3.712;165;3.049;1.567;494;636;352;6.926
        Fara Olivana con Sola;670;633;37;482;238;55;149;40;1.152
        Filago;1.471;1.410;61;1.185;633;175;258;118;2.656
        Fino del Monte;531;513;18;491;240;70;133;49;1.022
        Fiorano al Serio;1.323;1.261;62;1.248;704;194;214;136;2.571
        Fontanella;2.200;2.045;155;1.820;859;282;490;189;4.020
        Fonteno;249;234;15;259;136;33;61;30;508
        Foppolo;78;74;4;71;36;5;8;21;149
        Foresto Sparso;1.528;1.470;58;1.124;557;174;251;142;2.652
        Fornovo San Giovanni;1.690;1.607;83;1.200;582;227;267;124;2.890
        Fuipiano Valle Imagna;84;76;8;102;57;16;14;15;186
        Gandellino;403;384;19;458;248;57;110;43;861
        Gandino;2.274;2.171;103;2.282;1.361;309;344;269;4.556
        Gandosso;726;688;38;558;283;91;129;55;1.284
        Gaverina Terme;377;346;31;392;201;57;82;52;769
        Gazzaniga;2.175;2.047;128;2.146;1.269;294;336;247;4.321
        Ghisalba;2.933;2.767;166;2.282;1.015;442;595;231;5.215
        Gorlago;2.401;2.283;118;2.072;1.085;317;493;177;4.473
        Gorle;3.291;3.115;176;2.402;1.193;541;434;233;5.693
        Gorno;641;614;27;696;417;68;144;67;1.337
        Grassobbio;3.219;3.065;154;2.361;1.209;393;524;236;5.580
        Gromo;503;480;23;507;297;52;102;56;1.010
        Grone;386;364;22;361;184;52;94;32;747
        Grumello del Monte;3.483;3.309;174;2.865;1.453;500;614;297;6.348
        Isola di Fondra;66;63;3;100;62;8;22;8;166
        Isso;308;295;13;221;115;29;55;23;529
        Lallio;2.094;1.980;114;1.546;807;285;279;174;3.640
        Leffe;1.869;1.799;70;1.979;1.214;218;338;208;3.848
        Lenna;243;232;11;255;147;24;51;33;498
        Levate;1.762;1.673;89;1.467;769;257;300;141;3.229
        Locatello;318;291;27;381;178;50;105;48;699
        Lovere;2.110;1.984;126;2.354;1.350;345;404;254;4.464
        Lurano;1.384;1.313;71;1.008;490;210;201;107;2.392
        Luzzana;411;389;22;361;192;61;74;34;772
        Madone;2.009;1.889;120;1.484;691;230;393;170;3.493
        Mapello;3.406;3.261;145;2.492;1.265;433;547;247;5.898
        Martinengo;5.198;4.912;286;3.934;1.796;621;1.109;408;9.132
        Medolago;1.132;1.072;60;889;456;148;197;88;2.021
        Mezzoldo;60;57;3;94;63;6;17;8;154
        Misano di Gera d'Adda;1.428;1.359;69;1.137;591;180;255;111;2.565
        Moio de' Calvi;82;79;3;110;58;21;21;10;192
        Monasterolo del Castello;567;538;29;447;217;81;107;43;1.014
        Montello;1.611;1.509;102;1.140;519;235;254;131;2.751
        Morengo;1.163;1.105;58;991;500;168;242;81;2.154
        Mornico al Serio;1.342;1.266;76;1.153;549;169;330;105;2.495
        Mozzanica;2.115;2.012;103;1.670;854;259;402;156;3.785
        Mozzo;3.437;3.269;168;2.997;1.651;569;522;255;6.434
        Nembro;5.199;4.929;270;4.629;2.614;701;858;456;9.828
        Olmo al Brembo;203;192;11;220;130;33;36;20;423
        Oltre il Colle;422;401;21;434;256;29;96;53;856
        Oltressenda Alta;55;53;2;72;49;6;9;8;127
        Oneta;228;219;9;281;172;31;54;25;509
        Onore;404;382;22;420;198;55;114;53;824
        Orio al Serio;829;788;41;612;301;108;135;67;1.441
        Ornica;52;49;3;81;49;5;22;6;133
        Osio Sopra;2.600;2.473;127;1.884;928;352;401;203;4.484
        Osio Sotto;6.035;5.704;331;4.813;2.402;800;1.115;497;10.848
        Pagazzano;987;922;65;800;414;117;176;93;1.787
        Paladina;1.931;1.855;76;1.503;795;270;298;140;3.434
        Palazzago;2.231;2.140;91;1.603;829;256;370;148;3.834
        Palosco;2.701;2.571;130;2.202;1.052;366;572;212;4.903
        Parre;1.277;1.228;49;1.048;575;174;174;126;2.325
        Parzanica;147;140;7;159;97;10;32;21;306
        Pedrengo;2.944;2.796;148;2.193;1.083;438;460;212;5.137
        Peia;743;715;28;753;433;124;119;78;1.496
        Pianico;628;596;32;608;295;94;163;57;1.236
        Piario;471;444;27;433;227;82;74;49;904
        Piazza Brembana;545;514;31;518;308;64;93;54;1.063
        Piazzatorre;170;161;9;202;120;21;42;21;372
        Piazzolo;39;37;2;36;24;3;5;4;75
        Pognano;727;695;32;581;298;92;135;57;1.308
        Ponte Nossa;743;706;37;794;503;99;97;96;1.537
        Ponte San Pietro;5.452;5.132;320;4.555;2.387;726;948;493;10.007
        Ponteranica;3.092;2.932;160;2.829;1.626;462;476;265;5.921
        Pontida;1.535;1.456;79;1.259;632;217;301;110;2.794
        Pontirolo Nuovo;2.388;2.263;125;1.897;1.014;309;367;208;4.285
        Pradalunga;2.127;2.022;105;1.789;1.024;307;261;197;3.916
        Predore;906;865;41;747;401;133;127;85;1.653
        Premolo;473;448;25;496;291;79;71;54;969
        Presezzo;2.219;2.097;122;1.938;1.057;319;372;191;4.157
        Pumenengo;762;726;36;692;326;89;218;60;1.454
        Ranica;2.686;2.545;141;2.507;1.447;425;426;209;5.193
        Ranzanico;565;538;27;537;306;67;100;64;1.102
        Riva di Solto;386;369;17;394;239;35;80;40;780
        Rogno;1.816;1.738;78;1.516;701;270;396;149;3.332
        Romano di Lombardia;9.859;9.282;577;7.688;3.576;1.245;2.037;830;17.547
        Roncobello;174;164;10;216;126;18;50;22;390
        Roncola;422;397;25;341;165;48;75;54;763
        Rota d'Imagna;351;333;18;444;237;47;107;53;795
        Rovetta;1.930;1.834;96;1.596;785;269;363;179;3.526
        San Giovanni Bianco;2.111;2.021;90;2.022;1.112;318;400;192;4.133
        San Paolo d'Argon;2.912;2.758;154;2.037;894;428;518;197;4.949
        San Pellegrino Terme;2.023;1.941;82;2.099;1.242;264;406;188;4.122
        Santa Brigida;228;219;9;247;130;18;73;26;475
        Sant'Omobono Terme;1.761;1.674;87;1.601;767;272;384;179;3.362
        Sarnico;3.337;3.156;181;2.628;1.387;408;536;298;5.965
        Scanzorosciate;4.752;4.538;214;3.872;2.071;688;773;341;8.624
        Schilpario;494;468;26;532;318;61;90;63;1.026
        Sedrina;1.102;1.044;58;932;512;132;187;101;2.034
        Selvino;917;867;50;876;436;147;213;80;1.793
        Seriate;12.430;11.816;614;9.594;4.903;1.715;1.881;1.094;22.024
        Serina;889;849;40;939;521;106;218;94;1.828
        Solto Collina;788;744;44;780;401;110;189;80;1.568
        Solza;974;932;42;709;358;114;163;74;1.683
        Songavazzo;340;318;22;295;163;49;46;37;635
        Sorisole;4.233;4.024;209;3.568;1.943;559;716;350;7.801
        Sotto il Monte Giovanni XXIII;2.204;2.099;105;1.559;791;315;306;148;3.763
        Sovere;2.351;2.231;120;2.219;1.120;355;537;206;4.570
        Spinone al Lago;466;445;21;398;197;62;87;52;864
        Spirano;2.790;2.657;133;2.016;979;393;437;207;4.806
        Stezzano;6.832;6.533;299;4.694;2.333;913;951;497;11.526
        Strozza;557;531;26;422;215;62;90;55;979
        Suisio;1.807;1.717;90;1.476;767;236;333;140;3.283
        Taleggio;234;225;9;256;153;29;43;31;490
        Tavernola Bergamasca;869;842;27;854;545;102;126;81;1.723
        Telgate;2.414;2.270;144;1.830;824;309;494;203;4.244
        Terno d'Isola;4.119;3.900;219;2.665;1.149;597;622;296;6.784
        Torre Boldone;4.010;3.790;220;3.590;1.982;587;668;353;7.600
        Torre de' Busi;1.128;1.093;35;766;379;125;185;77;1.894
        Torre de' Roveri;1.259;1.208;51;937;456;166;233;83;2.196
        Torre Pallavicina;546;520;26;439;212;50;137;40;985
        Trescore Balneario;4.640;4.343;297;3.700;1.740;712;840;408;8.340
        Treviglio;14.555;13.764;791;12.002;6.191;2.098;2.313;1.400;26.557
        Treviolo;5.218;4.958;260;4.128;2.129;802;803;394;9.346
        Ubiale Clanezzo;610;582;28;562;302;76;131;53;1.172
        Urgnano;4.801;4.560;241;3.746;1.862;650;870;364;8.547
        Valbondione;412;389;23;451;254;32;124;42;863
        Valbrembo;2.106;2.014;92;1.582;854;252;319;157;3.688
        Val Brembilla;1.872;1.798;74;1.771;988;233;375;175;3.643
        Valgoglio;245;236;9;252;135;20;79;19;497
        Valleve;58;55;3;51;28;4;10;8;109
        Valnegra;75;68;7;111;66;13;19;14;186
        Valtorta;102;95;7;128;75;12;24;17;230
        Vedeseta;59;56;3;117;82;2;22;11;176
        Verdellino;3.545;3.252;293;2.848;1.371;491;608;377;6.393
        Verdello;3.883;3.670;213;3.086;1.589;515;628;355;6.969
        Vertova;1.968;1.881;87;1.905;1.136;237;285;247;3.873
        Viadanica;549;526;23;427;203;90;90;44;976
        Vigano San Martino;630;582;48;516;253;82;134;47;1.146
        Vigolo;262;244;18;224;120;23;49;33;486
        Villa d'Adda;2.169;2.068;101;1.882;1.008;284;412;178;4.051
        Villa d'Almè;2.996;2.849;147;2.708;1.533;433;502;241;5.704
        Villa di Serio;3.166;3.017;149;2.620;1.391;437;559;234;5.786
        Villa d'Ogna;812;778;34;744;414;123;130;77;1.556
        Villongo;4.031;3.812;219;2.853;1.314;564;657;317;6.884
        Vilminore di Scalve;685;661;24;568;335;69;99;65;1.253
        Zandobbio;1.247;1.168;79;1.076;521;177;272;106;2.323
        Zanica;4.397;4.195;202;3.036;1.557;470;687;322;7.433
        Zogno;3.883;3.700;183;3.689;2.160;521;655;354;7.572
      Brescia;596.233;567.398;28.835;494.717;247.843;79.659;113.206;54.009;1.090.950
        Acquafredda;705;664;41;625;298;119;137;72;1.330
        Adro;3.432;3.287;145;2.781;1.453;434;630;265;6.213
        Agnosine;769;741;28;709;389;87;163;70;1.478
        Alfianello;1.118;1.062;56;925;513;130;190;94;2.043
        Anfo;185;176;9;215;119;26;47;23;400
        Angolo Terme;1.030;993;37;1.027;565;119;249;94;2.057
        Artogne;1.712;1.640;72;1.391;631;199;396;165;3.103
        Azzano Mella;1.848;1.776;72;1.036;454;235;226;121;2.884
        Bagnolo Mella;5.813;5.546;267;4.947;2.518;758;1.195;475;10.760
        Bagolino;1.686;1.631;55;1.701;979;208;359;155;3.387
        Barbariga;1.107;1.062;45;931;489;144;215;83;2.038
        Barghe;523;505;18;468;238;84;106;39;991
        Bassano Bresciano;1.164;1.114;50;838;414;152;173;99;2.002
        Bedizzole;5.946;5.663;283;4.572;2.154;728;1.192;498;10.518
        Berlingo;1.348;1.294;54;987;426;173;296;91;2.335
        Berzo Demo;685;655;30;704;375;91;170;69;1.389
        Berzo Inferiore;1.156;1.121;35;946;449;172;244;82;2.102
        Bienno;1.645;1.573;72;1.667;920;218;351;178;3.312
        Bione;606;582;24;541;313;71;92;64;1.147
        Borgo San Giacomo;2.522;2.392;130;2.089;952;325;608;203;4.611
        Borgosatollo;4.284;4.076;208;3.624;1.827;562;871;363;7.908
        Borno;1.068;1.019;49;1.160;647;133;252;127;2.228
        Botticino;5.008;4.789;219;4.436;2.426;675;939;396;9.444
        Bovegno;831;788;43;963;546;101;189;127;1.794
        Bovezzo;3.381;3.212;169;3.088;1.756;459;575;298;6.469
        Brandico;869;827;42;588;262;120;144;62;1.457
        Braone;323;310;13;276;134;44;66;32;599
        Breno;2.001;1.906;95;2.107;1.170;330;384;224;4.108
        Brescia;92.914;87.653;5.261;79.644;40.737;13.001;15.611;10.295;172.558
        Brione;374;356;18;284;152;33;51;49;658
        Caino;1.084;1.025;59;804;362;169;185;89;1.888
        Calcinato;6.199;5.837;362;4.782;2.155;905;1.203;518;10.981
        Calvagese della Riviera;1.847;1.766;81;1.303;585;263;316;139;3.150
        Calvisano;4.039;3.860;179;3.197;1.466;543;810;378;7.236
        Capo di Ponte;1.015;972;43;1.010;545;127;233;104;2.025
        Capovalle;134;130;4;169;99;13;49;8;303
        Capriano del Colle;2.319;2.216;103;1.762;870;275;449;168;4.081
        Capriolo;4.415;4.203;212;3.698;1.791;541;1.003;364;8.113
        Carpenedolo;6.170;5.865;305;4.771;2.278;765;1.227;501;10.941
        Castegnato;4.117;3.930;187;3.031;1.449;589;685;307;7.148
        Castel Mella;5.644;5.425;219;3.768;1.809;706;853;399;9.412
        Castelcovati;3.282;3.118;164;2.443;902;418;913;210;5.725
        Castenedolo;5.708;5.469;239;4.278;2.114;740;987;438;9.986
        Casto;761;733;28;652;355;99;130;69;1.413
        Castrezzato;3.668;3.490;178;2.650;1.045;401;936;269;6.318
        Cazzago San Martino;4.986;4.761;225;4.294;2.121;673;1.116;384;9.280
        Cedegolo;487;469;18;478;247;55;134;42;965
        Cellatica;2.259;2.136;123;2.036;1.137;363;343;193;4.295
        Cerveno;315;302;13;269;149;46;39;35;584
        Ceto;802;769;33;766;403;122;163;78;1.568
        Cevo;346;334;12;397;240;26;89;42;743
        Chiari;8.953;8.517;436;7.561;3.619;1.189;1.937;817;16.514
        Cigole;659;626;33;623;346;82;140;55;1.282
        Cimbergo;243;234;9;234;145;25;37;27;477
        Cividate Camuno;1.227;1.170;57;1.098;587;162;208;141;2.325
        Coccaglio;4.175;3.953;222;3.333;1.531;546;939;317;7.508
        Collebeato;2.067;1.972;95;1.908;1.109;326;291;181;3.975
        Collio;904;864;40;892;492;93;193;113;1.796
        Cologne;3.605;3.438;167;2.824;1.372;476;706;270;6.429
        Comezzano-Cizzago;2.081;1.980;101;1.366;500;257;488;121;3.447
        Concesio;7.556;7.248;308;6.103;3.297;961;1.244;601;13.659
        Corte Franca;3.455;3.319;136;2.771;1.418;431;654;268;6.226
        Corteno Golgi;850;800;50;854;429;111;202;112;1.704
        Corzano;713;685;28;508;261;77;117;54;1.221
        Darfo Boario Terme;7.230;6.885;345;6.380;3.069;1.074;1.553;684;13.610
        Dello;2.764;2.638;126;2.058;984;369;486;218;4.822
        Desenzano del Garda;13.855;13.111;744;11.843;5.823;1.974;2.580;1.466;25.698
        Edolo;1.930;1.837;93;1.924;1.041;267;386;231;3.854
        Erbusco;4.388;4.209;179;3.092;1.494;528;747;322;7.480
        Esine;2.391;2.287;104;2.035;989;349;464;233;4.426
        Fiesse;881;837;44;863;425;115;240;83;1.744
        Flero;4.209;4.060;149;3.411;1.828;518;756;309;7.620
        Gambara;2.061;1.976;85;1.881;1.031;245;382;223;3.942
        Gardone Riviera;1.226;1.162;64;1.157;617;164;207;169;2.383
        Gardone Val Trompia;5.167;4.869;298;4.684;2.559;762;879;485;9.851
        Gargnano;1.155;1.093;62;1.279;750;125;224;179;2.434
        Gavardo;5.816;5.537;279;4.747;2.351;807;969;620;10.563
        Ghedi;8.882;8.405;477;7.034;3.234;1.232;1.861;707;15.916
        Gianico;1.012;972;40;842;408;141;211;82;1.854
        Gottolengo;2.322;2.194;128;1.968;1.006;284;481;197;4.290
        Gussago;7.867;7.511;356;6.595;3.453;1.126;1.392;623;14.462
        Idro;875;841;34;762;405;121;151;84;1.637
        Incudine;140;134;6;169;92;16;35;26;309
        Irma;55;52;3;64;38;10;11;6;119
        Iseo;4.193;4.009;184;3.740;2.043;540;719;437;7.933
        Isorella;1.950;1.879;71;1.532;708;260;421;144;3.482
        Lavenone;195;187;8;244;138;26;58;22;439
        Leno;6.755;6.417;338;5.558;2.785;909;1.308;556;12.313
        Limone sul Garda;598;576;22;370;181;60;70;58;968
        Lodrino;756;727;29;679;350;102;162;65;1.435
        Lograto;1.814;1.727;87;1.403;659;253;362;129;3.217
        Lonato del Garda;8.510;8.064;446;6.117;2.834;1.116;1.454;713;14.627
        Longhena;227;217;10;269;160;26;64;19;496
        Losine;292;278;14;258;140;42;39;37;550
        Lozio;142;136;6;187;113;10;49;15;329
        Lumezzane;9.861;9.444;417;9.010;4.704;1.248;2.124;935;18.871
        Maclodio;680;647;33;566;228;112;183;44;1.246
        Magasa;43;41;2;63;44;0;6;13;106
        Mairano;1.746;1.670;76;1.203;531;233;328;112;2.949
        Malegno;807;767;40;898;495;119;197;88;1.705
        Malonno;1.297;1.252;45;1.372;738;178;354;102;2.669
        Manerba del Garda;2.711;2.551;160;2.015;892;350;497;276;4.726
        Manerbio;6.159;5.834;325;5.384;2.876;863;1.011;634;11.543
        Marcheno;1.916;1.845;71;1.683;879;257;369;177;3.599
        Marmentino;297;288;9;296;176;32;61;28;593
        Marone;1.400;1.346;54;1.313;705;203;279;126;2.713
        Mazzano;6.266;5.979;287;4.642;2.244;842;1.077;480;10.908
        Milzano;833;790;43;679;306;110;206;58;1.512
        Moniga del Garda;1.354;1.291;63;948;453;135;240;119;2.302
        Monno;233;224;9;228;137;18;51;22;461
        Monte Isola;754;733;21;716;405;86;161;65;1.470
        Monticelli Brusati;2.278;2.190;88;1.701;843;323;377;158;3.979
        Montichiari;13.060;12.402;658;9.175;4.075;1.685;2.351;1.064;22.235
        Montirone;2.507;2.414;93;1.797;783;335;525;154;4.304
        Mura;363;350;13;319;168;56;61;34;682
        Muscoline;1.348;1.299;49;978;475;166;223;114;2.326
        Nave;4.942;4.716;226;4.479;2.428;660;963;428;9.421
        Niardo;893;852;41;795;398;146;174;76;1.688
        Nuvolento;1.830;1.749;81;1.537;769;243;392;133;3.367
        Nuvolera;2.302;2.194;108;1.734;806;334;419;175;4.036
        Odolo;838;800;38;771;357;126;224;64;1.609
        Offlaga;1.913;1.811;102;1.630;779;289;406;156;3.543
        Ome;1.480;1.424;56;1.276;678;211;273;114;2.756
        Ono San Pietro;472;457;15;393;182;74;101;37;865
        Orzinuovi;5.904;5.605;299;4.818;2.378;747;1.210;483;10.722
        Orzivecchi;1.102;1.036;66;1.030;511;185;242;92;2.132
        Ospitaletto;7.140;6.779;361;5.279;2.405;962;1.344;568;12.419
        Ossimo;671;643;28;640;323;74;176;66;1.311
        Padenghe sul Garda;2.354;2.236;118;1.842;866;293;479;203;4.196
        Paderno Franciacorta;1.787;1.705;82;1.375;700;252;279;144;3.162
        Paisco Loveno;68;65;3;87;47;7;26;7;155
        Paitone;1.067;1.007;60;837;401;135;194;108;1.904
        Palazzolo sull'Oglio;9.684;9.191;493;7.632;3.752;1.269;1.789;822;17.316
        Paratico;2.574;2.472;102;1.709;849;260;398;201;4.283
        Paspardo;244;235;9;272;178;28;31;35;516
        Passirano;3.354;3.203;151;2.695;1.396;460;567;272;6.049
        Pavone del Mella;1.248;1.189;59;1.104;555;161;289;99;2.352
        Pertica Alta;237;228;9;258;152;30;52;24;495
        Pertica Bassa;238;230;8;265;167;27;41;30;503
        Pezzaze;614;584;30;685;382;72;159;72;1.299
        Pian Camuno;2.311;2.207;104;1.743;726;305;511;201;4.054
        Piancogno;2.238;2.131;107;1.901;909;320;461;210;4.139
        Pisogne;3.625;3.492;133;3.306;1.774;489;702;341;6.931
        Polaveno;1.138;1.096;42;1.035;567;144;220;105;2.173
        Polpenazze del Garda;1.412;1.343;69;1.023;513;141;251;118;2.435
        Pompiano;1.690;1.616;74;1.494;743;200;432;120;3.184
        Poncarale;2.617;2.510;107;1.914;916;366;459;173;4.531
        Ponte di Legno;814;774;40;723;380;97;145;101;1.537
        Pontevico;3.140;2.984;156;3.009;1.708;413;523;365;6.149
        Pontoglio;3.145;2.955;190;2.769;1.341;431;710;287;5.914
        Pozzolengo;1.762;1.679;83;1.387;674;220;340;153;3.149
        Pralboino;1.279;1.215;64;1.143;599;144;292;108;2.422
        Preseglie;680;656;24;599;323;89;133;54;1.279
        Prevalle;3.301;3.119;182;2.447;1.118;427;626;276;5.748
        Provaglio d'Iseo;3.393;3.240;153;2.774;1.373;497;648;256;6.167
        Provaglio Val Sabbia;388;377;11;391;215;54;93;29;779
        Puegnago del Garda;1.702;1.625;77;1.359;684;211;318;146;3.061
        Quinzano d'Oglio;2.939;2.805;134;2.517;1.384;373;517;243;5.456
        Remedello;1.531;1.457;74;1.314;589;229;351;145;2.845
        Rezzato;6.360;6.050;310;5.301;2.793;861;1.120;527;11.661
        Roccafranca;2.295;2.183;112;1.759;713;262;627;157;4.054
        Rodengo Saiano;5.036;4.845;191;3.479;1.649;690;803;337;8.515
        Roè Volciano;2.108;1.997;111;1.781;911;308;338;224;3.889
        Roncadelle;4.475;4.251;224;3.597;1.796;674;750;377;8.072
        Rovato;9.280;8.786;494;6.984;3.022;1.167;2.045;750;16.264
        Rudiano;2.813;2.672;141;2.186;886;377;725;198;4.999
        Sabbio Chiese;1.881;1.808;73;1.497;721;238;365;173;3.378
        Sale Marasino;1.511;1.459;52;1.387;791;189;266;141;2.898
        Salò;4.735;4.513;222;4.584;2.525;669;840;549;9.319
        San Felice del Benaco;1.673;1.595;78;1.405;704;213;292;196;3.078
        San Gervasio Bresciano;1.317;1.264;53;878;394;148;241;94;2.195
        San Paolo;2.052;1.957;95;1.750;821;252;528;148;3.802
        San Zeno Naviglio;2.385;2.294;91;1.729;878;305;378;168;4.114
        Sarezzo;6.346;6.048;298;5.121;2.625;938;1.035;524;11.467
        Saviore dell'Adamello;304;290;14;441;252;44;113;32;745
        Sellero;605;581;24;617;326;88;148;56;1.222
        Seniga;630;599;31;644;358;84;143;59;1.274
        Serle;1.363;1.302;61;1.322;714;165;293;150;2.685
        Sirmione;4.092;3.884;208;3.161;1.541;458;758;405;7.253
        Soiano del Lago;948;897;51;744;351;117;193;84;1.692
        Sonico;531;515;16;512;265;59;144;43;1.043
        Sulzano;949;907;42;737;365;115;148;109;1.686
        Tavernole sul Mella;529;508;21;546;312;74;107;55;1.075
        Temù;480;448;32;504;254;66;111;73;984
        Tignale;527;503;24;518;305;62;77;73;1.045
        Torbole Casaglia;3.129;2.975;154;2.401;1.117;443;595;246;5.530
        Toscolano-Maderno;3.393;3.210;183;3.400;1.875;431;624;469;6.793
        Travagliato;6.839;6.546;293;5.075;2.457;887;1.201;530;11.914
        Tremosine sul Garda;1.000;955;45;795;403;107;151;133;1.795
        Trenzano;2.544;2.424;120;2.108;890;331;701;186;4.652
        Treviso Bresciano;221;211;10;249;133;33;56;26;470
        Urago d'Oglio;1.693;1.615;78;1.472;666;241;441;125;3.165
        Vallio Terme;685;662;23;526;265;78;118;65;1.211
        Valvestino;71;68;3;89;60;3;14;13;160
        Verolanuova;3.778;3.609;169;3.304;1.854;506;628;316;7.082
        Verolavecchia;1.756;1.679;77;1.603;912;196;340;155;3.359
        Vestone;1.903;1.826;77;1.692;875;293;340;183;3.595
        Vezza d'Oglio;670;640;30;622;321;100;135;65;1.292
        Villa Carcina;4.876;4.635;241;4.275;2.305;634;929;407;9.151
        Villachiara;643;619;24;555;254;83;170;48;1.198
        Villanuova sul Clisi;2.659;2.536;123;2.430;1.288;364;479;299;5.089
        Vione;237;222;15;320;187;31;69;32;557
        Visano;944;904;40;754;353;131;199;71;1.698
        Vobarno;3.735;3.552;183;3.367;1.664;477;846;380;7.102
        Zone;464;449;15;469;293;44;84;49;933
      Pavia;253.315;235.487;17.828;219.628;122.983;33.036;36.287;27.322;472.943
        Alagna;406;374;32;310;169;46;59;36;716
        Albaredo Arnaboldi;116;108;8;89;48;10;14;16;205
        Albonese;233;219;14;252;182;17;24;29;485
        Albuzzano;1.875;1.756;119;1.237;627;232;216;162;3.112
        Arena Po;680;639;41;649;389;68;120;73;1.329
        Badia Pavese;191;179;12;165;98;13;29;25;356
        Bagnaria;295;275;20;297;197;34;28;37;592
        Barbianello;423;397;26;344;196;49;59;40;767
        Bascapè;872;819;53;673;343;99;141;90;1.545
        Bastida Pancarana;435;406;29;393;225;50;70;47;828
        Battuda;358;330;28;216;108;31;41;35;574
        Belgioioso;2.962;2.748;214;2.589;1.439;405;450;296;5.551
        Bereguardo;1.359;1.253;106;1.129;601;179;206;142;2.488
        Borgarello;1.416;1.331;85;954;453;249;147;105;2.370
        Borgo Priolo;591;549;42;572;340;56;100;77;1.163
        Borgo San Siro;427;388;39;418;236;54;80;48;845
        Borgoratto Mormorolo;167;156;11;194;106;11;44;33;361
        Bornasco;1.414;1.354;60;831;399;191;157;84;2.245
        Bosnasco;309;295;14;258;155;31;43;29;567
        Brallo di Pregola;166;156;10;306;227;7;33;39;472
        Breme;256;228;28;377;218;40;72;48;633
        Bressana Bottarone;1.628;1.522;106;1.406;783;208;261;154;3.034
        Broni;4.288;3.936;352;4.081;2.235;544;775;526;8.369
        Calvignano;43;41;2;52;33;6;7;5;95
        Campospinoso Albaredo;493;464;29;438;265;42;76;55;931
        Candia Lomellina;656;570;86;656;395;81;85;96;1.312
        Canevino;..;..;..;..;..;..;..;..;..
        Canneto Pavese;587;555;32;565;348;60;93;64;1.152
        Carbonara al Ticino;705;666;39;558;312;100;89;57;1.263
        Casanova Lonati;205;186;19;212;122;33;31;26;417
        Casatisma;378;353;25;357;198;36;82;40;735
        Casei Gerola;1.050;981;69;1.011;621;104;179;106;2.061
        Casorate Primo;4.274;3.998;276;3.379;1.788;576;639;376;7.653
        Cassolnovo;3.233;3.021;212;2.697;1.526;406;451;315;5.930
        Castana;317;293;24;346;216;32;59;40;663
        Casteggio;2.862;2.652;210;2.924;1.737;343;506;338;5.786
        Castelletto di Branduzzo;460;429;31;420;252;44;76;49;880
        Castello d'Agogna;500;468;32;434;243;62;83;46;934
        Castelnovetto;228;212;16;244;141;26;47;30;472
        Cava Manara;3.232;3.044;188;2.659;1.533;449;385;291;5.891
        Cecima;102;95;7;115;71;9;19;16;217
        Ceranova;1.204;1.125;79;724;310;160;152;102;1.928
        Ceretto Lomellina;77;68;9;93;51;7;24;12;170
        Cergnago;328;272;56;279;193;24;18;44;607
        Certosa di Pavia;2.816;2.642;174;1.887;953;337;365;232;4.703
        Cervesina;511;484;27;483;290;56;81;55;994
        Chignolo Po;1.938;1.810;128;1.529;779;234;330;186;3.467
        Cigognola;561;532;29;590;367;55;112;57;1.151
        Cilavegna;2.521;2.364;157;2.233;1.285;359;340;249;4.754
        Codevilla;417;385;32;420;251;51;69;50;837
        Colli Verdi;409;386;23;537;365;34;72;66;946
        Confienza;694;644;50;693;397;84;140;72;1.387
        Copiano;827;783;44;677;390;95;123;70;1.504
        Corana;331;307;24;341;205;32;69;36;672
        Cornale e Bastida;360;339;21;352;216;36;58;43;712
        Corteolona e Genzone;1.204;1.127;77;983;549;130;181;123;2.187
        Corvino San Quirico;396;370;26;488;293;52;94;49;884
        Costa de' Nobili;187;179;8;139;82;18;21;19;326
        Cozzo;154;133;21;172;98;16;28;31;326
        Cura Carpignano;2.706;2.561;145;1.505;696;387;242;180;4.211
        Dorno;2.110;1.945;165;1.936;1.115;276;296;249;4.046
        Ferrera Erbognone;467;428;39;457;238;63;107;49;924
        Filighera;393;365;28;333;211;36;52;35;726
        Fortunago;147;136;11;184;115;14;32;23;331
        Frascarolo;432;403;29;550;347;51;89;64;982
        Galliavola;62;58;4;91;50;8;25;7;153
        Gambarana;83;78;5;99;60;6;20;13;182
        Gambolò;4.569;4.203;366;4.009;2.206;683;612;508;8.578
        Garlasco;4.335;3.991;344;4.150;2.467;580;648;455;8.485
        Gerenzago;751;703;48;510;253;85;107;65;1.261
        Giussago;2.717;2.557;160;1.786;926;303;335;222;4.503
        Godiasco Salice Terme;1.539;1.436;103;1.397;834;167;242;154;2.936
        Golferenzo;85;78;7;74;48;6;9;11;159
        Gravellona Lomellina;1.319;1.234;85;1.017;564;167;162;123;2.336
        Gropello Cairoli;1.971;1.842;129;1.782;1.045;234;301;202;3.753
        Inverno e Monteleone;674;633;41;571;313;74;115;68;1.245
        Landriano;3.241;3.068;173;2.230;1.118;411;454;248;5.471
        Langosco;154;143;11;179;111;15;32;21;333
        Lardirago;553;519;34;502;290;77;77;58;1.055
        Linarolo;1.400;1.320;80;1.035;543;190;196;106;2.435
        Lirio;55;50;5;61;33;10;9;10;116
        Lomello;883;819;64;974;595;108;158;113;1.857
        Lungavilla;1.123;1.044;79;1.039;600;131;196;113;2.162
        Magherno;841;778;63;718;389;100;145;84;1.559
        Marcignago;1.195;1.128;67;929;492;153;178;106;2.124
        Marzano;882;815;67;565;281;101;107;76;1.447
        Mede;2.707;2.532;175;2.786;1.611;380;449;346;5.493
        Menconico;132;124;8;194;143;9;15;27;326
        Mezzana Bigli;453;432;21;482;290;45;109;38;935
        Mezzana Rabattone;211;195;16;208;131;21;35;21;419
        Mezzanino;661;625;36;565;355;61;79;70;1.226
        Miradolo Terme;1.795;1.658;137;1.470;776;241;284;168;3.265
        Montalto Pavese;375;342;33;397;214;51;76;56;772
        Montebello della Battaglia;689;639;50;657;403;87;84;83;1.346
        Montecalvo Versiggia;223;206;17;222;125;27;35;35;445
        Montescano;204;189;15;167;92;18;32;25;371
        Montesegale;108;102;6;133;82;19;20;12;241
        Monticelli Pavese;272;254;18;292;175;34;53;30;564
        Montù Beccaria;771;721;50;687;383;103;108;94;1.458
        Mornico Losana;266;245;21;287;167;35;55;30;553
        Mortara;7.123;6.431;692;6.464;3.577;986;1.095;807;13.587
        Nicorvo;112;101;11;147;85;13;27;22;259
        Olevano di Lomellina;320;295;25;315;165;36;65;49;635
        Oliva Gessi;76;70;6;86;51;9;18;9;162
        Ottobiano;494;469;25;465;255;69;89;53;959
        Palestro;763;701;62;821;501;106;125;89;1.584
        Pancarana;150;142;8;121;71;9;21;20;271
        Parona;894;783;111;757;426;107;109;114;1.651
        Pavia;34.560;31.910;2.650;28.670;16.264;4.735;3.583;4.088;63.230
        Pietra de' Giorgi;350;330;20;335;179;44;67;44;685
        Pieve Albignola;382;350;32;368;209;52;65;41;750
        Pieve del Cairo;693;643;50;903;538;102;143;120;1.596
        Pieve Porto Morone;1.199;1.117;82;1.085;645;127;192;121;2.284
        Pinarolo Po;798;742;56;715;419;104;115;77;1.513
        Pizzale;333;319;14;277;172;24;54;28;610
        Ponte Nizza;317;297;20;386;242;40;60;45;703
        Portalbera;726;681;45;565;310;88;101;66;1.291
        Rea;188;173;15;166;98;14;29;25;354
        Redavalle;460;427;33;462;260;52;90;59;922
        Retorbido;746;699;47;588;324;99;92;74;1.334
        Rivanazzano Terme;2.449;2.287;162;2.111;1.229;286;348;248;4.560
        Robbio;2.573;2.395;178;2.554;1.572;333;395;254;5.127
        Robecco Pavese;247;232;15;229;144;29;31;25;476
        Rocca de' Giorgi;19;18;1;16;6;1;7;3;35
        Rocca Susella;102;95;7;106;65;7;19;16;208
        Rognano;369;357;12;191;69;56;46;21;560
        Romagnese;211;192;19;334;241;11;33;49;545
        Roncaro;835;784;51;480;219;91;112;57;1.315
        Rosasco;243;224;19;256;159;25;32;39;499
        Rovescala;339;312;27;376;225;41;61;49;715
        Ruino;..;..;..;..;..;..;..;..;..
        San Cipriano Po;227;222;5;173;87;16;51;19;400
        San Damiano al Colle;265;247;18;300;177;25;52;47;565
        San Genesio ed Uniti;1.978;1.872;106;1.561;905;289;208;159;3.539
        San Giorgio di Lomellina;429;400;29;474;281;50;76;66;903
        San Martino Siccomario;3.235;3.040;195;2.363;1.340;384;367;271;5.598
        San Zenone al Po;232;216;16;256;145;25;41;45;488
        Sannazzaro de' Burgondi;2.264;2.097;167;2.293;1.288;286;499;220;4.557
        Santa Cristina e Bissone;905;864;41;731;417;112;117;86;1.636
        Santa Giuletta;666;609;57;710;412;86;130;83;1.376
        Santa Margherita di Staffora;152;142;10;267;193;15;26;33;419
        Santa Maria della Versa;1.011;940;71;977;549;120;168;140;1.988
        Sant'Alessio con Vialone;567;542;25;297;137;74;53;34;864
        Sant'Angelo Lomellina;354;328;26;361;184;47;88;42;715
        Sartirana Lomellina;605;559;46;753;479;78;107;89;1.358
        Scaldasole;414;383;31;356;202;46;67;42;770
        Semiana;80;77;3;106;55;12;26;13;186
        Silvano Pietra;287;269;18;284;172;33;52;27;571
        Siziano;3.286;3.105;181;2.284;1.187;451;393;252;5.570
        Sommo;586;556;30;426;244;73;65;44;1.012
        Spessa;238;226;12;237;128;18;67;23;475
        Stradella;5.544;5.168;376;4.575;2.588;637;781;570;10.119
        Suardi;256;241;15;271;159;23;48;40;527
        Torrazza Coste;740;708;32;678;398;96;119;65;1.418
        Torre Beretti e Castellaro;224;207;17;212;111;34;35;32;436
        Torre d'Arese;473;433;40;314;132;77;59;46;787
        Torre de' Negri;143;136;7;156;90;14;39;12;299
        Torre d'Isola;1.272;1.209;63;816;424;184;121;86;2.088
        Torrevecchia Pia;1.788;1.672;116;1.216;575;224;259;158;3.004
        Torricella Verzate;369;343;26;352;203;51;59;39;721
        Travacò Siccomario;2.168;2.039;129;1.737;992;314;250;180;3.905
        Trivolzio;1.223;1.162;61;798;396;142;168;92;2.021
        Tromello;1.704;1.584;120;1.490;802;220;291;177;3.194
        Trovo;535;489;46;322;155;71;48;47;857
        Val di Nizza;215;203;12;309;212;23;40;34;524
        Valeggio;73;71;2;98;56;5;25;12;171
        Valle Lomellina;888;816;72;975;521;100;216;138;1.863
        Valle Salimbene;721;676;45;600;372;79;83;66;1.321
        Valverde;..;..;..;..;..;..;..;..;..
        Varzi;1.292;1.215;77;1.476;984;135;149;208;2.768
        Velezzo Lomellina;54;42;12;30;23;1;1;5;84
        Vellezzo Bellini;1.717;1.602;115;1.170;569;240;218;144;2.887
        Verretto;183;164;19;141;81;19;19;22;324
        Verrua Po;544;510;34;558;348;65;84;62;1.102
        Vidigulfo;3.532;3.344;188;2.194;1.063;417;447;266;5.726
        Vigevano;28.322;26.091;2.231;26.078;14.035;4.334;4.184;3.524;54.400
        Villa Biscossi;24;23;1;33;20;2;8;3;57
        Villanova d'Ardenghi;358;343;15;294;175;35;54;30;652
        Villanterio;1.627;1.502;125;1.302;702;177;258;166;2.929
        Vistarino;776;720;56;576;262;119;129;66;1.352
        Voghera;17.662;16.403;1.259;16.755;9.486;2.334;2.822;2.113;34.417
        Volpara;63;61;2;57;30;5;16;6;120
        Zavattarello;372;354;18;443;300;29;57;55;815
        Zeccone;854;808;46;632;316;130;123;63;1.486
        Zeme;440;411;29;473;266;64;80;63;913
        Zenevredo;235;222;13;203;114;31;33;25;438
        Zerbo;160;150;10;193;123;21;32;16;353
        Zerbolò;768;722;46;648;354;87;126;81;1.416
        Zinasco;1.463;1.378;85;1.238;713;178;194;153;2.701
      Cremona;164.105;155.851;8.254;144.975;80.981;21.569;26.246;16.179;309.080
        Acquanegra Cremonese;497;470;27;500;300;75;80;44;997
        Agnadello;1.944;1.852;92;1.380;672;230;324;153;3.324
        Annicco;891;841;50;856;493;121;135;108;1.747
        Azzanello;261;246;15;302;170;36;65;31;563
        Bagnolo Cremasco;2.345;2.251;94;1.964;1.121;268;368;206;4.309
        Bonemerse;685;657;28;584;337;112;80;54;1.269
        Bordolano;244;232;12;246;141;44;40;21;490
        Ca' d'Andrea;..;..;..;..;..;..;..;..;..
        Calvatone;537;513;24;493;280;63;93;58;1.030
        Camisano;613;587;26;487;257;73;110;47;1.100
        Campagnola Cremasca;327;314;13;268;132;55;57;24;595
        Capergnanica;1.098;1.057;41;798;448;126;129;95;1.896
        Cappella Cantone;256;250;6;223;127;27;52;17;479
        Cappella de' Picenardi;176;161;15;183;97;26;41;19;359
        Capralba;1.085;1.037;48;964;535;143;203;83;2.049
        Casalbuttano ed Uniti;1.561;1.466;95;1.707;1.082;188;250;188;3.268
        Casale Cremasco-Vidolasco;874;825;49;714;372;132;134;77;1.588
        Casaletto Ceredano;542;518;24;484;269;59;110;47;1.026
        Casaletto di Sopra;229;220;9;196;97;25;54;19;425
        Casaletto Vaprio;865;827;38;636;277;119;174;67;1.501
        Casalmaggiore;7.142;6.750;392;5.968;3.067;1.038;1.138;724;13.110
        Casalmorano;714;683;31;709;409;81;150;70;1.423
        Castel Gabbiano;243;229;14;172;77;32;42;20;415
        Casteldidone;242;230;12;258;151;26;53;28;500
        Castelleone;4.274;4.049;225;3.804;2.171;549;676;408;8.078
        Castelverde;2.721;2.599;122;2.152;1.204;337;373;239;4.873
        Castelvisconti;143;131;12;120;64;11;24;20;263
        Cella Dati;204;190;14;242;132;24;68;20;446
        Chieve;1.123;1.069;54;832;438;151;150;93;1.955
        Cicognolo;422;400;22;382;207;49;88;39;804
        Cingia de' Botti;454;425;29;535;309;58;80;87;989
        Corte de' Cortesi con Cignone;500;473;27;424;215;52;110;46;924
        Corte de' Frati;562;543;19;578;324;70;134;50;1.140
        Credera Rubbiano;690;657;33;693;416;86;131;60;1.383
        Crema;15.800;15.048;752;14.159;8.103;2.242;2.234;1.581;29.959
        Cremona;33.098;31.287;1.811;29.589;16.970;4.409;4.473;3.737;62.687
        Cremosano;846;812;34;606;314;103;128;61;1.452
        Crotta d'Adda;289;271;18;244;136;39;42;27;533
        Cumignano sul Naviglio;177;170;7;180;93;28;40;19;357
        Derovere;129;124;5;130;77;11;27;14;259
        Dovera;1.754;1.665;89;1.538;813;258;316;152;3.292
        Drizzona;..;..;..;..;..;..;..;..;..
        Fiesco;604;574;30;446;219;82;100;45;1.050
        Formigara;434;413;21;460;269;47;90;55;894
        Gabbioneta-Binanuova;370;355;15;373;233;33;72;34;743
        Gadesco-Pieve Delmona;970;930;40;693;362;137;117;76;1.663
        Genivolta;494;469;25;464;239;66;107;52;958
        Gerre de' Caprioli;692;664;28;457;252;78;68;59;1.149
        Gombito;277;263;14;278;149;40;57;32;555
        Grontardo;653;620;33;626;353;83;132;57;1.279
        Grumello Cremonese ed Uniti;783;749;34;727;411;78;177;61;1.510
        Gussola;1.213;1.120;93;1.118;645;178;151;144;2.331
        Isola Dovarese;456;433;23;510;307;71;78;55;966
        Izano;980;940;40;764;422;135;134;74;1.744
        Madignano;1.352;1.285;67;1.093;605;193;182;113;2.445
        Malagnino;904;873;31;536;292;86;97;61;1.440
        Martignana di Po;994;936;58;697;336;123;136;101;1.691
        Monte Cremasco;1.034;984;50;876;469;148;173;87;1.910
        Montodine;1.171;1.121;50;987;552;150;190;95;2.158
        Moscazzano;316;301;15;318;196;45;48;30;634
        Motta Baluffi;360;340;20;350;201;40;74;35;710
        Offanengo;2.804;2.683;121;2.371;1.323;330;489;229;5.175
        Olmeneta;444;418;26;370;208;54;68;40;814
        Ostiano;1.199;1.141;58;1.177;701;126;214;136;2.376
        Paderno Ponchielli;563;527;36;602;370;64;96;73;1.165
        Palazzo Pignano;1.798;1.713;85;1.544;834;223;334;153;3.342
        Pandino;4.098;3.888;210;3.620;1.931;542;778;369;7.718
        Persico Dosimo;1.645;1.577;68;1.219;667;220;209;124;2.864
        Pescarolo ed Uniti;706;670;36;628;349;88;131;59;1.334
        Pessina Cremonese;228;214;14;291;165;28;69;29;519
        Piadena;..;..;..;..;..;..;..;..;..
        Piadena Drizzona;1.795;1.686;109;1.712;959;210;367;176;3.507
        Pianengo;1.208;1.156;52;980;529;169;191;91;2.188
        Pieranica;521;493;28;445;236;78;89;43;966
        Pieve d'Olmi;575;549;26;509;277;83;102;47;1.084
        Pieve San Giacomo;705;657;48;680;361;103;144;73;1.385
        Pizzighettone;2.780;2.657;123;2.790;1.680;368;470;272;5.570
        Pozzaglio ed Uniti;721;686;35;529;275;85;110;59;1.250
        Quintano;463;436;27;333;170;62;65;36;796
        Ricengo;897;856;41;596;256;126;149;65;1.493
        Ripalta Arpina;484;467;17;405;226;52;93;34;889
        Ripalta Cremasca;1.675;1.604;71;1.346;766;203;237;140;3.021
        Ripalta Guerina;273;264;9;207;106;42;43;15;480
        Rivarolo del Re ed Uniti;816;767;49;795;452;113;144;85;1.611
        Rivolta d'Adda;3.888;3.691;197;3.326;1.867;484;624;351;7.214
        Robecco d'Oglio;924;878;46;1.038;644;103;182;109;1.962
        Romanengo;1.563;1.488;75;1.229;611;204;294;120;2.792
        Salvirola;586;561;25;424;204;86;99;34;1.010
        San Bassano;909;873;36;929;534;128;156;111;1.838
        San Daniele Po;575;552;23;552;346;51;104;51;1.127
        San Giovanni in Croce;890;840;50;718;378;127;130;84;1.608
        San Martino del Lago;182;173;9;182;103;27;34;18;364
        Scandolara Ravara;564;534;30;613;372;88;87;66;1.177
        Scandolara Ripa d'Oglio;203;189;14;262;155;24;58;25;465
        Sergnano;1.725;1.636;89;1.375;703;247;285;140;3.100
        Sesto ed Uniti;1.572;1.497;75;1.228;695;198;202;132;2.800
        Solarolo Rainerio;434;417;17;378;212;48;81;37;812
        Soncino;3.420;3.279;141;3.199;1.803;407;647;342;6.619
        Soresina;3.718;3.505;213;3.812;2.096;558;691;466;7.530
        Sospiro;1.233;1.158;75;1.485;907;139;114;325;2.718
        Spinadesco;703;676;27;612;345;94;118;55;1.315
        Spineda;260;243;17;271;161;35;44;31;531
        Spino d'Adda;3.278;3.117;161;2.648;1.374;419;580;276;5.926
        Stagno Lombardo;628;592;36;604;352;79;117;57;1.232
        Ticengo;212;202;10;158;81;22;42;13;370
        Torlino Vimercati;239;226;13;175;99;19;32;23;414
        Tornata;207;193;14;164;90;30;26;17;371
        Torre de' Picenardi;899;863;36;946;551;93;201;100;1.845
        Torricella del Pizzo;244;225;19;270;162;27;50;32;514
        Trescore Cremasco;1.364;1.294;70;1.099;544;183;259;113;2.463
        Trigolo;700;666;34;747;437;95;147;68;1.447
        Vaiano Cremasco;1.604;1.525;79;1.524;866;223;303;132;3.128
        Vailate;2.236;2.135;101;1.829;931;291;430;177;4.065
        Vescovato;1.782;1.680;102;1.569;881;243;277;169;3.351
        Volongo;199;191;8;225;137;18;50;20;424
        Voltido;152;144;8;162;90;20;35;17;314
      Mantova;193.557;182.901;10.656;161.352;86.740;24.132;31.504;18.975;354.909
        Acquanegra sul Chiese;1.248;1.181;67;1.143;668;149;187;139;2.391
        Asola;4.681;4.447;234;4.008;2.123;640;786;459;8.689
        Bagnolo San Vito;2.865;2.709;156;2.297;1.272;324;454;246;5.162
        Bigarello;..;..;..;..;..;..;..;..;..
        Borgo Mantovano;2.507;2.392;115;2.211;1.261;272;405;273;4.718
        Borgo Virgilio;7.108;6.736;372;5.810;3.032;910;1.163;705;12.918
        Borgocarbonara;827;783;44;820;491;90;147;92;1.647
        Borgofranco sul Po;..;..;..;..;..;..;..;..;..
        Bozzolo;1.795;1.686;109;1.759;1.042;226;310;182;3.554
        Canneto sull'Oglio;1.904;1.781;123;1.796;983;239;340;234;3.700
        Carbonara di Po;..;..;..;..;..;..;..;..;..
        Casalmoro;1.065;1.002;63;860;395;146;209;110;1.925
        Casaloldo;1.223;1.162;61;957;476;137;228;116;2.180
        Casalromano;718;677;41;601;314;90;115;83;1.319
        Castel d'Ario;2.264;2.145;119;1.770;947;262;371;190;4.034
        Castel Goffredo;6.211;5.892;319;4.496;2.032;829;1.042;593;10.707
        Castelbelforte;1.582;1.493;89;1.177;605;185;264;124;2.759
        Castellucchio;2.442;2.311;131;2.073;1.122;283;462;207;4.515
        Castiglione delle Stiviere;11.794;11.027;767;8.492;4.126;1.545;1.756;1.065;20.286
        Cavriana;1.793;1.710;83;1.539;844;224;278;193;3.332
        Ceresara;1.229;1.176;53;996;521;145;216;114;2.225
        Commessaggio;479;454;25;468;271;65;91;41;947
        Curtatone;7.266;6.928;338;5.515;3.102;955;883;574;12.781
        Dosolo;1.575;1.492;83;1.299;713;196;217;172;2.874
        Gazoldo degli Ippoliti;1.417;1.345;72;1.179;596;173;274;136;2.596
        Gazzuolo;931;883;48;929;561;91;176;101;1.860
        Goito;4.742;4.469;273;4.013;2.135;507;930;441;8.755
        Gonzaga;4.312;4.063;249;3.227;1.680;545;651;352;7.539
        Guidizzolo;2.766;2.617;149;2.383;1.181;351;546;305;5.149
        Magnacavallo;587;557;30;655;374;72;130;79;1.242
        Mantova;23.048;21.559;1.489;20.211;11.085;3.102;3.294;2.730;43.259
        Marcaria;2.906;2.763;143;2.761;1.583;351;519;308;5.667
        Mariana Mantovana;391;375;16;271;128;42;65;36;662
        Marmirolo;3.560;3.390;170;3.156;1.726;466;673;291;6.716
        Medole;2.058;1.944;114;1.499;718;257;322;202;3.557
        Moglia;2.576;2.436;140;2.214;1.230;308;427;249;4.790
        Monzambano;2.305;2.177;128;1.929;1.023;254;434;218;4.234
        Motteggiana;1.285;1.220;65;837;405;138;195;98;2.122
        Ostiglia;2.991;2.810;181;2.862;1.584;359;568;350;5.853
        Pegognaga;3.327;3.168;159;2.710;1.485;408;562;255;6.037
        Piubega;799;754;45;727;387;110;130;100;1.526
        Poggio Rusco;3.116;2.944;172;2.579;1.400;335;521;323;5.695
        Pomponesco;813;768;45;695;355;122;155;63;1.508
        Ponti sul Mincio;1.095;1.023;72;923;469;127;217;110;2.018
        Porto Mantovano;8.018;7.612;406;6.498;3.618;1.027;1.193;660;14.516
        Quingentole;462;442;20;457;244;50;118;45;919
        Quistello;2.401;2.288;113;2.331;1.361;324;371;275;4.732
        Redondesco;529;502;27;537;312;66;101;58;1.066
        Rivarolo Mantovano;1.078;1.023;55;1.055;626;144;179;107;2.133
        Rodigo;2.419;2.295;124;2.125;1.199;318;391;218;4.544
        Roncoferraro;3.146;2.986;160;2.885;1.694;388;513;289;6.031
        Roverbella;4.293;4.041;252;3.278;1.733;493;677;376;7.571
        Sabbioneta;1.968;1.868;100;1.684;974;218;332;159;3.652
        San Benedetto Po;3.057;2.902;155;2.913;1.661;355;534;364;5.970
        San Giacomo delle Segnate;703;671;32;641;391;59;122;69;1.344
        San Giorgio Bigarello;6.089;5.806;283;4.283;2.306;713;782;482;10.372
        San Giovanni del Dosso;591;558;33;493;269;70;87;66;1.084
        San Martino dall'Argine;720;689;31;724;460;74;109;81;1.444
        Schivenoglia;495;463;32;481;294;54;68;65;976
        Sermide e Felonica;3.061;2.870;191;3.304;1.918;339;616;431;6.365
        Serravalle a Po;614;579;35;659;396;73;116;75;1.273
        Solferino;1.306;1.243;63;980;545;128;192;114;2.286
        Sustinente;902;862;40;882;495;109;182;96;1.784
        Suzzara;9.760;9.243;517;8.273;4.178;1.357;1.775;964;18.033
        Viadana;9.791;9.161;630;7.364;3.680;1.213;1.593;878;17.155
        Villimpenta;950;905;45;868;473;103;188;104;1.818
        Volta Mantovana;3.601;3.443;158;2.792;1.468;428;553;343;6.393
      Lecco;155.891;148.381;7.510;135.358;75.669;21.999;23.223;14.467;291.249
        Abbadia Lariana;1.550;1.495;55;1.304;717;203;240;144;2.854
        Airuno;1.346;1.272;74;1.141;617;168;242;114;2.487
        Annone di Brianza;1.053;1.003;50;936;509;167;167;93;1.989
        Ballabio;2.085;1.976;109;1.498;729;309;285;175;3.583
        Barzago;1.100;1.052;48;969;534;151;195;89;2.069
        Barzanò;2.303;2.195;108;2.116;1.188;350;388;189;4.419
        Barzio;582;556;26;547;311;64;113;58;1.129
        Bellano;1.497;1.438;59;1.560;953;169;252;187;3.057
        Bosisio Parini;1.629;1.548;81;1.225;689;200;204;132;2.854
        Brivio;2.072;1.969;103;1.857;1.034;320;328;174;3.929
        Bulciago;1.362;1.289;73;1.137;624;184;204;125;2.499
        Calco;2.773;2.646;127;1.908;991;350;348;219;4.681
        Calolziocorte;6.071;5.743;328;5.825;3.318;788;1.113;607;11.896
        Carenno;616;592;24;613;338;77;142;57;1.229
        Casargo;373;356;17;354;211;30;57;56;727
        Casatenovo;6.222;5.919;303;5.259;2.999;865;843;553;11.481
        Cassago Brianza;2.044;1.944;100;1.737;950;286;310;192;3.781
        Cassina Valsassina;247;232;15;226;127;35;34;30;473
        Castello di Brianza;1.266;1.209;57;981;507;188;182;104;2.247
        Cernusco Lombardone;1.757;1.669;88;1.546;889;248;255;155;3.303
        Cesana Brianza;1.094;1.055;39;956;549;112;217;78;2.050
        Civate;1.695;1.622;73;1.565;930;242;244;149;3.260
        Colico;3.823;3.643;180;3.233;1.697;440;631;465;7.056
        Colle Brianza;903;870;33;643;346;102;128;68;1.546
        Cortenova;553;536;17;477;274;72;84;47;1.030
        Costa Masnaga;2.257;2.162;95;1.807;988;297;334;189;4.064
        Crandola Valsassina;117;114;3;114;63;10;24;17;231
        Cremella;801;747;54;679;385;116;119;59;1.480
        Cremeno;864;798;66;630;312;125;91;102;1.494
        Dervio;1.129;1.070;59;1.202;715;141;194;153;2.331
        Dolzago;1.272;1.222;50;924;494;164;170;96;2.196
        Dorio;133;126;7;166;104;21;26;15;299
        Ello;555;529;26;518;292;82;97;46;1.073
        Erve;309;296;13;310;176;47;51;36;619
        Esino Lario;331;312;19;330;198;42;39;50;661
        Galbiate;3.908;3.732;176;3.505;2.079;549;546;331;7.413
        Garbagnate Monastero;1.220;1.172;48;941;510;154;188;88;2.161
        Garlate;1.248;1.195;53;1.076;597;177;190;112;2.324
        Imbersago;1.237;1.189;48;956;557;164;125;110;2.193
        Introbio;881;848;33;787;429;106;164;89;1.668
        La Valletta Brianza;2.250;2.132;118;1.809;929;335;364;182;4.059
        Lecco;21.961;20.793;1.168;19.614;10.946;3.422;2.970;2.275;41.575
        Lierna;1.027;982;45;889;472;144;164;110;1.916
        Lomagna;2.427;2.312;115;1.828;1.008;317;305;199;4.255
        Malgrate;1.948;1.847;101;1.766;969;324;297;175;3.714
        Mandello del Lario;4.475;4.297;178;4.456;2.692;649;643;472;8.931
        Margno;176;170;6;166;88;16;42;20;342
        Merate;6.643;6.303;340;6.318;3.772;1.007;922;617;12.961
        Missaglia;4.249;4.054;195;3.398;1.887;571;589;351;7.647
        Moggio;239;231;8;205;119;29;42;16;444
        Molteno;1.712;1.630;82;1.348;720;245;246;136;3.060
        Monte Marenzo;850;801;49;782;405;150;156;70;1.632
        Montevecchia;1.327;1.273;54;1.017;555;188;180;94;2.344
        Monticello Brianza;1.849;1.749;100;1.813;1.078;277;287;171;3.662
        Morterone;14;14;0;15;8;1;5;1;29
        Nibionno;1.619;1.532;87;1.464;801;233;261;169;3.083
        Oggiono;4.219;4.005;214;3.616;1.991;591;651;384;7.835
        Olgiate Molgora;2.932;2.777;155;2.523;1.373;394;476;279;5.455
        Olginate;3.144;2.991;153;2.905;1.654;468;488;295;6.049
        Oliveto Lario;592;567;25;498;289;67;79;64;1.090
        Osnago;2.291;2.172;119;1.871;1.049;342;288;193;4.162
        Paderno d'Adda;1.774;1.678;96;1.554;834;294;256;171;3.328
        Pagnona;125;112;13;180;113;14;40;14;305
        Parlasco;68;67;1;60;41;2;11;6;128
        Pasturo;918;878;40;785;410;130;162;83;1.703
        Perledo;352;329;23;421;251;43;72;55;773
        Pescate;1.053;1.007;46;823;454;131;158;80;1.876
        Premana;1.027;1.005;22;858;471;149;159;79;1.885
        Primaluna;1.042;997;45;876;444;133;190;108;1.918
        Robbiate;2.987;2.842;145;2.420;1.314;460;387;259;5.407
        Rogeno;1.447;1.377;70;1.159;631;214;196;118;2.606
        Santa Maria Hoè;1.046;1.002;44;804;432;148;145;80;1.850
        Sirone;1.082;1.032;50;923;497;154;191;82;2.005
        Sirtori;1.324;1.273;51;1.095;584;165;249;97;2.419
        Sueglio;58;50;8;70;40;6;14;9;128
        Suello;829;802;27;664;383;108;115;58;1.493
        Taceno;274;260;14;216;108;29;47;31;490
        Valgreghentino;1.630;1.570;60;1.304;738;251;187;129;2.934
        Valmadrera;5.134;4.848;286;4.644;2.604;741;797;501;9.778
        Valvarrone;200;191;9;249;148;30;45;27;449
        Varenna;305;294;11;326;204;24;64;35;631
        Vendrogno;..;..;..;..;..;..;..;..;..
        Vercurago;1.238;1.184;54;1.205;722;152;228;104;2.443
        Verderio;2.744;2.631;113;2.059;1.045;438;332;244;4.803
        Viganò;1.012;979;33;804;465;103;162;75;1.816
      Lodi;110.305;104.033;6.272;87.627;46.243;14.711;16.805;9.868;197.932
        Abbadia Cerreto;131;124;7;119;67;15;25;12;250
        Bertonico;468;437;31;467;242;68;109;48;935
        Boffalora d'Adda;892;847;45;576;272;129;110;64;1.468
        Borghetto Lodigiano;2.066;1.949;117;1.660;880;251;354;174;3.726
        Borgo San Giovanni;1.291;1.221;70;806;390;161;155;101;2.097
        Brembio;1.267;1.192;75;1.088;600;137;244;108;2.355
        Casaletto Lodigiano;1.527;1.460;67;976;464;180;221;111;2.503
        Casalmaiocco;1.572;1.502;70;1.158;571;237;234;117;2.730
        Casalpusterlengo;7.363;6.867;496;6.093;3.248;1.004;1.191;651;13.456
        Caselle Landi;672;643;29;650;391;57;152;50;1.322
        Caselle Lurani;1.472;1.368;104;1.097;530;199;220;149;2.569
        Castelgerundo;679;643;36;586;312;81;117;77;1.265
        Castelnuovo Bocca d'Adda;712;677;35;675;393;86;129;67;1.387
        Castiglione d'Adda;2.150;2.040;110;1.854;1.022;274;363;195;4.004
        Castiraga Vidardo;1.548;1.475;73;985;456;191;220;117;2.533
        Cavenago d'Adda;1.030;965;65;827;451;124;162;91;1.857
        Cervignano d'Adda;1.115;1.066;49;784;391;148;150;94;1.899
        Codogno;7.283;6.845;438;6.362;3.525;1.076;1.078;683;13.645
        Comazzo;1.250;1.200;50;701;329;116;167;89;1.951
        Cornegliano Laudense;1.443;1.379;64;1.070;563;195;217;96;2.513
        Corno Giovine;530;500;30;454;245;64;103;43;984
        Cornovecchio;86;83;3;90;54;7;21;8;176
        Corte Palasio;778;715;63;563;287;96;116;65;1.341
        Crespiatica;1.109;1.023;86;754;371;120;153;109;1.863
        Fombio;1.201;1.154;47;775;390;150;154;81;1.976
        Galgagnano;740;710;30;401;185;79;90;47;1.141
        Graffignana;1.164;1.092;72;1.094;624;140;214;116;2.258
        Guardamiglio;1.257;1.178;79;1.027;552;165;197;113;2.284
        Livraga;1.164;1.104;60;986;562;141;187;97;2.150
        Lodi;21.411;20.207;1.204;17.947;9.820;3.013;2.887;2.227;39.358
        Lodi Vecchio;3.518;3.293;225;2.975;1.560;519;579;317;6.493
        Maccastorna;26;25;1;23;13;3;5;2;49
        Mairago;673;643;30;490;255;95;89;51;1.163
        Maleo;1.356;1.292;64;1.321;764;167;276;113;2.677
        Marudo;876;828;48;623;322;103;119;79;1.499
        Massalengo;2.241;2.121;120;1.515;727;277;325;186;3.756
        Meleti;193;186;7;208;123;31;36;18;401
        Merlino;906;846;60;567;267;111;117;73;1.473
        Montanaso Lombardo;1.104;1.068;36;830;459;132;164;76;1.934
        Mulazzano;2.902;2.757;145;2.083;1.064;367;436;216;4.985
        Orio Litta;931;879;52;836;447;124;182;83;1.767
        Ospedaletto Lodigiano;930;863;67;736;358;147;143;88;1.666
        Ossago Lodigiano;667;630;37;551;295;83;105;69;1.218
        Pieve Fissiraga;927;879;48;591;266;123;122;79;1.518
        Salerano sul Lambro;1.294;1.225;69;1.034;569;172;173;121;2.328
        San Fiorano;903;859;44;726;388;132;143;63;1.629
        San Martino in Strada;1.858;1.768;90;1.395;755;237;251;152;3.253
        San Rocco al Porto;1.654;1.581;73;1.286;707;184;226;168;2.940
        Sant'Angelo Lodigiano;6.072;5.598;474;5.390;2.716;850;1.163;660;11.462
        Santo Stefano Lodigiano;871;831;40;752;434;100;149;70;1.623
        Secugnago;942;881;61;776;433;121;137;86;1.718
        Senna Lodigiana;819;769;50;750;430;115;135;70;1.569
        Somaglia;1.816;1.710;106;1.435;712;249;335;139;3.251
        Sordio;1.761;1.670;91;1.167;557;256;214;140;2.928
        Tavazzano con Villavesco;2.906;2.759;147;2.215;1.135;404;456;220;5.121
        Terranova dei Passerini;478;458;20;332;158;59;84;31;810
        Turano Lodigiano;730;689;41;597;324;92;124;58;1.327
        Valera Fratta;863;805;58;627;290;106;147;84;1.490
        Villanova del Sillaro;942;876;66;641;278;140;144;79;1.583
        Zelo Buon Persico;3.774;3.578;196;2.531;1.251;511;489;280;6.305
      Monza e della Brianza;421.491;399.983;21.508;337.765;182.152;59.141;59.456;37.015;759.256
        Agrate Brianza;7.809;7.431;378;5.666;3.058;1.072;916;620;13.475
        Aicurzio;1.028;985;43;807;468;136;115;88;1.835
        Albiate;3.386;3.199;187;2.422;1.204;527;420;270;5.808
        Arcore;8.522;8.076;446;7.144;4.092;1.141;1.156;755;15.666
        Barlassina;3.225;3.065;160;2.765;1.465;473;560;267;5.990
        Bellusco;3.514;3.347;167;2.920;1.630;497;504;289;6.434
        Bernareggio;5.835;5.542;293;4.015;2.110;739;686;480;9.850
        Besana in Brianza;7.410;7.053;357;6.230;3.483;1.115;1.022;611;13.640
        Biassono;5.853;5.554;299;4.978;2.760;898;833;488;10.831
        Bovisio-Masciago;8.408;8.001;407;6.173;3.205;1.160;1.115;693;14.581
        Briosco;2.858;2.732;126;2.441;1.391;381;431;238;5.299
        Brugherio;16.857;16.009;848;13.714;7.561;2.556;2.127;1.470;30.571
        Burago di Molgora;1.942;1.837;105;1.799;1.069;287;264;178;3.741
        Busnago;3.298;3.123;175;2.570;1.342;463;478;287;5.868
        Camparada;1.075;1.014;61;819;398;190;138;93;1.894
        Caponago;2.597;2.488;109;1.852;968;357;330;196;4.449
        Carate Brianza;8.509;8.078;431;7.062;3.856;1.264;1.217;724;15.571
        Carnate;3.569;3.371;198;3.161;1.832;501;497;332;6.730
        Cavenago di Brianza;3.777;3.594;183;2.556;1.372;464;405;314;6.333
        Ceriano Laghetto;3.236;3.074;162;2.532;1.369;474;438;251;5.768
        Cesano Maderno;19.307;18.240;1.067;14.843;7.570;2.552;2.979;1.743;34.150
        Cogliate;3.993;3.804;189;3.393;1.866;599;621;307;7.386
        Concorezzo;7.769;7.425;344;6.002;3.377;1.119;883;623;13.771
        Cornate d'Adda;5.217;4.953;264;4.101;2.200;660;781;460;9.318
        Correzzana;1.616;1.549;67;1.056;495;228;217;117;2.672
        Desio;20.131;19.148;983;15.804;8.105;2.754;3.072;1.874;35.935
        Giussano;12.771;12.146;625;9.701;5.042;1.668;1.912;1.079;22.472
        Lazzate;3.668;3.499;169;3.061;1.669;562;530;300;6.729
        Lentate sul Seveso;7.412;7.047;365;6.334;3.565;919;1.185;665;13.746
        Lesmo;4.125;3.926;199;3.170;1.681;590;578;321;7.295
        Limbiate;16.486;15.497;989;13.563;7.077;2.178;2.589;1.719;30.049
        Lissone;23.385;22.174;1.211;16.544;8.350;2.983;3.202;2.009;39.929
        Macherio;3.578;3.379;199;3.004;1.672;513;509;310;6.582
        Meda;11.230;10.657;573;9.317;4.913;1.576;1.868;959;20.547
        Mezzago;2.181;2.067;114;1.666;855;316;293;202;3.847
        Misinto;2.809;2.687;122;2.092;1.092;378;411;211;4.901
        Monza;58.268;55.207;3.061;48.708;26.357;8.923;7.823;5.606;106.976
        Muggiò;11.264;10.665;599;9.190;5.024;1.620;1.549;997;20.454
        Nova Milanese;10.878;10.311;567;9.143;4.922;1.541;1.704;976;20.021
        Ornago;2.773;2.668;105;1.770;970;312;289;198;4.543
        Renate;1.861;1.764;97;1.610;893;278;290;149;3.471
        Roncello;2.471;2.372;99;1.472;726;262;308;175;3.943
        Ronco Briantino;1.861;1.766;95;1.307;690;266;205;146;3.168
        Seregno;21.691;20.563;1.128;17.471;9.272;2.822;3.461;1.917;39.162
        Seveso;11.603;10.991;612;8.936;4.612;1.560;1.778;987;20.539
        Sovico;3.910;3.713;197;3.356;1.907;600;501;348;7.266
        Sulbiate;2.262;2.168;94;1.575;869;261;265;179;3.837
        Triuggio;4.129;3.935;194;3.393;1.898;584;569;341;7.522
        Usmate Velate;5.208;4.933;275;3.947;2.110;801;626;410;9.155
        Varedo;6.530;6.211;319;5.454;3.147;822;908;577;11.984
        Vedano al Lambro;3.466;3.273;193;3.206;1.833;599;476;298;6.672
        Veduggio con Colzano;1.956;1.866;90;1.697;968;258;306;165;3.653
        Verano Brianza;4.399;4.181;218;3.582;1.987;597;625;372;7.981
        Villasanta;6.731;6.400;331;5.721;3.287;989;877;568;12.452
        Vimercate;11.842;11.225;617;10.952;6.517;1.757;1.613;1.065;22.794
  Nord-est;5.519.185;5.222.289;296.896;4.601.736;2.502.039;762.881;790.730;546.086;10.120.921
    Trentino Alto Adige / Südtirol;531.208;512.810;18.398;390.469;211.871;74.406;56.709;47.483;921.677
    Provincia Autonoma Bolzano / Bozen;271.263;264.522;6.741;180.737;97.646;35.189;26.799;21.102;452.000
      Bolzano / Bozen;271.263;264.522;6.741;180.737;97.646;35.189;26.799;21.102;452.000
        Aldino/Aldein;863;849;14;504;307;97;72;28;1.367
        Andriano/Andrian;562;553;9;295;164;62;40;29;857
        Anterivo/Altrei;198;195;3;132;90;19;18;5;330
        Appiano sulla strada del vino/Eppan an der Weinstraße;7.746;7.577;169;4.778;2.540;977;650;610;12.524
        Avelengo/Hafling;462;454;8;220;119;40;45;15;682
        Badia/Abtei;1.686;1.643;43;1.342;494;297;149;402;3.028
        Barbiano/Barbian;919;906;13;512;316;87;78;31;1.431
        Bolzano/Bozen;51.005;49.034;1.971;40.748;20.886;7.847;6.049;5.966;91.753
        Braies/Prags;372;370;2;200;92;41;29;37;572
        Brennero/Brenner;1.153;1.119;34;829;459;131;160;79;1.982
        Bressanone/Brixen;11.440;11.187;253;7.766;4.268;1.586;1.155;757;19.206
        Bronzolo/Branzoll;1.349;1.311;38;953;524;168;151;110;2.302
        Brunico/Bruneck;8.563;8.389;174;5.918;3.311;1.210;780;616;14.481
        Caines/Kuens;213;211;2;124;68;35;11;10;337
        Caldaro sulla strada del vino/Kaltern an der Weinstraße;4.320;4.233;87;2.563;1.369;520;343;331;6.883
        Campo di Trens/Freienfeld;1.401;1.377;24;870;491;171;139;69;2.271
        Campo Tures/Sand in Taufers;3.066;3.011;55;1.746;951;367;288;140;4.812
        Castelbello-Ciardes/Kastelbell-Tschars;1.230;1.208;22;749;474;119;116;39;1.979
        Castelrotto/Kastelruth;3.662;3.575;87;2.251;1.066;470;297;417;5.913
        Cermes/Tscherms;833;822;11;473;289;93;63;27;1.306
        Chienes/Kiens;1.642;1.618;24;901;540;181;116;64;2.543
        Chiusa/Klausen;2.722;2.679;43;1.644;905;325;208;207;4.366
        Cornedo all'Isarco/Karneid;1.845;1.809;36;1.067;511;229;161;166;2.912
        Cortaccia sulla strada del vino/Kurtatsch an der Weinstraße;1.210;1.194;16;684;393;141;97;53;1.894
        Cortina sulla strada del vino/Kurtinig an der Weinstraße;362;354;8;219;120;36;37;26;581
        Corvara in Badia/Corvara;682;661;21;501;234;74;62;132;1.183
        Curon Venosta/Graun im Vinschgau;1.071;1.031;40;923;391;191;160;180;1.994
        Dobbiaco/Toblach;1.697;1.656;41;1.139;584;229;164;162;2.836
        Egna/Neumarkt;2.772;2.708;64;1.870;955;342;276;296;4.642
        Falzes/Pfalzen;1.715;1.691;24;821;448;206;118;49;2.536
        Fiè allo Sciliar/Völs am Schlern;1.935;1.894;41;1.096;586;241;181;88;3.031
        Fortezza/Franzensfeste;530;511;19;346;157;61;77;50;876
        Funes/Villnöß;1.367;1.350;17;765;433;178;90;63;2.132
        Gais/Gais;1.679;1.649;30;1.056;628;219;131;78;2.735
        Gargazzone/Gargazon;929;911;18;560;304;107;83;66;1.489
        Glorenza/Glurns;394;381;13;382;192;67;62;61;776
        La Valle/Wengen;720;705;15;407;200;99;59;49;1.127
        Laces/Latsch;2.803;2.754;49;1.585;928;312;247;99;4.388
        Lagundo/Algund;2.584;2.538;46;1.675;976;347;222;130;4.259
        Laion/Lajen;1.465;1.433;32;849;449;188;139;73;2.314
        Laives/Leifers;9.328;9.078;250;6.217;3.367;1.092;977;781;15.545
        Lana/Lana;6.551;6.412;139;3.905;2.022;776;597;510;10.456
        Lasa/Laas;2.008;1.969;39;1.365;771;262;199;134;3.373
        Lauregno/Laurein;181;179;2;97;57;24;8;8;278
        Luson/Lüsen;850;837;13;458;256;106;60;37;1.308
        Magrè sulla strada del vino/Margreid an der Weinstraße;682;664;18;417;200;75;74;70;1.099
        Malles Venosta/Mals;2.585;2.509;76;1.824;819;371;318;315;4.409
        Marebbe/Enneberg;1.540;1.510;30;1.067;496;228;130;213;2.607
        Marlengo/Marling;1.526;1.499;27;908;558;188;104;58;2.434
        Martello/Martell;460;449;11;257;156;46;41;13;717
        Meltina/Mölten;956;944;12;451;276;80;75;20;1.407
        Merano/Meran;19.791;19.121;670;15.420;8.611;2.820;2.318;1.672;35.211
        Monguelfo-Tesido/Welsberg-Taisten;1.488;1.460;28;976;518;228;132;98;2.464
        Montagna sulla Strada del Vino/Montan an der Weinstraße;917;899;18;509;304;92;72;42;1.426
        Moso in Passiria/Moos In Passeier;1.039;1.014;25;624;344;121;107;52;1.663
        Nalles/Nals;1.140;1.117;23;610;343;123;88;55;1.750
        Naturno/Naturns;3.274;3.216;58;1.882;1.061;382;304;135;5.156
        Naz-Sciaves/Natz-Schabs;1.824;1.796;28;909;512;204;139;54;2.733
        Nova Levante/Welschnofen;1.078;1.049;29;656;366;109;118;63;1.734
        Nova Ponente/Deutschnofen;2.128;2.084;44;1.269;722;248;198;101;3.397
        Ora/Auer;2.009;1.953;56;1.255;619;260;192;184;3.264
        Ortisei/St. Ulrich;2.293;2.233;60;1.817;893;390;214;320;4.110
        Parcines/Partschins;2.048;2.018;30;1.220;745;218;186;71;3.268
        Perca/Percha;897;884;13;495;287;107;70;31;1.392
        Plaus/Plaus;430;423;7;203;105;42;45;11;633
        Ponte Gardena/Waidbruck;107;103;4;64;26;11;14;13;171
        Postal/Burgstall;1.084;1.063;21;605;342;117;89;56;1.689
        Prato allo Stelvio/Prad am Stilfserjoch;1.859;1.808;51;1.300;642;236;249;172;3.159
        Predoi/Prettau;265;256;9;203;135;36;19;13;468
        Proves/Proveis;130;130;0;88;13;13;4;58;218
        Racines/Ratschings;2.538;2.499;39;1.294;759;241;228;66;3.832
        Rasun-Anterselva/Rasen-Antholz;1.527;1.502;25;942;527;211;116;88;2.469
        Renon/Ritten;4.271;4.204;67;2.496;1.432;540;351;173;6.767
        Rifiano/Riffian;733;723;10;416;234;91;63;27;1.149
        Rio di Pusteria/Mühlbach;1.663;1.625;38;964;534;186;181;63;2.627
        Rodengo/Rodeneck;719;710;9;348;209;63;58;18;1.067
        Salorno sulla strada del vino/Salurn an der Weinstraße;1.868;1.788;80;1.243;531;246;272;195;3.111
        San Candido/Innichen;1.614;1.575;39;1.232;690;193;175;174;2.846
        San Genesio Atesino/Jenesien;1.676;1.659;17;871;548;179;106;38;2.547
        San Leonardo in Passiria/St. Leonhard in Passeier;1.886;1.855;31;1.102;661;191;181;70;2.988
        San Lorenzo di Sebato/St. Lorenzen;2.065;2.034;31;1.177;672;265;157;83;3.242
        San Martino in Badia/St. Martin in Thurn;905;887;18;590;297;123;65;105;1.495
        San Martino in Passiria/St. Martin in Passeier;1.702;1.667;35;984;549;171;178;86;2.686
        San Pancrazio/St. Pankraz;780;769;11;550;348;89;81;32;1.330
        Santa Cristina Valgardena/St. Christina in Gröden;955;924;31;730;310;136;112;172;1.685
        Sarentino/Sarntal;3.722;3.665;57;2.251;1.385;402;342;123;5.973
        Scena/Schenna;1.668;1.644;24;883;530;177;127;49;2.551
        Selva dei Molini/Mühlwald;763;752;11;426;265;69;74;19;1.189
        Selva di Val Gardena/Wolkenstein in Gröden;1.224;1.191;33;1.016;413;215;112;276;2.240
        Senales/Schnals;656;645;11;379;277;42;47;13;1.035
        Senale-San Felice/Unsere Liebe Frau im Walde-St. Felix;423;416;7;212;132;36;29;15;635
        Sesto/Sexten;956;931;25;662;344;121;85;112;1.618
        Silandro/Schlanders;3.204;3.132;72;2.079;1.163;396;329;191;5.283
        Sluderno/Schluderns;877;851;26;700;356;126;115;102;1.577
        Stelvio/Stilfs;556;535;21;419;232;49;71;68;975
        Terento/Terenten;1.000;989;11;493;282;100;83;29;1.493
        Terlano/Terlan;2.604;2.547;57;1.433;758;325;201;149;4.037
        Termeno sulla strada del vino/Tramin an der Weinstraße;1.778;1.764;14;1.054;579;164;128;182;2.832
        Tesimo/Tisens;1.049;1.026;23;628;365;121;77;64;1.677
        Tires/Tiers;516;508;8;312;178;54;39;40;828
        Tirolo/Tirol;1.336;1.317;19;766;477;146;93;50;2.102
        Trodena nel parco naturale/Truden im Naturpark;509;502;7;335;207;52;57;19;844
        Tubre/Taufers im Münstertal;398;372;26;402;109;62;86;144;800
        Ultimo/Ulten;1.457;1.434;23;912;614;131;120;47;2.369
        Vadena/Pfatten;574;554;20;324;157;62;68;37;898
        Val di Vizze/Pfitsch;1.575;1.541;34;989;556;181;174;79;2.564
        Valdaora/Olang;1.647;1.616;31;1.005;617;179;135;73;2.652
        Valle Aurina/Ahrntal;3.162;3.112;50;1.806;1.063;377;236;130;4.968
        Valle di Casies/Gsies;1.211;1.196;15;672;412;149;72;38;1.883
        Vandoies/Vintl;1.777;1.748;29;979;623;156;157;43;2.756
        Varna/Vahrn;2.573;2.521;52;1.544;823;366;235;121;4.117
        Velturno/Feldthurns;1.596;1.579;17;836;475;226;85;50;2.432
        Verano/Vöran;552;545;7;250;154;39;49;8;802
        Villabassa/Niederdorf;822;809;13;548;278;132;59;78;1.370
        Villandro/Villanders;1.053;1.039;14;569;369;103;69;29;1.622
        Vipiteno/Sterzing;3.486;3.392;94;2.382;1.375;391;453;163;5.868
    Provincia Autonoma Trento;259.945;248.288;11.657;209.732;114.224;39.217;29.910;26.381;469.677
      Trento;259.945;248.288;11.657;209.732;114.224;39.217;29.910;26.381;469.677
        Ala;4.299;4.146;153;3.286;1.698;655;600;333;7.585
        Albiano;694;661;33;587;291;102;125;70;1.281
        Aldeno;1.665;1.600;65;1.111;573;247;157;134;2.776
        Altavalle;770;740;30;657;389;104;110;54;1.427
        Altopiano della Vigolana;2.564;2.494;70;1.814;934;401;238;241;4.378
        Amblar-Don;257;249;8;196;130;22;35;8;453
        Andalo;497;478;19;492;228;80;55;128;989
        Arco;8.539;8.229;310;6.810;3.737;1.272;1.016;785;15.349
        Avio;2.030;1.972;58;1.467;805;269;261;132;3.497
        Baselga di Pinè;2.487;2.411;76;1.936;1.123;364;287;162;4.423
        Bedollo;665;643;22;622;414;84;85;39;1.287
        Besenello;1.433;1.394;39;888;460;205;125;98;2.321
        Bieno;191;188;3;215;91;30;27;67;406
        Bleggio Superiore;708;681;27;611;381;88;84;58;1.319
        Bocenago;199;188;11;150;82;18;32;18;349
        Bondone;279;270;9;287;154;48;40;45;566
        Borgo Chiese;902;877;25;777;459;134;105;79;1.679
        Borgo d'Anaunia;1.192;1.148;44;983;629;159;138;57;2.175
        Borgo Lares;331;322;9;288;194;40;38;16;619
        Borgo Valsugana;3.323;3.224;99;2.815;1.504;503;414;394;6.138
        Brentonico;1.791;1.708;83;1.700;998;295;233;174;3.491
        Bresimo;103;101;2;116;59;13;22;22;219
        Brez;..;..;..;..;..;..;..;..;..
        Caderzone Terme;315;310;5;298;133;49;30;86;613
        Cagnò;..;..;..;..;..;..;..;..;..
        Calceranica al Lago;696;661;35;492;272;81;83;57;1.188
        Caldes;527;502;25;417;262;68;57;31;944
        Caldonazzo;1.919;1.843;76;1.401;744;290;186;182;3.320
        Calliano;1.051;1.011;40;651;292;144;104;111;1.702
        Campitello di Fassa;312;291;21;323;167;44;36;76;635
        Campodenno;747;728;19;548;310;103;86;50;1.295
        Canal San Bovo;638;611;27;646;405;83;87;72;1.284
        Canazei;733;712;21;859;349;112;57;342;1.592
        Capriana;282;272;10;233;137;40;34;23;515
        Carano;..;..;..;..;..;..;..;..;..
        Carisolo;433;406;27;387;197;62;70;58;820
        Carzano;225;217;8;203;135;27;29;11;428
        Castel Condino;97;96;1;107;79;17;4;7;204
        Castel Ivano;1.581;1.537;44;1.292;741;232;172;147;2.873
        Castelfondo;..;..;..;..;..;..;..;..;..
        Castello Tesino;522;500;22;540;413;56;44;26;1.062
        Castello-Molina di Fiemme;1.122;1.083;39;935;501;164;138;132;2.057
        Castelnuovo;538;519;19;405;219;67;77;42;943
        Cavalese;1.871;1.812;59;1.607;816;288;231;272;3.478
        Cavareno;541;517;24;434;242;82;76;34;975
        Cavedago;263;259;4;226;118;34;18;56;489
        Cavedine;1.515;1.466;49;1.206;711;197;194;104;2.721
        Cavizzana;110;106;4;98;57;19;10;13;208
        Cembra Lisignago;1.064;1.023;41;915;529;143;168;75;1.979
        Cimone;357;349;8;260;116;54;37;52;617
        Cinte Tesino;150;148;2;170;126;15;18;10;320
        Cis;155;150;5;114;74;20;14;6;269
        Civezzano;2.028;1.956;72;1.487;765;325;199;198;3.515
        Cles;3.425;3.287;138;2.792;1.689;519;359;226;6.217
        Cloz;..;..;..;..;..;..;..;..;..
        Comano Terme;1.352;1.296;56;1.146;577;250;160;160;2.498
        Commezzadura;456;424;32;434;200;76;65;93;890
        Contà;689;667;22;551;349;100;58;43;1.240
        Croviana;341;327;14;284;135;49;39;60;625
        Daiano;..;..;..;..;..;..;..;..;..
        Dambel;205;200;5;148;80;40;17;12;353
        Denno;596;574;22;491;286;101;64;40;1.087
        Dimaro Folgarida;995;956;39;833;421;124;120;169;1.828
        Drena;304;296;8;218;132;34;34;19;522
        Dro;2.492;2.420;72;1.695;894;336;302;163;4.187
        Faedo;..;..;..;..;..;..;..;..;..
        Fai della Paganella;390;377;13;441;198;52;60;131;831
        Fiavè;490;458;32;410;236;57;78;39;900
        Fierozzo;223;218;5;178;109;33;17;19;401
        Folgaria;1.454;1.375;79;1.375;824;200;163;189;2.829
        Fondo;..;..;..;..;..;..;..;..;..
        Fornace;693;658;35;450;193;77;106;75;1.143
        Frassilongo;169;158;11;142;99;20;15;8;311
        Garniga Terme;184;170;14;155;106;25;18;6;339
        Giovo;1.235;1.205;30;915;520;187;143;65;2.150
        Giustino;341;322;19;295;152;43;53;47;636
        Grigno;952;922;30;875;547;107;155;66;1.827
        Imer;503;487;16;526;268;93;61;105;1.029
        Isera;1.310;1.260;50;1.032;632;201;100;99;2.342
        Lavarone;579;563;16;487;289;85;50;63;1.066
        Lavis;4.500;4.297;203;3.279;1.534;685;543;517;7.779
        Ledro;2.541;2.454;87;2.115;1.144;373;350;248;4.656
        Levico Terme;3.779;3.620;159;3.285;1.744;623;507;411;7.064
        Livo;368;364;4;300;149;66;33;53;668
        Lona-Lases;405;375;30;321;150;53;71;47;726
        Luserna;107;103;4;118;78;15;17;8;225
        Madruzzo;1.429;1.379;50;1.099;571;230;174;125;2.528
        Malé;997;956;41;974;547;146;112;168;1.971
        Malosco;..;..;..;..;..;..;..;..;..
        Massimeno;60;58;2;64;24;11;9;20;124
        Mazzin;260;247;13;248;82;48;39;78;508
        Mezzana;396;375;21;371;193;59;50;68;767
        Mezzano;730;707;23;640;391;101;84;65;1.370
        Mezzocorona;2.740;2.619;121;1.947;1.112;359;274;202;4.687
        Mezzolombardo;3.740;3.512;228;2.693;1.300;510;485;398;6.433
        Moena;1.090;1.055;35;1.190;591;158;121;320;2.280
        Molveno;530;504;26;456;233;74;59;89;986
        Mori;4.958;4.745;213;3.768;2.060;708;491;508;8.726
        Nago-Torbole;1.406;1.360;46;1.071;521;234;158;158;2.477
        Nave San Rocco;..;..;..;..;..;..;..;..;..
        Nogaredo;1.051;1.029;22;721;409;150;85;77;1.772
        Nomi;645;608;37;498;332;92;39;35;1.143
        Novaledo;570;557;13;383;207;78;57;40;953
        Novella;1.786;1.735;51;1.323;850;222;162;89;3.109
        Ospedaletto;366;351;15;330;203;60;45;23;696
        Ossana;370;361;9;358;202;68;34;54;728
        Palù del Fersina;85;80;5;67;49;3;14;3;152
        Panchià;404;391;13;308;147;56;50;54;712
        Peio;729;698;31;869;478;118;106;167;1.598
        Pellizzano;325;317;8;361;236;47;32;46;686
        Pelugo;201;192;9;155;81;32;17;25;356
        Pergine Valsugana;10.581;10.091;490;7.876;4.098;1.641;1.074;1.063;18.457
        Pieve di Bono-Prezzo;675;658;17;597;414;72;79;31;1.272
        Pieve Tesino;289;281;8;290;210;38;29;11;579
        Pinzolo;1.368;1.296;72;1.319;695;230;168;226;2.687
        Pomarolo;1.163;1.129;34;916;495;168;118;135;2.079
        Porte di Rendena;833;801;32;676;354;142;93;87;1.509
        Predaia;3.366;3.255;111;2.419;1.322;478;392;228;5.785
        Predazzo;2.084;2.006;78;1.923;1.000;319;247;356;4.007
        Primiero San Martino di Castrozza;2.269;2.192;77;2.241;1.119;388;273;461;4.510
        Rabbi;612;593;19;584;364;81;66;73;1.196
        Revò;..;..;..;..;..;..;..;..;..
        Riva del Garda;8.383;8.055;328;7.002;3.493;1.400;1.105;1.003;15.385
        Romallo;..;..;..;..;..;..;..;..;..
        Romeno;714;693;21;556;328;97;84;48;1.270
        Roncegno Terme;1.364;1.319;45;1.154;660;204;176;114;2.518
        Ronchi Valsugana;214;209;5;170;100;25;29;16;384
        Ronzo-Chienis;441;422;19;408;282;48;57;21;849
        Ronzone;211;198;13;197;104;38;35;21;408
        Roverè della Luna;839;806;33;575;293;106;112;65;1.414
        Rovereto;19.039;17.597;1.442;15.442;9.176;2.860;1.745;1.662;34.481
        Ruffrè-Mendola;198;191;7;185;122;21;26;16;383
        Rumo;360;347;13;335;222;52;38;22;695
        Sagron Mis;75;72;3;85;62;10;4;10;160
        Samone;261;249;12;216;129;33;33;20;477
        San Lorenzo Dorsino;695;672;23;677;371;109;86;111;1.372
        San Michele all'Adige;2.100;2.017;83;1.317;599;271;247;200;3.417
        Sant'Orsola Terme;546;531;15;414;226;92;57;39;960
        Sanzeno;469;459;10;323;197;55;40;31;792
        Sarnonico;380;369;11;296;173;55;37;31;676
        Scurelle;650;632;18;495;282;98;76;39;1.145
        Segonzano;675;652;23;555;249;109;98;99;1.230
        Sella Giudicarie;1.373;1.335;38;1.117;650;185;194;89;2.490
        San Giovanni di Fassa-Sèn Jan;1.594;1.536;58;1.444;610;294;180;360;3.038
        Sfruz;161;156;5;147;80;24;23;19;308
        Soraga di Fassa;356;334;22;267;123;58;36;51;623
        Sover;339;321;18;358;208;45;66;39;697
        Spiazzo;578;531;47;529;295;86;78;69;1.107
        Spormaggiore;608;579;29;477;241;85;92;59;1.085
        Sporminore;360;349;11;267;159;35;52;21;627
        Stenico;558;542;16;449;254;70;67;58;1.007
        Storo;2.079;2.012;67;1.791;1.027;340;275;150;3.870
        Strembo;275;263;12;241;117;47;38;39;516
        Telve;885;855;30;777;454;109;137;77;1.662
        Telve di Sopra;301;292;9;240;165;36;27;12;541
        Tenna;547;532;15;394;224;67;52;52;941
        Tenno;936;902;34;776;440;127;134;75;1.712
        Terragnolo;334;320;14;315;173;45;51;46;649
        Terre d'Adige;1.509;1.447;62;1.095;519;215;180;181;2.604
        Terzolas;291;279;12;255;152;43;29;31;546
        Tesero;1.359;1.299;60;1.199;595;210;201;193;2.558
        Tione di Trento;1.665;1.591;74;1.471;832;274;211;155;3.136
        Ton;678;660;18;444;248;96;70;31;1.122
        Torcegno;350;338;12;274;177;47;36;14;624
        Trambileno;668;645;23;589;356;119;70;44;1.257
        Trento;57.302;54.053;3.249;45.573;24.281;9.208;6.615;5.469;102.875
        Tre Ville;655;638;17;518;320;84;67;47;1.173
        Valdaone;503;493;10;524;350;68;60;46;1.027
        Valfloriana;213;201;12;213;112;20;36;45;426
        Vallarsa;649;627;22;586;409;79;64;34;1.235
        Vallelaghi;2.593;2.506;87;1.897;958;374;285;280;4.490
        Varena;..;..;..;..;..;..;..;..;..
        Vermiglio;776;731;45;786;345;125;123;193;1.562
        Vignola-Falesina;100;90;10;52;24;10;8;11;152
        Villa Lagarina;1.899;1.814;85;1.410;729;332;157;192;3.309
        Ville d'Anaunia;2.296;2.228;68;1.869;1.144;346;211;167;4.165
        Ville di Fiemme;1.248;1.204;44;1.039;531;179;184;145;2.287
        Volano;1.552;1.499;53;1.165;642;245;121;157;2.717
        Zambana;..;..;..;..;..;..;..;..;..
        Ziano di Fiemme;845;816;29;693;347;119;119;108;1.538
    Veneto;2.311.177;2.185.633;125.544;1.939.400;1.013.545;321.301;383.989;220.565;4.250.577
      Verona;445.024;421.923;23.101;359.253;183.975;61.730;71.248;42.299;804.277
        Affi;1.252;1.189;63;858;421;133;203;100;2.110
        Albaredo d'Adige;2.421;2.317;104;2.142;1.102;342;429;268;4.563
        Angiari;1.239;1.184;55;876;471;152;170;83;2.115
        Arcole;3.099;2.952;147;2.323;1.118;401;532;272;5.422
        Badia Calavena;1.188;1.139;49;1.019;555;158;193;113;2.207
        Bardolino;3.299;3.124;175;2.833;1.404;432;618;379;6.132
        Belfiore;1.625;1.545;80;1.198;611;222;236;129;2.823
        Bevilacqua;847;805;42;686;335;132;143;76;1.533
        Bonavigo;934;880;54;790;413;133;148;97;1.724
        Boschi Sant'Anna;643;617;26;553;301;96;99;58;1.196
        Bosco Chiesanuova;1.639;1.556;83;1.453;747;238;294;174;3.092
        Bovolone;7.684;7.301;383;6.154;2.965;1.037;1.399;753;13.838
        Brentino Belluno;648;611;37;554;266;84;133;72;1.202
        Brenzone sul Garda;1.106;1.025;81;1.070;584;142;163;181;2.176
        Bussolengo;10.123;9.564;559;7.764;3.513;1.481;1.832;938;17.887
        Buttapietra;3.536;3.365;171;2.491;1.219;514;488;269;6.027
        Caldiero;4.072;3.874;198;2.731;1.258;534;638;301;6.803
        Caprino Veronese;4.224;4.028;196;3.389;1.844;481;648;416;7.613
        Casaleone;2.462;2.331;131;2.447;1.329;335;472;311;4.909
        Castagnaro;1.602;1.532;70;1.567;916;193;272;186;3.169
        Castel d'Azzano;5.978;5.724;254;4.437;2.331;822;841;442;10.415
        Castelnuovo del Garda;6.661;6.316;345;4.706;2.160;840;1.121;585;11.367
        Cavaion Veronese;3.040;2.875;165;2.182;977;409;527;270;5.222
        Cazzano di Tramigna;733;704;29;578;303;101;110;64;1.311
        Cerea;7.950;7.552;398;6.670;3.445;1.004;1.392;829;14.620
        Cerro Veronese;1.243;1.184;59;1.033;443;204;262;123;2.276
        Cologna Veneta;3.904;3.731;173;3.336;1.779;560;638;359;7.240
        Colognola ai Colli;4.270;4.060;210;3.182;1.581;592;656;354;7.452
        Concamarise;470;441;29;438;221;70;92;56;908
        Costermano sul Garda;2.093;1.985;108;1.382;591;271;349;171;3.475
        Dolcè;1.165;1.109;56;997;501;154;232;110;2.162
        Erbè;898;855;43;693;366;103;148;75;1.591
        Erbezzo;392;372;20;318;189;37;52;41;710
        Ferrara di Monte Baldo;128;119;9;132;74;11;26;21;260
        Fumane;2.005;1.892;113;1.586;784;323;304;175;3.591
        Garda;2.009;1.887;122;1.617;794;254;324;244;3.626
        Gazzo Veronese;2.358;2.250;108;2.151;1.198;266;441;246;4.509
        Grezzana;5.135;4.892;243;4.156;2.042;746;926;442;9.291
        Illasi;2.482;2.374;108;1.992;1.108;352;325;207;4.474
        Isola della Scala;5.551;5.255;296;4.533;2.459;743;774;556;10.084
        Isola Rizza;1.593;1.515;78;1.202;648;174;239;141;2.795
        Lavagno;4.432;4.273;159;2.922;1.465;596;581;279;7.354
        Lazise;3.346;3.127;219;2.713;1.274;446;611;381;6.059
        Legnago;11.484;10.855;629;10.824;5.790;1.696;1.992;1.346;22.308
        Malcesine;1.727;1.616;111;1.448;795;227;214;212;3.175
        Marano di Valpolicella;1.511;1.450;61;1.218;637;276;187;119;2.729
        Mezzane di Sotto;1.210;1.164;46;976;573;143;165;95;2.186
        Minerbe;2.124;2.023;101;1.874;1.018;263;376;216;3.998
        Montecchia di Crosara;2.040;1.961;79;1.624;857;277;313;175;3.664
        Monteforte d'Alpone;4.219;3.980;239;3.291;1.547;609;758;376;7.510
        Mozzecane;4.163;3.970;193;2.593;1.159;487;659;288;6.756
        Negrar di Valpolicella;7.828;7.414;414;6.815;3.618;1.232;1.233;732;14.643
        Nogara;3.847;3.622;225;3.272;1.737;498;659;378;7.119
        Nogarole Rocca;1.957;1.842;115;1.300;605;248;288;159;3.257
        Oppeano;5.135;4.874;261;3.536;1.714;620;776;427;8.671
        Palù;573;553;20;470;241;70;105;55;1.043
        Pastrengo;1.579;1.511;68;1.063;507;183;254;118;2.642
        Pescantina;8.886;8.474;412;6.049;2.816;1.427;1.181;625;14.935
        Peschiera del Garda;5.335;4.996;339;4.257;2.067;646;979;565;9.592
        Povegliano Veronese;3.614;3.439;175;2.744;1.390;514;554;285;6.358
        Pressana;1.143;1.093;50;987;529;144;208;107;2.130
        Rivoli Veronese;1.102;1.049;53;829;403;150;184;93;1.931
        Roncà;1.794;1.725;69;1.445;737;233;319;156;3.239
        Ronco all'Adige;2.842;2.722;120;2.355;1.204;363;506;282;5.197
        Roverchiara;1.207;1.149;58;1.019;506;144;235;134;2.226
        Roverè Veronese;975;932;43;855;458;129;173;95;1.830
        Roveredo di Guà;805;771;34;572;254;118;135;65;1.377
        Salizzole;1.705;1.608;97;1.529;828;203;293;204;3.234
        San Bonifacio;10.325;9.745;580;7.955;3.620;1.516;1.899;920;18.280
        San Giovanni Ilarione;2.291;2.201;90;1.941;1.023;298;407;214;4.232
        San Giovanni Lupatoto;12.144;11.536;608;9.780;5.257;1.668;1.791;1.064;21.924
        San Martino Buon Albergo;8.040;7.651;389;5.731;3.030;960;1.133;609;13.771
        San Mauro di Saline;278;267;11;220;135;22;35;28;498
        San Pietro di Morubio;1.410;1.343;67;1.193;638;165;246;143;2.603
        San Pietro in Cariano;6.199;5.902;297;5.262;2.736;1.112;869;545;11.461
        San Zeno di Montagna;703;664;39;584;312;63;113;96;1.287
        Sanguinetto;1.861;1.756;105;1.703;863;264;360;215;3.564
        Sant'Ambrogio di Valpolicella;5.738;5.479;259;4.522;2.188;847;979;509;10.260
        Sant'Anna d'Alfaedo;1.268;1.205;63;969;524;170;163;111;2.237
        Selva di Progno;422;404;18;385;221;54;63;47;807
        Soave;3.574;3.417;157;2.606;1.462;392;476;276;6.180
        Sommacampagna;7.180;6.851;329;5.468;2.738;1.066;1.073;591;12.648
        Sona;8.887;8.484;403;6.398;3.138;1.221;1.364;675;15.285
        Sorgà;1.345;1.272;73;1.229;679;156;249;146;2.574
        Terrazzo;923;867;56;926;513;138;163;112;1.849
        Torri del Benaco;1.406;1.336;70;1.195;589;140;292;173;2.601
        Tregnago;2.333;2.217;116;1.953;1.075;311;355;211;4.286
        Trevenzuolo;1.283;1.214;69;1.052;531;175;219;128;2.335
        Valeggio sul Mincio;8.038;7.617;421;5.536;2.492;1.031;1.337;677;13.574
        Velo Veronese;390;376;14;292;163;57;41;31;682
        Verona;120.810;113.733;7.077;105.041;55.574;17.451;18.983;13.033;225.851
        Veronella;2.528;2.430;98;1.743;805;322;428;188;4.271
        Vestenanova;1.108;1.063;45;1.058;534;152;250;121;2.166
        Vigasio;5.252;5.029;223;3.438;1.747;687;651;353;8.690
        Villa Bartolomea;2.710;2.573;137;2.347;1.297;355;428;267;5.057
        Villafranca di Verona;16.231;15.462;769;12.495;6.340;2.284;2.504;1.367;28.726
        Zevio;7.786;7.421;365;5.552;2.780;1.130;1.055;587;13.338
        Zimella;2.278;2.184;94;1.879;874;306;494;205;4.157
      Vicenza;411.248;389.468;21.780;333.258;179.349;57.812;61.253;34.844;744.506
        Agugliaro;691;654;37;506;272;71;107;56;1.197
        Albettone;1.027;987;40;721;384;112;150;77;1.748
        Alonte;844;805;39;546;265;129;100;51;1.390
        Altavilla Vicentina;6.201;5.927;274;4.148;2.202;766;783;397;10.349
        Altissimo;1.031;988;43;804;422;125;179;77;1.835
        Arcugnano;3.765;3.574;191;2.984;1.632;575;492;284;6.749
        Arsiero;1.352;1.272;80;1.337;814;183;205;134;2.689
        Arzignano;12.153;11.559;594;9.756;4.796;1.661;2.292;1.006;21.909
        Asiago;2.868;2.690;178;2.714;1.536;384;455;339;5.582
        Asigliano Veneto;378;363;15;335;179;53;70;33;713
        Barbarano Mossano;2.904;2.765;139;2.489;1.355;394;465;275;5.393
        Bassano del Grappa;19.904;18.700;1.204;17.486;9.087;3.052;3.290;2.056;37.390
        Bolzano Vicentino;3.262;3.111;151;2.350;1.232;454;442;223;5.612
        Breganze;3.997;3.819;178;3.303;1.965;541;499;297;7.300
        Brendola;3.225;3.090;135;2.574;1.433;451;456;233;5.799
        Bressanvido;1.582;1.520;62;1.134;613;204;215;101;2.716
        Brogliano;2.062;1.991;71;1.366;718;293;236;119;3.428
        Caldogno;5.569;5.287;282;4.338;2.349;796;771;422;9.907
        Caltrano;1.173;1.111;62;975;615;145;127;89;2.148
        Calvene;584;559;25;531;309;79;88;54;1.115
        Camisano Vicentino;5.574;5.277;297;3.915;1.797;768;939;410;9.489
        Campiglia dei Berici;776;743;33;676;402;98;113;64;1.452
        Campolongo sul Brenta;..;..;..;..;..;..;..;..;..
        Carrè;1.704;1.613;91;1.379;759;261;227;133;3.083
        Cartigliano;1.772;1.689;83;1.481;764;289;288;140;3.253
        Cassola;7.613;7.229;384;5.410;2.586;1.031;1.240;553;13.023
        Castegnero;1.501;1.431;70;993;506;200;197;90;2.494
        Castelgomberto;3.003;2.875;128;2.303;1.211;432;439;221;5.306
        Chiampo;5.926;5.696;230;4.918;2.492;732;1.199;496;10.844
        Chiuppano;1.204;1.139;65;1.030;613;166;145;106;2.234
        Cismon del Grappa;..;..;..;..;..;..;..;..;..
        Cogollo del Cengio;1.475;1.401;74;1.316;800;231;165;120;2.791
        Colceresa;2.890;2.756;134;2.321;1.253;428;406;234;5.211
        Conco;..;..;..;..;..;..;..;..;..
        Cornedo Vicentino;5.678;5.392;286;4.477;2.611;823;634;409;10.155
        Costabissara;3.788;3.613;175;2.776;1.450;573;503;250;6.564
        Creazzo;5.445;5.143;302;4.359;2.347;818;769;425;9.804
        Crespadoro;605;579;26;489;265;70;103;50;1.094
        Dueville;6.346;6.014;332;5.535;3.174;935;893;533;11.881
        Enego;635;602;33;774;425;80;168;101;1.409
        Fara Vicentino;1.797;1.722;75;1.462;828;249;252;135;3.259
        Foza;269;256;13;307;163;38;66;41;576
        Gallio;1.132;1.068;64;983;528;163;171;121;2.115
        Gambellara;1.612;1.517;95;1.296;668;197;290;142;2.908
        Gambugliano;421;402;19;310;162;49;67;32;731
        Grisignano di Zocco;2.113;2.007;106;1.644;860;229;375;180;3.757
        Grumolo delle Abbadesse;1.931;1.834;97;1.358;674;257;284;143;3.289
        Isola Vicentina;5.110;4.871;239;3.758;2.053;656;679;369;8.868
        Laghi;60;57;3;51;33;3;10;5;111
        Lastebasse;82;75;7;91;41;11;24;15;173
        Longare;2.735;2.611;124;2.133;1.224;358;355;196;4.868
        Lonigo;7.594;7.182;412;6.098;3.121;1.068;1.256;653;13.692
        Lugo di Vicenza;1.669;1.587;82;1.496;856;233;260;146;3.165
        Lusiana;..;..;..;..;..;..;..;..;..
        Lusiana Conco;2.082;1.994;88;2.010;1.172;269;348;221;4.092
        Malo;7.331;6.989;342;5.339;2.954;949;933;503;12.670
        Marano Vicentino;4.519;4.296;223;3.603;2.014;680;571;339;8.122
        Marostica;6.757;6.411;346;5.509;3.188;919;868;534;12.266
        Mason Vicentino;..;..;..;..;..;..;..;..;..
        Molvena;..;..;..;..;..;..;..;..;..
        Monte di Malo;1.319;1.260;59;1.114;687;158;168;101;2.433
        Montebello Vicentino;3.062;2.908;154;2.395;1.256;358;530;251;5.457
        Montecchio Maggiore;11.553;10.873;680;8.805;4.506;1.423;1.917;959;20.358
        Montecchio Precalcino;2.431;2.320;111;1.878;1.083;327;290;178;4.309
        Montegalda;1.649;1.566;83;1.288;704;229;227;128;2.937
        Montegaldella;921;881;40;640;324;128;124;64;1.561
        Monteviale;1.432;1.370;62;1.011;531;220;168;91;2.443
        Monticello Conte Otto;4.303;4.062;241;3.617;2.023;645;595;354;7.920
        Montorso Vicentino;1.464;1.404;60;1.190;635;203;235;116;2.654
        Mussolente;3.784;3.603;181;2.780;1.326;513;661;280;6.564
        Nanto;1.599;1.540;59;1.068;554;196;219;98;2.667
        Nogarole Vicentino;572;552;20;449;231;63;116;40;1.021
        Nove;2.288;2.178;110;2.029;1.144;362;322;201;4.317
        Noventa Vicentina;4.337;4.090;247;3.498;1.898;565;645;391;7.835
        Orgiano;1.379;1.326;53;1.295;796;182;186;131;2.674
        Pedemonte;272;257;15;332;221;32;40;39;604
        Pianezze;1.045;1.004;41;850;477;177;122;74;1.895
        Piovene Rocchette;3.858;3.634;224;3.301;1.771;585;607;338;7.159
        Pojana Maggiore;2.077;1.981;96;1.618;888;284;289;158;3.695
        Posina;250;238;12;271;144;25;63;39;521
        Pove del Grappa;1.532;1.450;82;1.256;670;263;202;120;2.788
        Pozzoleone;1.396;1.337;59;1.030;529;172;227;101;2.426
        Quinto Vicentino;2.937;2.796;141;2.154;1.109;483;364;198;5.091
        Recoaro Terme;2.707;2.594;113;2.688;1.781;333;325;249;5.395
        Roana;2.061;1.951;110;1.613;919;214;287;194;3.674
        Romano d'Ezzelino;6.784;6.418;366;5.645;2.772;1.033;1.241;599;12.429
        Rosà;7.087;6.714;373;5.460;2.622;1.041;1.222;575;12.547
        Rossano Veneto;4.070;3.868;202;2.972;1.460;580;637;296;7.042
        Rotzo;279;264;15;270;163;48;35;24;549
        Salcedo;461;444;17;431;255;52;82;41;892
        San Nazario;..;..;..;..;..;..;..;..;..
        San Pietro Mussolino;758;727;31;548;257;110;130;50;1.306
        San Vito di Leguzzano;1.743;1.654;89;1.413;815;237;221;140;3.156
        Sandrigo;4.010;3.818;192;3.188;1.708;565;603;312;7.198
        Santorso;2.591;2.452;139;2.342;1.413;411;306;213;4.933
        Sarcedo;2.531;2.422;109;2.070;1.189;322;365;195;4.601
        Sarego;3.322;3.180;142;2.359;1.169;433;524;233;5.681
        Schiavon;1.327;1.272;55;962;517;185;170;90;2.289
        Schio;18.018;16.907;1.111;15.854;8.832;2.820;2.473;1.728;33.872
        Solagna;853;806;47;724;407;124;119;74;1.577
        Sossano;1.992;1.907;85;1.617;882;239;325;170;3.609
        Sovizzo;3.733;3.567;166;2.675;1.361;593;496;225;6.408
        Sovizzo;..;..;..;..;..;..;..;..;..
        Tezze sul Brenta;6.559;6.267;292;4.477;2.078;830;1.121;448;11.036
        Thiene;11.556;10.894;662;9.010;4.679;1.587;1.694;1.050;20.566
        Tonezza del Cimone;227;215;12;221;141;17;41;23;448
        Torrebelvicino;2.900;2.742;158;2.252;1.278;417;338;220;5.152
        Torri di Quartesolo;5.828;5.513;315;4.389;2.214;840;884;450;10.217
        Trissino;4.228;4.065;163;3.276;1.763;558;654;301;7.504
        Val Liona;1.476;1.415;61;1.202;651;181;246;123;2.678
        Valbrenta;2.153;2.032;121;2.183;1.302;281;351;249;4.336
        Valdagno;11.664;10.970;694;11.042;7.049;1.648;1.296;1.049;22.706
        Valdastico;485;463;22;550;367;61;69;53;1.035
        Valli del Pasubio;1.378;1.306;72;1.342;833;195;178;136;2.720
        Valstagna;..;..;..;..;..;..;..;..;..
        Velo d'Astico;1.079;1.019;60;914;532;143;147;92;1.993
        Vicenza;52.796;49.231;3.565;44.658;23.338;7.760;8.053;5.506;97.454
        Villaga;905;863;42;755;391;126;159;80;1.660
        Villaverla;2.950;2.806;144;2.276;1.219;397;435;225;5.226
        Zanè;3.172;3.035;137;2.584;1.473;475;412;224;5.756
        Zermeghedo;674;639;35;473;221;82;122;48;1.147
        Zovencedo;372;352;20;328;192;46;51;39;700
        Zugliano;3.343;3.203;140;2.624;1.426;504;458;236;5.967
      Belluno;92.949;89.223;3.726;83.608;50.954;12.058;11.318;9.279;176.557
        Agordo;1.976;1.913;63;1.635;1.090;223;168;154;3.611
        Alano di Piave;1.264;1.209;55;1.092;596;160;195;142;2.356
        Alleghe;482;451;31;490;291;61;63;75;972
        Alpago;3.180;3.064;116;2.711;1.602;408;401;301;5.891
        Arsiè;916;871;45;1.088;703;120;142;123;2.004
        Auronzo di Cadore;1.385;1.305;80;1.389;805;182;212;190;2.774
        Belluno;17.044;16.351;693;14.604;8.845;2.395;1.825;1.539;31.648
        Borca di Cadore;423;398;25;337;156;67;56;58;760
        Borgo Valbelluna;6.447;6.233;214;5.420;3.482;774;665;500;11.867
        Calalzo di Cadore;801;766;35;863;563;96;113;92;1.664
        Canale d'Agordo;492;470;22;467;304;59;53;51;959
        Cencenighe Agordino;566;547;19;524;333;53;80;58;1.090
        Cesiomaggiore;1.867;1.808;59;1.624;1.034;235;201;154;3.491
        Chies d'Alpago;575;557;18;563;377;61;71;55;1.138
        Cibiana di Cadore;113;107;6;185;119;16;25;25;298
        Colle Santa Lucia;168;159;9;150;79;20;25;26;318
        Comelico Superiore;908;854;54;956;557;118;136;145;1.864
        Cortina d'Ampezzo;2.418;2.266;152;2.634;1.340;413;502;379;5.052
        Danta di Cadore;186;178;8;199;126;22;29;23;385
        Domegge di Cadore;1.047;1.005;42;980;658;120;103;99;2.027
        Falcade;822;778;44;807;500;104;100;102;1.629
        Feltre;9.604;9.205;399;8.552;5.154;1.211;1.220;967;18.156
        Fonzaso;1.316;1.267;49;1.356;838;170;207;141;2.672
        Gosaldo;210;202;8;276;204;21;20;32;486
        La Valle Agordina;520;505;15;423;297;42;44;40;943
        Lamon;1.114;1.085;29;1.271;882;109;141;139;2.385
        Lentiai;..;..;..;..;..;..;..;..;..
        Limana;2.683;2.605;78;1.952;1.262;305;210;174;4.635
        Livinallongo del Col di Lana;551;502;49;535;273;70;93;98;1.086
        Longarone;2.376;2.290;86;2.185;1.326;329;291;238;4.561
        Lorenzago di Cadore;230;215;15;266;168;40;29;30;496
        Lozzo di Cadore;598;570;28;561;353;85;57;66;1.159
        Mel;..;..;..;..;..;..;..;..;..
        Ospitale di Cadore;114;108;6;126;79;16;16;15;240
        Pedavena;2.024;1.959;65;1.813;1.167;265;214;167;3.837
        Perarolo di Cadore;169;163;6;157;99;24;16;17;326
        Pieve di Cadore;1.670;1.579;91;1.646;977;261;211;197;3.316
        Ponte nelle Alpi;3.907;3.783;124;3.130;1.872;488;471;300;7.037
        Quero Vas;1.424;1.372;52;1.300;754;201;201;144;2.724
        Rivamonte Agordino;289;281;8;266;203;27;14;23;555
        Rocca Pietore;497;464;33;546;318;57;77;94;1.043
        San Gregorio nelle Alpi;778;755;23;634;379;98;95;62;1.412
        San Nicolò di Comelico;179;170;9;158;86;19;29;24;337
        San Pietro di Cadore;649;617;32;693;429;76;98;90;1.342
        San Tomaso Agordino;270;261;9;270;176;25;39;30;540
        San Vito di Cadore;877;817;60;818;413;132;148;125;1.695
        Santa Giustina;3.234;3.131;103;2.608;1.587;410;368;244;5.842
        Santo Stefano di Cadore;1.029;981;48;1.087;721;116;121;129;2.116
        Sedico;5.147;4.987;160;3.676;2.134;712;496;333;8.823
        Selva di Cadore;227;211;16;229;125;21;43;40;456
        Seren del Grappa;1.054;1.016;38;1.030;673;120;129;108;2.084
        Setteville;..;..;..;..;..;..;..;..;..
        Sospirolo;1.458;1.411;47;1.250;732;183;209;126;2.708
        Soverzene;188;180;8;158;89;31;23;14;346
        Sovramonte;538;520;18;649;430;67;81;71;1.187
        Taibon Agordino;847;824;23;670;433;100;76;61;1.517
        Tambre;603;582;21;572;369;61;82;60;1.175
        Trichiana;..;..;..;..;..;..;..;..;..
        Val di Zoldo;1.061;1.007;54;1.473;787;143;270;273;2.534
        Vallada Agordina;209;201;8;207;135;26;25;21;416
        Valle di Cadore;814;764;50;861;521;103;117;120;1.675
        Vigo di Cadore;616;588;28;615;428;74;52;60;1.231
        Vodo Cadore;345;321;24;392;200;52;76;65;737
        Voltago Agordino;384;373;11;358;256;43;29;30;742
        Zoppè di Cadore;69;61;8;118;66;19;13;21;187
      Treviso;417.509;397.468;20.041;348.200;179.018;61.573;69.578;38.031;765.709
        Altivole;3.398;3.256;142;2.554;1.282;474;537;261;5.952
        Arcade;2.165;2.062;103;1.683;833;306;370;174;3.848
        Asolo;4.419;4.197;222;3.320;1.563;608;757;392;7.739
        Borso del Grappa;2.866;2.734;132;2.197;1.033;445;492;227;5.063
        Breda di Piave;3.738;3.565;173;2.941;1.424;589;617;311;6.679
        Caerano di San Marco;3.625;3.452;173;3.141;1.685;506;609;340;6.766
        Cappella Maggiore;2.168;2.083;85;1.900;1.123;302;295;181;4.068
        Carbonera;5.467;5.219;248;4.322;2.267;788;836;431;9.789
        Casale sul Sile;6.576;6.307;269;4.761;2.254;992;1.068;447;11.337
        Casier;5.643;5.391;252;4.242;2.139;963;752;389;9.885
        Castelcucco;1.122;1.066;56;841;415;162;172;91;1.963
        Castelfranco Veneto;15.649;14.865;784;13.405;6.876;2.457;2.554;1.518;29.054
        Castello di Godego;3.333;3.181;152;2.695;1.343;477;597;278;6.028
        Cavaso del Tomba;1.360;1.302;58;1.184;631;202;220;130;2.544
        Cessalto;1.774;1.694;80;1.400;615;234;379;171;3.174
        Chiarano;1.739;1.660;79;1.383;645;257;321;160;3.122
        Cimadolmo;1.601;1.532;69;1.338;691;216;282;148;2.939
        Cison di Valmarino;1.118;1.067;51;1.095;601;168;194;132;2.213
        Codognè;2.533;2.441;92;2.005;1.124;316;364;202;4.538
        Colle Umberto;2.476;2.391;85;1.953;1.102;335;335;181;4.429
        Conegliano;15.623;14.823;800;14.803;8.056;2.375;2.641;1.731;30.426
        Cordignano;3.318;3.179;139;2.767;1.548;475;463;281;6.085
        Cornuda;2.979;2.832;147;2.448;1.309;439;437;263;5.427
        Crespano del Grappa;..;..;..;..;..;..;..;..;..
        Crocetta del Montello;2.677;2.551;126;2.516;1.426;366;442;282;5.193
        Farra di Soligo;3.990;3.827;163;3.335;1.784;540;651;360;7.325
        Follina;1.660;1.582;78;1.541;859;259;254;168;3.201
        Fontanelle;2.763;2.661;102;2.188;1.117;403;448;220;4.951
        Fonte;2.803;2.651;152;2.317;1.026;419;611;260;5.120
        Fregona;1.221;1.167;54;1.264;760;195;176;133;2.485
        Gaiarine;2.762;2.643;119;2.503;1.347;396;506;254;5.265
        Giavera del Montello;2.464;2.365;99;1.971;1.028;336;398;209;4.435
        Godega di Sant'Urbano;2.875;2.742;133;2.355;1.286;368;449;251;5.230
        Gorgo al Monticano;1.910;1.833;77;1.577;835;227;341;175;3.487
        Istrana;4.609;4.410;199;3.240;1.545;611;752;332;7.849
        Loria;4.536;4.339;197;3.308;1.474;679;811;344;7.844
        Mansuè;2.446;2.339;107;1.767;816;338;420;193;4.213
        Mareno di Piave;4.716;4.530;186;3.538;1.801;683;706;349;8.254
        Maser;2.374;2.277;97;1.990;1.150;295;353;192;4.364
        Maserada sul Piave;4.506;4.314;192;3.492;1.807;660;682;343;7.998
        Meduna di Livenza;1.430;1.365;65;1.172;530;218;296;128;2.602
        Miane;1.431;1.363;68;1.347;791;195;211;150;2.778
        Mogliano Veneto;12.843;12.152;691;11.738;6.205;2.028;2.244;1.262;24.581
        Monastier di Treviso;2.125;2.026;99;1.640;832;262;370;177;3.765
        Monfumo;601;583;18;562;339;72;94;57;1.163
        Montebelluna;14.685;13.930;755;12.401;6.121;2.362;2.477;1.442;27.086
        Morgano;2.169;2.089;80;1.620;831;271;358;161;3.789
        Moriago della Battaglia;1.286;1.230;56;1.117;559;176;259;123;2.403
        Motta di Livenza;5.112;4.871;241;4.248;2.030;751;955;512;9.360
        Nervesa della Battaglia;2.950;2.791;159;2.837;1.561;446;513;317;5.787
        Oderzo;9.671;9.233;438;7.843;4.128;1.412;1.443;860;17.514
        Ormelle;2.184;2.090;94;1.720;815;272;435;198;3.904
        Orsago;1.793;1.708;85;1.565;854;261;289;161;3.358
        Paderno del Grappa;..;..;..;..;..;..;..;..;..
        Paese;10.737;10.241;496;8.271;4.021;1.640;1.790;820;19.008
        Pederobba;3.442;3.264;178;2.968;1.608;483;548;329;6.410
        Pieve del Grappa;3.103;2.937;166;2.688;1.391;433;546;317;5.791
        Pieve di Soligo;5.464;5.197;267;4.642;2.289;816;1.001;535;10.106
        Ponte di Piave;4.045;3.828;217;3.094;1.435;579;727;353;7.139
        Ponzano Veneto;6.414;6.116;298;4.757;2.302;1.030;951;475;11.171
        Portobuffolè;338;325;13;302;163;45;65;29;640
        Possagno;1.024;967;57;921;432;161;224;104;1.945
        Povegliano;2.521;2.423;98;1.861;965;362;360;173;4.382
        Preganziol;8.029;7.641;388;6.780;3.425;1.236;1.422;698;14.809
        Quinto di Treviso;4.675;4.433;242;3.977;1.917;663;960;438;8.652
        Refrontolo;790;753;37;720;380;108;150;82;1.510
        Resana;4.708;4.497;211;3.306;1.549;682;740;336;8.014
        Revine Lago;957;916;41;932;509;159;152;111;1.889
        Riese Pio X;5.442;5.216;226;3.993;1.920;735;927;411;9.435
        Roncade;7.091;6.794;297;5.624;2.843;978;1.245;558;12.715
        Salgareda;3.185;3.042;143;2.476;1.146;467;590;273;5.661
        San Biagio di Callalta;6.114;5.826;288;4.952;2.445;827;1.146;535;11.066
        San Fior;3.396;3.268;128;2.517;1.342;430;491;254;5.913
        San Pietro di Feletto;2.369;2.272;97;2.196;1.202;386;377;230;4.565
        San Polo di Piave;2.404;2.288;116;1.909;912;336;428;233;4.313
        San Vendemiano;4.737;4.517;220;3.927;2.117;733;669;408;8.664
        San Zenone degli Ezzelini;3.445;3.274;171;2.809;1.208;538;748;315;6.254
        Santa Lucia di Piave;4.599;4.408;191;3.278;1.710;659;583;326;7.877
        Sarmede;1.398;1.335;63;1.258;710;211;191;146;2.656
        Segusino;829;801;28;758;499;102;87;70;1.587
        Sernaglia della Battaglia;2.785;2.682;103;2.455;1.278;406;522;248;5.240
        Silea;4.928;4.693;235;4.205;2.190;715;857;443;9.133
        Spresiano;5.888;5.579;309;4.684;2.222;882;1.046;534;10.572
        Susegana;5.557;5.313;244;4.723;2.384;848;982;509;10.280
        Tarzo;1.845;1.759;86;1.885;1.106;262;293;223;3.730
        Trevignano;5.103;4.863;240;4.081;2.036;759;871;414;9.184
        Treviso;39.245;36.732;2.513;35.754;18.402;6.142;6.691;4.519;74.999
        Valdobbiadene;4.633;4.415;218;4.140;2.442;641;608;448;8.773
        Vazzola;3.310;3.172;138;2.573;1.227;495;579;272;5.883
        Vedelago;7.966;7.631;335;6.143;3.044;1.114;1.345;639;14.109
        Vidor;1.774;1.686;88;1.438;745;270;266;156;3.212
        Villorba;8.367;7.923;444;7.316;3.838;1.264;1.412;801;15.683
        Vittorio Veneto;12.205;11.611;594;12.109;7.215;1.766;1.816;1.312;24.314
        Volpago del Montello;4.740;4.529;211;3.933;2.114;639;762;418;8.673
        Zenson di Piave;880;847;33;648;329;127;126;66;1.528
        Zero Branco;5.742;5.493;249;4.110;1.783;861;1.050;416;9.852
      Venezia;387.184;364.232;22.952;351.960;176.643;52.910;78.292;44.116;739.144
        Annone Veneto;1.772;1.683;89;1.518;725;257;355;180;3.290
        Campagna Lupia;3.387;3.244;143;2.834;1.313;443;786;291;6.221
        Campolongo Maggiore;5.127;4.889;238;4.206;1.966;667;1.125;447;9.333
        Camponogara;6.334;6.050;284;5.010;2.272;839;1.379;520;11.344
        Caorle;4.731;4.336;395;5.277;2.567;767;943;1.001;10.008
        Cavallino-Treporti;5.891;5.352;539;5.983;2.731;778;1.372;1.101;11.874
        Cavarzere;5.563;5.222;341;6.109;3.469;645;1.220;774;11.672
        Ceggia;2.991;2.844;147;2.331;1.113;420;541;256;5.322
        Chioggia;20.602;19.373;1.229;22.112;10.134;2.916;5.893;3.169;42.714
        Cinto Caomaggiore;1.439;1.357;82;1.342;729;214;249;150;2.781
        Cona;1.188;1.129;59;1.299;721;155;273;151;2.487
        Concordia Sagittaria;4.643;4.374;269;4.412;2.348;661;898;505;9.055
        Dolo;6.986;6.611;375;6.253;3.225;891;1.439;698;13.239
        Eraclea;5.357;4.993;364;5.290;2.505;737;1.201;846;10.647
        Fiesso d'Artico;4.223;3.997;226;3.091;1.586;482;701;322;7.314
        Fossalta di Piave;1.944;1.849;95;1.686;839;261;387;199;3.630
        Fossalta di Portogruaro;2.641;2.505;136;2.437;1.430;322;424;262;5.078
        Fossò;3.483;3.329;154;2.662;1.246;458;689;269;6.145
        Gruaro;1.304;1.246;58;1.110;672;165;165;107;2.414
        Jesolo;12.443;11.454;989;11.288;5.146;1.656;2.403;2.085;23.731
        Marcon;8.989;8.587;402;6.257;3.120;1.103;1.430;604;15.246
        Martellago;9.862;9.386;476;8.818;4.483;1.480;1.973;881;18.680
        Meolo;2.919;2.759;160;2.540;1.267;416;570;287;5.459
        Mira;17.690;16.786;904;15.642;7.885;2.277;3.769;1.712;33.332
        Mirano;12.657;12.052;605;11.475;5.919;1.641;2.635;1.280;24.132
        Musile di Piave;5.372;5.062;310;4.625;2.110;729;1.171;615;9.997
        Noale;7.760;7.379;381;6.464;3.296;1.079;1.440;650;14.224
        Noventa di Piave;3.405;3.243;162;2.623;1.276;431;611;306;6.028
        Pianiga;6.217;5.946;271;4.387;2.090;787;1.075;434;10.604
        Portogruaro;11.335;10.609;726;10.389;5.766;1.540;1.857;1.225;21.724
        Pramaggiore;2.286;2.140;146;1.791;766;324;476;225;4.077
        Quarto d'Altino;3.812;3.603;209;3.201;1.585;504;766;346;7.013
        Salzano;6.098;5.833;265;5.205;2.658;746;1.268;533;11.303
        San Donà di Piave;19.799;18.658;1.141;16.766;8.339;2.850;3.501;2.076;36.565
        San Michele al Tagliamento;4.961;4.505;456;5.317;2.780;692;922;923;10.278
        Santa Maria di Sala;8.841;8.438;403;6.298;2.826;1.222;1.622;628;15.139
        San Stino di Livenza;5.741;5.407;334;5.345;2.649;807;1.192;697;11.086
        Scorzè;9.118;8.671;447;7.516;3.643;1.322;1.785;766;16.634
        Spinea;12.915;12.217;698;11.430;6.030;1.704;2.480;1.216;24.345
        Stra;3.542;3.340;202;3.102;1.533;522;698;349;6.644
        Teglio Veneto;1.063;1.006;57;913;505;130;174;104;1.976
        Torre di Mosto;2.303;2.176;127;1.879;924;301;407;247;4.182
        Venezia;113.618;106.005;7.613;109.963;56.628;15.906;23.150;14.279;223.581
        Vigonovo;4.832;4.587;245;3.764;1.825;660;880;398;8.596
      Padova;451.763;424.449;27.314;364.578;186.173;62.641;75.504;40.260;816.341
        Abano Terme;9.457;8.816;641;8.557;4.619;1.254;1.714;970;18.014
        Agna;1.420;1.363;57;1.363;681;205;330;147;2.783
        Albignasego;13.422;12.739;683;9.599;4.909;1.816;1.945;929;23.021
        Anguillara Veneta;1.872;1.767;105;1.859;1.024;208;407;221;3.731
        Arquà Petrarca;849;798;51;746;427;107;137;76;1.595
        Arre;1.024;969;55;843;446;140;164;93;1.867
        Arzergrande;2.312;2.213;99;1.868;931;279;455;203;4.180
        Bagnoli di Sopra;1.601;1.502;99;1.424;758;216;290;160;3.025
        Baone;1.436;1.352;84;1.296;740;184;243;128;2.732
        Barbona;269;253;16;272;147;39;53;33;541
        Battaglia Terme;1.737;1.603;134;1.657;925;207;321;203;3.394
        Boara Pisani;1.127;1.062;65;1.017;629;144;142;102;2.144
        Borgo Veneto;3.391;3.189;202;2.764;1.434;439;576;315;6.155
        Borgoricco;4.656;4.424;232;3.026;1.416;585;723;303;7.682
        Bovolenta;1.653;1.556;97;1.368;710;181;319;157;3.021
        Brugine;3.480;3.266;214;2.752;1.231;502;699;320;6.232
        Cadoneghe;7.427;6.976;451;6.474;3.330;1.132;1.333;679;13.901
        Campo San Martino;2.710;2.581;129;2.158;1.165;386;397;210;4.868
        Campodarsego;7.594;7.224;370;5.344;2.577;978;1.271;517;12.938
        Campodoro;1.379;1.320;59;907;441;166;214;87;2.286
        Camposampiero;5.874;5.548;326;4.387;2.089;819;986;493;10.261
        Candiana;1.045;991;54;914;487;113;204;109;1.959
        Carceri;711;665;46;608;317;95;126;70;1.319
        Carmignano di Brenta;3.479;3.303;176;2.971;1.543;453;691;283;6.450
        Cartura;2.197;2.072;125;1.835;873;320;446;196;4.032
        Casale di Scodosia;2.088;1.951;137;1.936;1.004;279;419;234;4.024
        Casalserugo;2.593;2.466;127;2.192;1.123;331;515;223;4.785
        Castelbaldo;632;590;42;637;384;80;91;82;1.269
        Cervarese Santa Croce;2.837;2.684;153;2.089;1.014;393;462;220;4.926
        Cinto Euganeo;897;846;51;812;435;126;163;88;1.709
        Cittadella;9.762;9.302;460;7.804;3.940;1.386;1.673;806;17.566
        Codevigo;3.093;2.933;160;2.439;1.128;409;632;270;5.532
        Conselve;4.613;4.309;304;4.109;2.108;673;875;452;8.722
        Correzzola;2.288;2.164;124;2.217;1.147;300;514;256;4.505
        Curtarolo;3.580;3.417;163;2.661;1.301;438;654;268;6.241
        Due Carrare;4.578;4.321;257;3.383;1.682;613;729;359;7.961
        Este;7.402;6.947;455;6.981;3.821;1.082;1.241;838;14.383
        Fontaniva;3.843;3.643;200;3.114;1.520;507;772;315;6.957
        Galliera Veneta;3.468;3.286;182;2.690;1.405;451;567;266;6.158
        Galzignano Terme;2.023;1.910;113;1.785;966;269;364;185;3.808
        Gazzo;2.176;2.071;105;1.481;758;260;315;148;3.657
        Grantorto;2.133;2.008;125;1.752;847;294;422;189;3.885
        Granze;980;928;52;691;324;126;167;74;1.671
        Legnaro;4.776;4.512;264;3.362;1.658;619;739;346;8.138
        Limena;4.179;3.962;217;3.001;1.503;598;608;292;7.180
        Loreggia;3.894;3.699;195;2.591;1.136;500;692;263;6.485
        Lozzo Atestino;1.447;1.361;86;1.253;724;182;212;135;2.700
        Maserà di Padova;4.588;4.340;248;3.422;1.629;604;818;371;8.010
        Masi;847;802;45;715;404;104;130;78;1.562
        Massanzago;3.139;2.975;164;2.003;842;404;564;193;5.142
        Megliadino San Vitale;825;771;54;771;421;93;164;94;1.596
        Merlara;1.183;1.096;87;1.100;651;129;192;128;2.283
        Mestrino;6.016;5.689;327;4.079;1.854;817;987;420;10.095
        Monselice;8.149;7.642;507;7.197;3.810;1.166;1.377;843;15.346
        Montagnana;4.118;3.860;258;3.818;2.212;580;594;432;7.936
        Montegrotto Terme;5.506;5.171;335;4.687;2.490;706;976;515;10.193
        Noventa Padovana;5.936;5.605;331;4.037;1.992;786;847;412;9.973
        Ospedaletto Euganeo;2.657;2.490;167;2.278;1.179;374;482;243;4.935
        Padova;99.928;92.058;7.870;84.223;43.612;14.653;15.403;10.555;184.151
        Pernumia;1.815;1.712;103;1.479;788;203;317;172;3.294
        Piacenza d'Adige;525;483;42;570;298;67;129;77;1.095
        Piazzola sul Brenta;5.315;5.059;256;4.361;2.395;727;816;423;9.676
        Piombino Dese;4.590;4.341;249;3.502;1.782;624;747;349;8.092
        Piove di Sacco;9.573;8.976;597;8.022;3.916;1.311;1.877;918;17.595
        Polverara;1.755;1.666;89;1.148;569;208;264;108;2.903
        Ponso;1.173;1.102;71;935;496;157;180;102;2.108
        Ponte San Nicolò;6.385;6.029;356;5.356;2.812;983;1.019;543;11.741
        Pontelongo;1.573;1.475;98;1.643;805;222;381;235;3.216
        Pozzonovo;1.595;1.502;93;1.472;786;186;334;166;3.067
        Rovolon;2.454;2.325;129;1.765;880;295;406;184;4.219
        Rubano;8.114;7.643;471;6.532;3.458;1.108;1.231;734;14.646
        Saccolongo;2.366;2.243;123;1.948;1.038;328;385;196;4.314
        San Giorgio delle Pertiche;5.109;4.884;225;3.549;1.665;659;875;349;8.658
        San Giorgio in Bosco;3.125;2.986;139;2.324;1.152;397;550;226;5.449
        San Martino di Lupari;6.507;6.180;327;4.836;2.438;914;1.039;446;11.343
        San Pietro in Gu;1.998;1.906;92;1.713;913;297;335;168;3.711
        San Pietro Viminario;1.533;1.452;81;1.116;527;209;263;117;2.649
        Santa Caterina d'Este;..;..;..;..;..;..;..;..;..
        Santa Giustina in Colle;3.552;3.392;160;2.616;1.370;456;545;244;6.168
        Sant'Angelo di Piove di Sacco;3.617;3.437;180;2.837;1.369;520;652;296;6.454
        Sant'Elena;1.248;1.180;68;901;429;186;198;88;2.149
        Sant'Urbano;860;809;51;849;487;112;152;98;1.709
        Saonara;5.302;5.003;299;3.859;1.817;856;797;390;9.161
        Selvazzano Dentro;10.829;10.124;705;9.381;4.809;1.764;1.837;971;20.210
        Solesino;3.096;2.889;207;2.916;1.462;375;711;369;6.012
        Stanghella;1.897;1.766;131;1.770;1.010;224;328;208;3.667
        Teolo;4.225;4.007;218;3.629;1.966;591;695;377;7.854
        Terrassa Padovana;1.380;1.314;66;931;421;156;253;100;2.311
        Tombolo;4.087;3.864;223;3.031;1.466;521;727;318;7.118
        Torreglia;2.875;2.709;166;2.493;1.296;378;551;268;5.368
        Trebaseleghe;6.481;6.139;342;4.696;2.182;890;1.146;478;11.177
        Tribano;2.022;1.900;122;1.694;826;304;374;190;3.716
        Urbana;965;916;49;825;460;113;161;91;1.790
        Veggiano;2.570;2.448;122;1.535;665;402;331;137;4.105
        Vescovana;863;823;40;662;389;104;105;65;1.525
        Vighizzolo d'Este;424;395;29;338;192;40;70;35;762
        Vigodarzere;6.477;6.108;369;5.131;2.565;989;1.060;518;11.608
        Vigonza;11.508;10.900;608;8.618;4.223;1.618;1.909;868;20.126
        Villa del Conte;2.724;2.597;127;2.070;1.065;370;447;188;4.794
        Villa Estense;978;914;64;930;494;143;177;116;1.908
        Villafranca Padovana;5.308;5.064;244;3.755;1.851;765;776;363;9.063
        Villanova di Camposampiero;3.077;2.917;160;2.233;1.053;409;542;228;5.310
        Vo';1.595;1.509;86;1.290;713;164;268;144;2.885
      Rovigo;105.500;98.870;6.630;98.543;57.433;12.577;16.798;11.737;204.043
        Adria;8.509;7.918;591;8.249;4.618;1.107;1.484;1.040;16.758
        Ariano nel Polesine;1.658;1.535;123;1.915;1.175;196;291;253;3.573
        Arquà Polesine;1.239;1.159;80;1.081;639;149;176;117;2.320
        Badia Polesine;4.772;4.463;309;4.224;2.410;596;719;500;8.996
        Bagnolo di Po;511;483;28;586;371;68;83;64;1.097
        Bergantino;1.114;1.058;56;1.027;620;122;174;112;2.141
        Bosaro;690;645;45;572;309;85;114;64;1.262
        Calto;271;253;18;328;202;27;55;44;599
        Canaro;1.156;1.079;77;1.164;737;133;160;134;2.320
        Canda;375;353;22;363;228;38;55;42;738
        Castelguglielmo;621;580;41;701;451;73;98;79;1.322
        Castelmassa;1.727;1.618;109;1.784;1.028;232;314;211;3.511
        Castelnovo Bariano;1.113;1.041;72;1.141;662;139;211;128;2.254
        Ceneselli;646;597;49;740;437;89;123;91;1.386
        Ceregnano;1.608;1.516;92;1.450;870;162;256;163;3.058
        Corbola;950;869;81;1.014;583;116;176;139;1.964
        Costa di Rovigo;1.098;1.024;74;1.089;723;99;145;121;2.187
        Crespino;745;694;51;836;517;110;108;101;1.581
        Ficarolo;878;831;47;1.118;814;115;69;119;1.996
        Fiesso Umbertiano;1.846;1.740;106;1.611;986;188;255;182;3.457
        Frassinelle Polesine;631;598;33;579;402;60;56;61;1.210
        Fratta Polesine;1.095;1.044;51;1.103;722;115;137;129;2.198
        Gaiba;407;384;23;457;305;55;50;48;864
        Gavello;699;648;51;644;388;89;86;81;1.343
        Giacciano con Baruchella;942;896;46;870;550;92;127;101;1.812
        Guarda Veneta;517;478;39;477;259;78;88;52;994
        Lendinara;5.234;4.913;321;4.915;2.934;620;794;567;10.149
        Loreo;1.468;1.346;122;1.504;793;167;316;228;2.972
        Lusia;1.581;1.469;112;1.364;763;193;234;174;2.945
        Melara;783;742;41;728;410;88;147;82;1.511
        Occhiobello;5.872;5.525;347;4.713;2.648;767;805;492;10.585
        Papozze;583;534;49;665;410;58;107;91;1.248
        Pettorazza Grimani;663;638;25;647;414;65;104;64;1.310
        Pincara;518;478;40;456;298;49;58;51;974
        Polesella;1.752;1.642;110;1.536;902;202;262;170;3.288
        Pontecchio Polesine;1.122;1.069;53;783;452;139;121;71;1.905
        Porto Tolle;4.151;3.928;223;4.043;2.619;363;605;457;8.194
        Porto Viro;6.190;5.851;339;6.181;3.213;704;1.443;822;12.371
        Rosolina;2.812;2.648;164;2.760;1.394;323;637;406;5.572
        Rovigo;24.227;22.642;1.585;20.687;11.829;3.052;3.385;2.421;44.914
        Salara;440;420;20;502;345;58;53;47;942
        San Bellino;466;438;28;437;271;56;59;51;903
        San Martino di Venezze;1.725;1.626;99;1.604;912;213;304;175;3.329
        Stienta;1.412;1.326;86;1.346;838;162;200;146;2.758
        Taglio di Po;3.562;3.351;211;3.539;1.971;363;738;467;7.101
        Trecenta;1.085;1.010;75;1.235;803;128;161;143;2.320
        Villadose;2.142;2.026;116;2.117;1.264;263;366;224;4.259
        Villamarzana;536;500;36;461;284;50;74;53;997
        Villanova del Ghebbo;1.000;944;56;785;441;110;142;92;1.785
        Villanova Marchesana;357;300;57;413;221;55;74;62;770
    Friuli-Venezia Giulia;549.995;516.324;33.671;508.788;288.378;79.131;81.788;59.491;1.058.783
      Udine;238.379;224.342;14.037;222.293;128.230;34.225;34.921;24.917;460.672
        Aiello del Friuli;943;896;47;981;597;130;171;83;1.924
        Amaro;441;416;25;312;171;61;40;40;753
        Ampezzo;356;340;16;481;310;41;76;55;837
        Aquileia;1.430;1.344;86;1.419;848;209;196;166;2.849
        Arta Terme;897;853;44;957;583;144;144;86;1.854
        Artegna;1.290;1.222;68;1.293;761;209;216;108;2.583
        Attimis;726;692;34;775;460;109;107;100;1.501
        Bagnaria Arsa;1.560;1.480;80;1.506;868;231;292;115;3.066
        Basiliano;2.375;2.245;130;2.159;1.255;338;326;240;4.534
        Bertiolo;1.045;997;48;1.049;627;162;142;117;2.094
        Bicinicco;856;809;47;742;424;119;130;69;1.598
        Bordano;314;295;19;338;192;54;65;27;652
        Buja;2.981;2.831;150;2.688;1.594;434;385;275;5.669
        Buttrio;1.795;1.697;98;1.683;967;281;250;185;3.478
        Camino al Tagliamento;709;672;37;664;401;95;108;59;1.373
        Campoformido;3.664;3.457;207;3.184;1.788;572;495;329;6.848
        Campolongo Tapogliano;487;462;25;513;312;64;102;34;1.000
        Carlino;1.197;1.130;67;1.208;712;169;240;88;2.405
        Cassacco;1.251;1.186;65;1.216;744;159;187;126;2.467
        Castions di Strada;1.688;1.607;81;1.570;904;252;287;127;3.258
        Cavazzo Carnico;404;383;21;432;270;53;65;43;836
        Cercivento;276;264;12;290;168;26;40;57;566
        Cervignano del Friuli;6.234;5.841;393;5.759;2.987;876;1.329;568;11.993
        Chiopris-Viscone;323;304;19;271;144;43;57;27;594
        Chiusaforte;264;250;14;297;181;32;46;37;561
        Cividale del Friuli;4.946;4.650;296;4.815;2.843;750;708;514;9.761
        Codroipo;7.368;6.954;414;6.484;3.677;1.061;990;757;13.852
        Colloredo di Monte Albano;1.031;983;48;873;526;130;107;109;1.904
        Comeglians;161;155;6;246;166;25;34;22;407
        Corno di Rosazzo;1.458;1.395;63;1.340;770;217;166;187;2.798
        Coseano;911;873;38;911;562;134;116;98;1.822
        Dignano;1.030;984;46;986;607;152;119;108;2.016
        Dogna;61;59;2;78;57;4;12;5;139
        Drenchia;27;26;1;68;48;1;8;10;95
        Enemonzo;562;544;18;591;405;62;92;32;1.153
        Faedis;1.272;1.204;68;1.212;713;155;192;152;2.484
        Fagagna;2.726;2.590;136;2.619;1.593;400;355;271;5.345
        Fiumicello Villa Vicentina;2.843;2.681;162;2.725;1.565;441;512;207;5.568
        Flaibano;474;451;23;483;284;90;65;43;957
        Forgaria nel Friuli;740;710;30;800;488;104;109;98;1.540
        Forni Avoltri;202;188;14;261;166;29;41;25;463
        Forni di Sopra;396;364;32;448;279;45;66;58;844
        Forni di Sotto;217;202;15;278;182;26;34;36;495
        Gemona del Friuli;4.724;4.468;256;4.603;2.947;696;558;403;9.327
        Gonars;2.108;2.007;101;1.962;1.159;295;330;178;4.070
        Grimacco;113;108;5;174;120;16;15;23;287
        Latisana;6.143;5.504;639;5.482;2.819;915;1.050;698;11.625
        Lauco;250;233;17;349;227;34;42;46;599
        Lestizza;1.669;1.584;85;1.580;939;219;251;171;3.249
        Lignano Sabbiadoro;3.080;2.783;297;3.047;1.322;453;613;660;6.127
        Lusevera;221;208;13;345;221;27;72;26;566
        Magnano in Riviera;1.041;990;51;940;571;135;145;89;1.981
        Majano;2.645;2.506;139;2.501;1.506;364;367;264;5.146
        Malborghetto Valbruna;415;391;24;377;218;50;34;75;792
        Manzano;2.864;2.709;155;2.784;1.641;392;459;292;5.648
        Marano Lagunare;751;713;38;810;488;91;127;104;1.561
        Martignacco;3.384;3.202;182;2.613;1.460;509;341;303;5.997
        Mereto di Tomba;1.151;1.101;50;1.083;691;142;145;105;2.234
        Moggio Udinese;685;655;30;796;514;74;96;112;1.481
        Moimacco;762;714;48;672;382;126;95;69;1.434
        Montenars;206;194;12;235;142;23;43;26;441
        Mortegliano;2.312;2.185;127;2.008;1.120;356;337;196;4.320
        Moruzzo;1.146;1.091;55;987;581;181;121;104;2.133
        Muzzana del Turgnano;1.038;981;57;1.081;639;136;218;88;2.119
        Nimis;1.129;1.059;70;1.176;702;153;184;136;2.305
        Osoppo;1.295;1.218;77;1.190;690;168;185;147;2.485
        Ovaro;710;677;33;893;576;105;143;69;1.603
        Pagnacco;2.519;2.390;129;1.961;1.157;335;242;227;4.480
        Palazzolo dello Stella;1.227;1.136;91;1.353;748;174;304;127;2.580
        Palmanova;2.344;2.210;134;2.318;1.359;318;386;255;4.662
        Paluzza;817;776;41;961;619;122;123;97;1.778
        Pasian di Prato;4.352;4.113;239;3.838;2.248;631;550;409;8.190
        Paularo;1.006;971;35;1.108;681;130;229;67;2.114
        Pavia di Udine;2.580;2.456;124;2.307;1.424;329;359;196;4.887
        Pocenia;1.092;1.027;65;1.053;613;156;206;78;2.145
        Pontebba;545;522;23;617;397;70;94;56;1.162
        Porpetto;1.099;1.038;61;1.144;679;164;211;90;2.243
        Povoletto;2.462;2.326;136;2.356;1.384;382;320;271;4.818
        Pozzuolo del Friuli;3.137;2.958;179;2.884;1.702;459;446;278;6.021
        Pradamano;1.654;1.563;91;1.439;824;251;190;174;3.093
        Prato Carnico;334;316;18;425;281;45;52;46;759
        Precenicco;651;604;47;653;363;96;118;76;1.304
        Premariacco;1.896;1.795;101;1.595;917;269;218;190;3.491
        Preone;105;99;6;115;74;13;14;14;220
        Prepotto;317;297;20;331;190;51;40;50;648
        Pulfero;322;306;16;435;273;42;43;77;757
        Ragogna;1.304;1.254;50;1.231;758;182;158;133;2.535
        Ravascletto;206;194;12;250;162;20;30;38;456
        Raveo;204;193;11;199;119;29;32;20;403
        Reana del Rojale;2.185;2.059;126;1.994;1.162;281;289;262;4.179
        Remanzacco;2.903;2.751;152;2.349;1.335;416;358;241;5.252
        Resia;401;386;15;451;304;34;53;60;852
        Resiutta;107;103;4;130;93;7;18;11;237
        Rigolato;118;111;7;224;157;21;31;15;342
        Rive d'Arcano;1.096;1.051;45;1.032;636;164;122;110;2.128
        Rivignano Teor;2.872;2.731;141;2.693;1.540;398;495;261;5.565
        Ronchis;885;818;67;843;454;124;190;75;1.728
        Ruda;1.259;1.191;68;1.235;724;156;240;115;2.494
        San Daniele del Friuli;3.775;3.620;155;3.333;1.953;543;449;389;7.108
        San Giorgio di Nogaro;3.286;3.125;161;3.187;1.842;437;639;268;6.473
        San Giovanni al Natisone;2.842;2.684;158;2.505;1.405;389;444;267;5.347
        San Leonardo;466;442;24;475;277;72;41;85;941
        San Pietro al Natisone;934;890;44;927;565;146;80;136;1.861
        San Vito al Torre;544;514;30;540;309;88;97;46;1.084
        San Vito di Fagagna;799;752;47;656;365;114;89;87;1.455
        Santa Maria la Longa;1.024;972;52;1.026;605;130;157;134;2.050
        Sappada;563;511;52;584;346;91;73;74;1.147
        Sauris;177;170;7;170;105;24;22;19;347
        Savogna;125;118;7;216;153;13;23;27;341
        Sedegliano;1.651;1.579;72;1.577;949;250;217;162;3.228
        Socchieve;353;331;22;446;254;51;88;53;799
        Stregna;112;108;4;166;105;19;26;17;278
        Sutrio;532;504;28;542;324;89;77;52;1.074
        Taipana;229;218;11;304;191;28;40;46;533
        Talmassons;1.679;1.587;92;1.768;1.041;267;333;127;3.447
        Tarcento;3.974;3.737;237;3.929;2.285;598;583;464;7.903
        Tarvisio;1.850;1.761;89;1.754;1.064;219;244;226;3.604
        Tavagnacco;7.242;6.842;400;5.651;3.127;993;796;734;12.893
        Terzo d'Aquileia;1.261;1.210;51;1.145;668;188;204;85;2.406
        Tolmezzo;4.574;4.352;222;4.236;2.495;747;526;469;8.810
        Torreano;916;875;41;920;573;135;110;102;1.836
        Torviscosa;1.086;1.032;54;1.294;830;143;243;77;2.380
        Trasaghis;896;849;47;975;614;118;154;90;1.871
        Treppo Grande;769;731;38;787;480;134;118;56;1.556
        Treppo Ligosullo;264;251;13;341;190;48;63;40;605
        Tricesimo;3.470;3.278;192;3.219;1.851;514;549;305;6.689
        Trivignano Udinese;693;656;37;687;432;70;113;71;1.380
        Udine;46.434;43.045;3.389;40.737;22.210;6.764;6.343;5.420;87.171
        Varmo;1.236;1.169;67;1.184;692;170;201;120;2.420
        Venzone;859;816;43;916;560;124;153;79;1.775
        Verzegnis;367;352;15;399;249;61;42;48;766
        Villa Santina;992;951;41;911;550;140;143;78;1.903
        Visco;398;376;22;309;162;52;58;38;707
        Zuglio;235;222;13;260;156;39;29;35;495
      Gorizia;61.271;57.594;3.677;61.050;34.118;8.860;11.019;7.053;122.321
        Capriva del Friuli;742;708;34;713;455;115;86;57;1.455
        Cormons;3.112;2.933;179;3.321;2.034;446;463;378;6.433
        Doberdò del Lago-Doberdob;599;564;35;625;358;105;101;61;1.224
        Dolegna del Collio;151;146;5;134;87;19;17;11;285
        Farra d'Isonzo;781;740;41;732;425;138;95;74;1.513
        Fogliano Redipuglia;1.383;1.313;70;1.285;743;195;230;117;2.668
        Gorizia;14.788;13.817;971;15.196;8.801;2.131;2.349;1.916;29.984
        Gradisca d'Isonzo;2.971;2.838;133;2.746;1.659;381;398;308;5.717
        Grado;3.290;3.097;193;3.753;2.218;400;570;565;7.043
        Mariano del Friuli;637;615;22;683;478;92;81;31;1.320
        Medea;398;374;24;424;260;47;62;54;822
        Monfalcone;12.749;11.813;936;12.617;5.908;1.789;3.350;1.570;25.366
        Moraro;308;295;13;311;193;47;39;31;619
        Mossa;699;671;28;664;439;98;90;37;1.363
        Romans d'Isonzo;1.731;1.648;83;1.531;870;225;225;212;3.262
        Ronchi dei Legionari;5.440;5.148;292;4.980;2.756;779;926;519;10.420
        Sagrado;979;922;57;992;579;159;151;103;1.971
        San Canzian d'Isonzo;2.718;2.568;150;2.603;1.442;421;477;263;5.321
        San Floriano del Collio-Števerjan;296;279;17;361;227;62;40;32;657
        San Lorenzo Isontino;685;649;36;684;408;113;94;69;1.369
        San Pier d'Isonzo;865;815;50;873;486;119;140;128;1.738
        Savogna d'Isonzo-Sovodnje ob Soci;765;723;42;761;478;131;74;79;1.526
        Staranzano;3.154;2.996;158;3.144;1.738;527;629;251;6.298
        Turriaco;1.308;1.235;73;1.182;649;198;219;117;2.490
        Villesse;722;687;35;735;426;124;115;71;1.457
      Trieste;104.131;96.382;7.749;100.390;57.363;15.354;14.823;12.850;204.521
        Duino Aurisina-Devin Nabrežina;3.604;3.394;210;3.893;2.360;607;564;362;7.497
        Monrupino-Repentabor;364;340;24;391;247;59;45;41;755
        Muggia;5.433;5.132;301;6.155;3.931;790;883;551;11.588
        San Dorligo della Valle-Dolina;2.598;2.468;130;2.474;1.582;385;277;230;5.072
        Sgonico-Zgonik;874;827;47;908;581;129;105;93;1.782
        Trieste;91.258;84.221;7.037;86.569;48.663;13.385;12.949;11.572;177.827
      Pordenone;146.214;138.006;8.208;125.055;68.668;20.692;21.025;14.670;271.269
        Andreis;86;82;4;133;84;10;16;22;219
        Arba;554;523;31;546;295;92;91;67;1.100
        Aviano;4.124;3.859;265;3.815;2.086;592;663;475;7.939
        Azzano Decimo;7.573;7.185;388;5.846;3.144;1.048;1.095;559;13.419
        Barcis;92;87;5;114;83;6;12;12;206
        Brugnera;4.475;4.258;217;3.524;1.826;616;788;293;7.999
        Budoia;1.140;1.077;63;1.040;586;156;190;109;2.180
        Caneva;2.813;2.668;145;2.723;1.549;398;515;262;5.536
        Casarsa della Delizia;3.914;3.692;222;3.263;1.784;515;624;340;7.177
        Castelnovo del Friuli;345;329;16;435;260;51;94;30;780
        Cavasso Nuovo;664;637;27;653;376;84;89;105;1.317
        Chions;2.454;2.331;123;1.939;1.035;337;378;188;4.393
        Cimolais;148;142;6;175;124;19;17;14;323
        Claut;401;382;19;426;266;53;75;32;827
        Clauzetto;144;139;5;209;144;16;28;22;353
        Cordenons;8.380;7.913;467;7.442;4.267;1.271;1.059;845;15.822
        Cordovado;1.370;1.303;67;1.022;573;190;154;106;2.392
        Erto e Casso;199;192;7;136;82;18;7;29;335
        Fanna;634;606;28;673;387;86;116;84;1.307
        Fiume Veneto;5.764;5.467;297;4.431;2.419;814;731;466;10.195
        Fontanafredda;6.319;5.975;344;4.562;2.398;801;835;527;10.881
        Frisanco;260;252;8;273;133;26;41;72;533
        Maniago;5.196;4.952;244;4.855;2.713;803;709;629;10.051
        Meduno;693;667;26;679;429;93;78;79;1.372
        Montereale Valcellina;1.868;1.781;87;1.885;1.114;260;281;229;3.753
        Morsano al Tagliamento;1.174;1.104;70;1.182;721;163;156;143;2.356
        Pasiano di Pordenone;3.710;3.500;210;3.075;1.524;475;785;291;6.785
        Pinzano al Tagliamento;619;584;35;721;405;101;104;112;1.340
        Polcenigo;1.448;1.374;74;1.337;780;186;230;140;2.785
        Porcia;7.094;6.731;363;6.136;3.509;1.068;919;641;13.230
        Pordenone;24.600;22.893;1.707;21.034;11.576;3.541;3.231;2.686;45.634
        Prata di Pordenone;3.965;3.766;199;3.159;1.591;548;739;281;7.124
        Pravisdomini;1.616;1.519;97;1.311;604;231;348;128;2.927
        Roveredo in Piano;2.783;2.630;153;2.313;1.231;458;421;203;5.096
        Sacile;9.538;9.030;508;7.894;4.266;1.346;1.551;732;17.432
        San Giorgio della Richinvelda;1.990;1.859;131;2.044;952;280;246;565;4.034
        San Martino al Tagliamento;699;660;39;605;308;86;92;119;1.304
        San Quirino;1.946;1.846;100;1.792;1.020;305;286;180;3.738
        San Vito al Tagliamento;7.362;6.878;484;5.862;3.250;1.086;851;675;13.224
        Sequals;1.006;958;48;911;507;138;116;151;1.917
        Sesto al Reghena;3.116;2.958;158;2.370;1.303;401;385;280;5.486
        Spilimbergo;5.400;5.132;268;4.999;2.737;764;743;754;10.399
        Tramonti di Sopra;95;92;3;171;126;12;15;18;266
        Tramonti di Sotto;129;122;7;180;125;9;20;27;309
        Travesio;788;752;36;766;405;134;123;104;1.554
        Vajont;775;729;46;608;290;113;122;84;1.383
        Valvasone Arzene;1.900;1.795;105;1.598;869;288;219;222;3.498
        Vito d'Asio;282;268;14;370;238;32;70;30;652
        Vivaro;616;583;33;521;285;77;64;95;1.137
        Zoppola;3.952;3.744;208;3.298;1.887;496;501;414;7.250
    Emilia-Romagna;2.126.805;2.007.522;119.283;1.763.079;988.245;288.043;268.243;218.548;3.889.884
      Piacenza;135.169;127.972;7.197;114.231;64.224;17.610;19.252;13.145;249.400
        Agazzano;902;848;54;869;506;136;138;88;1.771
        Alseno;2.270;2.158;112;1.845;1.081;259;305;200;4.115
        Alta Val Tidone;1.242;1.174;68;1.454;978;119;200;158;2.696
        Besenzone;456;434;22;356;220;43;58;35;812
        Bettola;1.153;1.101;52;1.239;834;114;176;116;2.392
        Bobbio;1.465;1.377;88;1.673;1.140;141;224;168;3.138
        Borgonovo Val Tidone;3.911;3.685;226;3.169;1.693;452;613;411;7.080
        Cadeo;2.844;2.692;152;2.357;1.228;379;491;259;5.201
        Calendasco;1.181;1.120;61;952;537;152;158;106;2.133
        Caorso;2.161;2.050;111;1.932;1.109;278;361;183;4.093
        Carpaneto Piacentino;3.728;3.533;195;2.979;1.698;476;513;292;6.707
        Castel San Giovanni;6.764;6.411;353;5.367;2.767;889;1.064;646;12.131
        Castell'Arquato;2.291;2.181;110;1.836;1.120;256;274;187;4.127
        Castelvetro Piacentino;2.508;2.365;143;2.139;1.205;325;377;232;4.647
        Cerignale;34;32;2;79;63;1;6;7;113
        Coli;334;319;15;445;282;37;64;62;779
        Corte Brugnatella;209;200;9;276;194;15;30;37;485
        Cortemaggiore;2.103;1.985;118;1.897;1.039;259;367;232;4.000
        Farini;380;364;16;619;487;19;53;61;999
        Ferriere;432;408;24;617;480;28;60;49;1.049
        Fiorenzuola d'Arda;7.045;6.650;395;6.024;3.217;1.010;1.091;706;13.069
        Gazzola;1.079;1.033;46;803;466;120;129;87;1.882
        Gossolengo;2.982;2.855;127;1.994;1.134;402;276;183;4.976
        Gragnano Trebbiense;2.252;2.133;119;1.678;901;301;286;191;3.930
        Gropparello;923;877;46;1.046;656;92;186;112;1.969
        Lugagnano Val d'Arda;1.698;1.600;98;1.779;1.095;215;299;170;3.477
        Monticelli d'Ongina;2.340;2.215;125;2.169;1.308;273;379;210;4.509
        Morfasso;321;319;2;513;319;27;24;143;834
        Ottone;164;156;8;249;173;16;27;33;413
        Piacenza;48.909;46.242;2.667;40.620;21.840;6.802;6.796;5.182;89.529
        Pianello Val Tidone;1.034;975;59;905;558;130;125;93;1.939
        Piozzano;269;257;12;274;163;27;44;40;543
        Podenzano;4.450;4.217;233;3.473;1.992;594;567;320;7.923
        Ponte dell'Olio;2.116;2.005;111;2.040;1.232;266;345;196;4.156
        Pontenure;3.107;2.944;163;2.532;1.375;420;472;264;5.639
        Rivergaro;3.528;3.346;182;2.727;1.546;466;446;267;6.255
        Rottofreno;6.193;5.884;309;4.308;2.300;796;779;433;10.501
        San Giorgio Piacentino;2.726;2.587;139;2.165;1.252;366;342;206;4.891
        San Pietro in Cerro;383;361;22;325;188;45;57;36;708
        Sarmato;1.370;1.288;82;1.125;593;170;239;122;2.495
        Travo;1.023;971;52;978;627;86;133;131;2.001
        Vernasca;899;858;41;936;606;101;136;93;1.835
        Vigolzone;2.037;1.939;98;1.650;934;279;272;165;3.687
        Villanova sull'Arda;780;736;44;721;434;94;118;74;1.501
        Zerba;23;23;0;46;10;4;0;31;69
        Ziano Piacentino;1.151;1.064;87;1.050;644;126;154;126;2.201
      Parma;221.327;210.707;10.620;172.327;93.051;29.670;28.480;21.125;393.654
        Albareto;937;890;47;932;614;97;126;95;1.869
        Bardi;843;806;37;1.014;688;71;149;106;1.857
        Bedonia;1.326;1.256;70;1.504;1.020;117;224;143;2.830
        Berceto;820;775;45;987;678;67;126;116;1.807
        Bore;234;222;12;393;303;18;28;45;627
        Borgo Val di Taro;3.056;2.901;155;2.960;1.787;435;450;287;6.016
        Busseto;3.182;3.030;152;2.675;1.555;378;487;254;5.857
        Calestano;996;949;47;806;462;109;137;97;1.802
        Collecchio;7.282;6.967;315;5.328;2.986;981;838;522;12.610
        Colorno;4.524;4.301;223;3.179;1.568;605;630;376;7.703
        Compiano;449;425;24;486;300;66;73;48;935
        Corniglio;772;741;31;823;576;57;102;89;1.595
        Felino;4.552;4.343;209;3.416;1.886;635;552;342;7.968
        Fidenza;12.897;12.276;621;10.371;5.646;1.788;1.719;1.218;23.268
        Fontanellato;3.458;3.317;141;2.655;1.542;368;463;282;6.113
        Fontevivo;2.765;2.630;135;2.076;1.136;352;359;229;4.841
        Fornovo di Taro;2.674;2.530;144;2.468;1.312;380;493;282;5.142
        Langhirano;5.270;5.021;249;3.954;1.893;757;797;507;9.224
        Lesignano de' Bagni;2.652;2.550;102;1.750;935;310;312;194;4.402
        Medesano;5.282;5.068;214;4.048;2.168;687;743;450;9.330
        Mezzani;..;..;..;..;..;..;..;..;..
        Monchio delle Corti;329;314;15;467;364;28;31;45;796
        Montechiarugolo;5.484;5.210;274;4.242;2.371;755;668;449;9.726
        Neviano degli Arduini;1.552;1.483;69;1.492;967;153;217;155;3.044
        Noceto;6.606;6.320;286;4.735;2.567;837;830;502;11.341
        Palanzano;434;409;25;515;382;26;63;45;949
        Parma;98.366;93.511;4.855;73.544;37.775;13.876;11.801;10.092;171.910
        Pellegrino Parmense;404;385;19;466;286;44;66;71;870
        Polesine Zibello;1.465;1.397;68;1.291;740;165;237;149;2.756
        Roccabianca;1.391;1.330;61;1.168;664;166;208;130;2.559
        Sala Baganza;2.987;2.848;139;2.124;1.125;404;352;243;5.111
        Salsomaggiore Terme;9.380;8.790;590;8.268;4.475;1.181;1.500;1.112;17.648
        San Secondo Parmense;2.842;2.723;119;2.153;1.207;324;407;215;4.995
        Sissa Trecasali;3.819;3.653;166;2.992;1.614;514;523;341;6.811
        Solignano;807;770;37;716;428;93;118;77;1.523
        Soragna;2.387;2.289;98;1.742;985;286;284;187;4.129
        Sorbolo;..;..;..;..;..;..;..;..;..
        Sorbolo Mezzani;6.375;6.083;292;4.775;2.599;912;764;500;11.150
        Terenzo;548;529;19;483;320;42;69;52;1.031
        Tizzano Val Parma;979;926;53;899;530;116;144;109;1.878
        Tornolo;370;349;21;496;323;38;67;69;866
        Torrile;4.104;3.950;154;2.532;1.269;525;434;304;6.636
        Traversetolo;4.770;4.562;208;3.576;1.848;680;640;409;8.346
        Valmozzola;210;199;11;295;193;16;35;50;505
        Varano de' Melegari;1.289;1.242;47;957;553;175;144;86;2.246
        Varsi;461;437;24;571;412;37;68;54;1.032
      Reggio nell'Emilia;257.588;244.340;13.248;199.635;108.085;35.946;32.116;23.489;457.223
        Albinea;4.317;4.109;208;3.433;2.070;674;397;292;7.750
        Bagnolo in Piano;4.618;4.371;247;3.609;1.926;711;601;370;8.227
        Baiso;1.526;1.441;85;1.318;799;148;219;153;2.844
        Bibbiano;5.039;4.781;258;3.747;1.979;727;622;419;8.786
        Boretto;2.582;2.444;138;1.960;1.017;314;377;252;4.542
        Brescello;2.772;2.653;119;2.055;1.030;343;422;261;4.827
        Cadelbosco di Sopra;5.215;4.928;287;3.861;1.879;788;726;467;9.076
        Campagnola Emilia;2.616;2.470;146;2.148;1.210;386;342;210;4.764
        Campegine;2.522;2.387;135;1.978;1.067;317;365;229;4.500
        Canossa;1.734;1.645;89;1.544;856;238;258;192;3.278
        Carpineti;1.827;1.742;85;1.655;1.056;207;212;179;3.482
        Casalgrande;9.549;9.131;418;6.798;3.587;1.346;1.185;680;16.347
        Casina;2.088;1.988;100;1.912;1.186;257;262;206;4.000
        Castellarano;7.883;7.579;304;5.375;2.815;1.069;934;557;13.258
        Castelnovo di Sotto;4.081;3.866;215;3.286;1.746;555;610;374;7.367
        Castelnovo ne' Monti;4.865;4.654;211;4.199;2.537;648;566;449;9.064
        Cavriago;4.644;4.423;221;3.900;2.227;645;589;440;8.544
        Correggio;12.393;11.752;641;9.194;5.147;1.768;1.286;994;21.587
        Fabbrico;3.015;2.822;193;2.643;1.415;462;483;283;5.658
        Gattatico;2.790;2.659;131;2.139;1.171;391;351;227;4.929
        Gualtieri;2.897;2.735;162;2.599;1.414;409;472;305;5.496
        Guastalla;6.990;6.667;323;5.831;3.142;965;1.021;703;12.821
        Luzzara;3.916;3.700;216;3.540;1.861;547;752;380;7.456
        Montecchio Emilia;5.143;4.901;242;3.877;2.203;694;581;399;9.020
        Novellara;6.325;5.974;351;5.200;2.965;859;833;542;11.525
        Poviglio;3.432;3.256;176;2.691;1.438;444;515;295;6.123
        Quattro Castella;6.330;6.029;301;5.131;3.041;956;673;461;11.461
        Reggio nell'Emilia;85.031;80.322;4.709;62.927;31.708;12.286;10.057;8.877;147.958
        Reggiolo;4.472;4.264;208;3.444;1.858;586;625;375;7.916
        Rio Saliceto;2.930;2.756;174;2.271;1.261;411;340;259;5.201
        Rolo;1.863;1.757;106;1.565;826;289;282;169;3.428
        Rubiera;7.556;7.207;349;5.239;2.905;1.018;803;514;12.795
        San Martino in Rio;4.131;3.942;189;2.937;1.612;590;450;285;7.068
        San Polo d'Enza;2.954;2.815;139;2.345;1.295;389;410;252;5.299
        Sant'Ilario d'Enza;5.465;5.147;318;4.281;2.305;793;714;470;9.746
        Scandiano;12.404;11.821;583;9.850;5.751;1.607;1.500;992;22.254
        Toano;1.914;1.822;92;1.759;1.043;231;289;195;3.673
        Ventasso;1.666;1.583;83;1.936;1.345;166;224;201;3.602
        Vetto;796;762;34;806;569;65;92;81;1.602
        Vezzano sul Crostolo;2.105;2.002;103;1.697;982;303;237;175;3.802
        Viano;1.725;1.652;73;1.269;716;196;212;145;2.994
        Villa Minozzo;1.467;1.381;86;1.686;1.125;148;226;188;3.153
      Modena;341.959;323.884;18.075;271.042;152.363;46.546;40.948;31.185;613.001
        Bastiglia;2.107;1.995;112;1.509;796;267;282;164;3.616
        Bomporto;5.247;5.001;246;3.459;1.772;733;557;396;8.706
        Campogalliano;4.247;4.010;237;3.172;1.831;535;461;346;7.419
        Camposanto;1.529;1.438;91;1.298;685;236;233;145;2.827
        Carpi;34.517;32.558;1.959;28.202;15.737;4.701;4.179;3.585;62.719
        Castelfranco Emilia;16.644;15.804;840;11.879;6.425;2.176;1.998;1.279;28.523
        Castelnuovo Rangone;7.462;7.087;375;5.493;3.162;1.027;790;514;12.955
        Castelvetro di Modena;5.597;5.349;248;3.990;2.258;722;596;415;9.587
        Cavezzo;3.326;3.129;197;2.839;1.714;439;380;306;6.165
        Concordia sulla Secchia;3.801;3.574;227;3.482;2.013;526;549;393;7.283
        Fanano;1.308;1.229;79;1.337;907;124;155;152;2.645
        Finale Emilia;6.927;6.506;421;6.117;3.518;930;982;686;13.044
        Fiorano Modenese;8.227;7.825;402;6.395;3.608;1.075;1.098;615;14.622
        Fiumalbo;529;501;28;521;353;38;57;72;1.050
        Formigine;17.414;16.670;744;12.421;7.141;2.365;1.772;1.143;29.835
        Frassinoro;727;698;29;857;626;70;82;79;1.584
        Guiglia;1.947;1.852;95;1.690;924;267;301;198;3.637
        Lama Mocogno;1.210;1.146;64;1.178;742;147;148;141;2.388
        Maranello;8.543;8.158;385;6.488;3.717;1.155;983;633;15.031
        Marano sul Panaro;2.606;2.494;112;1.918;1.040;352;314;213;4.524
        Medolla;3.149;2.986;163;2.440;1.517;400;308;215;5.589
        Mirandola;11.919;11.283;636;9.210;5.221;1.626;1.254;1.109;21.129
        Modena;90.119;85.244;4.875;71.386;39.862;13.047;9.656;8.821;161.505
        Montecreto;410;390;20;417;286;38;45;49;827
        Montefiorino;908;875;33;971;663;99;100;110;1.879
        Montese;1.460;1.373;87;1.470;962;169;189;150;2.930
        Nonantola;7.955;7.553;402;6.016;3.401;1.086;923;606;13.971
        Novi di Modena;4.600;4.295;305;4.328;2.506;604;701;517;8.928
        Palagano;907;855;52;962;632;117;111;103;1.869
        Pavullo nel Frignano;8.831;8.435;396;6.930;3.691;1.255;1.109;875;15.761
        Pievepelago;1.000;938;62;923;512;112;147;152;1.923
        Polinago;675;633;42;749;485;62;109;92;1.424
        Prignano sulla Secchia;1.809;1.724;85;1.530;929;227;225;150;3.339
        Ravarino;3.048;2.897;151;2.338;1.317;393;364;265;5.386
        Riolunato;286;267;19;316;210;28;37;42;602
        San Cesario sul Panaro;3.329;3.170;159;2.397;1.464;371;331;232;5.726
        San Felice sul Panaro;5.114;4.801;313;4.193;2.389;706;653;445;9.307
        San Possidonio;1.653;1.550;103;1.453;837;221;230;165;3.106
        San Prospero;3.089;2.937;152;2.058;1.056;397;360;245;5.147
        Sassuolo;19.409;18.269;1.140;16.118;8.369;2.723;3.075;1.950;35.527
        Savignano sul Panaro;4.602;4.365;237;3.699;2.039;598;648;414;8.301
        Serramazzoni;4.283;4.085;198;3.310;1.773;527;609;401;7.593
        Sestola;1.097;1.034;63;1.099;735;102;122;139;2.196
        Soliera;7.732;7.323;409;5.859;3.376;1.072;827;584;13.591
        Spilamberto;6.027;5.696;331;5.030;2.900;779;844;508;11.057
        Vignola;12.491;11.858;633;9.628;5.105;1.678;1.724;1.120;22.119
        Zocca;2.142;2.024;118;1.967;1.158;228;329;251;4.109
      Bologna;498.424;469.962;28.462;393.350;230.409;64.746;51.198;46.998;891.774
        Alto Reno Terme;3.069;2.882;187;3.112;1.777;425;507;403;6.181
        Anzola dell'Emilia;6.034;5.719;315;4.727;2.894;817;570;446;10.761
        Argelato;4.761;4.518;243;3.752;2.304;641;433;374;8.513
        Baricella;3.476;3.286;190;2.714;1.549;393;435;337;6.190
        Bentivoglio;2.862;2.713;149;2.074;1.259;362;248;205;4.936
        Bologna;195.817;183.972;11.845;148.915;82.074;24.945;20.480;21.417;344.732
        Borgo Tossignano;1.516;1.417;99;1.277;737;202;170;168;2.793
        Budrio;8.983;8.514;469;6.927;4.251;1.130;829;717;15.910
        Calderara di Reno;6.867;6.534;333;4.985;3.115;850;565;456;11.852
        Camugnano;794;749;45;883;618;73;96;95;1.677
        Casalecchio di Reno;17.204;16.217;987;14.076;8.734;2.228;1.710;1.404;31.280
        Casalfiumanese;1.600;1.491;109;1.343;806;218;166;152;2.943
        Castel d'Aiano;814;763;51;917;604;91;109;113;1.731
        Castel del Rio;536;500;36;539;347;62;64;66;1.075
        Castel di Casio;1.553;1.457;96;1.433;871;201;201;160;2.986
        Castel Guelfo di Bologna;2.264;2.152;112;1.612;957;293;200;162;3.876
        Castel Maggiore;9.099;8.608;491;7.075;4.431;1.192;796;656;16.174
        Castel San Pietro Terme;9.818;9.246;572;8.422;5.427;1.224;944;827;18.240
        Castello d'Argile;3.429;3.262;167;2.339;1.269;502;329;239;5.768
        Castenaso;7.896;7.484;412;6.078;3.975;981;585;538;13.974
        Castiglione dei Pepoli;2.518;2.387;131;2.379;1.506;250;348;275;4.897
        Crevalcore;6.624;6.197;427;5.262;2.940;864;821;636;11.886
        Dozza;3.280;3.100;180;2.462;1.453;422;340;247;5.742
        Fontanelice;915;863;52;767;492;125;76;75;1.682
        Gaggio Montano;2.322;2.199;123;1.930;1.127;289;308;206;4.252
        Galliera;2.644;2.457;187;2.216;1.169;355;395;296;4.860
        Granarolo dell'Emilia;6.619;6.303;316;4.388;2.645;812;492;439;11.007
        Grizzana Morandi;1.751;1.632;119;1.725;970;223;306;226;3.476
        Imola;33.198;31.420;1.778;27.503;16.798;4.585;3.119;3.001;60.701
        Lizzano in Belvedere;959;891;68;1.002;652;90;114;145;1.961
        Loiano;2.039;1.923;116;1.890;1.143;211;299;237;3.929
        Malalbergo;4.493;4.221;272;3.492;2.058;549;503;382;7.985
        Marzabotto;3.230;3.024;206;2.824;1.607;470;427;320;6.054
        Medicina;8.189;7.772;417;6.270;3.885;1.086;713;587;14.459
        Minerbio;4.417;4.177;240;3.386;2.057;556;430;342;7.803
        Molinella;7.470;7.005;465;6.143;3.609;1.020;841;673;13.613
        Monghidoro;1.703;1.603;100;1.710;1.061;186;245;217;3.413
        Monte San Pietro;5.279;4.992;287;4.320;2.660;715;520;425;9.599
        Monterenzio;2.955;2.794;161;2.458;1.378;375;385;321;5.413
        Monzuno;3.107;2.933;174;2.618;1.465;375;429;348;5.725
        Mordano;2.215;2.078;137;1.756;1.102;273;192;189;3.971
        Ozzano dell'Emilia;6.950;6.605;345;5.269;3.307;915;580;467;12.219
        Pianoro;8.384;7.888;496;7.220;4.389;1.174;927;730;15.604
        Pieve di Cento;3.405;3.208;197;2.910;1.847;463;314;286;6.315
        Sala Bolognese;4.339;4.157;182;2.921;1.794;545;334;248;7.260
        San Benedetto Val di Sambro;1.901;1.801;100;1.882;1.102;236;303;241;3.783
        San Giorgio di Piano;4.687;4.444;243;3.404;2.028;655;387;333;8.091
        San Giovanni in Persiceto;13.504;12.825;679;10.752;6.563;1.886;1.236;1.068;24.256
        San Lazzaro di Savena;15.490;14.579;911;13.299;8.309;2.211;1.492;1.287;28.789
        San Pietro in Casale;6.289;5.935;354;4.771;2.704;815;721;531;11.060
        Sant'Agata Bolognese;3.775;3.592;183;2.572;1.467;478;367;260;6.347
        Sasso Marconi;6.948;6.521;427;6.189;3.784;1.058;749;598;13.137
        Valsamoggia;15.451;14.651;800;11.960;6.935;1.968;1.719;1.337;27.411
        Vergato;3.332;3.126;206;3.313;1.891;440;547;434;6.645
        Zola Predosa;9.652;9.175;477;7.185;4.515;1.240;780;650;16.837
      Ferrara;154.877;145.138;9.739;148.796;89.806;19.423;22.442;17.124;303.673
        Argenta;9.251;8.629;622;9.377;5.871;1.173;1.225;1.107;18.628
        Berra;..;..;..;..;..;..;..;..;..
        Bondeno;6.213;5.785;428;6.098;3.799;726;959;613;12.311
        Cento;17.109;16.192;917;13.398;7.405;2.392;2.292;1.309;30.507
        Codigoro;4.795;4.485;310;5.319;3.461;485;689;684;10.114
        Comacchio;9.492;8.800;692;10.556;5.502;1.069;2.329;1.657;20.048
        Copparo;6.694;6.276;418;7.694;5.121;804;1.027;743;14.388
        Ferrara;61.190;57.467;3.723;55.411;33.103;8.110;7.745;6.453;116.601
        Fiscaglia;3.528;3.280;248;4.164;2.677;405;565;518;7.692
        Formignana;..;..;..;..;..;..;..;..;..
        Goro;1.550;1.485;65;1.575;825;127;489;135;3.125
        Jolanda di Savoia;1.076;994;82;1.347;879;120;186;162;2.423
        Lagosanto;2.035;1.895;140;2.185;1.301;232;360;292;4.220
        Masi Torello;1.024;954;70;1.012;699;104;131;78;2.036
        Mesola;2.727;2.520;207;3.159;1.961;280;537;381;5.886
        Ostellato;2.417;2.245;172;2.742;1.886;266;307;282;5.159
        Poggio Renatico;4.690;4.412;278;3.767;2.133;637;596;400;8.457
        Portomaggiore;5.156;4.749;407;5.299;3.173;617;816;694;10.455
        Riva del Po;2.926;2.712;214;3.842;2.448;328;602;463;6.768
        Ro;..;..;..;..;..;..;..;..;..
        Terre del Reno;4.660;4.375;285;4.058;2.426;611;625;396;8.718
        Tresigallo;..;..;..;..;..;..;..;..;..
        Tresignana;3.011;2.832;179;3.221;2.119;313;430;359;6.232
        Vigarano Mainarda;3.683;3.506;177;2.983;1.904;446;372;261;6.666
        Voghiera;1.649;1.545;104;1.590;1.113;180;159;138;3.239
      Ravenna;179.134;169.075;10.059;161.258;92.624;24.903;22.666;21.065;340.392
        Alfonsine;5.010;4.716;294;5.201;3.377;649;604;573;10.211
        Bagnacavallo;7.596;7.176;420;6.903;4.330;950;832;791;14.499
        Bagnara di Romagna;1.157;1.099;58;871;516;155;101;100;2.028
        Brisighella;3.223;3.036;187;3.215;2.025;433;388;369;6.438
        Casola Valsenio;1.176;1.118;58;1.077;713;119;97;148;2.253
        Castel Bolognese;4.459;4.207;252;3.803;2.251;590;516;444;8.262
        Cervia;13.233;12.264;969;12.699;6.561;1.696;1.966;2.476;25.932
        Conselice;4.170;3.919;251;4.109;2.419;578;639;474;8.279
        Cotignola;3.386;3.210;176;3.027;1.935;437;344;311;6.413
        Faenza;28.048;26.632;1.416;23.274;13.606;3.961;2.823;2.884;51.322
        Fusignano;3.681;3.477;204;3.422;2.099;487;472;365;7.103
        Lugo;14.448;13.662;786;13.760;7.971;2.214;1.882;1.693;28.208
        Massa Lombarda;4.857;4.583;274;4.256;2.380;677;657;542;9.113
        Ravenna;72.687;68.630;4.057;65.568;36.400;10.415;10.018;8.735;138.255
        Riolo Terme;2.692;2.542;150;2.352;1.368;398;297;289;5.044
        Russi;5.713;5.389;324;4.968;3.078;679;652;559;10.681
        Sant'Agata sul Santerno;1.477;1.412;65;1.031;587;179;150;115;2.508
        Solarolo;2.123;2.003;120;1.720;1.009;288;227;196;3.843
      Forlì-Cesena;184.012;174.223;9.789;159.373;89.970;25.674;22.720;21.010;343.385
        Bagno di Romagna;2.593;2.471;122;2.415;1.537;318;294;267;5.008
        Bertinoro;5.411;5.161;250;4.163;2.440;637;591;495;9.574
        Borghi;1.414;1.343;71;1.096;502;160;256;178;2.510
        Castrocaro Terme e Terra del Sole;2.913;2.770;143;2.663;1.585;373;371;334;5.576
        Cesena;45.056;42.706;2.350;39.702;22.720;6.602;5.295;5.085;84.758
        Cesenatico;11.978;11.102;876;10.889;5.467;1.608;1.906;1.909;22.867
        Civitella di Romagna;1.592;1.504;88;1.570;915;206;218;230;3.162
        Dovadola;699;665;34;711;422;87;103;98;1.410
        Forlì;55.225;52.530;2.695;47.191;27.145;7.969;6.257;5.820;102.416
        Forlimpopoli;6.145;5.843;302;5.238;3.064;866;711;596;11.383
        Galeata;1.107;1.047;60;976;475;167;169;165;2.083
        Gambettola;5.080;4.782;298;4.170;2.250;682;654;583;9.250
        Gatteo;4.520;4.255;265;3.434;1.725;566;582;560;7.954
        Longiano;3.544;3.352;192;2.670;1.422;486;427;335;6.214
        Meldola;4.579;4.333;246;4.070;2.460;631;501;478;8.649
        Mercato Saraceno;3.143;2.983;160;2.785;1.563;405;460;357;5.928
        Modigliana;1.879;1.800;79;1.961;1.318;251;194;197;3.840
        Montiano;843;798;45;672;389;101;93;89;1.515
        Portico e San Benedetto;302;286;16;344;201;36;38;68;646
        Predappio;2.887;2.733;154;2.691;1.574;391;383;342;5.578
        Premilcuore;286;274;12;358;253;26;38;42;644
        Rocca San Casciano;775;742;33;860;582;93;95;90;1.635
        Roncofreddo;1.657;1.563;94;1.323;683;223;211;206;2.980
        San Mauro Pascoli;5.913;5.574;339;4.616;2.274;873;752;717;10.529
        Santa Sofia;1.781;1.679;102;1.750;1.085;237;211;216;3.531
        Sarsina;1.487;1.406;81;1.484;897;191;206;190;2.971
        Savignano sul Rubicone;8.529;7.998;531;6.939;3.377;1.190;1.322;1.050;15.468
        Sogliano al Rubicone;1.400;1.316;84;1.309;731;168;231;179;2.709
        Tredozio;483;458;25;536;380;57;49;50;1.019
        Verghereto;788;749;39;790;532;75;100;83;1.578
      Rimini;154.316;142.221;12.095;143.066;67.714;23.524;28.421;23.407;297.382
        Bellaria-Igea Marina;8.981;8.115;866;8.015;3.492;1.371;1.573;1.579;16.996
        Casteldelci;147;133;14;195;105;18;39;33;342
        Cattolica;7.437;6.734;703;7.352;3.643;1.059;1.279;1.372;14.789
        Coriano;4.711;4.337;374;4.376;2.008;751;924;693;9.087
        Gemmano;452;421;31;543;217;76;129;121;995
        Maiolo;368;346;22;361;159;60;88;54;729
        Misano Adriatico;6.654;6.089;565;5.486;2.439;947;1.087;1.013;12.140
        Mondaino;585;544;41;605;305;95;120;86;1.190
        Montecopiolo;429;405;24;484;296;38;86;65;913
        Montefiore Conca;1.079;1.013;66;912;391;173;195;153;1.991
        Montegridolfo;455;434;21;422;196;78;93;55;877
        Montescudo-Monte Colombo;3.070;2.862;208;2.718;1.017;481;703;517;5.788
        Morciano di Romagna;3.302;3.038;264;2.864;1.392;503;575;394;6.166
        Novafeltria;3.033;2.867;166;3.141;1.636;415;687;403;6.174
        Pennabilli;1.099;1.024;75;1.276;733;164;205;174;2.375
        Poggio Torriana;2.404;2.249;155;2.033;940;352;483;258;4.437
        Riccione;15.425;14.056;1.369;15.280;7.408;2.334;2.781;2.757;30.705
        Rimini;68.268;62.999;5.269;63.189;29.838;10.562;12.470;10.319;131.457
        Saludecio;1.425;1.332;93;1.295;570;192;273;259;2.720
        San Clemente;2.838;2.620;218;1.996;799;398;453;346;4.834
        San Giovanni in Marignano;4.418;4.064;354;3.793;1.901;659;655;578;8.211
        San Leo;1.167;1.089;78;1.264;539;181;347;198;2.431
        Sant'Agata Feltria;884;840;44;894;546;100;138;109;1.778
        Santarcangelo di Romagna;10.382;9.699;683;9.028;4.579;1.566;1.773;1.111;19.410
        Sassofeltrio;530;489;41;643;252;93;173;125;1.173
        Talamello;460;423;37;487;263;74;102;47;947
        Verucchio;4.312;3.999;313;4.415;2.053;784;990;587;8.727
  Centro;5.395.079;4.937.416;457.663;4.910.444;2.382.271;836.433;975.052;716.687;10.305.523
    Toscana;1.707.203;1.594.969;112.234;1.530.549;818.374;248.189;269.227;194.759;3.237.752
      Massa-Carrara;81.559;75.691;5.868;86.600;41.816;12.681;19.819;12.284;168.159
        Aulla;4.826;4.513;313;4.619;2.414;660;981;564;9.445
        Bagnone;644;605;39;910;524;96;187;102;1.554
        Carrara;26.242;24.407;1.835;27.498;12.301;4.275;7.002;3.920;53.740
        Casola in Lunigiana;321;293;28;558;315;51;124;68;879
        Comano;265;250;15;360;226;34;60;41;625
        Filattiera;953;893;60;1.045;652;118;173;102;1.998
        Fivizzano;2.752;2.596;156;3.751;2.350;373;657;371;6.503
        Fosdinovo;1.992;1.888;104;2.134;1.130;296;471;237;4.126
        Licciana Nardi;2.117;1.971;146;2.077;1.142;246;442;246;4.194
        Massa;29.015;26.705;2.310;30.218;13.614;4.713;7.059;4.833;59.233
        Montignoso;4.477;4.138;339;4.474;2.019;671;1.065;720;8.951
        Mulazzo;960;899;61;1.137;688;126;187;137;2.097
        Podenzana;946;885;61;915;462;146;187;120;1.861
        Pontremoli;2.903;2.712;191;3.336;1.968;445;516;408;6.239
        Tresana;792;729;63;958;510;117;204;127;1.750
        Villafranca in Lunigiana;2.042;1.913;129;2.035;1.111;272;413;239;4.077
        Zeri;311;294;17;576;391;43;93;49;887
      Lucca;172.552;160.121;12.431;166.892;83.632;25.675;34.411;23.174;339.444
        Altopascio;7.529;6.929;600;6.039;2.729;990;1.425;895;13.568
        Bagni di Lucca;2.203;2.069;134;2.888;1.446;359;642;441;5.091
        Barga;4.165;3.908;257;4.236;2.350;626;769;492;8.401
        Borgo a Mozzano;2.951;2.788;163;3.045;1.721;429;554;342;5.996
        Camaiore;14.461;13.305;1.156;14.103;6.522;1.999;3.402;2.179;28.564
        Camporgiano;861;816;45;964;559;124;182;99;1.825
        Capannori;21.371;20.044;1.327;19.052;10.285;3.311;3.197;2.259;40.423
        Careggine;186;175;11;281;163;26;62;29;467
        Castelnuovo di Garfagnana;2.525;2.388;137;2.476;1.363;410;428;276;5.001
        Castiglione di Garfagnana;729;673;56;801;444;103;162;92;1.530
        Coreglia Antelminelli;2.276;2.160;116;2.255;1.113;371;473;298;4.531
        Fabbriche di Vergemoli;275;251;24;393;220;34;86;52;668
        Forte dei Marmi;2.741;2.511;230;3.532;1.589;413;986;544;6.273
        Fosciandora;227;208;19;282;152;27;69;34;509
        Gallicano;1.611;1.509;102;1.620;880;239;296;204;3.231
        Lucca;41.707;38.902;2.805;37.241;19.328;6.602;6.510;4.801;78.948
        Massarosa;9.981;9.206;775;9.352;4.422;1.442;2.077;1.411;19.333
        Minucciano;708;667;41;965;565;96;213;92;1.673
        Molazzana;432;403;29;487;285;58;89;56;919
        Montecarlo;2.065;1.936;129;1.806;906;317;356;226;3.871
        Pescaglia;1.391;1.305;86;1.616;903;213;306;194;3.007
        Piazza al Serchio;880;838;42;1.059;539;140;250;130;1.939
        Pietrasanta;9.919;9.111;808;10.778;5.039;1.426;2.651;1.662;20.697
        Pieve Fosciana;1.012;951;61;998;564;148;180;106;2.010
        Porcari;4.195;3.917;278;3.365;1.734;577;642;412;7.560
        San Romano in Garfagnana;599;571;28;595;321;100;109;65;1.194
        Seravezza;5.341;4.886;455;5.812;2.690;734;1.477;911;11.153
        Sillano Giuncugnano;428;401;27;489;294;64;71;59;917
        Stazzema;1.181;1.088;93;1.429;662;145;398;224;2.610
        Vagli Sotto;340;322;18;444;254;36;103;51;784
        Viareggio;27.141;24.834;2.307;27.215;12.896;3.948;5.978;4.394;54.356
        Villa Basilica;628;590;38;678;372;88;148;70;1.306
        Villa Collemandina;494;459;35;595;320;80;120;75;1.089
      Pistoia;134.219;124.425;9.794;121.472;65.556;19.223;21.520;15.173;255.691
        Abetone Cutigliano;787;713;74;898;577;86;140;94;1.685
        Agliana;8.592;8.014;578;6.977;3.822;1.149;1.179;828;15.569
        Buggiano;4.097;3.775;322;3.699;1.860;623;681;534;7.796
        Chiesina Uzzanese;2.136;1.974;162;1.769;950;261;330;228;3.905
        Lamporecchio;3.510;3.255;255;2.966;1.683;454;471;358;6.476
        Larciano;2.957;2.784;173;2.643;1.533;371;435;303;5.600
        Marliana;1.482;1.376;106;1.428;818;172;272;166;2.910
        Massa e Cozzile;3.508;3.237;271;3.348;1.755;548;603;443;6.856
        Monsummano Terme;9.582;8.805;777;8.682;4.633;1.274;1.646;1.130;18.264
        Montale;4.882;4.577;305;4.445;2.567;681;751;447;9.327
        Montecatini-Terme;9.264;8.403;861;9.144;4.455;1.238;1.988;1.462;18.408
        Pescia;8.878;8.159;719;8.135;4.309;1.259;1.478;1.089;17.013
        Pieve a Nievole;4.226;3.872;354;3.928;1.995;654;735;545;8.154
        Pistoia;41.233;38.379;2.854;38.044;20.819;6.387;6.369;4.468;79.277
        Ponte Buggianese;4.045;3.742;303;3.648;1.885;593;695;475;7.693
        Quarrata;12.901;12.016;885;10.319;5.373;1.743;1.926;1.277;23.220
        Sambuca Pistoiese;558;500;58;753;396;83;151;123;1.311
        Serravalle Pistoiese;5.599;5.235;364;4.721;2.528;794;835;564;10.320
        Uzzano;2.747;2.558;189;2.151;1.074;413;377;287;4.898
        San Marcello Piteglio;3.235;3.051;184;3.774;2.525;439;458;353;7.009
      Firenze;474.311;444.805;29.506;397.570;221.298;69.034;60.750;46.489;871.881
        Bagno a Ripoli;11.302;10.687;615;11.014;6.492;1.921;1.478;1.124;22.316
        Barberino di Mugello;5.348;5.031;317;4.167;2.408;661;656;441;9.515
        Barberino Tavarnelle;5.777;5.471;306;4.698;2.714;848;639;497;10.475
        Barberino Val d'Elsa;..;..;..;..;..;..;..;..;..
        Borgo San Lorenzo;8.674;8.173;501;7.213;4.133;1.283;1.033;765;15.887
        Calenzano;8.788;8.303;485;7.003;4.260;1.176;899;668;15.791
        Campi Bisenzio;24.048;22.514;1.534;17.114;8.891;3.035;3.028;2.160;41.162
        Capraia e Limite;3.967;3.739;228;2.833;1.518;538;460;317;6.800
        Castelfiorentino;7.962;7.370;592;7.134;4.061;1.093;1.071;909;15.096
        Cerreto Guidi;5.224;4.884;340;4.261;2.323;733;695;510;9.485
        Certaldo;7.316;6.835;481;6.482;3.746;1.007;937;793;13.798
        Dicomano;2.624;2.448;176;2.214;1.241;364;338;270;4.838
        Empoli;23.869;22.288;1.581;19.270;9.869;3.688;3.135;2.579;43.139
        Fiesole;6.211;5.841;370;5.861;3.404;983;831;643;12.072
        Figline e Incisa Valdarno;10.763;10.206;557;9.639;5.481;1.570;1.539;1.049;20.402
        Firenze;175.886;163.886;12.000;145.982;78.909;25.670;23.292;18.111;321.868
        Firenzuola;1.945;1.846;99;1.995;1.280;266;260;189;3.940
        Fucecchio;10.758;10.001;757;9.212;4.822;1.520;1.642;1.227;19.970
        Gambassi Terme;2.333;2.222;111;1.938;1.155;344;239;200;4.271
        Greve in Chianti;6.286;5.984;302;5.577;3.092;987;836;663;11.863
        Impruneta;6.714;6.334;380;6.089;3.478;1.049;883;679;12.803
        Lastra a Signa;9.657;9.098;559;7.578;4.206;1.345;1.167;861;17.235
        Londa;898;844;54;745;370;142;127;106;1.643
        Marradi;1.258;1.172;86;1.355;925;141;164;125;2.613
        Montaione;1.630;1.532;98;1.470;926;212;171;161;3.100
        Montelupo Fiorentino;6.925;6.537;388;5.383;2.874;1.052;859;597;12.308
        Montespertoli;6.409;6.085;324;5.305;2.830;1.023;821;631;11.714
        Palazzuolo sul Senio;485;454;31;516;364;42;67;43;1.001
        Pelago;3.694;3.481;213;3.157;1.811;547;454;345;6.851
        Pontassieve;9.097;8.542;555;8.723;5.215;1.384;1.191;933;17.820
        Reggello;7.987;7.503;484;6.519;3.770;1.030;1.029;690;14.506
        Rignano sull'Arno;4.060;3.850;210;3.390;1.876;626;513;375;7.450
        Rufina;3.396;3.216;180;2.962;1.787;495;392;288;6.358
        San Casciano in Val di Pesa;7.573;7.161;412;6.995;4.092;1.204;956;743;14.568
        San Godenzo;487;452;35;470;295;56;67;52;957
        Scandicci;23.230;21.951;1.279;20.605;12.273;3.420;2.798;2.114;43.835
        Scarperia e San Piero;5.802;5.538;264;4.774;2.751;817;708;498;10.576
        Sesto Fiorentino;23.101;21.820;1.281;19.847;11.769;3.513;2.584;1.981;42.948
        Signa;9.487;8.942;545;6.921;3.612;1.304;1.156;849;16.408
        Tavarnelle Val di Pesa;..;..;..;..;..;..;..;..;..
        Vaglia;2.516;2.369;147;2.071;1.208;353;287;223;4.587
        Vicchio;3.896;3.669;227;3.188;1.788;542;494;364;7.084
        Vinci;6.928;6.526;402;5.900;3.278;1.053;855;714;12.828
      Livorno;144.977;134.116;10.861;145.622;73.025;21.205;30.546;20.845;290.599
        Bibbona;1.457;1.331;126;1.360;727;171;250;211;2.817
        Campiglia Marittima;5.448;5.118;330;5.765;3.102;746;1.170;747;11.213
        Campo nell'Elba;2.048;1.832;216;2.146;969;247;465;466;4.194
        Capoliveri;1.751;1.617;134;1.719;747;239;394;340;3.470
        Capraia Isola;173;158;15;177;86;17;40;34;350
        Castagneto Carducci;3.899;3.550;349;3.819;2.016;469;739;595;7.718
        Cecina;12.422;11.432;990;12.269;6.179;1.834;2.481;1.775;24.691
        Collesalvetti;7.530;7.061;469;6.782;3.555;999;1.415;812;14.312
        Livorno;68.866;63.890;4.976;67.466;33.333;10.677;14.256;9.200;136.332
        Marciana;840;759;81;1.019;501;107;222;189;1.859
        Marciana Marina;813;733;80;898;472;99;163;163;1.711
        Piombino;13.669;12.616;1.053;15.521;7.830;2.172;3.314;2.206;29.190
        Porto Azzurro;1.770;1.638;132;1.485;644;225;312;304;3.255
        Portoferraio;5.401;4.988;413;5.096;2.477;729;1.007;883;10.497
        Rio;1.400;1.244;156;1.642;803;157;356;326;3.042
        Rosignano Marittimo;13.269;12.263;1.006;13.786;7.073;1.769;2.999;1.945;27.055
        San Vincenzo;2.774;2.543;231;3.041;1.695;336;615;395;5.815
        Sassetta;192;177;15;224;92;25;58;49;416
        Suvereto;1.254;1.166;88;1.408;725;186;291;205;2.662
      Pisa;196.679;183.726;12.953;169.766;89.748;29.075;28.831;22.112;366.445
        Bientina;4.304;4.049;255;3.079;1.582;587;525;386;7.383
        Buti;2.605;2.435;170;2.350;1.317;375;372;285;4.955
        Calci;2.944;2.747;197;2.593;1.433;460;391;308;5.537
        Calcinaia;6.321;5.948;373;4.629;2.467;886;757;519;10.950
        Capannoli;3.001;2.814;187;2.506;1.379;418;424;286;5.507
        Casale Marittimo;483;437;46;457;256;54;86;61;940
        Casciana Terme Lari;5.516;5.208;308;5.186;2.724;875;927;659;10.702
        Cascina;21.252;19.996;1.256;17.724;9.370;3.244;2.950;2.161;38.976
        Castelfranco di Sotto;6.374;5.921;453;5.443;2.707;907;1.037;792;11.817
        Castellina Marittima;848;782;66;780;419;95;168;98;1.628
        Castelnuovo di Val di Cecina;774;729;45;1.047;538;117;277;115;1.821
        Chianni;566;535;31;643;359;79;124;80;1.209
        Crespina Lorenzana;2.551;2.411;140;2.249;1.209;357;407;276;4.800
        Fauglia;1.704;1.580;124;1.550;818;251;289;193;3.254
        Guardistallo;529;485;44;520;281;50;117;71;1.049
        Lajatico;550;516;34;595;365;87;81;61;1.145
        Montecatini Val di Cecina;728;683;45;767;463;82;142;79;1.495
        Montescudaio;1.054;967;87;816;449;117;146;105;1.870
        Monteverdi Marittimo;310;284;26;373;179;38;98;59;683
        Montopoli in Val d'Arno;5.418;5.094;324;4.285;2.284;737;751;514;9.703
        Orciano Pisano;291;265;26;273;158;26;58;32;564
        Palaia;2.068;1.963;105;1.920;1.051;338;306;224;3.988
        Peccioli;2.061;1.930;131;2.077;1.185;335;317;240;4.138
        Pisa;42.606;39.380;3.226;36.922;18.862;6.530;6.016;5.515;79.528
        Pomarance;2.088;1.983;105;2.675;1.553;289;584;249;4.763
        Ponsacco;7.483;6.996;487;5.904;2.902;1.070;1.141;790;13.387
        Pontedera;13.888;12.876;1.012;11.722;5.951;2.081;2.026;1.663;25.610
        Riparbella;757;691;66;650;322;92;124;112;1.407
        San Giuliano Terme;14.179;13.359;820;13.085;7.101;2.420;1.958;1.606;27.264
        San Miniato;13.412;12.623;789;10.865;6.109;1.810;1.729;1.217;24.277
        Santa Croce sull'Arno;6.832;6.280;552;5.601;2.607;920;1.169;905;12.433
        Santa Luce;732;682;50;758;401;97;149;112;1.490
        Santa Maria a Monte;6.512;6.067;445;5.034;2.570;878;945;642;11.546
        Terricciola;2.039;1.935;104;1.869;984;346;313;226;3.908
        Vecchiano;5.452;5.117;335;5.081;2.811;822;823;625;10.533
        Vicopisano;4.071;3.806;265;3.428;1.855;585;569;419;7.499
        Volterra;4.378;4.152;226;4.308;2.726;622;536;424;8.686
      Arezzo;157.041;147.793;9.248;138.254;79.649;22.265;20.381;15.959;295.295
        Anghiari;2.416;2.285;131;2.399;1.514;332;309;244;4.815
        Arezzo;45.780;42.823;2.957;39.643;22.185;6.809;5.770;4.878;85.423
        Badia Tedalda;401;373;28;482;320;34;83;44;883
        Bibbiena;5.359;5.087;272;5.161;2.951;819;799;593;10.520
        Bucine;4.765;4.512;253;3.989;2.369;637;568;414;8.754
        Capolona;2.558;2.418;140;2.049;1.193;355;279;223;4.607
        Caprese Michelangelo;571;541;30;641;411;69;100;61;1.212
        Castel Focognano;1.334;1.266;68;1.342;806;181;206;148;2.676
        Castel San Niccolò;1.072;1.014;58;1.179;704;149;195;132;2.251
        Castelfranco Piandiscò;4.826;4.587;239;3.694;2.224;600;508;362;8.520
        Castiglion Fibocchi;1.007;948;59;851;514;143;106;88;1.858
        Castiglion Fiorentino;6.107;5.736;371;5.276;2.944;875;808;649;11.383
        Cavriglia;4.623;4.383;240;3.666;2.043;650;566;407;8.289
        Chitignano;360;343;17;421;237;58;75;51;781
        Chiusi della Verna;789;746;43;910;559;117;148;87;1.699
        Civitella in Val di Chiana;4.177;3.999;178;3.595;2.157;595;476;367;7.772
        Cortona;9.779;9.119;660;9.107;5.270;1.293;1.455;1.090;18.886
        Foiano della Chiana;4.279;3.971;308;3.605;1.944;557;612;492;7.884
        Laterina Pergine Valdarno;3.019;2.845;174;2.627;1.556;384;409;278;5.646
        Loro Ciuffenna;2.874;2.722;152;2.335;1.332;408;348;247;5.209
        Lucignano;1.570;1.491;79;1.426;874;187;220;145;2.996
        Marciano della Chiana;1.744;1.645;99;1.253;682;234;192;146;2.997
        Monte San Savino;4.126;3.906;220;3.413;1.993;552;485;384;7.539
        Montemignaio;218;201;17;263;169;21;39;33;481
        Monterchi;781;748;33;746;510;101;71;64;1.527
        Montevarchi;11.454;10.696;758;9.594;5.236;1.639;1.540;1.179;21.048
        Ortignano Raggiolo;379;363;16;363;223;50;56;34;742
        Pieve Santo Stefano;1.353;1.291;62;1.296;818;189;167;122;2.649
        Poppi;2.623;2.494;129;2.513;1.453;368;399;294;5.136
        Pratovecchio Stia;2.410;2.276;134;2.489;1.513;311;389;276;4.899
        San Giovanni Valdarno;7.563;7.098;465;7.107;4.046;1.121;1.096;844;14.670
        Sansepolcro;6.953;6.591;362;6.535;4.086;1.001;763;685;13.488
        Sestino;507;480;27;574;342;78;94;61;1.081
        Subbiano;3.029;2.864;165;2.522;1.433;441;350;297;5.551
        Talla;402;379;23;495;312;55;79;48;897
        Terranuova Bracciolini;5.833;5.552;281;4.693;2.725;849;623;495;10.526
      Siena;122.475;116.414;6.061;107.525;61.731;17.629;15.329;12.837;230.000
        Abbadia San Salvatore;2.677;2.557;120;2.728;1.654;347;426;301;5.405
        Asciano;3.076;2.952;124;2.908;1.626;516;430;336;5.984
        Buonconvento;1.381;1.327;54;1.243;728;209;177;129;2.624
        Casole d'Elsa;1.869;1.770;99;1.364;777;210;211;166;3.233
        Castellina in Chianti;1.326;1.255;71;1.012;563;165;146;138;2.338
        Castelnuovo Berardenga;4.458;4.282;176;3.370;1.832;670;474;394;7.828
        Castiglione d'Orcia;920;871;49;1.026;661;117;139;108;1.946
        Cetona;1.053;1.003;50;1.214;747;137;197;132;2.267
        Chianciano Terme;3.273;3.062;211;3.006;1.685;421;441;459;6.279
        Chiusdino;775;737;38;744;440;91;114;99;1.519
        Chiusi;3.575;3.397;178;3.647;2.094;495;570;488;7.222
        Colle di Val d'Elsa;10.532;9.971;561;8.308;4.546;1.446;1.246;1.070;18.840
        Gaiole in Chianti;1.153;1.092;61;1.053;560;165;180;148;2.206
        Montalcino;2.583;2.462;121;2.375;1.415;325;352;284;4.958
        Montepulciano;6.047;5.700;347;5.758;3.354;851;863;689;11.805
        Monteriggioni;5.012;4.785;227;3.614;2.065;703;441;405;8.626
        Monteroni d'Arbia;4.307;4.088;219;3.362;1.817;605;524;416;7.669
        Monticiano;699;668;31;681;366;99;111;105;1.380
        Murlo;1.164;1.099;65;949;508;160;134;147;2.113
        Piancastagnaio;1.845;1.781;64;1.610;1.033;194;230;154;3.455
        Pienza;933;888;45;850;520;120;122;87;1.783
        Poggibonsi;13.458;12.789;669;11.530;6.486;2.046;1.561;1.437;24.988
        Radda in Chianti;673;644;29;630;349;106;96;79;1.303
        Radicofani;478;451;27;465;297;43;76;48;943
        Radicondoli;390;367;23;467;233;62;90;82;857
        Rapolano Terme;2.341;2.240;101;2.142;1.239;313;356;234;4.483
        San Casciano dei Bagni;641;613;28;733;475;70;108;80;1.374
        San Gimignano;3.704;3.486;218;2.950;1.769;447;375;360;6.654
        San Quirico d'Orcia;1.207;1.147;60;1.072;614;152;188;117;2.279
        Sarteano;1.945;1.856;89;2.016;1.180;283;319;235;3.961
        Siena;25.028;23.800;1.228;22.197;12.927;4.153;2.657;2.460;47.225
        Sinalunga;5.521;5.271;250;5.105;2.935;745;825;600;10.626
        Sovicille;4.800;4.558;242;3.821;2.141;672;556;452;8.621
        Torrita di Siena;3.116;2.951;165;3.037;1.792;419;492;335;6.153
        Trequanda;515;494;21;538;304;73;97;64;1.053
      Grosseto;94.702;87.465;7.237;99.125;51.614;13.760;19.874;13.876;193.827
        Arcidosso;1.929;1.796;133;1.831;961;256;344;270;3.760
        Campagnatico;1.067;990;77;1.039;618;131;156;134;2.106
        Capalbio;1.746;1.589;157;1.744;929;179;356;281;3.490
        Castel del Piano;2.108;1.947;161;2.071;1.184;286;322;279;4.179
        Castell'Azzara;464;427;37;746;504;55;108;80;1.210
        Castiglione della Pescaia;3.180;2.904;276;3.360;1.799;368;682;511;6.540
        Cinigiano;1.050;962;88;1.072;654;105;173;140;2.122
        Civitella Paganico;1.260;1.173;87;1.331;738;172;233;187;2.591
        Follonica;8.604;7.893;711;9.868;5.100;1.276;2.164;1.328;18.472
        Gavorrano;3.466;3.210;256;3.901;1.880;471;984;566;7.367
        Grosseto;37.474;34.668;2.806;34.767;17.591;5.989;6.374;4.813;72.241
        Isola del Giglio;571;511;60;648;355;61;126;106;1.219
        Magliano in Toscana;1.420;1.309;111;1.582;956;176;260;189;3.002
        Manciano;3.113;2.877;236;3.207;1.845;354;572;436;6.320
        Massa Marittima;3.411;3.138;273;3.846;2.107;434;826;479;7.257
        Monte Argentario;4.612;4.295;317;6.086;2.468;748;1.892;977;10.698
        Monterotondo Marittimo;518;486;32;609;290;76;160;84;1.127
        Montieri;441;404;37;601;276;65;164;96;1.042
        Orbetello;6.074;5.596;478;6.869;3.644;874;1.336;1.015;12.943
        Pitigliano;1.549;1.453;96;1.716;1.025;235;256;200;3.265
        Roccalbegna;386;359;27;462;273;49;84;56;848
        Roccastrada;3.563;3.312;251;4.325;2.206;531;977;611;7.888
        Santa Fiora;1.109;1.049;60;1.184;717;144;187;136;2.293
        Scansano;1.794;1.635;159;2.100;1.093;254;392;361;3.894
        Scarlino;1.792;1.622;170;1.551;818;212;310;212;3.343
        Seggiano;404;369;35;491;276;48;86;81;895
        Semproniano;386;356;30;500;320;55;66;59;886
        Sorano;1.214;1.135;79;1.615;985;158;283;189;2.829
      Prato;128.687;120.413;8.274;97.724;50.306;17.644;17.765;12.009;226.411
        Cantagallo;1.477;1.394;83;1.286;739;191;218;139;2.763
        Carmignano;7.422;7.018;404;5.351;2.752;1.046;929;624;12.773
        Montemurlo;8.980;8.397;583;7.685;4.048;1.250;1.467;921;16.665
        Poggio a Caiano;4.696;4.424;272;3.885;2.052;705;695;434;8.581
        Prato;98.688;92.192;6.496;72.588;36.622;13.460;13.325;9.180;171.276
        Vaiano;4.682;4.416;266;4.137;2.489;639;612;396;8.819
        Vernio;2.743;2.572;171;2.791;1.604;352;519;315;5.534
    Umbria;388.822;358.332;30.490;367.892;195.404;59.809;62.282;50.397;756.714
      Perugia;293.771;271.992;21.779;268.982;145.652;45.029;41.792;36.510;562.753
        Assisi;12.710;11.821;889;11.651;6.121;1.974;1.729;1.827;24.361
        Bastia Umbra;10.228;9.485;743;8.219;4.424;1.539;1.235;1.020;18.447
        Bettona;1.966;1.830;136;1.723;925;285;261;252;3.689
        Bevagna;2.200;2.057;143;2.062;1.136;321;339;266;4.262
        Campello sul Clitunno;1.031;954;77;1.019;594;164;142;119;2.050
        Cannara;1.960;1.827;133;1.685;954;275;262;195;3.645
        Cascia;1.427;1.335;92;1.251;625;209;209;207;2.678
        Castel Ritaldi;1.384;1.275;109;1.326;693;251;205;177;2.710
        Castiglione del Lago;6.660;6.211;449;6.633;3.513;933;1.196;990;13.293
        Cerreto di Spoleto;419;391;28;472;251;77;70;74;891
        Citerna;1.624;1.552;72;1.318;799;212;152;155;2.942
        Città della Pieve;3.277;3.067;210;3.342;1.751;489;626;476;6.619
        Città di Castello;17.751;16.798;953;15.960;9.575;2.640;1.734;2.011;33.711
        Collazzone;1.498;1.394;104;1.378;740;243;196;199;2.876
        Corciano;10.563;9.847;716;7.915;4.257;1.576;1.159;924;18.478
        Costacciaro;457;410;47;524;325;71;69;58;981
        Deruta;4.436;4.132;304;3.819;2.154;673;540;452;8.255
        Foligno;25.163;23.048;2.115;23.339;11.930;3.744;4.353;3.312;48.502
        Fossato di Vico;1.130;989;141;1.182;614;198;215;155;2.312
        Fratta Todina;882;800;82;786;403;151;107;125;1.668
        Giano dell'Umbria;1.721;1.573;148;1.458;727;232;262;236;3.179
        Gualdo Cattaneo;2.524;2.357;167;2.526;1.334;327;471;394;5.050
        Gualdo Tadino;6.180;5.631;549;6.553;3.645;981;1.082;845;12.733
        Gubbio;13.938;13.051;887;13.166;7.308;2.144;2.123;1.591;27.104
        Lisciano Niccone;258;217;41;277;154;26;52;46;535
        Magione;6.698;6.253;445;6.146;3.390;1.050;960;746;12.844
        Marsciano;8.259;7.638;621;7.475;3.938;1.311;1.135;1.092;15.734
        Massa Martana;1.520;1.411;109;1.659;795;236;357;271;3.179
        Monte Castello di Vibio;596;556;40;690;421;70;109;89;1.286
        Monte Santa Maria Tiberina;510;487;23;466;278;65;62;61;976
        Montefalco;2.425;2.241;184;2.376;1.362;346;351;316;4.801
        Monteleone di Spoleto;230;205;25;289;128;43;57;62;519
        Montone;697;659;38;706;395;109;104;98;1.403
        Nocera Umbra;2.345;2.091;254;2.617;1.487;362;416;353;4.962
        Norcia;2.017;1.863;154;1.988;973;337;326;352;4.005
        Paciano;402;373;29;454;252;52;88;62;856
        Panicale;2.269;2.100;169;2.457;1.289;376;408;383;4.726
        Passignano sul Trasimeno;2.566;2.366;200;2.471;1.278;381;483;329;5.037
        Perugia;76.973;70.595;6.378;65.788;34.975;12.332;9.527;8.954;142.761
        Piegaro;1.468;1.373;95;1.556;855;218;272;211;3.024
        Pietralunga;863;807;56;940;531;139;130;140;1.803
        Poggiodomo;28;26;2;62;48;2;6;6;90
        Preci;296;274;22;318;170;22;73;52;614
        San Giustino;5.235;4.985;250;4.509;2.788;714;494;513;9.744
        Sant'Anatolia di Narco;222;204;18;238;132;30;41;35;460
        Scheggia e Pascelupo;507;470;37;608;353;81;101;74;1.115
        Scheggino;190;172;18;214;106;37;33;37;404
        Sellano;361;335;26;542;297;69;89;87;903
        Sigillo;1.006;934;72;1.092;590;168;190;143;2.098
        Spello;3.769;3.559;210;3.592;2.044;563;592;394;7.361
        Spoleto;15.907;14.647;1.260;16.546;8.797;2.502;2.906;2.341;32.453
        Todi;6.913;6.456;457;7.127;3.840;1.045;1.197;1.045;14.040
        Torgiano;3.171;2.969;202;2.556;1.407;474;379;297;5.727
        Trevi;3.619;3.358;261;3.456;1.926;512;592;426;7.075
        Tuoro sul Trasimeno;1.666;1.516;150;1.685;919;264;274;228;3.351
        Umbertide;7.556;7.075;481;6.577;3.644;1.058;964;912;14.133
        Valfabbrica;1.428;1.336;92;1.417;835;219;171;192;2.845
        Vallo di Nera;135;126;9;176;93;20;29;34;311
        Valtopina;539;480;59;603;364;88;86;66;1.142
      Terni;95.051;86.340;8.711;98.910;49.752;14.780;20.491;13.887;193.961
        Acquasparta;1.827;1.673;154;2.070;1.034;346;418;273;3.897
        Allerona;753;714;39;748;400;84;169;95;1.501
        Alviano;558;503;55;687;293;118;158;117;1.245
        Amelia;4.970;4.536;434;5.287;2.581;764;1.132;810;10.257
        Arrone;1.119;1.023;96;1.183;602;168;270;141;2.302
        Attigliano;916;763;153;811;374;105;199;134;1.727
        Avigliano Umbro;1.003;932;71;1.090;491;154;281;164;2.093
        Baschi;1.088;990;98;1.218;654;159;225;180;2.306
        Calvi dell'Umbria;746;654;92;805;478;86;131;109;1.551
        Castel Giorgio;810;753;57;1.027;615;105;174;133;1.837
        Castel Viscardo;1.125;1.062;63;1.308;762;161;216;169;2.433
        Fabro;1.149;1.076;73;1.206;621;166;246;173;2.355
        Ferentillo;737;677;60;844;433;113;175;124;1.581
        Ficulle;645;585;60;758;445;84;123;107;1.403
        Giove;757;636;121;907;418;143;201;146;1.664
        Guardea;730;692;38;827;414;106;178;129;1.557
        Lugnano in Teverina;541;498;43;749;342;83;215;109;1.290
        Montecastrilli;2.043;1.903;140;2.205;1.024;329;511;341;4.248
        Montecchio;627;567;60;789;408;87;165;129;1.416
        Montefranco;534;490;44;576;238;86;161;91;1.110
        Montegabbione;409;366;43;596;316;52;142;86;1.005
        Monteleone d'Orvieto;552;514;38;683;332;82;164;105;1.235
        Narni;7.598;6.939;659;8.611;4.282;1.281;1.980;1.068;16.209
        Orvieto;8.615;8.013;602;8.793;4.872;1.294;1.439;1.188;17.408
        Otricoli;712;645;67;820;399;98;194;128;1.532
        Parrano;194;171;23;253;141;25;50;36;447
        Penna in Teverina;433;391;42;505;229;69;124;84;938
        Polino;77;69;8;111;52;6;37;17;188
        Porano;846;769;77;872;438;160;139;135;1.718
        San Gemini;2.134;2.001;133;2.063;1.088;330;420;225;4.197
        San Venanzo;1.011;934;77;999;596;114;144;144;2.010
        Stroncone;2.065;1.887;178;2.024;1.067;341;375;241;4.089
        Terni;47.727;42.914;4.813;47.485;23.316;7.479;9.933;6.757;95.212
    Marche;683.089;638.449;44.640;625.403;342.572;105.956;97.289;79.587;1.308.492
      Pesaro e Urbino;163.375;153.581;9.794;143.951;78.387;24.983;22.596;17.985;307.326
        Acqualagna;1.956;1.859;97;1.689;951;290;238;210;3.645
        Apecchio;764;729;35;783;514;97;89;83;1.547
        Auditore;..;..;..;..;..;..;..;..;..
        Belforte all'Isauro;325;308;17;296;153;49;52;42;621
        Borgo Pace;202;189;13;267;161;29;44;33;469
        Cagli;3.543;3.359;184;3.591;2.157;504;482;448;7.134
        Cantiano;795;748;47;1.035;626;111;170;126;1.830
        Carpegna;732;691;41;708;393;102;120;93;1.440
        Cartoceto;3.846;3.623;223;3.074;1.557;562;560;395;6.920
        Colli al Metauro;5.853;5.516;337;4.577;2.295;877;847;558;10.430
        Fano;28.093;26.314;1.779;24.663;13.245;4.442;3.965;3.011;52.756
        Fermignano;4.066;3.860;206;3.098;1.616;584;491;407;7.164
        Fossombrone;4.121;3.862;259;3.879;2.273;647;528;430;8.000
        Fratte Rosa;376;353;23;399;236;47;65;51;775
        Frontino;121;106;15;136;67;23;27;19;257
        Frontone;518;487;31;576;364;78;65;69;1.094
        Gabicce Mare;2.402;2.177;225;2.525;1.395;397;330;404;4.927
        Gradara;2.417;2.251;166;1.772;852;343;315;263;4.189
        Isola del Piano;259;244;15;235;137;32;35;31;494
        Lunano;689;652;37;529;235;105;109;81;1.218
        Macerata Feltria;808;766;42;864;508;121;132;104;1.672
        Mercatello sul Metauro;588;556;32;576;352;79;80;65;1.164
        Mercatino Conca;399;367;32;509;222;69;131;87;908
        Mombaroccio;995;943;52;859;412;144;171;133;1.854
        Mondavio;1.654;1.575;79;1.612;942;251;219;200;3.266
        Mondolfo;6.610;6.192;418;5.899;3.199;942;1.024;734;12.509
        Monte Cerignone;233;218;15;317;162;42;63;51;550
        Monte Grimano Terme;492;461;31;491;196;82;101;111;983
        Monte Porzio;1.338;1.265;73;1.093;568;183;201;141;2.431
        Montecalvo in Foglia;1.240;1.173;67;1.079;550;187;196;147;2.319
        Monteciccardo;..;..;..;..;..;..;..;..;..
        Montecopiolo;..;..;..;..;..;..;..;..;..
        Montefelcino;1.173;1.116;57;1.055;640;168;141;105;2.228
        Montelabbate;3.496;3.296;200;2.473;1.087;521;531;334;5.969
        Peglio;330;314;16;244;138;40;34;32;574
        Pergola;2.503;2.359;144;2.709;1.694;337;355;323;5.212
        Pesaro;45.023;42.195;2.828;39.795;22.193;7.130;5.795;4.677;84.818
        Petriano;1.262;1.200;62;1.108;471;166;303;168;2.370
        Piandimeleto;912;872;40;812;412;110;187;103;1.724
        Pietrarubbia;258;244;14;293;146;39;63;45;551
        Piobbico;824;786;38;780;454;123;113;91;1.604
        San Costanzo;2.098;1.979;119;1.872;1.019;294;338;222;3.970
        San Lorenzo in Campo;1.393;1.315;78;1.429;854;220;192;164;2.822
        Sant'Angelo in Vado;1.778;1.676;102;1.610;925;284;196;205;3.388
        Sant'Ippolito;669;614;55;607;343;118;76;71;1.276
        Sassocorvaro;..;..;..;..;..;..;..;..;..
        Sassocorvaro Auditore;2.216;2.110;106;1.992;1.141;315;296;239;4.208
        Sassofeltrio;..;..;..;..;..;..;..;..;..
        Serra Sant'Abbondio;341;324;17;498;317;50;76;55;839
        Tavoleto;382;361;21;352;183;59;58;51;734
        Tavullia;4.030;3.796;234;2.752;1.245;576;557;374;6.782
        Terre Roveresche;2.382;2.261;121;2.195;1.263;314;337;281;4.577
        Urbania;3.175;2.998;177;2.794;1.556;514;358;366;5.969
        Urbino;6.399;6.018;381;5.923;3.543;1.037;647;697;12.322
        Vallefoglia;7.295;6.903;392;5.528;2.425;1.150;1.096;857;12.823
      Ancona;214.314;199.594;14.720;192.278;106.815;33.284;28.141;24.037;406.592
        Agugliano;2.246;2.115;131;1.865;1.007;398;247;213;4.111
        Ancona;45.914;42.445;3.469;41.582;21.936;7.249;6.834;5.563;87.496
        Arcevia;1.781;1.651;130;2.100;1.349;242;238;271;3.881
        Barbara;551;516;35;577;362;83;62;70;1.128
        Belvedere Ostrense;925;862;63;892;531;136;119;106;1.817
        Camerano;3.303;3.100;203;2.895;1.774;528;305;288;6.198
        Camerata Picena;1.290;1.224;66;861;440;170;153;98;2.151
        Castelbellino;2.406;2.250;156;1.831;994;335;281;221;4.237
        Castelfidardo;8.772;8.210;562;7.243;3.920;1.361;1.076;886;16.015
        Castelleone di Suasa;708;665;43;685;401;110;82;92;1.393
        Castelplanio;1.595;1.493;102;1.459;740;269;232;216;3.054
        Cerreto d'Esi;1.538;1.409;129;1.492;755;296;219;223;3.030
        Chiaravalle;6.463;6.063;400;6.158;3.495;1.034;957;671;12.621
        Corinaldo;2.160;2.049;111;2.060;1.315;296;214;235;4.220
        Cupramontana;1.914;1.787;127;1.937;1.120;325;268;224;3.851
        Fabriano;13.002;11.979;1.023;12.656;6.815;2.139;2.025;1.677;25.658
        Falconara Marittima;11.379;10.634;745;11.432;6.430;1.728;1.929;1.345;22.811
        Filottrano;4.212;4.002;210;3.601;2.314;579;318;390;7.813
        Genga;744;693;51;778;476;111;107;84;1.522
        Jesi;18.173;16.886;1.287;16.412;9.296;2.838;2.279;1.998;34.585
        Loreto;6.126;5.689;437;5.203;2.878;961;718;646;11.329
        Maiolati Spontini;2.759;2.607;152;2.521;1.504;421;302;295;5.280
        Mergo;471;446;25;436;224;79;71;62;907
        Monsano;1.624;1.536;88;1.236;723;270;124;119;2.860
        Monte Roberto;1.435;1.343;92;1.166;631;224;171;139;2.601
        Monte San Vito;3.327;3.132;195;2.549;1.445;537;299;268;5.876
        Montecarotto;769;722;47;849;516;124;96;114;1.618
        Montemarciano;4.591;4.293;298;4.103;2.254;695;656;498;8.694
        Morro d'Alba;851;800;51;739;438;119;98;85;1.590
        Numana;1.901;1.749;152;1.524;830;248;222;224;3.425
        Offagna;985;929;56;781;454;137;108;82;1.766
        Osimo;16.722;15.660;1.062;13.190;7.385;2.514;1.776;1.515;29.912
        Ostra;2.891;2.722;169;2.600;1.513;400;377;310;5.491
        Ostra Vetere;1.420;1.337;83;1.360;822;188;179;171;2.780
        Poggio San Marcello;294;265;29;303;145;49;59;49;597
        Polverigi;2.309;2.196;113;1.607;882;346;220;159;3.916
        Rosora;828;779;49;780;422;137;106;114;1.608
        San Marcello;965;905;60;787;487;139;78;84;1.752
        San Paolo di Jesi;410;379;31;379;193;63;66;58;789
        Santa Maria Nuova;1.807;1.687;120;1.680;955;307;210;209;3.487
        Sassoferrato;2.976;2.793;183;3.125;1.691;483;499;452;6.101
        Senigallia;20.502;18.947;1.555;18.771;10.398;3.303;2.627;2.443;39.273
        Serra de' Conti;1.672;1.583;89;1.423;873;229;159;162;3.095
        Serra San Quirico;1.126;1.039;87;1.153;693;179;144;137;2.279
        Sirolo;1.958;1.808;150;1.648;929;273;231;215;3.606
        Staffolo;975;915;60;878;536;120;123;100;1.853
        Trecastelli;3.544;3.300;244;2.971;1.523;515;476;457;6.515
      Macerata;138.727;130.372;8.355;128.593;71.856;21.330;19.718;15.690;267.320
        Apiro;942;902;40;867;553;105;117;93;1.809
        Appignano;1.882;1.793;89;1.672;994;260;250;168;3.554
        Belforte del Chienti;846;803;43;728;414;118;122;74;1.574
        Bolognola;59;56;3;67;36;8;14;9;126
        Caldarola;762;716;46;644;346;121;103;74;1.406
        Camerino;2.880;2.668;212;2.687;1.651;442;305;289;5.567
        Camporotondo di Fiastrone;222;214;8;211;117;32;34;28;433
        Castelraimondo;1.997;1.868;129;1.894;1.085;305;280;223;3.891
        Castelsantangelo sul Nera;94;87;7;122;92;11;7;12;216
        Cessapalombo;186;177;9;200;117;23;37;24;386
        Cingoli;4.386;4.172;214;4.132;2.327;655;624;526;8.518
        Civitanova Marche;19.256;17.887;1.369;17.512;8.263;3.096;3.527;2.626;36.768
        Colmurano;528;500;28;495;290;85;60;60;1.023
        Corridonia;6.898;6.521;377;5.848;3.208;1.004;963;673;12.746
        Esanatoglia;867;822;45;821;520;113;107;80;1.688
        Fiastra;270;257;13;295;185;28;47;35;565
        Fiuminata;516;484;32;649;402;77;97;73;1.165
        Gagliole;232;220;12;222;132;27;38;25;454
        Gualdo;283;270;13;373;235;28;65;45;656
        Loro Piceno;942;898;44;987;617;154;103;113;1.929
        Macerata;18.411;17.160;1.251;17.307;9.739;3.042;2.458;2.068;35.718
        Matelica;4.055;3.819;236;4.124;2.588;622;501;413;8.179
        Mogliano;1.960;1.852;108;1.859;1.137;305;198;220;3.819
        Monte Cavallo;46;44;2;51;31;10;6;5;97
        Monte San Giusto;3.319;3.092;227;3.145;1.704;525;510;407;6.464
        Monte San Martino;304;281;23;320;162;54;50;53;624
        Montecassiano;3.244;3.076;168;2.762;1.601;483;376;301;6.006
        Montecosaro;3.553;3.361;192;2.671;1.388;505;466;313;6.224
        Montefano;1.537;1.466;71;1.368;755;235;201;176;2.905
        Montelupone;1.576;1.496;80;1.378;810;220;204;145;2.954
        Morrovalle;4.578;4.312;266;3.963;2.110;666;693;495;8.541
        Muccia;378;356;22;340;197;48;57;37;718
        Penna San Giovanni;372;348;24;499;291;47;92;69;871
        Petriolo;827;790;37;772;493;113;96;70;1.599
        Pieve Torina;542;511;31;568;307;86;99;75;1.110
        Pioraco;393;371;22;483;267;55;103;58;876
        Poggio San Vicino;87;83;4;122;82;18;9;13;209
        Pollenza;2.888;2.746;142;2.579;1.514;458;340;267;5.467
        Porto Recanati;5.834;5.412;422;4.863;2.165;848;1.055;796;10.697
        Potenza Picena;6.908;6.464;444;6.679;3.598;1.121;1.094;867;13.587
        Recanati;9.550;9.001;549;8.619;5.002;1.525;1.137;955;18.169
        Ripe San Ginesio;378;358;20;328;196;50;41;40;706
        San Ginesio;1.358;1.296;62;1.425;885;195;174;171;2.783
        San Severino Marche;5.341;5.060;281;5.171;3.183;780;612;596;10.512
        Sant'Angelo in Pontano;509;486;23;611;357;83;91;80;1.120
        Sarnano;1.340;1.261;79;1.368;746;194;233;196;2.708
        Sefro;181;174;7;201;94;19;63;24;382
        Serrapetrona;423;400;23;379;216;60;57;47;802
        Serravalle di Chienti;404;369;35;530;298;66;95;71;934
        Tolentino;8.019;7.569;450;7.854;4.796;1.349;904;805;15.873
        Treia;4.216;4.004;212;3.760;2.299;574;506;382;7.976
        Urbisaglia;1.146;1.093;53;1.038;680;159;107;92;2.184
        Ussita;172;161;11;171;89;22;31;29;343
        Valfornace;395;374;21;414;232;49;83;50;809
        Visso;432;411;21;448;262;52;77;57;880
      Ascoli Piceno;90.760;84.384;6.376;87.911;45.320;14.447;15.524;12.619;178.671
        Acquasanta Terme;1.084;1.030;54;1.182;674;137;213;158;2.266
        Acquaviva Picena;1.651;1.541;110;1.562;772;251;326;213;3.213
        Appignano del Tronto;711;668;43;776;464;100;126;86;1.487
        Arquata del Tronto;401;383;18;508;313;62;67;65;909
        Ascoli Piceno;20.333;18.907;1.426;20.688;11.339;3.372;3.290;2.687;41.021
        Carassai;427;398;29;464;259;64;74;68;891
        Castel di Lama;3.868;3.619;249;3.357;1.661;596;657;443;7.225
        Castignano;1.110;1.050;60;1.180;722;170;140;148;2.290
        Castorano;998;940;58;972;506;139;193;133;1.970
        Colli del Tronto;1.726;1.622;104;1.427;754;222;266;185;3.153
        Comunanza;1.393;1.322;71;1.169;645;188;174;163;2.562
        Cossignano;368;345;23;437;258;70;46;63;805
        Cupra Marittima;2.460;2.268;192;2.328;1.232;381;369;346;4.788
        Folignano;4.055;3.803;252;3.585;1.812;668;638;467;7.640
        Force;497;472;25;541;350;70;56;64;1.038
        Grottammare;7.231;6.682;549;6.652;3.170;1.199;1.256;1.028;13.883
        Maltignano;977;913;64;996;510;159;188;138;1.973
        Massignano;728;676;52;692;364;106;116;106;1.420
        Monsampolo del Tronto;2.062;1.931;131;1.834;868;303;379;284;3.896
        Montalto delle Marche;845;801;44;873;580;124;72;97;1.718
        Montedinove;207;191;16;225;144;29;21;31;432
        Montefiore dell'Aso;887;824;63;905;516;128;141;121;1.792
        Montegallo;156;147;9;245;142;19;50;34;401
        Montemonaco;234;222;12;239;147;28;34;30;473
        Monteprandone;5.996;5.571;425;5.082;2.312;921;1.049;800;11.078
        Offida;2.076;1.960;116;2.136;1.279;272;305;279;4.212
        Palmiano;68;65;3;87;38;11;21;17;155
        Ripatransone;1.813;1.684;129;1.820;1.007;294;280;238;3.633
        Roccafluvione;792;752;40;859;447;106;186;120;1.651
        Rotella;337;308;29;405;244;52;54;56;742
        San Benedetto del Tronto;21.110;19.407;1.703;20.839;9.867;3.554;4.015;3.403;41.949
        Spinetoli;3.345;3.110;235;2.962;1.423;530;562;447;6.307
        Venarotta;815;772;43;883;502;120;163;98;1.698
      Fermo;75.912;70.518;5.394;72.671;40.194;11.911;11.309;9.257;148.583
        Altidona;1.699;1.584;115;1.354;664;227;274;189;3.053
        Amandola;1.484;1.380;104;1.471;868;196;218;189;2.955
        Belmonte Piceno;213;195;18;302;179;41;43;39;515
        Campofilone;896;829;67;791;441;118;134;98;1.687
        Falerone;1.416;1.320;96;1.388;778;212;211;186;2.804
        Fermo;16.009;14.747;1.262;15.930;8.674;2.841;2.374;2.041;31.939
        Francavilla d'Ete;391;366;25;446;264;59;63;59;837
        Grottazzolina;1.471;1.361;110;1.358;754;271;170;162;2.829
        Lapedona;550;517;33;500;298;78;68;55;1.050
        Magliano di Tenna;686;639;47;545;299;101;80;66;1.231
        Massa Fermana;382;357;25;391;225;53;63;51;773
        Monsampietro Morico;237;222;15;302;168;38;55;41;539
        Montappone;710;665;45;677;385;110;93;88;1.387
        Monte Giberto;318;295;23;337;196;57;37;47;655
        Monte Rinaldo;133;121;12;160;101;19;20;21;293
        Monte San Pietrangeli;1.004;939;65;998;592;151;131;124;2.002
        Monte Urano;3.523;3.306;217;3.362;1.939;579;477;366;6.885
        Monte Vidon Combatte;162;145;17;196;115;28;28;26;358
        Monte Vidon Corrado;322;309;13;283;178;37;38;31;605
        Montefalcone Appennino;146;133;13;190;108;21;36;25;336
        Montefortino;493;464;29;472;292;69;55;56;965
        Montegiorgio;2.831;2.663;168;2.816;1.604;441;407;364;5.647
        Montegranaro;5.704;5.335;369;5.283;3.167;842;712;562;10.987
        Monteleone di Fermo;153;144;9;174;107;16;25;26;327
        Montelparo;302;277;25;341;217;47;34;43;643
        Monterubbiano;878;817;61;903;552;129;126;97;1.781
        Montottone;384;364;20;418;243;47;77;51;802
        Moresco;220;206;14;247;166;25;33;23;467
        Ortezzano;338;317;21;317;197;43;38;40;655
        Pedaso;1.307;1.209;98;1.187;555;202;244;186;2.494
        Petritoli;987;925;62;978;539;152;141;146;1.965
        Ponzano di Fermo;764;714;50;677;372;125;105;75;1.441
        Porto San Giorgio;7.014;6.479;535;6.888;3.726;1.128;1.152;881;13.902
        Porto Sant'Elpidio;11.829;10.946;883;10.709;5.432;1.751;1.985;1.540;22.538
        Rapagnano;890;835;55;783;415;140;119;110;1.673
        Santa Vittoria in Matenano;523;489;34;552;325;66;93;68;1.075
        Sant'Elpidio a Mare;7.573;7.075;498;6.977;3.884;1.144;1.106;843;14.550
        Servigliano;992;918;74;969;515;184;123;147;1.961
        Smerillo;173;150;23;130;86;12;18;14;303
        Torre San Patrizio;806;761;45;868;575;108;107;78;1.674
    Lazio;2.615.966;2.345.666;270.300;2.386.599;1.025.921;422.479;546.254;391.944;5.002.565
      Viterbo;134.292;122.165;12.127;138.750;64.690;21.070;33.091;19.898;273.042
        Acquapendente;2.361;2.155;206;2.393;1.400;310;399;284;4.754
        Arlena di Castro;326;300;26;427;228;38;124;38;753
        Bagnoregio;1.451;1.327;124;1.639;866;214;355;204;3.090
        Barbarano Romano;413;381;32;505;256;55;115;79;918
        Bassano in Teverina;522;486;36;621;289;90;169;75;1.143
        Bassano Romano;1.839;1.664;175;2.282;1.017;304;629;333;4.121
        Blera;1.194;1.082;112;1.467;711;215;336;205;2.661
        Bolsena;1.525;1.386;139;1.878;1.033;215;344;286;3.403
        Bomarzo;685;626;59;794;378;101;196;119;1.479
        Calcata;352;316;36;441;180;61;145;55;793
        Canepina;1.320;1.203;117;1.281;630;208;270;173;2.601
        Canino;2.081;1.901;180;2.384;1.165;293;572;355;4.465
        Capodimonte;702;646;56;825;480;100;160;85;1.527
        Capranica;2.754;2.499;255;2.813;1.234;456;775;348;5.567
        Caprarola;2.227;2.020;207;2.328;1.170;331;517;310;4.555
        Carbognano;887;812;75;817;387;129;196;105;1.704
        Castel Sant'Elia;1.035;943;92;1.137;463;182;331;161;2.172
        Castiglione in Teverina;934;854;80;1.063;545;176;226;116;1.997
        Celleno;550;506;44;610;321;84;139;67;1.160
        Cellere;423;381;42;557;326;53;86;91;980
        Civita Castellana;6.594;5.986;608;7.014;2.952;1.140;1.976;947;13.608
        Civitella d'Agliano;549;498;51;750;413;71;182;85;1.299
        Corchiano;1.484;1.335;149;1.667;692;278;470;227;3.151
        Fabrica di Roma;3.549;3.225;324;3.615;1.500;566;1.082;467;7.164
        Faleria;856;778;78;925;416;122;236;151;1.781
        Farnese;532;481;51;750;368;58;133;191;1.282
        Gallese;1.092;998;94;1.218;562;161;322;172;2.310
        Gradoli;503;464;39;660;272;55;44;289;1.163
        Graffignano;817;747;70;1.055;529;113;284;129;1.872
        Grotte di Castro;1.044;950;94;1.130;667;141;191;131;2.174
        Ischia di Castro;870;792;78;1.057;522;112;289;135;1.927
        Latera;313;285;28;410;246;39;63;62;723
        Lubriano;369;333;36;401;214;52;87;48;770
        Marta;1.366;1.245;121;1.538;841;198;306;192;2.904
        Montalto di Castro;3.786;3.433;353;3.928;1.766;540;1.031;590;7.714
        Monte Romano;775;693;82;850;432;110;212;96;1.625
        Montefiascone;5.786;5.303;483;5.733;2.955;844;1.134;800;11.519
        Monterosi;2.097;1.885;212;2.003;759;347;627;270;4.100
        Nepi;4.145;3.765;380;4.117;1.685;716;1.116;600;8.262
        Onano;322;291;31;480;249;34;117;80;802
        Oriolo Romano;1.626;1.467;159;1.673;724;269;432;248;3.299
        Orte;4.109;3.718;391;3.764;1.660;589;1.039;476;7.873
        Piansano;847;781;66;918;521;104;186;108;1.765
        Proceno;241;222;19;252;144;33;35;41;493
        Ronciglione;3.678;3.328;350;3.848;1.699;565;1.054;530;7.526
        San Lorenzo Nuovo;839;756;83;984;472;104;179;228;1.823
        Soriano nel Cimino;3.361;3.093;268;3.754;1.764;552;946;492;7.115
        Sutri;2.813;2.559;254;3.139;1.398;474;814;453;5.952
        Tarquinia;6.955;6.327;628;7.247;3.392;1.072;1.780;1.002;14.202
        Tessennano;124;112;12;139;81;14;24;20;263
        Tuscania;3.454;3.117;337;3.849;1.748;555;1.006;540;7.303
        Valentano;1.271;1.161;110;1.224;644;142;265;174;2.495
        Vallerano;1.054;962;92;1.099;535;170;226;169;2.153
        Vasanello;1.675;1.532;143;1.820;828;293;504;195;3.495
        Vejano;916;833;83;992;496;133;233;130;1.908
        Vetralla;5.755;5.253;502;5.953;2.767;843;1.488;855;11.708
        Vignanello;1.771;1.596;175;2.027;977;291;457;302;3.798
        Villa San Giovanni in Tuscia;491;447;44;598;310;80;132;75;1.089
        Viterbo;30.383;27.641;2.742;27.941;12.638;5.052;5.781;4.469;58.324
        Vitorchiano;2.500;2.285;215;1.965;774;421;526;243;4.465
      Rieti;66.129;59.265;6.864;68.290;34.197;10.137;13.695;10.260;134.419
        Accumoli;210;188;22;276;151;31;42;51;486
        Amatrice;987;889;98;1.044;624;110;169;141;2.031
        Antrodoco;972;876;96;1.140;647;159;218;116;2.112
        Ascrea;82;69;13;112;66;4;25;17;194
        Belmonte in Sabina;261;229;32;301;140;44;42;74;562
        Borbona;238;216;22;283;166;20;47;50;521
        Borgo Velino;413;373;40;431;227;68;79;56;844
        Borgorose;1.774;1.577;197;1.980;962;239;439;339;3.754
        Cantalice;1.084;979;105;1.100;597;160;208;135;2.184
        Cantalupo in Sabina;731;664;67;761;362;105;201;93;1.492
        Casaprota;273;250;23;366;181;52;79;54;639
        Casperia;497;444;53;555;292;77;110;76;1.052
        Castel di Tora;118;108;10;131;73;12;23;22;249
        Castel Sant'Angelo;466;423;43;595;329;72;108;86;1.061
        Castelnuovo di Farfa;391;345;46;493;245;55;109;85;884
        Cittaducale;2.808;2.537;271;2.939;1.545;444;557;393;5.747
        Cittareale;134;117;17;237;158;18;30;31;371
        Collalto Sabino;157;140;17;216;121;13;43;39;373
        Colle di Tora;131;117;14;201;110;26;27;39;332
        Collegiove;53;52;1;74;10;0;0;63;127
        Collevecchio;675;621;54;766;379;106;206;75;1.441
        Colli sul Velino;192;173;19;230;114;30;43;43;422
        Concerviano;125;115;10;133;82;13;23;15;258
        Configni;243;221;22;280;167;27;54;33;523
        Contigliano;1.696;1.510;186;1.515;781;265;263;206;3.211
        Cottanello;215;193;22;249;140;24;47;37;464
        Fara in Sabina;6.290;5.642;648;5.729;2.409;910;1.613;797;12.019
        Fiamignano;483;434;49;623;384;54;110;75;1.106
        Forano;1.322;1.146;176;1.480;569;254;374;283;2.802
        Frasso Sabino;314;275;39;338;133;56;88;62;652
        Greccio;616;559;57;718;427;86;132;73;1.334
        Labro;149;135;14;168;87;22;34;25;317
        Leonessa;901;819;82;1.043;575;124;215;127;1.944
        Longone Sabino;175;161;14;310;205;24;46;36;485
        Magliano Sabina;1.430;1.288;142;1.643;801;224;387;231;3.073
        Marcetelli;30;24;6;36;25;1;5;5;66
        Micigliano;42;37;5;65;37;6;13;9;107
        Mompeo;202;172;30;265;153;25;48;39;467
        Montasola;144;128;16;204;106;29;37;33;348
        Monte San Giovanni in Sabina;274;243;31;312;189;32;55;37;586
        Montebuono;325;287;38;422;231;43;95;53;747
        Monteleone Sabino;492;437;55;571;309;75;117;70;1.063
        Montenero Sabino;99;91;8;155;105;16;26;8;254
        Montopoli di Sabina;1.835;1.632;203;1.767;776;282;477;233;3.602
        Morro Reatino;126;109;17;168;83;21;31;33;294
        Nespolo;76;71;5;106;66;13;14;13;182
        Orvinio;162;144;18;207;117;20;38;32;369
        Paganico Sabino;73;68;5;79;50;4;18;7;152
        Pescorocchiano;694;631;63;1.014;566;83;149;216;1.708
        Petrella Salto;428;388;40;533;298;54;97;84;961
        Poggio Bustone;806;719;87;938;507;120;181;129;1.744
        Poggio Catino;509;454;55;611;289;89;138;95;1.120
        Poggio Mirteto;2.702;2.412;290;2.715;1.231;432;676;376;5.417
        Poggio Moiano;1.301;1.140;161;1.225;546;197;258;223;2.526
        Poggio Nativo;1.154;1.032;122;1.146;512;152;277;204;2.300
        Poggio San Lorenzo;225;196;29;260;134;31;51;44;485
        Posta;260;241;19;265;149;25;37;53;525
        Pozzaglia Sabina;100;92;8;190;132;7;37;14;290
        Rieti;21.058;18.900;2.158;19.490;9.942;3.566;2.988;2.993;40.548
        Rivodutri;496;441;55;547;297;82;83;84;1.043
        Rocca Sinibalda;317;288;29;416;235;38;85;58;733
        Roccantica;221;201;20;260;141;25;57;37;481
        Salisano;182;170;12;241;107;23;79;33;423
        Scandriglia;1.411;1.259;152;1.421;673;182;354;212;2.832
        Selci;453;408;45;543;238;67;118;119;996
        Stimigliano;994;887;107;933;380;135;287;132;1.927
        Tarano;566;503;63;682;296;103;134;149;1.248
        Toffia;461;410;51;490;209;63;139;80;951
        Torri in Sabina;525;458;67;569;303;71;112;84;1.094
        Torricella in Sabina;525;477;48;640;311;64;138;127;1.165
        Turania;84;76;8;135;67;12;33;23;219
        Vacone;92;83;9;129;78;13;11;28;221
        Varco Sabino;78;71;7;81;52;9;9;11;159
      Roma;1.976.997;1.770.048;206.949;1.712.782;733.524;316.547;378.531;284.181;3.689.779
        Affile;586;521;65;682;330;99;151;102;1.268
        Agosta;764;689;75;732;371;108;185;67;1.496
        Albano Laziale;18.240;16.275;1.965;16.395;7.296;3.005;3.639;2.455;34.635
        Allumiere;1.616;1.466;150;1.715;783;229;530;173;3.331
        Anguillara Sabazia;8.680;7.715;965;7.832;3.177;1.498;1.989;1.168;16.512
        Anticoli Corrado;365;322;43;393;153;60;111;70;758
        Anzio;26.030;23.178;2.852;25.282;9.235;4.573;6.720;4.754;51.312
        Arcinazzo Romano;533;479;54;613;297;71;141;105;1.146
        Ardea;22.536;20.001;2.535;20.634;7.543;3.417;5.760;3.914;43.170
        Ariccia;8.199;7.317;882;7.765;3.608;1.401;1.563;1.193;15.964
        Arsoli;548;501;47;704;353;91;169;91;1.252
        Artena;5.870;5.270;600;5.887;2.093;993;1.914;887;11.757
        Bellegra;1.107;987;120;1.268;566;178;297;228;2.375
        Bracciano;8.484;7.508;976;7.718;3.276;1.493;1.817;1.133;16.202
        Camerata Nuova;159;143;16;219;98;29;35;57;378
        Campagnano di Roma;5.022;4.419;603;4.506;1.829;854;1.076;747;9.528
        Canale Monterano;1.805;1.617;188;1.864;785;279;521;279;3.669
        Canterano;151;133;18;193;79;25;16;74;344
        Capena;5.255;4.699;556;3.827;1.407;719;1.138;563;9.082
        Capranica Prenestina;136;124;12;152;63;14;37;37;288
        Carpineto Romano;1.625;1.439;186;1.955;1.092;273;337;254;3.580
        Casape;220;199;21;360;145;32;85;97;580
        Castel Gandolfo;3.980;3.568;412;3.494;1.504;617;878;496;7.474
        Castel Madama;3.114;2.776;338;3.026;1.315;489;783;440;6.140
        Castel San Pietro Romano;383;342;41;382;140;67;83;92;765
        Castelnuovo di Porto;3.907;3.460;447;3.588;1.443;680;852;613;7.495
        Cave;4.687;4.190;497;4.645;1.779;755;1.408;702;9.332
        Cerreto Laziale;508;442;66;429;217;55;98;60;937
        Cervara di Roma;205;184;21;206;105;18;62;20;411
        Cerveteri;16.957;15.097;1.860;16.258;6.729;2.730;4.326;2.473;33.215
        Ciampino;18.089;16.298;1.791;15.677;6.866;2.933;3.681;2.197;33.766
        Ciciliano;529;478;51;594;269;91;125;109;1.123
        Cineto Romano;233;208;25;307;156;40;58;52;540
        Civitavecchia;23.127;20.969;2.158;22.225;9.421;3.855;5.958;2.991;45.352
        Civitella San Paolo;902;807;95;844;308;107;275;154;1.746
        Colleferro;9.148;8.235;913;9.015;4.163;1.564;2.005;1.282;18.163
        Colonna;1.967;1.752;215;1.689;707;343;385;254;3.656
        Fiano Romano;7.779;6.927;852;5.888;2.169;1.174;1.700;844;13.667
        Filacciano;199;182;17;217;114;26;41;36;416
        Fiumicino;39.758;35.491;4.267;29.971;11.394;5.360;8.720;4.496;69.729
        Fonte Nuova;15.083;13.443;1.640;12.728;4.560;2.332;3.674;2.161;27.811
        Formello;6.491;5.730;761;5.151;2.033;1.116;1.202;799;11.642
        Frascati;10.553;9.470;1.083;9.226;4.129;1.749;1.970;1.378;19.779
        Gallicano nel Lazio;2.872;2.567;305;2.714;933;486;841;453;5.586
        Gavignano;877;778;99;816;367;135;212;102;1.693
        Genazzano;2.444;2.213;231;2.544;1.051;386;669;437;4.988
        Genzano di Roma;10.256;9.095;1.161;9.886;4.572;1.650;2.119;1.546;20.142
        Gerano;463;409;54;569;286;82;121;80;1.032
        Gorga;279;254;25;311;176;32;75;28;590
        Grottaferrata;9.178;8.224;954;8.775;3.913;1.725;1.766;1.371;17.953
        Guidonia Montecelio;41.357;36.937;4.420;35.040;13.335;6.857;9.244;5.604;76.397
        Jenne;116;107;9;192;122;17;30;23;308
        Labico;3.039;2.706;333;2.433;888;523;667;355;5.472
        Ladispoli;18.549;16.426;2.123;17.122;6.349;3.105;4.738;2.930;35.671
        Lanuvio;5.721;5.128;593;5.412;2.290;980;1.339;803;11.133
        Lariano;5.741;5.043;698;5.598;2.215;961;1.382;1.040;11.339
        Licenza;329;290;39;450;173;54;147;77;779
        Magliano Romano;630;557;73;600;235;96;194;76;1.230
        Mandela;398;350;48;409;171;81;90;66;807
        Manziana;3.321;2.945;376;3.548;1.578;591;865;513;6.869
        Marano Equo;326;285;41;354;186;50;71;47;680
        Marcellina;3.068;2.732;336;2.936;1.139;469;798;530;6.004
        Marino;22.583;20.150;2.433;16.982;7.150;2.980;4.486;2.365;39.565
        Mazzano Romano;1.239;1.116;123;1.360;580;171;404;206;2.599
        Mentana;10.557;9.309;1.248;8.809;3.332;1.674;2.374;1.429;19.366
        Monte Compatri;5.607;5.017;590;4.617;1.786;852;1.197;782;10.224
        Monte Porzio Catone;3.930;3.516;414;3.562;1.704;677;668;512;7.492
        Monteflavio;487;422;65;590;357;86;71;76;1.077
        Montelanico;921;806;115;885;413;131;210;131;1.806
        Montelibretti;2.279;2.015;264;2.190;1.077;365;415;334;4.469
        Monterotondo;19.710;17.570;2.140;15.586;6.426;3.059;3.871;2.230;35.296
        Montorio Romano;835;731;104;853;363;125;186;178;1.688
        Moricone;1.085;966;119;1.064;526;167;197;174;2.149
        Morlupo;3.814;3.397;417;3.627;1.537;625;945;520;7.441
        Nazzano;567;509;58;619;281;80;171;87;1.186
        Nemi;865;768;97;798;359;159;142;138;1.663
        Nerola;879;799;80;816;382;146;182;107;1.695
        Nettuno;20.532;18.298;2.234;22.003;8.423;3.543;6.015;4.023;42.535
        Olevano Romano;2.736;2.413;323;2.933;1.250;485;687;510;5.669
        Palestrina;9.919;8.873;1.046;9.111;3.635;1.603;2.428;1.446;19.030
        Palombara Sabina;5.810;5.135;675;5.346;2.329;940;1.242;834;11.156
        Percile;77;64;13;127;63;16;23;25;204
        Pisoniano;263;235;28;394;166;49;122;56;657
        Poli;931;824;107;994;407;126;271;190;1.925
        Pomezia;31.283;27.986;3.297;24.073;9.910;4.462;6.173;3.528;55.356
        Ponzano Romano;547;474;73;523;213;71;141;97;1.070
        Riano;4.800;4.270;530;4.034;1.526;755;1.148;605;8.834
        Rignano Flaminio;4.587;4.075;512;4.175;1.554;766;1.228;627;8.762
        Riofreddo;305;276;29;362;161;43;106;52;667
        Rocca Canterano;75;64;11;89;60;3;15;11;164
        Rocca di Cave;151;137;14;165;90;22;26;28;316
        Rocca di Papa;7.864;6.849;1.015;7.277;2.564;1.378;1.938;1.397;15.141
        Rocca Priora;5.465;4.870;595;5.024;2.034;931;1.206;854;10.489
        Rocca Santo Stefano;403;351;52;423;192;78;84;68;826
        Roccagiovine;79;73;6;155;87;14;48;6;234
        Roiate;249;224;25;337;180;32;62;64;586
        Roma;1.307.693;1.173.338;134.355;1.105.377;487.096;208.935;222.183;187.163;2.413.070
        Roviano;550;504;46;575;276;89;141;69;1.125
        Sacrofano;3.418;3.024;394;3.102;1.245;566;755;535;6.520
        Sambuci;322;292;30;415;171;56;127;61;737
        San Cesareo;7.240;6.484;756;6.310;2.245;1.151;1.909;1.005;13.550
        San Gregorio da Sassola;551;487;64;724;360;100;147;116;1.275
        San Polo dei Cavalieri;1.158;1.036;122;1.263;558;181;342;183;2.421
        San Vito Romano;1.317;1.150;167;1.435;599;239;363;235;2.752
        Santa Marinella;8.078;7.301;777;8.396;3.634;1.174;2.336;1.252;16.474
        Sant'Angelo Romano;2.232;1.989;243;2.035;718;395;557;365;4.267
        Sant'Oreste;1.436;1.282;154;1.617;692;207;496;222;3.053
        Saracinesco;73;63;10;76;26;5;22;24;149
        Segni;3.939;3.514;425;3.988;1.814;663;988;523;7.927
        Subiaco;3.858;3.444;414;3.740;1.921;549;725;546;7.598
        Tivoli;24.348;21.778;2.570;23.548;9.423;4.343;5.845;3.937;47.896
        Tolfa;2.116;1.901;215;2.111;967;326;543;275;4.227
        Torrita Tiberina;466;411;55;492;230;63;139;60;958
        Trevignano Romano;2.479;2.197;282;2.756;1.237;413;645;461;5.235
        Vallepietra;86;78;8;142;85;15;16;27;228
        Vallinfreda;103;95;8;171;79;23;38;31;274
        Valmontone;6.964;6.233;731;6.465;2.320;1.104;1.991;1.051;13.429
        Velletri;22.754;19.989;2.765;23.041;9.461;3.799;5.441;4.340;45.795
        Vicovaro;1.534;1.379;155;1.592;631;226;437;299;3.126
        Vivaro Romano;69;64;5;84;37;5;11;31;153
        Zagarolo;8.286;7.336;950;7.458;2.506;1.484;1.965;1.503;15.744
      Latina;241.752;218.169;23.583;251.856;101.338;41.315;65.722;43.481;493.608
        Aprilia;32.908;29.743;3.165;30.750;11.862;5.353;8.549;4.987;63.658
        Bassiano;617;557;60;686;379;91;135;80;1.303
        Campodimele;241;217;24;276;146;20;62;48;517
        Castelforte;1.619;1.453;166;1.941;888;297;406;350;3.560
        Cisterna di Latina;15.839;14.410;1.429;15.358;5.917;2.537;4.536;2.368;31.197
        Cori;4.499;4.014;485;4.702;2.221;725;1.031;724;9.201
        Fondi;16.671;14.933;1.738;17.484;5.910;3.022;5.109;3.443;34.155
        Formia;15.124;13.600;1.524;17.509;7.241;3.181;4.370;2.717;32.633
        Gaeta;7.641;6.923;718;9.866;4.486;1.475;2.570;1.336;17.507
        Itri;4.365;3.938;427;4.753;1.958;743;1.275;777;9.118
        Latina;57.756;52.298;5.458;53.431;22.424;10.124;12.121;8.763;111.187
        Lenola;1.661;1.506;155;1.942;865;300;430;347;3.603
        Maenza;1.194;1.063;131;1.371;544;187;423;218;2.565
        Minturno;8.219;7.341;878;9.528;3.842;1.535;2.568;1.582;17.747
        Monte San Biagio;2.356;2.128;228;2.941;1.200;338;848;555;5.297
        Norma;1.472;1.328;144;1.737;796;271;425;245;3.209
        Pontinia;6.484;5.910;574;6.361;2.648;983;1.662;1.068;12.845
        Ponza;1.163;1.041;122;1.749;609;170;476;494;2.912
        Priverno;5.611;5.041;570;6.342;2.572;992;1.718;1.061;11.953
        Prossedi;453;414;39;559;270;74;145;70;1.012
        Rocca Massima;480;429;51;472;245;55;106;66;952
        Roccagorga;1.739;1.569;170;1.958;863;332;450;313;3.697
        Roccasecca dei Volsci;420;377;43;520;223;62;115;120;940
        Sabaudia;8.179;7.400;779;8.746;3.650;1.288;2.334;1.473;16.925
        San Felice Circeo;3.979;3.575;404;5.078;1.776;514;1.488;1.299;9.057
        Santi Cosma e Damiano;2.683;2.375;308;3.297;1.320;522;906;549;5.980
        Sermoneta;4.626;4.208;418;3.782;1.460;633;1.185;504;8.408
        Sezze;9.823;8.832;991;10.881;3.806;1.774;2.734;2.567;20.704
        Sonnino;2.851;2.539;312;3.499;1.433;454;913;699;6.350
        Sperlonga;1.267;1.140;127;1.489;656;171;417;244;2.756
        Spigno Saturnia;1.129;1.017;112;1.357;581;231;372;174;2.486
        Terracina;18.394;16.597;1.797;21.132;8.410;2.822;5.766;4.134;39.526
        Ventotene;290;253;37;358;135;41;75;108;648
      Frosinone;196.796;176.019;20.777;214.921;92.173;33.410;55.214;34.124;411.717
        Acquafondata;101;91;10;144;45;7;30;62;245
        Acuto;742;660;82;887;334;110;271;173;1.629
        Alatri;12.033;10.866;1.167;12.115;4.774;1.973;3.528;1.840;24.148
        Alvito;1.081;967;114;1.192;605;145;215;227;2.273
        Amaseno;1.749;1.524;225;1.845;767;256;433;389;3.594
        Anagni;9.146;8.350;796;8.954;3.906;1.476;2.349;1.224;18.100
        Aquino;2.021;1.794;227;2.326;1.033;397;568;329;4.347
        Arce;2.219;1.963;256;2.580;1.189;345;638;408;4.799
        Arnara;846;765;81;1.113;509;155;280;168;1.959
        Arpino;2.808;2.485;323;3.202;1.649;490;652;411;6.010
        Atina;1.658;1.468;190;2.000;809;294;513;384;3.658
        Ausonia;949;856;93;1.188;464;180;377;167;2.137
        Belmonte Castello;254;234;20;359;163;49;92;55;613
        Boville Ernica;3.340;3.033;307;3.941;1.398;525;1.353;665;7.281
        Broccostella;1.188;1.062;126;1.204;506;228;297;173;2.392
        Campoli Appennino;641;565;76;787;374;104;180;129;1.428
        Casalattico;125;107;18;353;61;17;85;190;478
        Casalvieri;924;831;93;1.243;322;90;144;688;2.167
        Cassino;15.364;13.514;1.850;15.501;6.647;2.858;3.585;2.411;30.865
        Castelliri;1.341;1.212;129;1.446;664;208;429;145;2.787
        Castelnuovo Parano;342;301;41;400;147;59;140;54;742
        Castro dei Volsci;1.812;1.628;184;2.192;1.072;332;527;260;4.004
        Castrocielo;1.595;1.429;166;1.682;763;282;410;227;3.277
        Ceccano;9.400;8.492;908;10.115;4.143;1.578;2.889;1.506;19.515
        Ceprano;3.265;2.940;325;3.969;1.672;602;1.087;608;7.234
        Cervaro;3.285;2.911;374;3.502;1.461;591;884;566;6.787
        Colfelice;677;600;77;895;391;118;282;104;1.572
        Colle San Magno;255;229;26;310;138;39;88;45;565
        Collepardo;354;318;36;438;176;48;154;60;792
        Coreno Ausonio;622;545;77;718;339;119;157;102;1.340
        Esperia;1.400;1.233;167;1.740;874;216;359;290;3.140
        Falvaterra;192;172;20;259;130;25;76;27;451
        Ferentino;8.806;7.965;841;8.900;3.749;1.444;2.354;1.353;17.706
        Filettino;230;208;22;240;106;24;64;46;470
        Fiuggi;4.365;3.918;447;4.693;1.910;696;1.240;847;9.058
        Fontana Liri;1.078;960;118;1.293;646;163;312;171;2.371
        Fontechiari;545;481;64;542;228;83;155;76;1.087
        Frosinone;18.949;16.919;2.030;19.461;8.432;3.390;4.256;3.384;38.410
        Fumone;764;699;65;1.004;382;107;323;193;1.768
        Gallinaro;516;444;72;556;220;75;71;191;1.072
        Giuliano di Roma;950;854;96;1.070;492;143;261;174;2.020
        Guarcino;629;567;62;717;317;93;191;116;1.346
        Isola del Liri;4.621;4.115;506;5.042;2.508;807;1.032;695;9.663
        Monte San Giovanni Campano;4.862;4.385;477;5.641;2.277;840;1.747;777;10.503
        Morolo;1.341;1.217;124;1.464;618;197;407;242;2.805
        Paliano;3.383;3.051;332;3.555;1.505;537;1.012;501;6.938
        Pastena;506;457;49;647;344;69;149;85;1.153
        Patrica;1.347;1.226;121;1.346;560;222;391;174;2.693
        Pescosolido;584;516;68;696;328;106;156;106;1.280
        Picinisco;439;388;51;553;222;80;140;110;992
        Pico;1.111;995;116;1.236;619;180;275;163;2.347
        Piedimonte San Germano;2.803;2.502;301;2.543;962;455;708;418;5.346
        Piglio;1.848;1.663;185;2.063;931;251;622;260;3.911
        Pignataro Interamna;984;869;115;1.113;453;152;321;187;2.097
        Pofi;1.463;1.331;132;2.014;915;242;565;291;3.477
        Pontecorvo;5.298;4.594;704;5.542;2.543;983;1.267;749;10.840
        Posta Fibreno;405;360;45;523;303;60;96;64;928
        Ripi;2.022;1.820;202;2.390;1.090;393;515;392;4.412
        Rocca d'Arce;346;311;35;451;236;51;102;63;797
        Roccasecca;2.763;2.460;303;3.324;1.446;463;859;555;6.087
        San Biagio Saracinisco;101;90;11;176;66;12;30;68;277
        San Donato Val di Comino;795;689;106;895;408;112;154;221;1.690
        San Giorgio a Liri;1.295;1.132;163;1.308;548;220;358;182;2.603
        San Giovanni Incarico;1.169;1.042;127;1.579;709;189;454;227;2.748
        San Vittore del Lazio;1.033;912;121;1.107;449;171;309;178;2.140
        Sant'Ambrogio sul Garigliano;367;327;40;421;203;45;107;66;788
        Sant'Andrea del Garigliano;479;428;51;679;313;86;167;113;1.158
        Sant'Apollinare;754;658;96;845;370;144;213;118;1.599
        Sant'Elia Fiumerapido;2.259;2.011;248;2.742;1.216;417;720;388;5.001
        Santopadre;505;449;56;573;299;89;95;89;1.078
        Serrone;1.258;1.136;122;1.377;590;192;373;222;2.635
        Settefrati;292;254;38;349;137;40;86;86;641
        Sgurgola;947;849;98;1.155;400;144;298;314;2.102
        Sora;10.933;9.702;1.231;11.057;4.897;1.881;2.598;1.681;21.990
        Strangolagalli;913;824;89;1.113;465;158;339;151;2.026
        Supino;1.848;1.662;186;2.195;948;351;590;305;4.043
        Terelle;88;80;8;199;119;16;38;26;287
        Torre Cajetani;505;453;52;641;246;79;176;140;1.146
        Torrice;2.008;1.796;212;2.031;887;375;421;348;4.039
        Trevi nel Lazio;696;627;69;909;420;118;214;157;1.605
        Trivigliano;699;627;72;727;300;118;216;93;1.426
        Vallecorsa;899;797;102;1.261;664;158;277;162;2.160
        Vallemaio;321;290;31;465;189;63;137;76;786
        Vallerotonda;471;424;47;832;341;89;227;175;1.303
        Veroli;8.159;7.383;776;9.020;3.486;1.371;2.831;1.332;17.179
        Vicalvi;294;259;35;348;162;49;83;54;642
        Vico nel Lazio;844;769;75;962;374;136;325;127;1.806
        Villa Latina;397;355;42;625;249;68;148;160;1.022
        Villa Santa Lucia;1.026;913;113;1.150;475;173;360;142;2.176
        Villa Santo Stefano;656;573;83;780;298;104;170;208;1.436
        Viticuso;101;88;13;178;78;19;36;45;279
  Sud;5.338.262;4.682.877;655.385;6.392.543;2.391.719;1.073.737;1.795.039;1.132.048;11.730.805
    Abruzzo;558.175;505.659;52.516;563.273;267.991;95.392;119.034;80.856;1.121.448
      L'Aquila;126.724;114.340;12.384;128.042;62.377;20.828;25.588;19.249;254.766
        Acciano;105;95;10;141;88;11;19;23;246
        Aielli;608;539;69;631;336;92;110;92;1.239
        Alfedena;437;377;60;446;199;59;101;87;883
        Anversa degli Abruzzi;135;120;15;158;85;22;31;21;293
        Ateleta;496;436;60;496;241;79;104;71;992
        Avezzano;18.487;16.659;1.828;17.016;7.267;3.386;3.633;2.731;35.503
        Balsorano;1.316;1.164;152;1.559;568;194;515;282;2.875
        Barete;256;229;27;297;164;38;48;47;553
        Barisciano;724;659;65;723;395;98;126;104;1.447
        Barrea;264;223;41;376;205;48;76;47;640
        Bisegna;68;59;9;142;85;7;28;23;210
        Bugnara;414;378;36;488;267;61;95;65;902
        Cagnano Amiterno;438;403;35;596;389;58;77;71;1.034
        Calascio;55;48;7;64;38;11;7;9;119
        Campo di Giove;315;276;39;390;209;37;86;59;705
        Campotosto;196;181;15;245;149;18;41;37;441
        Canistro;369;320;49;471;198;55;146;72;840
        Cansano;87;73;14;107;53;11;21;22;194
        Capestrano;304;268;36;455;237;27;102;90;759
        Capistrello;1.908;1.700;208;2.393;1.002;289;734;368;4.301
        Capitignano;246;218;28;314;162;32;70;50;560
        Caporciano;86;78;8;108;67;9;18;15;194
        Cappadocia;216;184;32;320;160;19;71;71;536
        Carapelle Calvisio;31;26;5;41;21;3;9;8;72
        Carsoli;2.219;2.016;203;2.270;964;348;581;378;4.489
        Castel del Monte;191;163;28;198;83;12;43;60;389
        Castel di Ieri;117;101;16;157;88;14;30;25;274
        Castel di Sangro;3.015;2.669;346;2.892;1.283;473;666;470;5.907
        Castellafiume;421;362;59;519;155;56;195;114;940
        Castelvecchio Calvisio;53;48;5;57;33;4;10;11;110
        Castelvecchio Subequo;284;255;29;479;286;39;88;67;763
        Celano;4.555;4.048;507;4.370;1.907;753;991;719;8.925
        Cerchio;617;556;61;742;342;108;189;103;1.359
        Civita d'Antino;361;320;41;495;215;53;135;91;856
        Civitella Alfedena;141;128;13;129;65;21;27;17;270
        Civitella Roveto;1.272;1.136;136;1.392;571;218;416;187;2.664
        Cocullo;71;62;9;124;91;4;14;14;195
        Collarmele;315;278;37;410;219;56;81;54;725
        Collelongo;441;391;50;576;334;63;89;90;1.017
        Collepietro;74;63;11;106;51;7;24;24;180
        Corfinio;412;368;44;467;243;63;94;68;879
        Fagnano Alto;142;128;14;182;110;21;26;25;324
        Fontecchio;111;97;14;153;74;14;35;30;264
        Fossa;315;293;22;286;144;53;55;35;601
        Gagliano Aterno;80;68;12;131;62;12;33;24;211
        Gioia dei Marsi;728;662;66;800;440;104;124;133;1.528
        Goriano Sicoli;207;189;18;266;144;36;55;32;473
        Introdacqua;861;784;77;906;437;174;193;102;1.767
        L'Aquila;32.907;30.269;2.638;28.312;14.749;5.545;4.113;3.905;61.219
        Lecce nei Marsi;622;561;61;747;346;96;188;117;1.369
        Luco dei Marsi;2.562;2.258;304;2.457;1.000;456;583;417;5.019
        Lucoli;385;344;41;398;219;53;64;63;783
        Magliano de' Marsi;1.478;1.338;140;1.621;747;248;389;237;3.099
        Massa d'Albe;593;532;61;648;329;96;135;88;1.241
        Molina Aterno;125;111;14;195;106;17;47;25;320
        Montereale;884;817;67;1.092;648;130;170;143;1.976
        Morino;459;402;57;720;280;76;248;116;1.179
        Navelli;211;189;22;269;143;33;51;42;480
        Ocre;485;447;38;505;293;78;73;61;990
        Ofena;133;112;21;255;122;11;66;55;388
        Opi;157;134;23;192;100;25;41;26;349
        Oricola;550;503;47;518;214;83;136;84;1.068
        Ortona dei Marsi;122;109;13;279;207;12;29;30;401
        Ortucchio;753;682;71;767;406;112;137;111;1.520
        Ovindoli;530;462;68;523;264;56;99;105;1.053
        Pacentro;443;398;45;540;250;71;132;87;983
        Pereto;241;211;30;343;151;25;88;79;584
        Pescasseroli;903;753;150;983;413;184;230;157;1.886
        Pescina;1.584;1.434;150;1.723;921;239;326;236;3.307
        Pescocostanzo;509;458;51;476;235;58;97;87;985
        Pettorano sul Gizio;604;545;59;598;284;105;123;86;1.202
        Pizzoli;2.044;1.855;189;1.648;675;328;363;283;3.692
        Poggio Picenze;433;394;39;441;225;73;90;53;874
        Prata d'Ansidonia;178;163;15;210;123;20;33;34;388
        Pratola Peligna;3.003;2.705;298;3.235;1.585;513;694;443;6.238
        Prezza;338;305;33;460;254;63;86;58;798
        Raiano;1.082;970;112;1.243;622;186;271;164;2.325
        Rivisondoli;310;273;37;304;156;36;56;55;614
        Rocca di Botte;390;350;40;390;172;54;85;78;780
        Rocca di Cambio;227;204;23;219;108;21;43;47;446
        Rocca di Mezzo;613;547;66;632;355;66;109;102;1.245
        Rocca Pia;71;63;8;88;47;5;18;17;159
        Roccacasale;238;211;27;315;162;35;68;50;553
        Roccaraso;705;610;95;634;313;87;121;112;1.339
        San Benedetto dei Marsi;1.679;1.517;162;1.537;749;243;290;254;3.216
        San Benedetto in Perillis;29;24;5;68;37;1;15;15;97
        San Demetrio ne' Vestini;876;791;85;762;331;125;183;123;1.638
        San Pio delle Camere;276;245;31;287;110;45;81;51;563
        San Vincenzo Valle Roveto;719;626;93;1.212;600;113;312;186;1.931
        Sante Marie;390;352;38;619;307;33;154;125;1.009
        Sant'Eusanio Forconese;156;147;9;160;98;16;22;24;316
        Santo Stefano di Sessanio;54;50;4;51;30;4;9;8;105
        Scanno;673;591;82;876;438;94;220;124;1.549
        Scontrone;208;180;28;279;151;33;51;43;487
        Scoppito;1.788;1.663;125;1.356;675;301;206;174;3.144
        Scurcola Marsicana;1.191;1.073;118;1.201;556;201;276;168;2.392
        Secinaro;114;101;13;187;103;23;39;21;301
        Sulmona;9.294;8.267;1.027;10.699;5.626;1.627;1.930;1.517;19.993
        Tagliacozzo;2.653;2.371;282;3.105;1.412;451;785;458;5.758
        Tione degli Abruzzi;108;100;8;141;87;15;23;16;249
        Tornimparte;1.217;1.136;81;1.266;754;194;179;139;2.483
        Trasacco;2.513;2.271;242;2.504;1.267;441;429;368;5.017
        Villa Santa Lucia degli Abruzzi;22;19;3;62;46;0;6;10;84
        Villa Sant'Angelo;217;204;13;205;115;23;32;35;422
        Villalago;191;170;21;309;186;29;61;32;500
        Villavallelonga;351;318;33;390;175;44;96;75;741
        Villetta Barrea;260;228;32;295;147;47;56;44;555
        Vittorito;310;279;31;406;226;60;71;49;716
      Teramo;132.430;120.649;11.781;130.968;63.006;23.015;25.993;18.954;263.398
        Alba Adriatica;5.717;5.034;683;5.511;2.326;957;1.303;924;11.228
        Ancarano;803;738;65;807;403;142;145;117;1.610
        Arsita;306;282;24;357;201;44;59;53;663
        Atri;4.271;3.881;390;4.684;2.533;743;809;599;8.955
        Basciano;1.044;980;64;988;478;209;187;115;2.032
        Bellante;3.128;2.882;246;2.896;1.379;512;597;407;6.024
        Bisenti;684;628;56;842;453;104;163;122;1.526
        Campli;2.930;2.704;226;2.926;1.542;440;518;426;5.856
        Canzano;773;723;50;780;419;143;125;93;1.553
        Castel Castagna;177;164;13;216;110;27;48;31;393
        Castellalto;3.324;3.104;220;2.954;1.312;587;644;411;6.278
        Castelli;398;367;31;493;282;56;86;70;891
        Castiglione Messer Raimondo;890;833;57;949;510;156;168;116;1.839
        Castilenti;577;532;45;627;335;87;115;89;1.204
        Cellino Attanasio;977;906;71;1.022;524;169;201;127;1.999
        Cermignano;571;525;46;726;393;102;138;94;1.297
        Civitella del Tronto;1.984;1.841;143;2.122;1.142;292;373;315;4.106
        Colledara;928;840;88;911;423;128;217;143;1.839
        Colonnella;1.660;1.511;149;1.550;746;226;323;254;3.210
        Controguerra;952;860;92;1.020;557;158;165;139;1.972
        Corropoli;2.276;2.068;208;2.094;951;401;436;305;4.370
        Cortino;233;213;20;311;188;27;48;48;544
        Crognaleto;424;386;38;587;319;51;115;102;1.011
        Fano Adriano;113;101;12;132;75;9;23;24;245
        Giulianova;10.253;9.233;1.020;10.511;4.913;1.916;2.072;1.609;20.764
        Isola del Gran Sasso d'Italia;1.872;1.714;158;2.084;1.010;332;433;309;3.956
        Martinsicuro;6.969;6.138;831;7.261;2.968;1.180;1.900;1.213;14.230
        Montefino;385;351;34;469;248;71;90;60;854
        Montorio al Vomano;3.076;2.817;259;3.434;1.632;574;746;483;6.510
        Morro d'Oro;1.616;1.488;128;1.519;749;278;286;207;3.135
        Mosciano Sant'Angelo;4.024;3.681;343;3.875;1.813;711;798;553;7.899
        Nereto;2.335;2.129;206;2.225;1.024;398;467;335;4.560
        Notaresco;2.848;2.630;218;2.769;1.425;490;499;355;5.617
        Penna Sant'Andrea;734;680;54;721;345;108;149;120;1.455
        Pietracamela;89;80;9;120;77;8;14;21;209
        Pineto;6.435;5.830;605;6.335;2.914;1.184;1.371;866;12.770
        Rocca Santa Maria;203;189;14;236;148;27;27;34;439
        Roseto degli Abruzzi;11.440;10.374;1.066;10.985;5.303;2.100;2.116;1.466;22.425
        Sant'Egidio alla Vibrata;4.460;4.158;302;3.956;1.899;762;753;541;8.416
        Sant'Omero;2.219;2.031;188;2.303;1.176;359;454;314;4.522
        Silvi;6.629;5.871;758;6.880;2.901;1.168;1.754;1.057;13.509
        Teramo;23.521;21.727;1.794;22.131;11.235;4.359;3.444;3.092;45.652
        Torano Nuovo;587;534;53;707;412;104;101;91;1.294
        Torricella Sicura;1.080;994;86;1.058;552;168;186;152;2.138
        Tortoreto;5.661;5.112;549;4.804;2.072;827;1.111;793;10.465
        Tossicia;518;482;36;600;312;87;130;71;1.118
        Valle Castellana;333;303;30;483;272;36;87;89;816
      Pescara;137.377;123.502;13.875;136.775;61.876;23.942;30.766;20.191;274.152
        Abbateggio;146;128;18;185;93;30;33;29;331
        Alanno;1.417;1.290;127;1.553;769;233;347;205;2.970
        Bolognano;382;336;46;516;220;52;149;95;898
        Brittoli;91;78;13;144;79;7;29;29;235
        Bussi sul Tirino;905;810;95;1.184;600;123;308;153;2.089
        Cappelle sul Tavo;1.732;1.549;183;1.703;679;325;452;248;3.435
        Caramanico Terme;706;613;93;918;439;125;213;141;1.624
        Carpineto della Nora;224;201;23;267;146;31;51;38;491
        Castiglione a Casauria;280;243;37;359;155;40;103;60;639
        Catignano;528;474;54;589;296;73;126;95;1.117
        Cepagatti;4.958;4.505;453;4.413;1.924;872;1.021;596;9.371
        Città Sant'Angelo;6.597;5.958;639;6.101;2.592;1.242;1.428;839;12.698
        Civitaquana;462;413;49;567;296;64;113;93;1.029
        Civitella Casanova;604;545;59;826;448;104;163;111;1.430
        Collecorvino;2.676;2.407;269;2.463;1.073;413;592;386;5.139
        Corvara;71;61;10;129;76;20;22;11;200
        Cugnoli;552;497;55;666;345;84;144;94;1.218
        Elice;715;647;68;732;382;80;144;125;1.447
        Farindola;510;465;45;703;415;86;117;85;1.213
        Lettomanoppello;1.109;991;118;1.293;547;171;377;198;2.402
        Loreto Aprutino;3.053;2.771;282;3.242;1.561;527;695;458;6.295
        Manoppello;2.931;2.664;267;2.924;1.265;505;744;411;5.855
        Montebello di Bertona;336;302;34;453;273;61;63;56;789
        Montesilvano;24.033;21.429;2.604;22.239;8.863;4.232;5.802;3.341;46.272
        Moscufo;1.373;1.260;113;1.364;642;222;316;184;2.737
        Nocciano;761;697;64;738;318;135;190;96;1.499
        Penne;5.122;4.777;345;4.966;2.735;898;750;583;10.088
        Pescara;51.905;46.431;5.474;52.821;24.449;9.367;10.782;8.222;104.726
        Pescosansonesco;177;155;22;249;110;26;73;39;426
        Pianella;3.822;3.465;357;3.537;1.575;661;794;507;7.359
        Picciano;528;460;68;578;261;79;132;106;1.106
        Pietranico;166;148;18;244;124;29;58;34;410
        Popoli Terme;1.945;1.747;198;2.295;1.164;344;511;276;4.240
        Roccamorice;348;308;40;460;178;42;153;87;808
        Rosciano;1.878;1.715;163;1.563;684;295;360;224;3.441
        Salle;102;89;13;139;73;15;28;23;241
        San Valentino in Abruzzo Citeriore;758;687;71;868;382;104;249;133;1.626
        Sant'Eufemia a Maiella;108;97;11;127;63;13;26;25;235
        Scafa;1.459;1.313;146;1.618;748;239;407;223;3.077
        Serramonacesca;202;183;19;254;125;16;57;57;456
        Spoltore;8.843;8.021;822;7.472;3.111;1.489;1.838;1.035;16.315
        Tocco da Casauria;1.002;905;97;1.119;527;163;273;156;2.121
        Torre de' Passeri;1.175;1.050;125;1.325;591;212;352;169;2.500
        Turrivalignani;316;283;33;380;178;51;98;54;696
        Vicoli;147;130;17;199;113;20;41;25;346
        Villa Celiera;222;204;18;290;188;24;40;38;512
      Chieti;161.644;147.168;14.476;167.488;80.732;27.607;36.687;22.462;329.132
        Altino;1.358;1.259;99;1.244;556;233;275;180;2.602
        Archi;806;740;66;967;526;157;172;112;1.773
        Ari;438;402;36;534;300;65;95;74;972
        Arielli;451;416;35;497;265;71;93;68;948
        Atessa;4.622;4.308;314;4.414;2.211;815;839;548;9.036
        Bomba;284;259;25;379;206;43;79;51;663
        Borrello;136;120;16;177;92;26;34;25;313
        Bucchianico;2.158;1.989;169;2.158;1.083;371;429;275;4.316
        Canosa Sannita;523;481;42;622;318;76;135;93;1.145
        Carpineto Sinello;193;170;23;264;131;30;60;43;457
        Carunchio;239;211;28;286;143;36;52;55;525
        Casacanditella;482;440;42;564;299;73;108;83;1.046
        Casalanguida;320;290;30;435;224;38;106;67;755
        Casalbordino;2.529;2.314;215;2.670;1.326;388;595;362;5.199
        Casalincontrada;1.347;1.244;103;1.282;654;203;257;169;2.629
        Casoli;2.177;2.019;158;2.382;1.340;382;394;266;4.559
        Castel Frentano;1.889;1.736;153;1.816;848;330;381;258;3.705
        Castelguidone;125;115;10;159;82;19;38;19;284
        Castiglione Messer Marino;565;513;52;804;443;110;157;94;1.369
        Celenza sul Trigno;310;284;26;403;211;50;98;44;713
        Chieti;20.865;18.858;2.007;22.615;11.461;3.810;4.263;3.081;43.480
        Civitaluparella;107;99;8;151;74;14;40;24;258
        Civitella Messer Raimondo;290;262;28;406;237;42;76;51;696
        Colledimacine;54;50;4;100;66;3;15;15;154
        Colledimezzo;143;122;21;263;130;12;69;51;406
        Crecchio;1.087;995;92;1.270;681;171;246;172;2.357
        Cupello;2.067;1.889;178;2.062;828;388;563;283;4.129
        Dogliola;118;104;14;168;77;19;45;28;286
        Fallo;47;43;4;63;36;3;11;14;110
        Fara Filiorum Petri;855;772;83;851;390;126;199;136;1.706
        Fara San Martino;540;509;31;609;346;79;119;65;1.149
        Filetto;353;324;29;429;239;59;74;57;782
        Fossacesia;2.799;2.559;240;2.669;1.216;504;598;352;5.468
        Fraine;100;92;8;149;84;16;34;15;249
        Francavilla al Mare;11.368;10.209;1.159;11.192;4.985;1.855;2.746;1.605;22.560
        Fresagrandinaria;343;300;43;486;209;65;144;68;829
        Frisa;689;630;59;769;401;118;150;100;1.458
        Furci;313;274;39;433;222;45;95;71;746
        Gamberale;117;108;9;141;82;17;22;20;258
        Gessopalena;482;434;48;640;392;69;96;84;1.122
        Gissi;1.043;953;90;1.171;606;177;234;154;2.214
        Giuliano Teatino;474;430;44;548;287;77;105;79;1.022
        Guardiagrele;3.534;3.258;276;3.988;2.134;639;735;480;7.522
        Guilmi;140;123;17;223;122;22;42;37;363
        Lama dei Peligni;446;407;39;550;281;78;131;59;996
        Lanciano;14.974;13.855;1.119;15.003;7.527;2.683;2.966;1.828;29.977
        Lentella;276;247;29;323;131;38;94;61;599
        Lettopalena;124;112;12;165;85;11;40;29;289
        Liscia;230;208;22;341;176;54;71;40;571
        Miglianico;2.002;1.821;181;2.075;975;352;475;273;4.077
        Montazzoli;306;276;30;453;246;53;101;52;759
        Montebello sul Sangro;25;22;3;48;23;3;13;10;73
        Monteferrante;31;27;4;65;41;2;9;13;96
        Montelapiano;26;20;6;44;18;3;13;10;70
        Montenerodomo;251;228;23;281;143;29;57;52;532
        Monteodorisio;958;858;100;1.084;417;180;322;166;2.042
        Mozzagrogna;1.106;1.034;72;950;431;206;193;120;2.056
        Orsogna;1.521;1.387;134;1.728;785;300;410;234;3.249
        Ortona;9.681;8.747;934;10.003;4.786;1.603;2.282;1.332;19.684
        Paglieta;1.877;1.745;132;1.782;904;333;334;211;3.659
        Palena;512;460;52;590;258;77;171;84;1.102
        Palmoli;298;265;33;454;205;52;129;68;752
        Palombaro;379;347;32;487;271;53;102;60;866
        Pennadomo;68;62;6;131;90;15;16;10;199
        Pennapiedimonte;161;147;14;221;130;23;40;28;382
        Perano;670;617;53;670;329;112;142;87;1.340
        Pietraferrazzana;49;45;4;62;31;4;14;13;111
        Pizzoferrato;453;413;40;458;250;54;78;76;911
        Poggiofiorito;340;313;27;370;195;49;77;50;710
        Pollutri;926;855;71;902;467;149;172;115;1.828
        Pretoro;375;342;33;403;207;52;85;59;778
        Quadri;265;240;25;393;199;62;92;39;658
        Rapino;490;449;41;586;296;75;142;74;1.076
        Ripa Teatina;1.685;1.528;157;1.702;799;283;391;228;3.387
        Rocca San Giovanni;1.072;993;79;948;459;145;196;149;2.020
        Roccamontepiano;651;589;62;767;390;86;170;120;1.418
        Roccascalegna;422;388;34;550;336;70;84;60;972
        Roccaspinalveti;466;430;36;630;384;70;96;80;1.096
        Roio del Sangro;34;30;4;61;35;2;12;12;95
        Rosello;51;47;4;108;74;5;16;13;159
        San Buono;314;279;35;465;219;52;126;68;779
        San Giovanni Lipioni;42;37;5;88;65;3;10;10;130
        San Giovanni Teatino;6.762;6.193;569;5.339;2.069;1.074;1.404;792;12.101
        San Martino sulla Marrucina;348;317;31;409;198;59;99;53;757
        San Salvo;8.706;7.801;905;8.335;3.305;1.488;2.357;1.184;17.041
        San Vito Chietino;2.353;2.117;236;2.238;1.010;366;536;326;4.591
        Santa Maria Imbaro;987;913;74;740;294;165;169;112;1.727
        Sant'Eusanio del Sangro;953;872;81;1.053;547;154;208;145;2.006
        Scerni;1.290;1.190;100;1.369;721;185;274;188;2.659
        Schiavi di Abruzzo;186;166;20;406;272;9;57;67;592
        Taranta Peligna;121;111;10;165;108;14;25;18;286
        Tollo;1.660;1.490;170;1.787;875;278;377;257;3.447
        Torino di Sangro;1.294;1.190;104;1.281;658;220;248;155;2.575
        Tornareccio;715;659;56;765;372;111;176;106;1.480
        Torrebruna;241;218;23;428;262;44;74;47;669
        Torrevecchia Teatina;1.841;1.677;164;1.784;800;339;413;232;3.625
        Torricella Peligna;435;395;40;602;366;54;101;81;1.037
        Treglio;787;722;65;704;300;149;159;96;1.491
        Tufillo;118;103;15;191;99;23;47;22;309
        Vacri;631;576;55;736;367;113;157;99;1.367
        Vasto;18.060;16.336;1.724;17.706;7.835;3.225;4.393;2.253;35.766
        Villa Santa Maria;481;431;50;559;269;61;133;96;1.040
        Villalfonsina;373;338;35;433;219;56;99;59;806
        Villamagna;866;776;90;1.063;566;150;193;154;1.929
    Molise;121.605;108.870;12.735;137.689;64.636;21.870;30.945;20.238;259.294
      Campobasso;88.837;79.120;9.717;99.159;45.828;16.229;22.883;14.219;187.996
        Acquaviva Collecroce;219;202;17;315;176;36;65;38;534
        Baranello;1.080;982;98;1.178;543;247;251;138;2.258
        Bojano;3.188;2.843;345;3.387;1.434;623;830;500;6.575
        Bonefro;448;401;47;662;345;92;151;74;1.110
        Busso;459;407;52;609;333;74;114;87;1.068
        Campobasso;20.706;18.618;2.088;21.429;9.987;3.839;4.496;3.107;42.135
        Campochiaro;255;219;36;275;103;39;84;50;530
        Campodipietra;1.055;954;101;1.081;461;239;264;117;2.136
        Campolieto;322;276;46;437;210;56;89;83;759
        Campomarino;3.406;2.902;504;3.393;1.274;563;991;565;6.799
        Casacalenda;716;647;69;1.001;525;142;197;136;1.717
        Casalciprano;181;164;17;243;143;13;46;40;424
        Castelbottaccio;77;65;12;159;103;11;22;23;236
        Castellino del Biferno;137;116;21;274;143;40;53;38;411
        Castelmauro;394;340;54;695;346;57;173;118;1.089
        Castropignano;328;292;36;480;244;72;106;59;808
        Cercemaggiore;1.462;1.296;166;1.719;810;254;381;274;3.181
        Cercepiccola;234;208;26;335;162;57;75;40;569
        Civitacampomarano;98;87;11;192;115;17;37;23;290
        Colle d'Anchise;294;268;26;353;174;66;71;42;647
        Colletorto;643;572;71;892;489;118;168;117;1.535
        Duronia;145;128;17;238;148;23;30;37;383
        Ferrazzano;1.483;1.330;153;1.397;655;263;308;171;2.880
        Fossalto;441;397;44;627;369;84;98;76;1.068
        Gambatesa;486;430;56;701;395;86;129;91;1.187
        Gildone;292;259;33;390;197;52;79;62;682
        Guardialfiera;349;302;47;514;247;71;125;71;863
        Guardiaregia;275;241;34;364;160;44;103;57;639
        Guglionesi;2.096;1.855;241;2.256;974;435;563;284;4.352
        Jelsi;675;612;63;785;380;105;172;127;1.460
        Larino;2.708;2.410;298;3.010;1.417;528;666;399;5.718
        Limosano;313;286;27;325;180;31;58;56;638
        Lucito;219;192;27;360;212;33;56;57;579
        Lupara;140;123;17;235;122;23;56;34;375
        Macchia Valfortore;158;135;23;282;164;18;55;46;440
        Mafalda;412;367;45;550;262;72;131;85;962
        Matrice;423;375;48;483;233;75;109;66;906
        Mirabello Sannitico;896;801;95;889;347;195;228;120;1.785
        Molise;50;43;7;85;47;7;16;16;135
        Monacilioni;173;150;23;243;108;21;65;49;416
        Montagano;384;345;39;522;280;70;110;63;906
        Montecilfone;450;385;65;655;289;69;191;105;1.105
        Montefalcone nel Sannio;529;469;60;745;350;95;207;94;1.274
        Montelongo;109;100;9;171;96;21;35;18;280
        Montemitro;99;90;9;181;111;26;29;15;280
        Montenero di Bisaccia;2.613;2.333;280;2.855;1.298;408;707;441;5.468
        Montorio nei Frentani;129;114;15;212;118;40;36;17;341
        Morrone del Sannio;185;157;28;293;146;34;56;56;478
        Oratino;757;684;73;722;315;145;172;90;1.479
        Palata;569;508;61;809;408;84;206;111;1.378
        Petacciato;1.485;1.307;178;1.565;669;265;421;210;3.050
        Petrella Tifernina;367;323;44;572;302;65;129;76;939
        Pietracatella;502;449;53;587;275;79;144;91;1.089
        Pietracupa;75;66;9;115;70;9;16;19;190
        Portocannone;965;803;162;1.098;462;179;277;180;2.063
        Provvidenti;42;37;5;58;32;4;10;13;100
        Riccia;2.009;1.839;170;2.311;1.182;381;455;293;4.320
        Ripabottoni;182;168;14;242;148;31;33;30;424
        Ripalimosani;1.389;1.256;133;1.289;578;263;267;181;2.678
        Roccavivara;222;200;22;359;199;43;79;38;581
        Rotello;454;400;54;529;234;84;120;91;983
        Salcito;256;223;33;322;162;35;57;68;578
        San Biase;40;35;5;82;60;3;8;10;122
        San Felice del Molise;210;185;25;317;189;27;63;38;527
        San Giacomo degli Schiavoni;617;547;70;573;213;118;165;76;1.190
        San Giovanni in Galdo;192;166;26;283;155;38;52;39;475
        San Giuliano del Sannio;392;350;42;496;247;79;101;69;888
        San Giuliano di Puglia;368;327;41;517;238;86;133;60;885
        San Martino in Pensilis;1.864;1.598;266;2.135;917;385;550;283;3.999
        San Massimo;370;312;58;371;152;58;83;78;741
        San Polo Matese;198;170;28;226;102;35;49;41;424
        Santa Croce di Magliano;1.552;1.379;173;2.027;813;284;640;289;3.579
        Sant'Angelo Limosano;118;104;14;157;80;16;33;28;275
        Sant'Elia a Pianisi;572;497;75;857;411;119;210;117;1.429
        Sepino;744;661;83;872;375;94;207;195;1.616
        Spinete;490;454;36;573;331;88;88;66;1.063
        Tavenna;199;168;31;368;224;37;55;52;567
        Termoli;14.332;12.802;1.530;14.100;5.834;2.575;3.615;2.075;28.432
        Torella del Sannio;297;269;28;339;182;38;61;58;636
        Toro;504;439;65;652;331;90;142;89;1.156
        Trivento;1.789;1.650;139;2.093;1.145;326;365;256;3.882
        Tufara;283;246;37;475;258;57;104;57;758
        Ururi;995;877;118;1.160;542;183;283;153;2.155
        Vinchiaturo;1.499;1.333;166;1.435;568;242;408;217;2.934
      Isernia;32.768;29.750;3.018;38.530;18.808;5.641;8.062;6.019;71.298
        Acquaviva d'Isernia;158;145;13;181;89;33;38;22;339
        Agnone;1.960;1.818;142;2.262;1.216;341;405;301;4.222
        Bagnoli del Trigno;231;208;23;322;173;28;55;66;553
        Belmonte del Sannio;216;194;22;359;204;34;66;54;575
        Cantalupo nel Sannio;301;268;33;334;147;44;73;70;635
        Capracotta;343;315;28;411;249;48;64;51;754
        Carovilli;526;485;41;590;312;84;108;86;1.116
        Carpinone;393;347;46;537;256;62;136;83;930
        Castel del Giudice;135;122;13;133;72;9;28;25;268
        Castel San Vincenzo;174;156;18;238;134;35;41;28;412
        Castelpetroso;598;538;60;780;362;89;193;135;1.378
        Castelpizzuto;49;41;8;80;38;7;15;20;129
        Castelverrino;48;44;4;47;29;4;6;8;95
        Cerro al Volturno;449;409;40;626;353;91;97;85;1.075
        Chiauci;89;84;5;95;63;10;12;10;184
        Civitanova del Sannio;327;287;40;460;213;43;122;81;787
        Colli a Volturno;551;506;45;587;273;108;125;81;1.138
        Conca Casale;57;51;6;101;63;6;14;18;158
        Filignano;225;203;22;309;134;26;91;58;534
        Forlì del Sannio;232;208;24;349;194;54;61;39;581
        Fornelli;776;701;75;837;397;134;191;115;1.613
        Frosolone;1.097;1.004;93;1.401;630;202;351;217;2.498
        Isernia;8.671;7.911;760;9.565;4.508;1.665;1.909;1.483;18.236
        Longano;236;211;25;308;163;28;61;56;544
        Macchia d'Isernia;429;390;39;426;214;58;76;77;855
        Macchiagodena;620;562;58;876;463;97;185;130;1.496
        Miranda;365;333;32;473;263;58;88;65;838
        Montaquila;988;911;77;1.027;511;141;214;162;2.015
        Montenero Val Cocchiara;204;178;26;249;122;31;51;45;453
        Monteroduni;799;720;79;1.085;571;169;198;147;1.884
        Pesche;682;632;50;637;302;116;136;83;1.319
        Pescolanciano;336;310;26;379;187;45;85;63;715
        Pescopennataro;90;85;5;126;90;7;13;16;216
        Pettoranello del Molise;186;165;21;207;91;41;41;34;393
        Pietrabbondante;247;228;19;338;190;24;69;55;585
        Pizzone;124;109;15;166;76;19;45;26;290
        Poggio Sannita;182;159;23;341;205;30;54;52;523
        Pozzilli;948;862;86;973;447;153;227;146;1.921
        Rionero Sannitico;388;335;53;516;253;65;105;93;904
        Roccamandolfi;310;271;39;468;250;47;96;75;778
        Roccasicura;207;192;15;237;110;21;59;47;444
        Rocchetta a Volturno;428;384;44;533;274;66;107;85;961
        San Pietro Avellana;147;134;13;249;146;38;38;27;396
        Santa Maria del Molise;247;214;33;344;129;29;111;75;591
        Sant'Agapito;552;495;57;630;304;87;138;102;1.182
        Sant'Angelo del Pesco;130;117;13;161;85;13;32;31;291
        Sant'Elena Sannita;100;82;18;167;78;22;33;34;267
        Scapoli;211;182;29;342;151;31;95;66;553
        Sessano del Molise;252;224;28;378;228;35;58;57;630
        Sesto Campano;839;755;84;1.066;540;151;225;150;1.905
        Vastogirardi;237;214;23;348;194;39;65;50;585
        Venafro;4.679;4.251;428;4.875;2.063;824;1.156;832;9.554
    Campania;2.183.501;1.893.445;290.056;2.652.789;861.957;467.001;827.284;496.547;4.836.290
      Caserta;352.159;308.415;43.744;425.052;136.133;77.735;132.826;78.357;777.211
        Ailano;436;390;46;655;297;108;156;95;1.091
        Alife;2.921;2.589;332;3.505;1.300;604;945;655;6.426
        Alvignano;1.862;1.623;239;2.072;901;339;483;348;3.934
        Arienzo;2.124;1.843;281;2.411;796;465;737;414;4.535
        Aversa;19.734;17.149;2.585;23.403;7.750;4.429;6.902;4.322;43.137
        Baia e Latina;796;713;83;986;412;159;247;169;1.782
        Bellona;2.347;2.025;322;2.693;847;484;887;475;5.040
        Caianello;733;652;81;806;330;124;225;128;1.539
        Caiazzo;2.008;1.806;202;2.546;1.136;372;624;414;4.554
        Calvi Risorta;2.096;1.894;202;2.715;1.061;496;712;446;4.811
        Camigliano;792;707;85;916;332;175;255;155;1.708
        Cancello ed Arnone;2.115;1.897;218;2.650;732;418;902;598;4.765
        Capodrise;4.158;3.661;497;4.173;1.186;1.011;1.297;679;8.331
        Capriati a Volturno;569;513;56;702;336;122;161;83;1.271
        Capua;6.952;6.162;790;8.590;3.198;1.485;2.402;1.505;15.542
        Carinaro;2.783;2.436;347;3.185;925;592;1.137;532;5.968
        Carinola;2.636;2.389;247;3.827;1.608;538;733;948;6.463
        Casagiove;4.937;4.359;578;6.524;2.530;1.020;2.023;950;11.461
        Casal di Principe;7.734;6.515;1.219;10.338;2.309;1.884;3.450;2.697;18.072
        Casaluce;3.456;2.932;524;4.665;1.140;827;1.804;893;8.121
        Casapesenna;2.471;2.129;342;3.488;813;604;1.228;843;5.959
        Casapulla;3.325;2.904;421;3.786;1.192;752;1.318;523;7.111
        Caserta;30.981;27.339;3.642;33.569;13.226;6.747;8.704;4.893;64.550
        Castel Campagnano;589;531;58;700;324;116;152;108;1.289
        Castel di Sasso;383;341;42;547;241;73;156;78;930
        Castel Morrone;1.429;1.278;151;1.776;733;271;486;286;3.205
        Castel Volturno;9.732;8.728;1.004;13.994;3.198;1.819;4.893;4.085;23.726
        Castello del Matese;524;456;68;729;251;132;226;120;1.253
        Cellole;3.222;2.844;378;3.873;1.279;650;1.282;662;7.095
        Cervino;1.764;1.547;217;2.367;761;398;722;486;4.131
        Cesa;3.790;3.291;499;4.133;1.008;882;1.526;717;7.923
        Ciorlano;142;126;16;210;105;24;45;35;352
        Conca della Campania;412;370;42;616;300;81;141;93;1.028
        Curti;2.574;2.296;278;3.270;1.139;590;1.052;489;5.844
        Dragoni;781;696;85;960;352;168;259;181;1.741
        Falciano del Massico;1.170;1.019;151;1.772;699;270;418;385;2.942
        Fontegreca;297;251;46;363;186;57;74;46;660
        Formicola;515;458;57;681;283;100;148;150;1.196
        Francolise;1.786;1.572;214;2.233;816;396;601;420;4.019
        Frignano;3.144;2.779;365;4.368;1.140;721;1.430;1.076;7.512
        Gallo Matese;156;138;18;302;154;32;65;51;458
        Galluccio;784;695;89;1.042;411;155;301;175;1.826
        Giano Vetusto;256;230;26;303;143;49;69;43;559
        Gioia Sannitica;1.224;1.091;133;1.699;686;248;455;310;2.923
        Grazzanise;2.660;2.365;295;3.101;965;546;1.031;559;5.761
        Gricignano di Aversa;4.919;4.235;684;5.477;1.188;1.214;2.191;884;10.396
        Letino;233;207;26;345;157;51;80;57;578
        Liberi;395;340;55;557;258;62;143;94;952
        Lusciano;6.478;5.501;977;7.038;1.837;1.386;2.534;1.282;13.516
        Macerata Campania;4.000;3.373;627;4.633;1.383;880;1.659;711;8.633
        Maddaloni;13.957;12.132;1.825;17.572;5.261;3.239;5.903;3.168;31.529
        Marcianise;15.933;13.945;1.988;16.914;5.427;3.732;4.935;2.820;32.847
        Marzano Appio;728;663;65;1.088;488;152;244;204;1.816
        Mignano Monte Lungo;1.150;1.037;113;1.523;603;202;511;207;2.673
        Mondragone;10.082;8.984;1.098;14.390;4.382;2.042;4.100;3.867;24.472
        Orta di Atella;10.239;8.615;1.624;11.509;1.928;2.509;5.377;1.694;21.748
        Parete;4.882;4.249;633;5.512;1.510;1.117;1.678;1.207;10.394
        Pastorano;1.179;1.063;116;1.339;457;275;389;219;2.518
        Piana di Monte Verna;759;679;80;1.112;481;150;313;168;1.871
        Piedimonte Matese;3.975;3.515;460;5.077;2.067;892;1.253;865;9.052
        Pietramelara;1.697;1.507;190;2.226;829;360;667;369;3.923
        Pietravairano;1.122;998;124;1.347;572;228;306;240;2.469
        Pignataro Maggiore;2.311;2.079;232;2.778;1.103;512;683;480;5.089
        Pontelatone;579;518;61;774;328;129;173;144;1.353
        Portico di Caserta;3.085;2.690;395;3.394;936;752;1.184;522;6.479
        Prata Sannita;472;431;41;742;331;92;178;141;1.214
        Pratella;522;465;57;766;334;124;183;125;1.288
        Presenzano;623;544;79;777;313;112;228;124;1.400
        Raviscanina;425;374;51;624;274;95;155;100;1.049
        Recale;3.061;2.688;373;3.512;1.021;669;1.272;549;6.573
        Riardo;911;817;94;1.060;430;172;297;162;1.971
        Rocca d'Evandro;1.140;1.018;122;1.503;632;228;456;187;2.643
        Roccamonfina;1.248;1.118;130;1.605;667;227;428;284;2.853
        Roccaromana;285;255;30;449;170;52;140;87;734
        Rocchetta e Croce;162;132;30;231;111;38;43;39;393
        Ruviano;664;597;67;819;406;134;169;110;1.483
        San Cipriano d'Aversa;4.767;4.011;756;6.640;1.643;1.135;2.336;1.526;11.407
        San Felice a Cancello;6.352;5.634;718;7.973;2.596;1.489;2.420;1.468;14.325
        San Gregorio Matese;295;262;33;504;224;72;116;93;799
        San Marcellino;5.650;4.726;924;6.496;1.471;1.216;2.481;1.329;12.146
        San Marco Evangelista;2.582;2.305;277;2.886;834;597;1.054;402;5.468
        San Nicola la Strada;9.269;8.274;995;9.978;3.416;1.943;3.210;1.409;19.247
        San Pietro Infine;306;271;35;448;189;59;120;81;754
        San Potito Sannitico;779;681;98;933;387;174;225;148;1.712
        San Prisco;4.719;4.184;535;5.614;1.639;1.162;1.901;911;10.333
        San Tammaro;2.353;2.061;292;2.372;676;492;865;338;4.725
        Santa Maria a Vico;5.593;4.986;607;6.589;1.994;1.334;2.080;1.181;12.182
        Santa Maria Capua Vetere;12.750;11.246;1.504;15.009;5.445;2.745;4.141;2.677;27.759
        Santa Maria la Fossa;1.003;880;123;1.230;332;213;470;215;2.233
        Sant'Angelo d'Alife;795;701;94;1.032;492;162;220;159;1.827
        Sant'Arpino;5.641;4.887;754;6.935;1.594;1.329;2.881;1.131;12.576
        Sessa Aurunca;7.355;6.498;857;10.723;4.232;1.585;3.019;1.887;18.078
        Sparanise;2.842;2.546;296;3.381;1.247;609;938;588;6.223
        Succivo;3.433;2.965;468;3.889;976;713;1.558;642;7.322
        Teano;4.184;3.705;479;5.835;2.345;936;1.501;1.054;10.019
        Teverola;5.918;5.039;879;6.344;1.448;1.364;2.518;1.016;12.262
        Tora e Piccilli;303;277;26;398;183;52;105;57;701
        Trentola Ducenta;8.272;7.137;1.135;8.649;2.172;1.877;2.940;1.661;16.921
        Vairano Patenora;2.567;2.268;299;2.996;1.192;538;748;519;5.563
        Valle Agricola;201;178;23;513;261;34;81;138;714
        Valle di Maddaloni;1.089;967;122;1.211;410;227;387;187;2.300
        Villa di Briano;2.886;2.499;387;3.274;807;671;1.040;756;6.160
        Villa Literno;4.541;3.917;624;6.073;1.567;966;1.658;1.882;10.614
        Vitulazio;3.200;2.812;388;3.188;952;682;1.080;474;6.388
      Benevento;108.289;95.574;12.715;123.975;57.164;21.041;25.888;19.882;232.264
        Airola;3.429;3.005;424;3.593;1.466;764;780;583;7.022
        Amorosi;1.033;910;123;1.290;601;218;268;203;2.323
        Apice;2.120;1.867;253;2.494;1.162;431;535;367;4.614
        Apollosa;1.008;890;118;1.175;533;193;286;162;2.183
        Arpaia;784;666;118;924;297;152;312;162;1.708
        Arpaise;292;262;30;375;203;43;65;64;667
        Baselice;784;692;92;1.119;621;145;204;148;1.903
        Benevento;23.976;20.962;3.014;25.922;11.504;4.678;5.736;4.004;49.898
        Bonea;578;484;94;612;240;104;139;128;1.190
        Bucciano;781;669;112;889;313;185;257;133;1.670
        Buonalbergo;597;517;80;791;429;102;168;92;1.388
        Calvi;1.113;976;137;1.062;474;205;245;138;2.175
        Campolattaro;397;347;50;481;248;71;99;63;878
        Campoli del Monte Taburno;692;625;67;637;299;113;102;123;1.329
        Casalduni;465;429;36;619;326;77;97;120;1.084
        Castelfranco in Miscano;340;305;35;368;177;44;78;68;708
        Castelpagano;539;483;56;662;391;112;70;88;1.201
        Castelpoto;424;371;53;586;292;82;128;85;1.010
        Castelvenere;1.010;875;135;1.118;523;172;240;182;2.128
        Castelvetere in Val Fortore;319;281;38;616;438;43;67;69;935
        Cautano;772;688;84;909;447;148;156;159;1.681
        Ceppaloni;1.211;1.058;153;1.612;760;244;335;274;2.823
        Cerreto Sannita;1.518;1.336;182;1.686;850;295;295;245;3.204
        Circello;920;813;107;1.049;601;180;135;133;1.969
        Colle Sannita;867;776;91;1.066;569;173;167;158;1.933
        Cusano Mutri;1.413;1.253;160;1.908;919;262;390;338;3.321
        Dugenta;1.067;962;105;1.268;598;228;243;198;2.335
        Durazzano;810;727;83;1.008;370;177;274;188;1.818
        Faicchio;1.276;1.131;145;1.697;796;240;355;306;2.973
        Foglianise;1.311;1.154;157;1.448;657;283;313;194;2.759
        Foiano di Val Fortore;564;500;64;614;326;96;114;78;1.178
        Forchia;497;443;54;532;191;106;133;102;1.029
        Fragneto l'Abate;354;314;40;510;283;72;83;72;864
        Fragneto Monforte;717;642;75;788;407;134;147;100;1.505
        Frasso Telesino;735;651;84;1.064;541;145;181;197;1.799
        Ginestra degli Schiavoni;174;148;26;202;114;29;39;20;376
        Guardia Sanframondi;1.864;1.658;206;2.285;1.105;333;464;383;4.149
        Limatola;1.747;1.540;207;1.904;772;324;437;372;3.651
        Melizzano;707;622;85;813;394;123;173;124;1.520
        Moiano;1.515;1.332;183;1.963;797;350;454;363;3.478
        Molinara;602;543;59;688;435;95;84;73;1.290
        Montefalcone di Val Fortore;542;489;53;668;383;90;111;84;1.210
        Montesarchio;5.491;4.782;709;5.752;2.242;1.052;1.379;1.079;11.243
        Morcone;1.778;1.655;123;2.283;1.287;319;255;423;4.061
        Paduli;1.439;1.304;135;1.758;960;250;259;288;3.197
        Pago Veiano;813;725;88;1.204;556;147;259;242;2.017
        Pannarano;772;666;106;1.002;344;145;268;245;1.774
        Paolisi;845;744;101;847;309;182;213;143;1.692
        Paupisi;576;505;71;701;337;120;139;105;1.277
        Pesco Sannita;754;669;85;879;492;131;143;112;1.633
        Pietraroja;203;189;14;258;151;31;44;31;461
        Pietrelcina;1.191;1.042;149;1.353;640;233;261;218;2.544
        Ponte;1.026;927;99;1.126;544;208;215;158;2.152
        Pontelandolfo;845;751;94;996;522;153;187;134;1.841
        Puglianello;533;482;51;627;284;92;128;123;1.160
        Reino;471;430;41;511;303;85;59;64;982
        San Bartolomeo in Galdo;1.717;1.552;165;2.214;1.216;341;353;303;3.931
        San Giorgio del Sannio;4.203;3.672;531;4.238;1.818;784;1.045;590;8.441
        San Giorgio La Molara;1.140;1.048;92;1.299;702;186;171;240;2.439
        San Leucio del Sannio;1.158;1.018;140;1.472;602;253;382;235;2.630
        San Lorenzello;855;755;100;1.034;502;166;213;152;1.889
        San Lorenzo Maggiore;782;692;90;891;448;137;166;141;1.673
        San Lupo;283;255;28;374;210;45;63;57;657
        San Marco dei Cavoti;1.302;1.183;119;1.404;774;255;197;178;2.706
        San Martino Sannita;506;455;51;551;236;90;133;93;1.057
        San Nazzaro;356;318;38;384;152;75;88;68;740
        San Nicola Manfredi;1.575;1.379;196;1.508;637;320;326;225;3.083
        San Salvatore Telesino;1.509;1.344;165;1.892;824;320;416;332;3.401
        Santa Croce del Sannio;393;359;34;392;198;48;75;71;785
        Sant'Agata de' Goti;4.147;3.682;465;4.892;2.151;823;1.059;859;9.039
        Sant'Angelo a Cupolo;1.708;1.481;227;1.921;832;354;466;269;3.629
        Sant'Arcangelo Trimonte;163;147;16;274;163;14;47;50;437
        Sassinoro;220;214;6;362;166;32;41;123;582
        Solopaca;1.323;1.173;150;1.805;860;277;356;311;3.128
        Telese Terme;3.328;2.910;418;3.256;1.237;705;821;493;6.584
        Tocco Caudio;541;482;59;737;321;112;142;162;1.278
        Torrecuso;1.349;1.203;146;1.477;712;262;277;227;2.826
        Vitulano;1.128;985;143;1.288;582;230;280;197;2.416
      Napoli;1.133.025;965.018;168.007;1.416.748;404.211;249.036;482.947;280.554;2.549.773
        Acerra;22.919;19.590;3.329;25.651;6.214;5.497;9.197;4.743;48.570
        Afragola;21.009;17.818;3.191;30.807;6.370;5.177;12.599;6.661;51.816
        Agerola;3.165;2.782;383;3.325;1.234;585;912;595;6.490
        Anacapri;3.116;2.860;256;2.885;1.017;459;972;437;6.001
        Arzano;10.987;9.399;1.588;16.299;4.394;2.442;6.089;3.374;27.286
        Bacoli;9.378;8.116;1.262;12.795;4.105;1.796;4.597;2.297;22.173
        Barano d'Ischia;3.770;3.247;523;4.862;1.504;715;1.616;1.028;8.632
        Boscoreale;9.686;8.031;1.655;12.407;3.613;2.050;4.113;2.631;22.093
        Boscotrecase;3.487;3.000;487;4.951;1.478;813;1.474;1.187;8.438
        Brusciano;6.225;5.251;974;7.132;1.837;1.288;2.803;1.205;13.357
        Caivano;12.309;10.266;2.043;17.814;3.686;2.901;7.485;3.743;30.123
        Calvizzano;4.571;3.847;724;5.926;1.566;1.019;2.088;1.254;10.497
        Camposano;2.073;1.800;273;2.370;800;425;738;406;4.443
        Capri;3.257;2.997;260;2.914;1.160;396;940;418;6.171
        Carbonara di Nola;1.103;935;168;988;294;247;282;166;2.091
        Cardito;7.978;6.633;1.345;10.240;2.297;1.878;4.044;2.021;18.218
        Casalnuovo di Napoli;18.916;15.663;3.253;21.120;4.631;4.268;8.814;3.407;40.036
        Casamarciano;1.280;1.119;161;1.451;531;295;385;240;2.731
        Casamicciola Terme;3.099;2.680;419;3.606;1.198;571;1.130;707;6.705
        Casandrino;5.025;4.248;777;6.012;1.280;1.075;2.346;1.311;11.037
        Casavatore;6.674;5.628;1.046;8.910;2.311;1.521;3.302;1.775;15.584
        Casola di Napoli;1.294;1.102;192;1.773;428;357;668;321;3.067
        Casoria;27.416;23.322;4.094;35.860;9.317;6.109;13.717;6.717;63.276
        Castellammare di Stabia;24.037;20.837;3.200;30.141;9.687;5.939;9.269;5.246;54.178
        Castello di Cisterna;3.144;2.644;500;3.311;852;605;1.298;556;6.455
        Cercola;6.516;5.503;1.013;8.024;2.308;1.444;2.942;1.330;14.540
        Cicciano;4.879;4.201;678;5.835;1.839;1.035;1.904;1.058;10.714
        Cimitile;2.962;2.588;374;2.967;1.013;598;878;479;5.929
        Comiziano;675;596;79;802;329;143;193;137;1.477
        Crispano;4.292;3.532;760;5.712;1.149;975;2.402;1.186;10.004
        Ercolano;16.604;14.226;2.378;26.344;7.256;4.020;9.778;5.290;42.948
        Forio;6.986;6.089;897;8.079;2.512;1.338;2.399;1.831;15.065
        Frattamaggiore;10.566;9.140;1.426;14.363;4.304;2.314;4.843;2.902;24.929
        Frattaminore;5.617;4.734;883;7.676;1.721;1.316;3.068;1.571;13.293
        Giugliano in Campania;47.739;40.368;7.371;55.685;12.650;11.096;20.022;11.916;103.424
        Gragnano;10.872;9.388;1.484;12.993;3.996;2.749;4.011;2.237;23.865
        Grumo Nevano;6.181;5.309;872;8.694;2.295;1.300;3.156;1.944;14.875
        Ischia;7.837;6.846;991;9.324;3.137;1.590;2.764;1.832;17.161
        Lacco Ameno;1.828;1.595;233;2.187;750;323;631;484;4.015
        Lettere;2.177;1.845;332;2.871;701;540;1.104;526;5.048
        Liveri;598;521;77;706;280;120;186;120;1.304
        Marano di Napoli;21.925;18.337;3.588;27.606;7.352;4.977;9.742;5.536;49.531
        Mariglianella;3.253;2.835;418;3.304;843;713;1.244;504;6.557
        Marigliano;11.969;10.276;1.693;12.947;4.110;2.565;4.216;2.056;24.916
        Massa di Somma;1.805;1.518;287;2.545;693;370;960;522;4.350
        Massa Lubrense;6.027;5.384;643;6.100;2.318;1.031;1.710;1.041;12.127
        Melito di Napoli;13.597;10.997;2.600;16.793;3.448;3.078;6.874;3.394;30.390
        Meta;3.342;2.977;365;3.432;1.259;642;966;566;6.774
        Monte di Procida;3.850;3.403;447;6.520;1.921;824;2.320;1.455;10.370
        Mugnano di Napoli;13.780;11.293;2.487;15.610;3.990;3.034;5.614;2.971;29.390
        Napoli;344.956;292.853;52.103;447.556;132.859;73.735;145.031;95.930;792.512
        Nola;14.357;12.399;1.958;14.668;4.841;2.837;4.409;2.581;29.025
        Ottaviano;9.413;7.923;1.490;10.507;2.997;1.932;3.415;2.164;19.920
        Palma Campania;7.499;6.526;973;6.317;2.158;1.290;1.531;1.338;13.816
        Piano di Sorrento;5.213;4.681;532;5.575;2.194;1.083;1.445;853;10.788
        Pimonte;2.265;1.917;348;2.658;709;524;926;499;4.923
        Poggiomarino;8.741;7.369;1.372;9.774;2.580;2.021;3.011;2.161;18.515
        Pollena Trocchia;5.069;4.300;769;5.828;1.607;1.116;2.216;888;10.897
        Pomigliano d'Arco;16.102;14.030;2.072;18.001;5.894;3.338;6.045;2.724;34.103
        Pompei;9.402;8.035;1.367;11.178;3.809;2.096;3.386;1.887;20.580
        Portici;20.138;17.751;2.387;25.476;8.984;4.854;7.492;4.146;45.614
        Pozzuoli;29.143;24.475;4.668;37.437;10.413;6.122;13.585;7.318;66.580
        Procida;3.708;3.256;452;5.244;1.968;785;1.569;922;8.952
        Qualiano;9.355;7.227;2.128;11.407;2.679;1.844;4.206;2.679;20.762
        Quarto;15.623;13.234;2.389;18.922;4.797;3.404;7.475;3.246;34.545
        Roccarainola;2.466;2.166;300;3.285;1.061;528;1.055;641;5.751
        San Gennaro Vesuviano;5.280;4.562;718;4.847;1.399;1.068;1.251;1.129;10.127
        San Giorgio a Cremano;15.865;13.985;1.880;21.425;7.686;3.921;6.351;3.467;37.290
        San Giuseppe Vesuviano;12.492;10.697;1.795;13.112;3.432;2.552;4.055;3.073;25.604
        San Paolo Bel Sito;1.499;1.294;205;1.442;510;318;395;219;2.941
        San Sebastiano al Vesuvio;3.581;3.088;493;3.902;1.325;797;1.191;588;7.483
        San Vitaliano;2.785;2.389;396;2.700;794;557;907;442;5.485
        Santa Maria la Carità;4.596;3.976;620;5.128;1.377;1.133;1.798;820;9.724
        Sant'Agnello;3.793;3.381;412;3.713;1.448;740;971;554;7.506
        Sant'Anastasia;10.044;8.608;1.436;12.419;3.508;2.212;4.568;2.130;22.463
        Sant'Antimo;11.009;9.123;1.886;16.216;3.590;2.373;6.062;4.191;27.225
        Sant'Antonio Abate;7.441;6.439;1.002;8.831;2.491;1.897;2.739;1.704;16.272
        Saviano;6.612;5.689;923;6.858;2.160;1.312;2.163;1.223;13.470
        Scisciano;2.745;2.396;349;2.533;790;560;798;384;5.278
        Serrara Fontana;1.207;1.050;157;1.511;521;213;448;329;2.718
        Somma Vesuviana;13.468;11.571;1.897;15.470;4.218;3.047;5.692;2.512;28.938
        Sorrento;6.979;6.333;646;6.624;2.811;1.234;1.615;964;13.603
        Striano;3.498;3.010;488;3.909;1.147;803;1.135;824;7.407
        Terzigno;6.559;5.503;1.056;8.104;1.969;1.528;2.830;1.777;14.663
        Torre Annunziata;13.960;11.837;2.123;20.167;6.245;3.576;6.274;4.073;34.127
        Torre del Greco;27.334;23.053;4.281;41.935;11.254;6.988;15.974;7.719;69.269
        Trecase;3.348;2.894;454;4.003;1.366;809;1.161;667;7.351
        Tufino;1.484;1.308;176;1.402;422;320;446;214;2.886
        Vico Equense;8.400;7.400;1.000;9.091;3.329;1.890;2.429;1.444;17.491
        Villaricca;11.926;9.917;2.009;14.111;3.503;2.656;5.365;2.587;26.037
        Visciano;1.853;1.646;207;1.797;762;338;348;349;3.650
        Volla;10.024;8.411;1.613;10.994;2.623;2.128;4.382;1.861;21.018
      Avellino;163.723;147.005;16.718;188.764;76.950;32.871;47.217;31.726;352.487
        Aiello del Sabato;1.749;1.576;173;1.732;587;379;493;272;3.481
        Altavilla Irpina;1.380;1.207;173;2.084;767;312;574;431;3.464
        Andretta;691;624;67;844;427;125;135;157;1.535
        Aquilonia;554;515;39;808;357;109;160;182;1.362
        Ariano Irpino;8.804;7.960;844;9.867;4.397;1.599;2.479;1.392;18.671
        Atripalda;4.343;3.908;435;4.854;1.822;892;1.376;765;9.197
        Avella;2.987;2.680;307;3.473;1.218;612;910;733;6.460
        Avellino;22.561;20.223;2.338;24.079;10.344;4.905;5.207;3.624;46.640
        Bagnoli Irpino;1.221;1.100;121;1.520;614;210;443;253;2.741
        Baiano;1.735;1.607;128;2.189;838;343;475;533;3.924
        Bisaccia;1.496;1.354;142;1.653;814;293;295;252;3.149
        Bonito;893;788;105;1.102;410;177;326;189;1.995
        Cairano;93;86;7;167;98;16;26;27;260
        Calabritto;740;650;90;1.185;534;122;284;245;1.925
        Calitri;1.737;1.566;171;2.155;1.156;306;425;268;3.892
        Candida;463;417;46;495;167;95;154;78;958
        Caposele;1.276;1.137;139;1.567;670;230;417;250;2.843
        Capriglia Irpina;933;851;82;1.029;409;203;248;169;1.962
        Carife;462;408;54;694;337;103;148;107;1.156
        Casalbore;579;514;65;847;375;97;243;132;1.426
        Cassano Irpino;376;331;45;464;169;72;147;77;840
        Castel Baronia;455;404;51;489;218;76;131;65;944
        Castelfranci;712;642;70;886;419;137;194;137;1.598
        Castelvetere sul Calore;593;537;56;728;329;114;184;101;1.321
        Cervinara;3.420;3.019;401;4.251;1.676;735;969;871;7.671
        Cesinali;1.142;1.024;118;1.104;377;247;322;159;2.246
        Chianche;177;159;18;263;110;24;62;66;440
        Chiusano di San Domenico;802;723;79;1.050;445;154;270;180;1.852
        Contrada;1.166;1.050;116;1.405;462;220;472;251;2.571
        Conza della Campania;532;478;54;604;289;83;135;96;1.136
        Domicella;761;666;95;820;280;175;199;166;1.581
        Flumeri;1.035;949;86;1.162;579;159;274;150;2.197
        Fontanarosa;1.107;1.001;106;1.467;625;225;319;298;2.574
        Forino;2.017;1.808;209;2.499;753;420;871;455;4.516
        Frigento;1.503;1.328;175;1.620;750;278;363;228;3.123
        Gesualdo;1.339;1.212;127;1.543;709;254;335;245;2.882
        Greci;200;181;19;328;197;24;61;46;528
        Grottaminarda;3.305;2.924;381;3.451;1.376;679;845;550;6.756
        Grottolella;797;706;91;809;329;151;197;133;1.606
        Guardia Lombardi;623;554;69;761;399;111;156;95;1.384
        Lacedonia;897;811;86;985;472;186;162;165;1.882
        Lapio;591;530;61;696;285;125;187;99;1.287
        Lauro;1.415;1.255;160;1.502;651;297;289;265;2.917
        Lioni;2.512;2.270;242;2.670;1.115;445;692;418;5.182
        Luogosano;454;403;51;519;190;108;134;87;973
        Manocalzati;1.351;1.230;121;1.328;504;266;367;192;2.679
        Marzano di Nola;691;614;77;729;276;165;147;140;1.420
        Melito Irpino;705;619;86;876;395;127;212;142;1.581
        Mercogliano;4.921;4.434;487;5.288;2.115;1.106;1.232;836;10.209
        Mirabella Eclano;2.817;2.546;271;3.219;1.301;522;834;562;6.036
        Montaguto;116;105;11;212;115;35;31;31;328
        Montecalvo Irpino;1.290;1.164;126;1.699;829;265;348;258;2.989
        Montefalcione;1.213;1.091;122;1.550;626;260;438;227;2.763
        Monteforte Irpino;4.900;4.417;483;4.896;1.687;1.009;1.400;799;9.796
        Montefredane;854;769;85;1.028;434;190;226;179;1.882
        Montefusco;501;448;53;584;273;90;127;93;1.085
        Montella;2.906;2.638;268;3.533;1.399;541;1.073;520;6.439
        Montemarano;998;906;92;1.346;670;148;324;204;2.344
        Montemiletto;2.057;1.845;212;2.439;1.020;407;613;399;4.496
        Monteverde;275;240;35;367;157;58;103;50;642
        Montoro;7.863;7.063;800;8.574;2.740;1.563;2.772;1.500;16.437
        Morra De Sanctis;425;388;37;585;301;83;119;82;1.010
        Moschiano;608;534;74;738;234;134;196;174;1.346
        Mugnano del Cardinale;2.207;1.934;273;2.306;906;459;520;420;4.513
        Nusco;1.545;1.388;157;1.941;860;264;510;307;3.486
        Ospedaletto d'Alpinolo;888;786;102;867;322;165;243;137;1.755
        Pago del Vallo di Lauro;724;642;82;770;286;151;161;173;1.494
        Parolise;246;217;29;317;131;53;84;49;563
        Paternopoli;874;791;83;1.032;504;148;210;170;1.906
        Petruro Irpino;89;80;9;171;72;16;40;43;260
        Pietradefusi;804;712;92;965;397;161;256;151;1.769
        Pietrastornina;558;502;56;743;318;102;195;128;1.301
        Prata di Principato Ultra;1.112;1.031;81;1.274;448;207;303;316;2.386
        Pratola Serra;1.491;1.320;171;1.660;576;351;472;261;3.151
        Quadrelle;781;690;91;805;286;170;214;134;1.586
        Quindici;731;664;67;822;368;132;142;181;1.553
        Rocca San Felice;319;292;27;384;189;50;85;60;703
        Roccabascerana;877;781;96;1.197;457;189;320;231;2.074
        Rotondi;1.445;1.290;155;1.495;589;314;346;247;2.940
        Salza Irpina;296;273;23;359;156;43;99;60;655
        San Mango sul Calore;475;379;96;521;216;86;163;55;996
        San Martino Valle Caudina;1.802;1.616;186;2.395;924;384;573;514;4.197
        San Michele di Serino;1.029;924;105;1.110;399;213;319;179;2.139
        San Nicola Baronia;312;277;35;357;162;60;84;51;669
        San Potito Ultra;621;561;60;706;280;145;180;101;1.327
        San Sossio Baronia;617;567;50;712;359;106;138;110;1.329
        Santa Lucia di Serino;531;476;55;662;270;107;176;109;1.193
        Santa Paolina;473;425;48;580;253;87;138;103;1.053
        Sant'Andrea di Conza;533;473;60;775;343;144;149;138;1.308
        Sant'Angelo a Scala;263;237;26;386;139;46;98;103;649
        Sant'Angelo all'Esca;269;237;32;395;188;49;87;70;664
        Sant'Angelo dei Lombardi;1.600;1.464;136;1.858;878;278;364;338;3.458
        Santo Stefano del Sole;879;789;90;960;373;168;262;158;1.839
        Savignano Irpino;376;334;42;519;249;53;154;63;895
        Scampitella;421;386;35;547;316;71;83;77;968
        Senerchia;304;279;25;378;156;50;80;93;682
        Serino;2.653;2.435;218;3.247;1.301;523;732;691;5.900
        Sirignano;1.166;1.033;133;1.253;383;264;398;208;2.419
        Solofra;4.784;4.252;532;5.670;1.772;1.005;1.950;943;10.454
        Sorbo Serpico;233;202;31;255;94;44;71;46;488
        Sperone;1.507;1.357;150;1.611;541;315;458;297;3.118
        Sturno;1.178;1.062;116;1.261;559;234;271;197;2.439
        Summonte;647;602;45;708;288;107;169;144;1.355
        Taurano;639;559;80;668;272;140;130;127;1.307
        Taurasi;823;729;94;1.137;479;175;280;203;1.960
        Teora;530;473;57;776;373;89;195;119;1.306
        Torella dei Lombardi;775;712;63;985;413;164;243;164;1.760
        Torre Le Nocelle;445;402;43;633;246;90;160;137;1.078
        Torrioni;159;146;13;276;99;28;79;71;435
        Trevico;329;300;29;433;224;51;95;63;762
        Tufo;296;270;26;415;193;49;90;84;711
        Vallata;1.046;942;104;1.181;553;195;261;172;2.227
        Vallesaccarda;483;455;28;618;281;97;102;137;1.101
        Venticano;966;866;100;1.051;453;201;216;180;2.017
        Villamaina;359;318;41;439;177;82;97;83;798
        Villanova del Battista;595;538;57;746;367;112;151;116;1.341
        Volturara Irpina;1.097;984;113;1.538;647;225;375;292;2.635
        Zungoli;403;364;39;482;243;69;96;74;885
      Salerno;426.305;377.433;48.872;498.250;187.499;86.317;138.407;86.029;924.555
        Acerno;1.057;973;84;1.214;550;202;165;296;2.271
        Agropoli;8.724;7.582;1.142;10.001;3.676;1.784;2.705;1.836;18.725
        Albanella;2.420;2.161;259;2.966;1.255;436;714;561;5.386
        Alfano;241;214;27;612;242;63;150;156;853
        Altavilla Silentina;2.767;2.495;272;3.300;1.372;481;861;586;6.067
        Amalfi;2.197;2.019;178;2.047;967;307;514;260;4.244
        Angri;13.903;12.220;1.683;14.807;4.678;3.122;4.607;2.400;28.710
        Aquara;518;459;59;706;353;78;144;132;1.224
        Ascea;2.186;1.929;257;2.972;1.252;407;678;635;5.158
        Atena Lucana;1.024;937;87;1.041;409;169;275;187;2.065
        Atrani;349;323;26;361;173;39;102;47;710
        Auletta;795;713;82;1.096;480;156;267;192;1.891
        Baronissi;7.095;6.329;766;7.513;2.544;1.436;2.450;1.083;14.608
        Battipaglia;20.607;18.327;2.280;22.418;8.215;4.010;6.411;3.782;43.025
        Bellizzi;5.116;4.550;566;6.247;2.236;1.067;1.840;1.104;11.363
        Bellosguardo;255;229;26;368;207;47;53;61;623
        Bracigliano;2.146;1.880;266;2.397;753;481;714;449;4.543
        Buccino;1.752;1.579;173;2.389;1.205;338;480;367;4.141
        Buonabitacolo;968;865;103;1.144;415;199;337;193;2.112
        Caggiano;1.015;919;96;1.219;583;191;259;186;2.234
        Calvanico;567;506;61;669;238;124;186;121;1.236
        Camerota;2.129;1.790;339;3.963;1.385;450;1.128;1.000;6.092
        Campagna;6.669;5.874;795;7.539;2.732;1.258;1.995;1.554;14.208
        Campora;96;83;13;210;129;21;23;37;306
        Cannalonga;349;308;41;496;240;57;103;96;845
        Capaccio Paestum;9.006;8.033;973;10.334;3.634;1.673;2.631;2.395;19.340
        Casal Velino;2.064;1.837;227;2.589;1.056;382;598;553;4.653
        Casalbuono;402;364;38;530;262;69;119;81;932
        Casaletto Spartano;422;379;43;739;393;95;139;112;1.161
        Caselle in Pittari;695;615;80;949;467;143;187;153;1.644
        Castel San Giorgio;5.822;5.128;694;5.981;1.905;1.180;2.025;871;11.803
        Castel San Lorenzo;822;724;98;1.170;600;169;188;214;1.992
        Castelcivita;509;452;57;837;511;85;118;123;1.346
        Castellabate;3.357;2.978;379;4.307;1.609;541;1.210;948;7.664
        Castelnuovo Cilento;1.036;907;129;1.376;494;235;379;268;2.412
        Castelnuovo di Conza;181;174;7;354;141;15;56;141;535
        Castiglione del Genovesi;555;498;57;571;231;111;139;90;1.126
        Cava de' Tirreni;19.890;17.453;2.437;24.518;8.464;4.433;7.950;3.672;44.408
        Celle di Bulgheria;588;498;90;946;369;146;268;162;1.534
        Centola;1.683;1.481;202;2.760;1.106;321;556;777;4.443
        Ceraso;849;755;94;1.144;574;169;198;203;1.993
        Cetara;791;711;80;989;397;149;313;130;1.780
        Cicerale;439;390;49;638;310;86;131;111;1.077
        Colliano;1.391;1.247;144;1.610;711;259;372;267;3.001
        Conca dei Marini;295;271;24;283;125;47;60;51;578
        Controne;305;275;30;406;205;62;67;71;711
        Contursi Terme;1.352;1.231;121;1.442;610;295;265;272;2.794
        Corbara;952;859;93;1.199;388;227;367;218;2.151
        Corleto Monforte;195;174;21;274;158;39;33;44;469
        Cuccaro Vetere;213;188;25;264;133;50;49;32;477
        Eboli;14.862;13.300;1.562;17.596;6.081;3.053;4.360;4.101;32.458
        Felitto;409;369;40;637;348;74;110;104;1.046
        Fisciano;5.962;5.282;680;6.215;2.063;1.197;1.989;967;12.177
        Furore;272;261;11;335;126;41;63;105;607
        Futani;411;372;39;560;271;76;112;101;971
        Giffoni Sei Casali;2.094;1.862;232;2.262;819;449;641;353;4.356
        Giffoni Valle Piana;4.524;3.985;539;5.457;2.160;919;1.505;873;9.981
        Gioi;375;335;40;627;351;69;106;101;1.002
        Giungano;495;449;46;609;246;106;137;120;1.104
        Ispani;360;322;38;524;240;43;169;72;884
        Laureana Cilento;464;407;57;578;225;91;160;103;1.042
        Laurino;485;424;61;695;365;91;118;121;1.180
        Laurito;227;194;33;424;207;63;72;82;651
        Laviano;448;405;43;688;311;64;173;141;1.136
        Lustra;367;327;40;519;213;87;120;99;886
        Magliano Vetere;173;150;23;369;209;44;55;62;542
        Maiori;2.355;2.150;205;2.413;1.088;340;621;363;4.768
        Mercato San Severino;8.801;7.730;1.071;9.749;3.094;1.821;3.431;1.403;18.550
        Minori;1.079;969;110;1.245;575;189;302;179;2.324
        Moio della Civitella;708;629;79;919;402;153;185;179;1.627
        Montano Antilia;506;456;50;1.002;493;106;184;219;1.508
        Monte San Giacomo;560;508;52;730;340;120;144;125;1.290
        Montecorice;976;874;102;1.318;565;168;256;328;2.294
        Montecorvino Pugliano;4.842;4.276;566;4.492;1.325;979;1.473;715;9.334
        Montecorvino Rovella;4.735;4.148;587;5.793;2.061;921;1.763;1.048;10.528
        Monteforte Cilento;182;162;20;293;153;32;45;62;475
        Montesano sulla Marcellana;2.542;2.322;220;2.939;1.279;437;760;463;5.481
        Morigerati;189;170;19;364;154;27;98;85;553
        Nocera Inferiore;18.062;15.774;2.288;20.574;7.074;3.783;6.355;3.361;38.636
        Nocera Superiore;9.471;8.385;1.086;11.069;3.579;2.015;3.916;1.559;20.540
        Novi Velia;975;846;129;961;387;169;240;165;1.936
        Ogliastro Cilento;928;825;103;1.085;466;154;240;225;2.013
        Olevano sul Tusciano;2.506;2.224;282;3.111;1.077;499;987;549;5.617
        Oliveto Citra;1.568;1.411;157;1.592;714;276;343;259;3.160
        Omignano;631;565;66;780;322;111;202;144;1.411
        Orria;306;273;33;593;338;64;76;115;899
        Ottati;212;189;23;319;184;30;47;58;531
        Padula;1.935;1.758;177;2.461;1.003;335;649;474;4.396
        Pagani;13.309;11.534;1.775;16.037;4.754;3.118;5.261;2.903;29.346
        Palomonte;1.491;1.339;152;1.738;820;301;317;301;3.229
        Pellezzano;4.577;4.083;494;4.774;1.792;897;1.400;684;9.351
        Perdifumo;644;584;60;940;412;102;206;220;1.584
        Perito;350;319;31;397;218;50;65;64;747
        Pertosa;273;243;30;325;125;51;90;60;598
        Petina;390;347;43;525;215;83;119;108;915
        Piaggine;408;344;64;672;374;81;128;89;1.080
        Pisciotta;922;821;101;1.302;646;150;226;280;2.224
        Polla;2.063;1.890;173;2.385;986;397;591;411;4.448
        Pollica;820;720;100;1.126;533;140;217;236;1.946
        Pontecagnano Faiano;10.840;9.737;1.103;11.779;4.302;2.063;3.275;2.139;22.619
        Positano;1.838;1.700;138;1.476;624;244;384;224;3.314
        Postiglione;760;682;78;1.003;458;127;205;213;1.763
        Praiano;936;861;75;821;357;120;237;107;1.757
        Prignano Cilento;432;384;48;504;204;80;137;84;936
        Ravello;1.138;1.050;88;971;462;142;229;138;2.109
        Ricigliano;381;343;38;591;318;61;94;118;972
        Roccadaspide;2.647;2.352;295;3.411;1.605;531;688;586;6.058
        Roccagloriosa;511;454;57;879;394;107;226;153;1.390
        Roccapiemonte;3.430;3.071;359;4.100;1.411;768;1.237;684;7.530
        Rofrano;413;365;48;731;330;83;155;162;1.144
        Romagnano al Monte;155;140;15;183;75;22;41;44;338
        Roscigno;214;199;15;372;187;38;54;93;586
        Rutino;306;273;33;377;150;63;92;72;683
        Sacco;124;113;11;287;169;30;29;58;411
        Sala Consilina;5.000;4.498;502;5.669;2.251;909;1.633;876;10.669
        Salento;712;632;80;854;396;120;191;147;1.566
        Salerno;53.733;47.731;6.002;59.408;25.231;11.012;14.485;8.680;113.141
        Salvitelle;175;153;22;276;144;31;66;36;451
        San Cipriano Picentino;2.761;2.437;324;2.826;1.042;533;851;399;5.587
        San Giovanni a Piro;1.291;1.117;174;1.922;729;246;612;335;3.213
        San Gregorio Magno;1.474;1.304;170;2.022;1.044;322;346;310;3.496
        San Mango Piemonte;1.132;1.005;127;1.079;362;209;358;151;2.211
        San Marzano sul Sarno;3.951;3.479;472;4.708;1.441;881;1.387;999;8.659
        San Mauro Cilento;330;291;39;431;221;45;81;84;761
        San Mauro la Bruca;192;169;23;307;165;46;44;51;499
        San Pietro al Tanagro;682;607;75;737;308;138;201;91;1.419
        San Rufo;592;526;66;789;331;107;217;134;1.381
        San Valentino Torio;4.452;3.912;540;4.579;1.284;901;1.424;970;9.031
        Santa Marina;1.183;1.031;152;1.589;635;232;445;276;2.772
        Sant'Angelo a Fasanella;187;160;27;279;167;31;44;36;466
        Sant'Arsenio;1.057;954;103;1.285;542;239;301;203;2.342
        Sant'Egidio del Monte Albino;3.422;3.031;391;4.032;1.227;791;1.285;729;7.454
        Santomenna;143;132;11;209;105;18;36;49;352
        Sanza;949;858;91;1.214;566;179;231;238;2.163
        Sapri;2.448;2.163;285;3.255;1.431;489;788;546;5.703
        Sarno;11.676;10.183;1.493;14.490;4.482;2.540;4.729;2.739;26.166
        Sassano;1.910;1.730;180;2.201;924;314;565;398;4.111
        Scafati;19.408;16.664;2.744;21.856;6.489;4.404;7.426;3.537;41.264
        Scala;660;604;56;646;280;95;183;88;1.306
        Serramezzana;91;81;10;158;80;12;28;38;249
        Serre;1.410;1.247;163;1.802;730;290;456;326;3.212
        Sessa Cilento;464;416;48;568;275;78;128;87;1.032
        Siano;3.837;3.378;459;4.322;1.478;843;1.257;744;8.159
        Sicignano degli Alburni;1.186;1.078;108;1.507;697;220;338;252;2.693
        Stella Cilento;253;221;32;354;192;50;60;53;607
        Stio;252;220;32;454;209;65;82;98;706
        Teggiano;2.716;2.471;245;3.618;1.652;533;798;635;6.334
        Torchiara;787;713;74;813;332;166;200;114;1.600
        Torraca;449;389;60;616;275;93;144;104;1.065
        Torre Orsaia;661;576;85;1.090;524;131;246;189;1.751
        Tortorella;153;132;21;281;159;32;57;32;434
        Tramonti;1.697;1.526;171;1.864;715;301;540;308;3.561
        Trentinara;597;517;80;794;370;96;174;154;1.391
        Valle dell'Angelo;82;70;12;130;86;14;14;17;212
        Vallo della Lucania;3.419;3.015;404;3.669;1.579;708;792;590;7.088
        Valva;602;529;73;750;319;106;195;130;1.352
        Vibonati;1.263;1.131;132;1.618;705;237;350;327;2.881
        Vietri sul Mare;2.737;2.430;307;3.672;1.356;555;1.131;631;6.409
    Puglia;1.553.937;1.371.723;182.214;1.873.198;740.021;295.191;538.297;299.689;3.427.135
      Foggia;225.400;196.647;28.753;293.665;105.483;47.943;86.710;53.528;519.065
        Accadia;864;754;110;1.097;540;161;204;192;1.961
        Alberona;324;277;47;455;232;41;85;97;779
        Anzano di Puglia;411;356;55;577;277;88;110;102;988
        Apricena;4.587;4.058;529;6.317;2.060;1.006;2.241;1.011;10.904
        Ascoli Satriano;2.324;2.062;262;2.780;1.134;445;659;542;5.104
        Biccari;1.008;893;115;1.317;650;179;264;224;2.325
        Bovino;1.168;1.046;122;1.509;740;220;338;210;2.677
        Cagnano Varano;2.235;1.869;366;3.556;1.646;485;670;755;5.791
        Candela;1.042;931;111;1.224;437;245;328;214;2.266
        Carapelle;2.462;2.138;324;3.306;893;550;1.060;804;5.768
        Carlantino;265;220;45;453;213;50;89;102;718
        Carpino;1.434;1.222;212;1.970;939;262;306;462;3.404
        Casalnuovo Monterotaro;504;445;59;721;366;103;131;121;1.225
        Casalvecchio di Puglia;652;581;71;874;414;126;180;154;1.526
        Castelluccio dei Sauri;793;705;88;977;381;174;232;190;1.770
        Castelluccio Valmaggiore;471;415;56;589;260;95;139;95;1.060
        Castelnuovo della Daunia;483;432;51;668;303;96;163;106;1.151
        Celenza Valfortore;439;372;67;799;435;92;169;103;1.238
        Celle di San Vito;49;38;11;91;49;6;18;18;140
        Cerignola;21.949;18.932;3.017;26.683;7.598;4.561;8.649;5.875;48.632
        Chieuti;582;511;71;779;306;97;245;130;1.361
        Deliceto;1.418;1.281;137;1.639;775;307;300;257;3.057
        Faeto;235;201;34;312;121;46;86;59;547
        Foggia;57.457;50.403;7.054;70.201;25.860;11.534;21.115;11.692;127.658
        Ischitella;1.466;1.256;210;2.161;970;271;380;541;3.627
        Isole Tremiti;235;207;28;204;86;14;36;68;439
        Lesina;2.303;2.010;293;3.206;1.081;491;1.015;619;5.509
        Lucera;11.798;10.350;1.448;15.371;5.633;2.496;4.835;2.408;27.169
        Manfredonia;19.716;17.226;2.490;27.434;9.197;4.454;9.509;4.273;47.150
        Mattinata;2.099;1.682;417;3.119;1.196;542;792;589;5.218
        Monte Sant'Angelo;4.044;3.599;445;5.988;2.266;1.115;1.834;773;10.032
        Monteleone di Puglia;379;338;41;484;201;117;85;81;863
        Motta Montecorvino;268;245;23;328;191;44;50;43;596
        Ordona;1.084;979;105;1.249;463;229;244;313;2.333
        Orsara di Puglia;990;867;123;1.272;680;142;221;229;2.262
        Orta Nova;6.406;5.697;709;8.059;2.793;1.404;2.141;1.721;14.465
        Panni;268;241;27;364;209;53;49;52;632
        Peschici;1.454;1.149;305;2.219;699;267;542;710;3.673
        Pietramontecorvino;949;851;98;1.232;557;193;316;165;2.181
        Poggio Imperiale;831;707;124;1.350;516;170;428;237;2.181
        Rignano Garganico;696;624;72;935;425;125;233;152;1.631
        Rocchetta Sant'Antonio;686;616;70;832;402;133;170;128;1.518
        Rodi Garganico;1.199;1.004;195;1.757;650;216;427;463;2.956
        Roseto Valfortore;337;290;47;548;246;76;135;91;885
        San Giovanni Rotondo;11.009;10.004;1.005;11.897;4.535;2.562;3.000;1.800;22.906
        San Marco in Lamis;4.894;4.256;638;6.162;2.403;1.059;1.698;1.002;11.056
        San Marco la Catola;305;262;43;492;229;56;118;88;797
        San Nicandro Garganico;4.444;3.729;715;7.757;2.916;1.027;2.409;1.405;12.201
        San Paolo di Civitate;1.948;1.697;251;2.812;956;475;846;536;4.760
        San Severo;18.045;15.528;2.517;25.106;7.431;4.117;9.307;4.251;43.151
        Sant'Agata di Puglia;746;678;68;835;452;117;104;162;1.581
        Serracapriola;1.326;1.159;167;1.877;737;252;504;384;3.203
        Stornara;2.105;1.852;253;2.722;817;483;672;751;4.827
        Stornarella;2.032;1.798;234;2.399;898;367;532;602;4.431
        Torremaggiore;6.391;5.675;716;7.932;2.940;1.460;2.102;1.430;14.323
        Troia;2.657;2.391;266;3.189;1.389;593;749;457;5.846
        Vico del Gargano;2.458;2.030;428;3.923;1.499;576;968;881;6.381
        Vieste;4.773;3.813;960;6.901;2.062;891;2.020;1.928;11.674
        Volturara Appula;120;99;21;235;125;14;54;42;355
        Volturino;582;526;56;787;404;128;136;119;1.369
        Zapponeta;1.203;1.070;133;1.631;599;244;270;517;2.834
      Bari;511.797;456.180;55.617;560.409;219.570;91.445;170.314;79.081;1.072.206
        Acquaviva delle Fonti;8.310;7.400;910;9.217;4.216;1.494;2.298;1.209;17.527
        Adelfia;6.842;6.079;763;7.608;2.998;1.135;2.369;1.107;14.450
        Alberobello;4.536;4.090;446;4.581;2.408;660;857;657;9.117
        Altamura;29.501;27.006;2.495;30.055;9.138;6.551;10.764;3.602;59.556
        Bari;134.329;118.930;15.399;146.027;59.741;22.509;42.977;20.800;280.356
        Binetto;884;788;96;922;316;156;333;117;1.806
        Bitetto;4.980;4.530;450;5.076;1.813;944;1.694;625;10.056
        Bitonto;21.315;18.714;2.601;24.762;8.636;3.928;8.516;3.683;46.077
        Bitritto;5.050;4.572;478;4.642;1.754;797;1.419;671;9.692
        Capurso;6.273;5.642;631;6.996;2.573;1.076;2.392;954;13.269
        Casamassima;8.182;7.328;854;8.514;3.152;1.391;2.683;1.288;16.696
        Cassano delle Murge;6.214;5.520;694;6.890;2.659;1.178;1.964;1.090;13.104
        Castellana Grotte;8.663;7.814;849;8.431;4.006;1.280;1.810;1.334;17.094
        Cellamare;2.529;2.274;255;2.403;722;478;884;319;4.932
        Conversano;11.211;10.019;1.192;11.229;5.003;1.865;2.607;1.754;22.440
        Corato;18.757;16.590;2.167;22.030;7.177;3.810;8.056;2.988;40.787
        Gioia del Colle;10.743;9.623;1.120;12.709;5.514;1.974;3.479;1.742;23.452
        Giovinazzo;7.930;7.160;770;9.204;3.622;1.373;3.093;1.116;17.134
        Gravina in Puglia;17.767;15.982;1.785;18.992;6.316;3.981;6.253;2.443;36.759
        Grumo Appula;4.813;4.201;612;5.832;1.959;888;2.101;884;10.645
        Locorotondo;6.036;5.395;641;6.195;3.031;855;1.360;950;12.231
        Modugno;14.726;13.295;1.431;16.872;6.163;2.690;5.962;2.057;31.598
        Mola di Bari;9.381;8.108;1.273;12.347;4.516;1.784;4.307;1.739;21.728
        Molfetta;22.761;20.399;2.362;27.725;10.895;4.177;9.115;3.537;50.486
        Monopoli;21.015;18.518;2.497;21.379;8.703;3.093;6.140;3.442;42.394
        Noci;7.993;7.237;756;8.400;3.817;1.307;2.099;1.177;16.393
        Noicattaro;11.438;10.315;1.123;10.997;4.167;2.084;3.088;1.658;22.435
        Palo del Colle;8.053;7.109;944;9.750;3.101;1.576;3.740;1.332;17.803
        Poggiorsini;528;463;65;617;245;115;165;93;1.145
        Polignano a Mare;7.676;6.816;860;7.743;3.586;1.199;1.678;1.279;15.419
        Putignano;11.104;10.031;1.073;12.003;6.133;1.765;2.460;1.645;23.107
        Rutigliano;7.877;7.047;830;7.998;3.191;1.325;2.200;1.282;15.875
        Ruvo di Puglia;9.813;8.796;1.017;11.460;4.207;1.979;3.757;1.517;21.273
        Sammichele di Bari;2.468;2.186;282;2.935;1.544;420;594;377;5.403
        Sannicandro di Bari;3.935;3.398;537;4.380;1.622;681;1.276;801;8.315
        Santeramo in Colle;10.513;9.359;1.154;11.917;4.803;2.278;3.095;1.741;22.430
        Terlizzi;10.809;9.538;1.271;12.031;4.409;2.065;3.731;1.825;22.840
        Toritto;3.095;2.700;395;3.918;1.444;598;1.292;584;7.013
        Triggiano;10.913;9.754;1.159;11.799;4.552;1.833;3.741;1.673;22.712
        Turi;5.507;4.848;659;5.845;2.617;890;1.376;962;11.352
        Valenzano;7.328;6.606;722;7.977;3.100;1.263;2.587;1.028;15.305
      Taranto;215.665;188.326;27.339;273.409;109.900;41.485;80.506;41.519;489.074
        Avetrana;2.262;1.887;375;3.362;1.583;420;725;633;5.624
        Carosino;2.665;2.388;277;3.007;1.161;503;937;405;5.672
        Castellaneta;6.512;5.747;765;7.941;3.299;1.277;2.140;1.225;14.453
        Crispiano;5.012;4.527;485;6.382;2.502;1.024;2.092;763;11.394
        Faggiano;1.279;1.109;170;1.718;644;239;581;254;2.997
        Fragagnano;1.841;1.599;242;2.532;1.183;364;629;356;4.373
        Ginosa;8.921;7.822;1.099;10.236;4.016;1.730;2.613;1.878;19.157
        Grottaglie;12.253;10.829;1.424;14.645;6.114;2.432;3.909;2.190;26.898
        Laterza;6.038;5.400;638;6.733;2.864;1.268;1.567;1.035;12.771
        Leporano;3.448;3.062;386;3.691;1.298;588;1.288;517;7.139
        Lizzano;3.535;2.988;547;4.918;1.929;767;1.387;835;8.453
        Manduria;11.067;9.429;1.638;15.513;6.703;2.104;3.998;2.708;26.580
        Martina Franca;19.601;17.686;1.915;21.965;9.561;3.387;5.811;3.205;41.566
        Maruggio;1.986;1.675;311;2.755;1.277;314;652;512;4.741
        Massafra;12.874;11.411;1.463;14.935;5.850;2.307;4.262;2.517;27.809
        Monteiasi;2.079;1.853;226;2.579;1.054;422;776;327;4.658
        Montemesola;1.277;1.113;164;1.882;796;225;602;259;3.159
        Monteparano;823;700;123;1.203;496;159;384;164;2.026
        Mottola;6.066;5.394;672;7.489;3.204;1.210;2.009;1.066;13.555
        Palagianello;2.955;2.617;338;3.640;1.527;632;888;593;6.595
        Palagiano;6.349;5.667;682;7.349;3.150;1.312;1.609;1.279;13.698
        Pulsano;4.261;3.681;580;5.477;2.112;762;1.742;861;9.738
        Roccaforzata;674;597;77;866;327;118;300;120;1.540
        San Giorgio Ionico;5.487;4.892;595;6.980;2.647;1.141;2.345;846;12.467
        San Marzano di San Giuseppe;3.533;3.114;419;4.154;1.630;819;1.093;612;7.687
        Sava;5.457;4.641;816;8.001;3.330;1.158;2.195;1.316;13.458
        Statte;4.404;3.848;556;6.818;2.275;993;2.681;869;11.222
        Taranto;71.373;61.220;10.153;94.563;36.407;13.523;30.886;13.746;165.936
        Torricella;1.633;1.430;203;2.075;961;286;403;425;3.708
      Brindisi;150.537;133.100;17.437;184.268;78.258;26.540;46.795;32.675;334.805
        Brindisi;32.031;28.008;4.023;40.727;14.933;5.942;13.474;6.379;72.758
        Carovigno;6.823;6.013;810;7.945;3.210;1.071;1.764;1.900;14.768
        Ceglie Messapica;7.210;6.377;833;9.443;4.405;1.222;1.970;1.846;16.653
        Cellino San Marco;2.299;1.981;318;3.091;1.472;392;669;559;5.390
        Cisternino;4.669;4.228;441;5.353;2.983;726;837;807;10.022
        Erchie;3.168;2.776;392;4.117;1.779;603;931;804;7.285
        Fasano;16.782;14.980;1.802;17.317;7.134;2.485;4.154;3.545;34.099
        Francavilla Fontana;14.061;12.423;1.638;16.443;6.309;2.828;4.612;2.693;30.504
        Latiano;5.324;4.760;564;6.752;2.981;969;1.596;1.205;12.076
        Mesagne;10.181;9.043;1.138;13.033;5.817;1.764;3.191;2.262;23.214
        Oria;5.508;4.842;666;7.281;2.992;1.053;1.946;1.290;12.789
        Ostuni;12.531;11.104;1.427;14.459;6.540;2.092;3.310;2.517;26.990
        San Donaci;2.365;2.083;282;3.060;1.571;414;525;549;5.425
        San Michele Salentino;2.435;2.187;248;2.919;1.406;414;518;580;5.354
        San Pancrazio Salentino;3.590;3.164;426;4.734;2.255;702;1.039;738;8.324
        San Pietro Vernotico;5.023;4.439;584;6.552;3.022;884;1.500;1.146;11.575
        San Vito dei Normanni;6.901;6.138;763;9.300;4.149;1.233;2.374;1.543;16.201
        Torchiarolo;1.992;1.744;248;2.663;1.189;365;648;462;4.655
        Torre Santa Susanna;3.891;3.413;478;5.014;2.205;739;1.072;999;8.905
        Villa Castelli;3.751;3.397;354;4.067;1.906;645;665;851;7.818
      Lecce;305.447;267.580;37.867;376.441;169.597;57.659;85.714;63.470;681.888
        Acquarica del Capo;..;..;..;..;..;..;..;..;..
        Alessano;2.251;1.969;282;3.141;1.267;561;807;506;5.392
        Alezio;2.104;1.828;276;2.800;1.117;431;743;509;4.904
        Alliste;2.443;2.072;371;3.240;1.327;470;772;671;5.683
        Andrano;1.734;1.517;217;2.341;1.245;387;375;334;4.075
        Aradeo;3.323;2.920;403;4.500;1.854;707;1.180;760;7.823
        Arnesano;1.606;1.435;171;1.819;770;332;430;288;3.425
        Bagnolo del Salento;633;543;90;939;389;149;254;148;1.572
        Botrugno;1.012;878;134;1.325;716;202;227;179;2.337
        Calimera;2.642;2.349;293;3.325;1.721;527;639;438;5.967
        Campi Salentina;3.840;3.375;465;4.911;2.298;761;1.128;724;8.751
        Cannole;572;491;81;875;419;147;190;119;1.447
        Caprarica di Lecce;891;785;106;1.125;625;144;208;149;2.016
        Carmiano;4.679;4.104;575;5.616;2.664;860;1.195;897;10.295
        Carpignano Salentino;1.398;1.199;199;1.865;926;248;384;307;3.263
        Casarano;8.004;7.213;791;8.863;3.806;1.455;2.128;1.474;16.867
        Castri di Lecce;1.123;1.006;117;1.324;646;179;296;203;2.447
        Castrignano de' Greci;1.420;1.223;197;1.894;886;235;436;338;3.314
        Castrignano del Capo;1.869;1.601;268;2.766;1.268;380;633;486;4.635
        Castro;905;791;114;1.301;640;198;285;178;2.206
        Cavallino;5.609;5.056;553;5.593;2.196;1.051;1.497;849;11.202
        Collepasso;2.167;1.889;278;2.919;1.504;421;600;393;5.086
        Copertino;8.794;7.630;1.164;11.417;5.256;1.851;2.302;2.008;20.211
        Corigliano d'Otranto;2.238;1.994;244;2.801;1.322;398;656;425;5.039
        Corsano;1.976;1.720;256;2.528;1.167;425;497;439;4.504
        Cursi;1.505;1.327;178;1.942;856;302;500;284;3.447
        Cutrofiano;3.404;2.994;410;4.311;1.975;560;1.050;727;7.715
        Diso;1.080;933;147;1.511;843;192;250;225;2.591
        Gagliano del Capo;1.770;1.521;249;2.587;1.141;358;594;494;4.357
        Galatina;10.422;9.361;1.061;12.400;5.515;1.919;3.087;1.880;22.822
        Galatone;5.753;4.997;756;7.394;2.987;1.166;2.037;1.204;13.147
        Gallipoli;7.551;6.417;1.134;9.664;3.766;1.306;2.725;1.867;17.215
        Giuggianello;428;370;58;576;289;82;118;88;1.004
        Giurdignano;746;633;113;951;438;151;196;167;1.697
        Guagnano;1.923;1.605;318;2.916;1.541;339;550;486;4.839
        Lecce;41.204;36.309;4.895;42.415;19.311;6.595;9.229;7.280;83.619
        Lequile;3.537;3.202;335;3.916;1.684;681;936;615;7.453
        Leverano;5.131;4.449;682;6.624;3.011;1.096;1.275;1.243;11.755
        Lizzanello;4.949;4.423;526;5.236;2.088;866;1.314;967;10.185
        Maglie;5.518;4.912;606;6.555;3.121;1.030;1.507;896;12.073
        Martano;3.326;2.908;418;4.317;2.064;616;923;714;7.643
        Martignano;617;545;72;768;376;125;163;105;1.385
        Matino;4.159;3.657;502;5.396;2.405;816;1.193;982;9.555
        Melendugno;4.045;3.431;614;4.929;2.173;737;1.137;882;8.974
        Melissano;2.534;2.190;344;3.373;1.556;479;690;647;5.907
        Melpignano;879;776;103;1.033;480;139;260;154;1.912
        Miggiano;1.248;1.086;162;1.683;834;267;340;242;2.931
        Minervino di Lecce;1.304;1.133;171;1.798;926;266;354;252;3.102
        Monteroni di Lecce;5.281;4.648;633;6.476;2.750;977;1.603;1.146;11.757
        Montesano Salentino;1.092;987;105;1.195;582;243;188;181;2.287
        Morciano di Leuca;1.038;866;172;1.741;882;226;329;304;2.779
        Muro Leccese;1.862;1.641;221;2.348;1.058;348;594;348;4.210
        Nardò;12.384;10.907;1.477;14.904;6.518;2.331;3.346;2.710;27.288
        Neviano;1.824;1.588;236;2.568;1.216;331;603;418;4.392
        Nociglia;798;701;97;1.131;554;174;246;157;1.929
        Novoli;2.943;2.549;394;3.859;1.854;521;843;641;6.802
        Ortelle;867;750;117;1.142;589;173;198;181;2.009
        Otranto;2.325;2.006;319;2.745;1.254;362;566;563;5.070
        Palmariggi;532;463;69;724;389;100;126;110;1.256
        Parabita;3.445;3.058;387;4.311;2.059;610;906;736;7.756
        Patù;622;537;85;837;365;114;212;145;1.459
        Poggiardo;2.286;1.976;310;2.893;1.308;465;660;460;5.179
        Porto Cesareo;2.531;2.167;364;3.029;1.101;439;785;704;5.560
        Presicce;..;..;..;..;..;..;..;..;..
        Presicce-Acquarica;3.219;2.710;509;5.021;2.235;667;1.150;968;8.240
        Racale;4.168;3.611;557;5.264;2.161;832;1.244;1.027;9.432
        Ruffano;3.499;3.088;411;4.698;1.998;846;1.090;764;8.197
        Salice Salentino;2.829;2.424;405;4.070;1.948;601;892;629;6.899
        Salve;1.603;1.297;306;2.502;1.200;272;509;521;4.105
        San Cassiano;778;687;91;974;543;139;144;148;1.752
        San Cesario di Lecce;3.303;2.968;335;3.569;1.551;560;884;574;6.872
        San Donato di Lecce;2.168;1.932;236;2.667;1.321;383;579;385;4.835
        San Pietro in Lama;1.302;1.137;165;1.658;835;207;334;282;2.960
        Sanarica;571;494;77;723;354;98;152;119;1.294
        Sannicola;2.095;1.785;310;2.872;1.339;342;677;514;4.967
        Santa Cesarea Terme;1.174;1.025;149;1.360;732;212;225;191;2.534
        Scorrano;2.537;2.231;306;3.332;1.455;545;790;543;5.869
        Seclì;718;643;75;947;414;165;233;134;1.665
        Sogliano Cavour;1.556;1.370;186;1.875;887;255;417;316;3.431
        Soleto;2.022;1.786;236;2.618;1.172;385;691;369;4.640
        Specchia;1.800;1.580;220;2.250;1.030;361;495;364;4.050
        Spongano;1.359;1.215;144;1.729;861;284;341;242;3.088
        Squinzano;5.017;4.283;734;6.976;3.312;855;1.598;1.211;11.993
        Sternatia;824;717;107;1.086;623;126;199;138;1.910
        Supersano;1.608;1.413;195;2.008;927;325;409;347;3.616
        Surano;635;564;71;731;397;95;121;118;1.366
        Surbo;6.169;5.541;628;6.488;2.544;1.138;1.737;1.069;12.657
        Taurisano;4.176;3.677;499;5.607;2.136;1.037;1.418;1.016;9.783
        Taviano;4.395;3.810;585;5.746;2.589;930;1.264;963;10.141
        Tiggiano;1.110;988;122;1.310;553;256;300;200;2.420
        Trepuzzi;5.391;4.707;684;6.870;3.140;1.012;1.667;1.051;12.261
        Tricase;6.995;6.273;722;8.074;3.611;1.504;1.738;1.221;15.069
        Tuglie;1.933;1.679;254;2.485;1.050;388;646;401;4.418
        Ugento;4.476;3.788;688;6.149;2.555;817;1.403;1.374;10.625
        Uggiano la Chiesa;1.632;1.385;247;2.194;1.051;315;448;380;3.826
        Veglie;4.974;4.274;700;6.773;2.934;1.095;1.541;1.204;11.747
        Vernole;2.590;2.258;332;3.430;1.789;457;656;529;6.020
        Zollino;726;629;97;958;465;138;224;131;1.684
      Barletta-Andria-Trani;145.092;129.890;15.202;185.005;57.213;30.118;68.258;29.416;330.097
        Andria;38.020;34.014;4.006;45.870;12.889;7.471;18.387;7.123;83.890
        Barletta;35.613;31.949;3.664;44.900;13.029;7.874;17.345;6.651;80.513
        Bisceglie;21.294;19.497;1.797;25.336;8.767;4.111;8.464;3.993;46.630
        Canosa di Puglia;10.159;8.999;1.160;14.591;4.707;2.198;5.203;2.482;24.750
        Margherita di Savoia;3.939;3.441;498;6.017;2.106;806;2.107;998;9.956
        Minervino Murge;2.978;2.681;297;4.367;1.686;695;1.318;667;7.345
        San Ferdinando di Puglia;5.138;4.523;615;6.628;2.334;1.026;1.814;1.454;11.766
        Spinazzola;2.216;2.004;212;3.064;1.235;488;884;457;5.280
        Trani;20.994;18.618;2.376;27.160;8.224;4.313;10.317;4.306;48.154
        Trinitapoli;4.740;4.164;576;7.073;2.236;1.135;2.418;1.284;11.813
    Basilicata;225.187;199.909;25.278;251.783;108.028;43.701;61.000;39.055;476.970
      Potenza;145.911;129.782;16.129;162.432;72.881;27.808;36.614;25.129;308.343
        Abriola;537;482;55;657;323;91;142;101;1.194
        Acerenza;917;814;103;991;472;145;219;155;1.908
        Albano di Lucania;602;539;63;600;291;103;124;81;1.202
        Anzi;612;536;76;785;334;136;194;122;1.397
        Armento;221;185;36;284;128;37;66;53;505
        Atella;1.569;1.414;155;1.670;712;340;366;252;3.239
        Avigliano;4.575;4.130;445;4.875;2.137;899;1.200;639;9.450
        Balvano;702;624;78;815;409;108;152;146;1.517
        Banzi;424;387;37;646;303;115;130;97;1.070
        Baragiano;1.017;913;104;1.164;544;174;276;170;2.181
        Barile;1.087;960;127;1.207;533;198;265;211;2.294
        Bella;1.889;1.673;216;2.239;962;349;583;345;4.128
        Brienza;1.606;1.406;200;1.841;790;329;432;290;3.447
        Brindisi Montagna;342;303;39;380;151;72;87;70;722
        Calvello;696;630;66;889;418;132;171;169;1.585
        Calvera;119;103;16;215;116;16;33;50;334
        Campomaggiore;290;257;33;365;175;49;71;70;655
        Cancellara;449;410;39;600;304;98;104;94;1.049
        Carbone;161;144;17;336;201;25;37;72;497
        Castelgrande;336;281;55;431;209;42;99;82;767
        Castelluccio Inferiore;785;678;107;951;466;148;202;136;1.736
        Castelluccio Superiore;256;224;32;376;195;42;81;59;632
        Castelmezzano;308;274;34;346;213;35;40;59;654
        Castelsaraceno;491;441;50;590;326;75;91;99;1.081
        Castronuovo di Sant'Andrea;311;275;36;532;304;51;71;107;843
        Cersosimo;210;184;26;285;160;35;38;52;495
        Chiaromonte;670;603;67;915;459;119;171;166;1.585
        Corleto Perticara;1.044;946;98;1.050;531;159;172;188;2.094
        Episcopia;481;415;66;642;325;89;126;102;1.123
        Fardella;228;193;35;292;153;38;46;55;520
        Filiano;1.177;1.048;129;1.275;614;201;273;188;2.452
        Forenza;710;626;84;947;447;129;187;185;1.657
        Francavilla in Sinni;1.524;1.356;168;1.924;795;316;451;362;3.448
        Gallicchio;346;292;54;384;171;60;65;87;730
        Genzano di Lucania;2.048;1.813;235;2.613;1.150;455;600;407;4.661
        Ginestra;256;227;29;356;150;67;82;58;612
        Grumento Nova;655;578;77;734;368;104;144;118;1.389
        Guardia Perticara;226;206;20;265;121;37;46;62;491
        Lagonegro;2.333;2.137;196;2.165;1.163;390;328;284;4.498
        Latronico;1.603;1.423;180;2.134;1.117;289;388;339;3.737
        Laurenzana;634;560;74;832;374;125;181;152;1.466
        Lauria;5.034;4.572;462;5.639;2.866;911;1.093;769;10.673
        Lavello;5.371;4.746;625;6.063;2.267;1.263;1.653;880;11.434
        Maratea;1.880;1.586;294;2.385;1.116;305;481;484;4.265
        Marsico Nuovo;1.505;1.333;172;1.909;920;267;414;308;3.414
        Marsicovetere;2.557;2.303;254;2.198;877;479;591;252;4.755
        Maschito;545;481;64;787;349;120;186;132;1.332
        Melfi;7.492;6.682;810;7.268;2.714;1.611;1.969;974;14.760
        Missanello;185;162;23;241;109;34;50;49;426
        Moliterno;1.432;1.253;179;1.797;894;236;406;261;3.229
        Montemilone;522;475;47;745;313;108;203;121;1.267
        Montemurro;440;391;49;552;280;75;109;89;992
        Muro Lucano;1.943;1.672;271;2.533;1.112;334;643;444;4.476
        Nemoli;574;502;72;662;381;86;105;90;1.236
        Noepoli;305;243;62;379;213;24;41;100;684
        Oppido Lucano;1.421;1.278;143;1.770;736;334;449;251;3.191
        Palazzo San Gervasio;1.801;1.583;218;2.167;793;419;622;335;3.968
        Paterno;1.222;1.076;146;1.498;659;225;379;236;2.720
        Pescopagano;711;650;61;802;454;126;118;105;1.513
        Picerno;2.346;2.103;243;2.649;1.129;371;546;602;4.995
        Pietragalla;1.623;1.444;179;1.812;892;289;380;252;3.435
        Pietrapertosa;388;332;56;434;243;50;62;79;822
        Pignola;3.076;2.747;329;2.805;956;568;711;571;5.881
        Potenza;29.001;25.809;3.192;28.201;12.985;5.350;6.321;3.545;57.202
        Rapolla;1.695;1.509;186;1.908;751;367;478;313;3.603
        Rapone;356;311;45;446;230;65;86;66;802
        Rionero in Vulture;5.545;4.986;559;5.538;2.388;1.106;1.209;836;11.083
        Ripacandida;646;571;75;751;335;138;144;134;1.397
        Rivello;1.065;946;119;1.202;613;187;221;181;2.267
        Roccanova;491;438;53;720;359;99;134;127;1.211
        Rotonda;1.282;1.138;144;1.603;771;235;343;255;2.885
        Ruoti;1.336;1.187;149;1.512;699;234;361;219;2.848
        Ruvo del Monte;364;310;54;542;245;69;128;101;906
        San Chirico Nuovo;465;426;39;621;331;96;97;97;1.086
        San Chirico Raparo;348;310;38;515;268;80;81;86;863
        San Costantino Albanese;261;234;27;305;183;34;27;61;566
        San Fele;976;876;100;1.441;780;178;223;260;2.417
        San Martino d'Agri;235;208;27;378;192;52;60;75;613
        San Paolo Albanese;74;62;12;125;87;8;9;20;199
        San Severino Lucano;555;494;61;712;381;88;102;141;1.267
        Sant'Angelo Le Fratte;526;472;54;627;263;107;146;111;1.153
        Sant'Arcangelo;2.290;1.989;301;2.986;1.145;494;859;488;5.276
        Sarconi;639;569;70;611;275;100;149;88;1.250
        Sasso di Castalda;290;258;32;365;188;48;68;62;655
        Satriano di Lucania;985;871;114;1.031;435;197;217;182;2.016
        Savoia di Lucania;418;367;51;487;242;67;103;75;905
        Senise;2.568;2.268;300;3.279;1.241;511;875;651;5.847
        Spinoso;518;447;71;699;296;97;184;122;1.217
        Teana;194;172;22;288;145;42;53;48;482
        Terranova di Pollino;420;379;41;523;318;66;51;89;943
        Tito;3.144;2.804;340;2.921;1.028;541;777;575;6.065
        Tolve;1.226;1.084;142;1.443;619;245;328;252;2.669
        Tramutola;1.211;1.112;99;1.410;600;266;368;177;2.621
        Trecchina;853;743;110;1.120;584;142;217;177;1.973
        Trivigno;252;223;29;279;142;37;54;46;531
        Vaglio Basilicata;793;694;99;881;456;127;185;113;1.674
        Venosa;4.508;4.048;460;5.266;2.090;1.035;1.314;827;9.774
        Vietri di Potenza;1.063;932;131;1.303;544;189;367;203;2.366
        Viggianello;993;876;117;1.457;810;186;202;259;2.450
        Viggiano;1.505;1.355;150;1.243;486;272;332;154;2.748
      Matera;79.276;70.127;9.149;89.351;35.147;15.893;24.385;13.926;168.627
        Accettura;604;512;92;846;376;127;181;162;1.450
        Aliano;315;270;45;487;255;57;74;101;802
        Bernalda;4.694;4.025;669;5.812;1.986;1.016;1.845;965;10.506
        Calciano;246;215;31;359;184;47;68;59;605
        Cirigliano;114;93;21;157;86;12;21;37;271
        Colobraro;404;367;37;584;281;87;124;92;988
        Craco;210;189;21;347;120;54;88;85;557
        Ferrandina;3.241;2.900;341;3.985;1.542;706;1.178;558;7.226
        Garaguso;390;356;34;472;171;108;126;66;862
        Gorgoglione;337;304;33;435;230;64;61;80;772
        Grassano;1.806;1.642;164;2.411;979;442;645;345;4.217
        Grottole;825;712;113;993;382;164;279;168;1.818
        Irsina;1.662;1.514;148;2.379;902;378;616;482;4.041
        Matera;27.074;24.492;2.582;25.324;10.483;5.177;6.721;2.943;52.398
        Miglionico;984;878;106;1.154;473;200;310;170;2.138
        Montalbano Jonico;2.587;2.262;325;3.316;1.306;528;867;616;5.903
        Montescaglioso;3.621;3.208;413;4.448;1.652;793;1.369;633;8.069
        Nova Siri;2.797;2.458;339;3.114;1.155;592;833;534;5.911
        Oliveto Lucano;108;89;19;221;131;14;31;44;329
        Pisticci;6.351;5.404;947;8.447;2.870;1.403;2.678;1.495;14.798
        Policoro;7.753;6.702;1.051;7.694;2.593;1.518;2.335;1.249;15.447
        Pomarico;1.389;1.237;152;1.978;772;301;588;317;3.367
        Rotondella;1.041;904;137;1.132;469;152;285;225;2.173
        Salandra;955;846;109;1.316;493;215;402;206;2.271
        San Giorgio Lucano;363;308;55;600;294;63;103;141;963
        San Mauro Forte;486;412;74;669;291;67;164;147;1.155
        Scanzano Jonico;3.150;2.685;465;3.316;1.153;575;938;650;6.466
        Stigliano;1.383;1.230;153;1.962;1.069;219;344;330;3.345
        Tricarico;1.925;1.759;166;2.409;1.137;399;468;406;4.334
        Tursi;1.926;1.682;244;2.294;997;326;506;464;4.220
        Valsinni;536;472;64;689;313;87;134;155;1.225
    Calabria;695.856;603.271;92.585;913.812;349.086;150.584;218.480;195.662;1.609.668
      Cosenza;255.353;220.587;34.766;334.340;127.669;52.384;80.979;73.308;589.693
        Acquaformosa;301;261;40;585;257;68;118;141;886
        Acquappesa;627;540;87;912;353;105;239;214;1.539
        Acri;7.036;6.297;739;9.702;4.459;1.557;1.868;1.818;16.738
        Aiello Calabro;475;399;76;828;344;88;160;236;1.303
        Aieta;244;202;42;420;139;48;130;103;664
        Albidona;369;327;42;682;312;70;148;152;1.051
        Alessandria del Carretto;117;106;11;229;151;10;13;55;346
        Altilia;260;209;51;353;104;42;97;109;613
        Altomonte;1.398;1.172;226;2.125;835;263;477;550;3.523
        Amantea;5.454;4.771;683;6.691;2.379;1.123;1.696;1.492;12.145
        Amendolara;998;876;122;1.441;645;191;346;259;2.439
        Aprigliano;818;735;83;1.315;459;213;374;269;2.133
        Belmonte Calabro;605;528;77;941;359;101;247;234;1.546
        Belsito;354;292;62;437;130;57;153;96;791
        Belvedere Marittimo;3.128;2.706;422;4.776;1.846;642;1.267;1.021;7.904
        Bianchi;400;347;53;689;264;73;180;172;1.089
        Bisignano;3.387;2.959;428;4.865;1.751;780;1.165;1.169;8.252
        Bocchigliero;370;332;38;629;397;62;55;116;999
        Bonifati;801;700;101;1.560;599;161;389;411;2.361
        Buonvicino;637;548;89;1.185;465;116;268;336;1.822
        Calopezzati;493;439;54;651;359;84;71;138;1.144
        Caloveto;380;348;32;597;316;113;69;99;977
        Campana;517;470;47;819;506;84;63;166;1.336
        Canna;209;190;19;368;187;38;52;91;577
        Cariati;2.553;2.275;278;3.902;1.497;668;835;902;6.455
        Carolei;1.148;985;163;1.616;582;238;364;433;2.764
        Carpanzano;64;59;5;131;81;7;19;23;195
        Casali del Manco;3.833;3.343;490;4.575;1.753;770;1.223;828;8.408
        Cassano all'Ionio;5.773;4.858;915;8.609;2.809;1.339;2.282;2.180;14.382
        Castiglione Cosentino;1.107;899;208;1.241;390;156;315;381;2.348
        Castrolibero;3.710;3.337;373;4.341;1.911;794;988;648;8.051
        Castroregio;98;91;7;124;68;9;12;35;222
        Castrovillari;7.596;6.648;948;10.743;4.123;1.773;2.670;2.176;18.339
        Celico;957;849;108;1.254;455;197;307;294;2.211
        Cellara;227;180;47;217;86;22;53;56;444
        Cerchiara di Calabria;856;729;127;1.066;511;129;198;228;1.922
        Cerisano;1.160;967;193;1.435;499;206;412;319;2.595
        Cervicati;268;238;30;428;209;51;86;83;696
        Cerzeto;427;356;71;635;273;70;106;187;1.062
        Cetraro;3.177;2.600;577;5.119;1.868;703;1.218;1.330;8.296
        Civita;272;241;31;461;230;49;78;103;733
        Cleto;419;374;45;636;251;77;139;169;1.055
        Colosimi;422;376;46;592;180;62;200;150;1.014
        Corigliano-Rossano;28.741;25.105;3.636;34.799;12.555;6.473;7.995;7.777;63.540
        Cosenza;26.267;22.489;3.778;29.923;11.555;4.901;7.180;6.287;56.190
        Cropalati;402;339;63;479;251;77;72;79;881
        Crosia;3.886;3.192;694;4.383;1.695;826;910;952;8.269
        Diamante;1.890;1.601;289;2.642;1.083;346;613;601;4.532
        Dipignano;1.586;1.394;192;2.033;702;356;568;408;3.619
        Domanico;310;252;58;524;126;59;157;182;834
        Fagnano Castello;1.093;929;164;1.924;735;251;487;451;3.017
        Falconara Albanese;535;470;65;760;247;96;221;196;1.295
        Figline Vegliaturo;443;385;58;526;179;84;160;104;969
        Firmo;610;523;87;1.035;455;115;195;270;1.645
        Fiumefreddo Bruzio;1.015;858;157;1.499;561;172;373;392;2.514
        Francavilla Marittima;1.019;898;121;1.386;576;219;332;259;2.405
        Frascineto;631;545;86;1.080;469;143;257;212;1.711
        Fuscaldo;2.680;2.254;426;4.079;1.419;583;1.073;1.003;6.759
        Grimaldi;568;443;125;807;298;120;194;195;1.375
        Grisolia;773;647;126;1.192;452;167;262;310;1.965
        Guardia Piemontese;640;546;94;954;294;153;294;213;1.594
        Lago;758;668;90;1.309;510;135;319;344;2.067
        Laino Borgo;599;540;59;966;476;101;168;221;1.565
        Laino Castello;252;230;22;417;175;60;78;105;669
        Lappano;348;304;44;425;177;55;109;84;773
        Lattarico;1.334;1.172;162;1.939;587;244;579;528;3.273
        Longobardi;856;671;185;1.430;360;204;450;416;2.286
        Longobucco;939;820;119;1.427;848;179;161;240;2.366
        Lungro;729;626;103;1.275;594;121;229;330;2.004
        Luzzi;3.232;2.824;408;4.438;1.677;709;1.106;946;7.670
        Maierà;362;283;79;643;232;73;187;151;1.005
        Malito;283;237;46;379;146;45;80;108;662
        Malvito;572;481;91;881;318;116;196;250;1.453
        Mandatoriccio;950;810;140;1.213;567;163;182;301;2.163
        Mangone;777;681;96;830;315;138;229;148;1.607
        Marano Marchesato;1.418;1.255;163;1.429;447;304;420;258;2.847
        Marano Principato;1.258;1.077;181;1.326;404;285;406;230;2.584
        Marzi;350;309;41;477;171;87;113;106;827
        Mendicino;3.751;3.358;393;4.111;1.515;838;1.057;702;7.862
        Mongrassano;512;444;68;799;360;106;151;182;1.311
        Montalto Uffugo;8.676;7.423;1.253;7.908;2.361;1.514;2.350;1.683;16.584
        Montegiordano;553;496;57;916;473;106;187;151;1.469
        Morano Calabro;1.312;1.109;203;2.170;973;259;491;446;3.482
        Mormanno;978;884;94;1.422;723;185;277;237;2.400
        Mottafollone;420;346;74;558;280;66;77;136;978
        Nocara;108;91;17;194;93;18;31;53;302
        Oriolo;658;585;73;1.051;609;111;140;191;1.709
        Orsomarso;375;325;50;644;287;80;158;119;1.019
        Paludi;355;298;57;516;287;54;65;110;871
        Panettieri;130;110;20;154;77;17;21;39;284
        Paola;5.438;4.789;649;7.585;2.846;1.196;2.024;1.519;13.023
        Papasidero;213;187;26;388;136;32;117;103;601
        Parenti;761;673;88;1.045;370;153;310;213;1.806
        Paterno Calabro;524;467;57;645;242;82;155;165;1.169
        Pedivigliano;241;222;19;431;143;50;129;109;672
        Piane Crati;526;468;58;677;264;123;203;88;1.203
        Pietrafitta;459;401;58;605;203;82;180;140;1.064
        Pietrapaola;390;345;45;515;246;83;60;126;905
        Plataci;249;216;33;352;192;43;48;70;601
        Praia a Mare;2.447;2.122;325;3.267;1.230;482;892;663;5.714
        Rende;16.275;14.380;1.895;15.647;6.409;3.126;3.432;2.680;31.922
        Rocca Imperiale;1.239;1.098;141;1.601;679;223;354;346;2.840
        Roggiano Gravina;2.329;1.936;393;3.598;1.117;534;983;964;5.927
        Rogliano;1.950;1.737;213;2.706;1.084;434;696;493;4.656
        Rose;1.649;1.376;273;1.928;655;292;495;485;3.577
        Roseto Capo Spulico;763;626;137;917;370;118;242;188;1.680
        Rota Greca;330;260;70;535;202;53;96;183;865
        Rovito;1.217;1.094;123;1.393;521;280;371;221;2.610
        San Basile;319;278;41;540;335;48;73;83;859
        San Benedetto Ullano;451;378;73;762;285;87;191;199;1.213
        San Cosmo Albanese;199;166;33;303;150;44;50;59;502
        San Demetrio Corone;1.110;1.011;99;1.629;726;206;250;447;2.739
        San Donato di Ninea;322;279;43;705;353;65;119;168;1.027
        San Fili;938;803;135;1.259;408;212;349;290;2.197
        San Giorgio Albanese;536;445;91;637;371;101;75;89;1.173
        San Giovanni in Fiore;6.081;5.298;783;7.982;2.596;1.346;2.290;1.750;14.063
        San Lorenzo Bellizzi;174;154;20;328;184;28;46;70;502
        San Lorenzo del Vallo;932;796;136;1.730;610;242;450;429;2.662
        San Lucido;2.210;1.794;416;3.433;924;474;1.058;977;5.643
        San Marco Argentano;2.666;2.305;361;3.396;1.255;468;849;824;6.062
        San Martino di Finita;361;280;81;527;216;65;116;129;888
        San Nicola Arcella;781;627;154;935;267;143;309;217;1.716
        San Pietro in Amantea;153;144;9;307;115;25;41;125;460
        San Pietro in Guarano;1.385;1.167;218;1.596;711;225;351;309;2.981
        San Sosti;621;540;81;1.047;460;131;176;280;1.668
        San Vincenzo La Costa;762;643;119;988;337;141;238;272;1.750
        Sangineto;437;387;50;698;291;88;152;167;1.135
        Santa Caterina Albanese;351;279;72;649;250;71;165;163;1.000
        Santa Domenica Talao;367;316;51;639;221;55;172;191;1.006
        Santa Maria del Cedro;1.725;1.424;301;2.696;793;374;913;615;4.421
        Santa Sofia d'Epiro;793;706;87;1.155;508;164;220;262;1.948
        Sant'Agata di Esaro;520;378;142;974;371;101;214;287;1.494
        Santo Stefano di Rogliano;696;605;91;765;250;152;211;153;1.461
        Saracena;1.108;968;140;1.952;967;214;347;424;3.060
        Scala Coeli;267;234;33;482;262;45;49;125;749
        Scalea;4.204;3.495;709;5.620;1.680;822;1.871;1.247;9.824
        Scigliano;340;300;40;677;260;77;177;163;1.017
        Serra d'Aiello;188;150;38;286;103;45;54;83;474
        Spezzano Albanese;2.196;1.860;336;3.548;1.346;519;855;829;5.744
        Spezzano della Sila;1.807;1.575;232;1.986;739;324;511;411;3.793
        Tarsia;614;538;76;984;384;145;237;219;1.598
        Terranova da Sibari;1.721;1.477;244;2.323;1.011;382;493;437;4.044
        Terravecchia;156;138;18;381;166;30;65;120;537
        Torano Castello;1.644;1.415;229;2.163;806;361;463;533;3.807
        Tortora;2.160;1.799;361;3.122;1.052;487;964;619;5.282
        Trebisacce;3.485;2.939;546;4.104;1.666;656;1.008;774;7.589
        Vaccarizzo Albanese;381;319;62;512;249;67;91;104;893
        Verbicaro;747;612;135;1.626;537;160;435;494;2.373
        Villapiana;1.955;1.703;252;2.784;1.128;423;669;564;4.739
        Zumpano;1.113;979;134;1.076;330;260;311;175;2.189
      Catanzaro;130.263;113.653;16.610;168.958;64.299;27.767;43.348;33.545;299.221
        Albi;263;239;24;464;179;63;123;99;727
        Amaroni;502;431;71;959;360;125;255;219;1.461
        Amato;291;265;26;397;136;56;116;89;688
        Andali;193;171;22;391;207;47;53;84;584
        Argusto;140;128;12;273;113;31;61;68;413
        Badolato;1.063;906;157;1.438;661;184;290;304;2.501
        Belcastro;500;423;77;589;256;102;104;127;1.089
        Borgia;2.683;2.324;359;3.636;1.295;613;989;739;6.319
        Botricello;1.844;1.595;249;2.430;762;456;738;474;4.274
        Caraffa di Catanzaro;617;555;62;934;397;127;192;219;1.551
        Cardinale;540;447;93;1.118;421;137;289;270;1.658
        Carlopoli;527;456;71;731;367;92;130;143;1.258
        Catanzaro;33.648;29.612;4.036;40.812;15.800;7.370;10.674;6.967;74.460
        Cenadi;177;149;28;273;116;25;82;50;450
        Centrache;95;83;12;218;80;17;61;60;313
        Cerva;372;323;49;590;248;103;140;99;962
        Chiaravalle Centrale;1.756;1.551;205;2.765;1.242;371;550;602;4.521
        Cicala;316;281;35;462;231;53;84;94;778
        Conflenti;420;371;49;737;334;81;150;172;1.157
        Cortale;672;607;65;1.031;539;140;167;186;1.703
        Cropani;1.759;1.564;195;2.237;786;395;620;436;3.996
        Curinga;2.421;2.191;230;3.264;1.339;590;733;602;5.685
        Davoli;2.186;1.907;279;2.678;862;424;815;576;4.864
        Decollatura;1.017;887;130;1.535;650;214;341;329;2.552
        Falerna;1.487;1.244;243;1.820;630;290;488;413;3.307
        Feroleto Antico;723;645;78;975;400;132;272;172;1.698
        Fossato Serralta;196;173;23;288;105;41;70;73;484
        Gagliato;153;132;21;239;117;28;44;50;392
        Gasperina;551;476;75;1.154;411;133;284;326;1.705
        Gimigliano;1.022;932;90;1.638;650;187;398;403;2.660
        Girifalco;1.949;1.715;234;2.907;1.115;390;745;657;4.856
        Gizzeria;1.981;1.681;300;2.327;697;381;631;618;4.308
        Guardavalle;1.348;1.150;198;2.277;937;357;481;502;3.625
        Isca sullo Ionio;507;440;67;756;292;117;181;167;1.263
        Jacurso;203;186;17;302;141;41;63;56;505
        Lamezia Terme;26.856;22.786;4.070;31.213;10.172;5.754;8.986;6.301;58.069
        Magisano;389;348;41;582;264;85;123;110;971
        Maida;1.601;1.398;203;2.233;838;324;538;533;3.834
        Marcedusa;125;110;15;204;101;19;37;47;329
        Marcellinara;852;783;69;978;431;163;237;147;1.830
        Martirano;272;234;38;478;186;57;117;118;750
        Martirano Lombardo;316;285;31;584;315;75;106;88;900
        Miglierina;246;220;26;373;136;47;100;90;619
        Montauro;752;653;99;856;348;127;194;187;1.608
        Montepaone;2.348;2.068;280;2.540;938;431;678;492;4.888
        Motta Santa Lucia;301;247;54;413;133;55;108;117;714
        Nocera Terinese;1.899;1.640;259;2.204;927;352;483;441;4.103
        Olivadi;132;116;16;324;127;34;99;63;456
        Palermiti;259;225;34;681;237;52;136;255;940
        Pentone;649;579;70;1.049;409;160;207;273;1.698
        Petrizzi;357;317;40;574;236;75;148;113;931
        Petronà;748;666;82;1.309;546;181;314;268;2.057
        Pianopoli;1.008;901;107;1.178;431;230;334;182;2.186
        Platania;619;553;66;1.145;425;164;310;246;1.764
        San Floro;264;225;39;318;135;59;66;57;582
        San Mango d'Aquino;564;490;74;719;324;115;157;123;1.283
        San Pietro a Maida;1.351;1.168;183;1.943;823;266;426;428;3.294
        San Pietro Apostolo;541;486;55;808;351;112;175;171;1.349
        San Sostene;540;451;89;663;219;111;189;144;1.203
        San Vito sullo Ionio;531;463;68;879;363;105;207;204;1.410
        Santa Caterina dello Ionio;632;555;77;1.090;444;153;246;246;1.722
        Sant'Andrea Apostolo dello Ionio;604;521;83;956;435;121;204;196;1.560
        Satriano;1.353;1.144;209;1.611;563;318;419;312;2.964
        Sellia;146;125;21;279;95;28;92;64;425
        Sellia Marina;3.048;2.701;347;3.497;1.208;576;968;745;6.545
        Serrastretta;1.103;989;114;1.443;681;186;306;270;2.546
        Sersale;1.553;1.387;166;2.203;861;344;625;373;3.756
        Settingiano;1.397;1.285;112;1.334;563;291;292;188;2.731
        Simeri Crichi;1.906;1.658;248;2.203;756;405;585;457;4.109
        Sorbo San Basile;260;226;34;413;141;55;120;97;673
        Soverato;3.351;3.013;338;4.448;2.090;660;931;767;7.799
        Soveria Mannelli;1.113;972;141;1.402;638;204;309;252;2.515
        Soveria Simeri;496;438;58;777;329;120;187;140;1.273
        Squillace;1.363;1.198;165;1.700;556;301;497;346;3.063
        Stalettì;916;805;111;1.216;473;167;314;262;2.132
        Taverna;901;791;110;1.359;452;221;414;272;2.260
        Tiriolo;1.287;1.156;131;1.882;750;273;476;384;3.169
        Torre di Ruggiero;246;212;34;594;223;69;141;160;840
        Vallefiorita;446;397;49;877;385;112;177;203;1.323
        Zagarise;497;428;69;784;366;97;154;166;1.281
      Reggio di Calabria;198.153;170.729;27.424;251.252;100.081;43.336;54.224;53.611;449.405
        Africo;1.180;1.047;133;1.093;568;204;107;213;2.273
        Agnana Calabra;152;131;21;268;115;31;41;80;420
        Anoia;727;624;103;1.058;407;168;222;262;1.785
        Antonimina;452;409;43;591;291;106;90;104;1.043
        Ardore;1.882;1.671;211;2.263;1.058;383;349;473;4.145
        Bagaladi;336;281;55;487;244;55;78;110;823
        Bagnara Calabra;2.958;2.567;391;5.076;1.846;778;1.315;1.137;8.034
        Benestare;921;837;84;1.117;530;225;120;242;2.038
        Bianco;1.655;1.445;210;1.974;905;329;302;438;3.629
        Bivongi;420;368;52;625;285;84;100;156;1.045
        Bova;184;140;44;197;89;27;28;53;381
        Bova Marina;1.585;1.299;286;2.117;817;319;441;540;3.702
        Bovalino;3.531;3.135;396;3.682;1.770;701;533;679;7.213
        Brancaleone;1.202;1.052;150;1.718;808;198;272;440;2.920
        Bruzzano Zeffirio;364;326;38;565;315;53;67;130;929
        Calanna;246;210;36;449;206;44;88;110;695
        Camini;223;192;31;414;148;56;93;117;637
        Campo Calabro;1.744;1.536;208;2.064;833;395;503;332;3.808
        Candidoni;140;112;28;208;76;33;51;48;348
        Canolo;285;252;33;336;171;29;50;85;621
        Caraffa del Bianco;204;188;16;218;139;35;14;30;422
        Cardeto;415;385;30;802;450;88;100;165;1.217
        Careri;906;810;96;898;471;146;80;202;1.804
        Casignana;256;233;23;349;174;84;42;48;605
        Caulonia;2.221;1.878;343;3.790;1.285;472;831;1.201;6.011
        Ciminà;226;188;38;234;136;24;26;48;460
        Cinquefrondi;2.370;1.962;408;2.940;1.043;523;674;700;5.310
        Cittanova;3.801;3.297;504;4.579;1.910;826;931;912;8.380
        Condofuri;1.664;1.445;219;2.380;1.073;356;443;508;4.044
        Cosoleto;278;251;27;391;178;62;54;97;669
        Delianuova;1.131;1.009;122;1.479;641;333;225;280;2.610
        Feroleto della Chiesa;508;437;71;864;388;121;144;212;1.372
        Ferruzzano;310;266;44;368;176;49;57;87;678
        Fiumara;263;241;22;520;201;42;80;197;783
        Galatro;445;385;60;859;380;100;148;231;1.304
        Gerace;916;792;124;1.144;553;181;191;219;2.060
        Giffone;375;325;50;1.004;322;139;194;349;1.379
        Gioia Tauro;7.191;6.094;1.097;9.030;2.758;1.781;2.469;2.022;16.221
        Gioiosa Ionica;2.350;2.032;318;3.464;1.119;607;816;921;5.814
        Grotteria;835;743;92;1.663;603;201;307;552;2.498
        Laganadi;115;94;21;194;76;26;40;52;309
        Laureana di Borrello;1.561;1.349;212;2.528;986;364;475;702;4.089
        Locri;4.765;4.110;655;5.530;2.400;1.018;1.068;1.045;10.295
        Mammola;819;725;94;1.333;551;184;249;349;2.152
        Marina di Gioiosa Ionica;2.244;1.970;274;3.180;1.167;527;749;738;5.424
        Maropati;468;418;50;731;359;113;109;150;1.199
        Martone;147;123;24;291;101;39;55;96;438
        Melicuccà;303;276;27;445;199;60;69;117;748
        Melicucco;1.853;1.594;259;2.207;816;438;429;524;4.060
        Melito di Porto Salvo;3.950;3.477;473;5.277;2.085;900;1.170;1.122;9.227
        Molochio;805;739;66;1.208;612;191;171;233;2.013
        Monasterace;1.166;1.008;158;1.739;643;261;383;452;2.905
        Montebello Jonico;1.842;1.609;233;3.177;1.321;396;583;876;5.019
        Motta San Giovanni;2.091;1.834;257;2.883;1.346;410;539;587;4.974
        Oppido Mamertina;1.915;1.717;198;2.275;1.023;450;316;486;4.190
        Palizzi;659;569;90;1.114;533;110;196;276;1.773
        Palmi;6.815;6.037;778;8.611;3.427;1.692;1.902;1.591;15.426
        Pazzano;153;136;17;286;155;30;37;64;439
        Placanica;288;241;47;638;298;57;102;180;926
        Platì;1.528;1.344;184;1.368;580;292;151;345;2.896
        Polistena;3.980;3.459;521;4.532;1.614;935;1.042;942;8.512
        Portigliola;375;342;33;555;283;80;67;125;930
        Reggio di Calabria;69.047;58.338;10.709;80.313;31.198;14.455;19.636;15.024;149.360
        Riace;662;567;95;871;328;146;185;213;1.533
        Rizziconi;3.204;2.831;373;3.404;1.314;671;607;813;6.608
        Roccaforte del Greco;103;91;12;231;130;22;40;39;334
        Roccella Ionica;2.297;2.051;246;3.143;1.390;519;695;538;5.440
        Roghudi;325;287;38;489;166;74;120;129;814
        Rosarno;5.204;4.284;920;6.867;2.153;1.352;1.738;1.624;12.071
        Samo;282;256;26;366;222;46;35;64;648
        San Ferdinando;1.609;1.288;321;2.179;714;323;427;715;3.788
        San Giorgio Morgeto;1.080;920;160;1.436;604;265;294;273;2.516
        San Giovanni di Gerace;134;109;25;245;106;39;52;47;379
        San Lorenzo;735;652;83;1.270;626;144;197;303;2.005
        San Luca;1.350;1.232;118;1.478;741;268;122;347;2.828
        San Pietro di Caridà;311;276;35;601;311;56;94;141;912
        San Procopio;161;145;16;242;131;33;21;56;403
        San Roberto;505;443;62;863;382;103;147;231;1.368
        Santa Cristina d'Aspromonte;293;265;28;410;212;72;36;91;703
        Sant'Agata del Bianco;260;236;24;240;122;44;28;46;500
        Sant'Alessio in Aspromonte;118;97;21;156;51;23;29;52;274
        Sant'Eufemia d'Aspromonte;1.420;1.231;189;1.737;821;300;256;360;3.157
        Sant'Ilario dello Ionio;486;431;55;662;325;107;76;154;1.148
        Santo Stefano in Aspromonte;416;355;61;529;246;69;77;137;945
        Scido;261;222;39;446;213;59;79;94;707
        Scilla;1.610;1.391;219;2.369;960;348;542;519;3.979
        Seminara;980;886;94;1.194;541;215;174;264;2.174
        Serrata;313;265;48;404;165;56;64;119;717
        Siderno;6.593;5.736;857;8.507;2.891;1.558;2.207;1.852;15.100
        Sinopoli;659;596;63;922;403;156;114;249;1.581
        Staiti;62;53;9;111;71;9;12;19;173
        Stignano;430;336;94;608;267;74;139;127;1.038
        Stilo;883;788;95;1.196;463;218;251;264;2.079
        Taurianova;5.715;5.043;672;7.036;2.776;1.257;1.415;1.588;12.751
        Terranova Sappo Minulio;197;154;43;198;82;31;30;55;395
        Varapodio;862;763;99;883;403;163;133;184;1.745
        Villa San Giovanni;4.895;4.345;550;6.263;2.492;1.100;1.572;1.100;11.158
      Crotone;57.109;50.017;7.092;82.558;26.289;14.244;22.986;19.039;139.667
        Belvedere di Spinello;565;508;57;1.143;388;130;316;310;1.708
        Caccuri;552;496;56;793;312;125;189;167;1.345
        Carfizzi;168;156;12;327;200;30;26;71;495
        Casabona;764;687;77;1.306;562;195;261;290;2.070
        Castelsilano;296;260;36;497;217;59;105;117;793
        Cerenzia;373;325;48;551;249;69;116;117;924
        Cirò;775;703;72;1.458;565;198;344;351;2.233
        Cirò Marina;4.683;4.225;458;7.269;1.981;1.265;2.341;1.683;11.952
        Cotronei;1.939;1.768;171;2.589;1.053;436;592;508;4.528
        Crotone;22.565;19.375;3.190;27.994;8.169;5.417;8.680;5.728;50.559
        Crucoli;943;829;114;1.482;696;215;273;299;2.425
        Cutro;2.775;2.479;296;5.384;1.541;712;1.564;1.566;8.159
        Isola di Capo Rizzuto;5.404;4.427;977;8.976;1.519;1.514;3.033;2.910;14.380
        Melissa;1.076;967;109;1.741;617;286;452;386;2.817
        Mesoraca;2.006;1.792;214;2.933;1.237;510;502;683;4.939
        Pallagorio;307;285;22;597;352;56;77;112;904
        Petilia Policastro;3.244;2.952;292;4.109;1.836;746;612;914;7.353
        Rocca di Neto;1.800;1.607;193;2.711;800;492;839;580;4.511
        Roccabernarda;1.130;1.057;73;1.622;732;333;248;310;2.752
        San Mauro Marchesato;671;613;58;1.004;425;177;221;181;1.675
        San Nicola dell'Alto;212;191;21;451;242;36;56;117;663
        Santa Severina;651;589;62;1.004;395;160;246;203;1.655
        Savelli;339;306;33;639;306;79;100;154;978
        Scandale;900;803;97;1.591;484;291;490;326;2.491
        Strongoli;2.183;1.904;279;3.110;860;533;1.033;685;5.293
        Umbriatico;248;227;21;408;190;52;72;94;656
        Verzino;542;486;56;867;366;127;199;176;1.409
      Vibo Valentia;54.979;48.285;6.694;76.703;30.748;12.853;16.943;16.159;131.682
        Acquaro;560;501;59;1.101;614;121;110;257;1.661
        Arena;456;411;45;701;321;114;109;157;1.157
        Briatico;1.312;1.117;195;1.962;788;315;417;441;3.274
        Brognaturo;236;197;39;351;142;64;71;75;587
        Capistrano;334;285;49;531;197;54;92;188;865
        Cessaniti;962;858;104;1.671;808;251;295;317;2.633
        Dasà;417;335;82;521;252;87;59;122;938
        Dinami;526;439;87;1.070;480;117;157;317;1.596
        Drapia;730;662;68;1.141;555;166;223;196;1.871
        Fabrizia;661;575;86;1.072;363;187;271;251;1.733
        Filadelfia;1.721;1.543;178;2.675;1.216;372;510;576;4.396
        Filandari;658;604;54;850;312;160;189;189;1.508
        Filogaso;448;414;34;710;272;132;172;133;1.158
        Francavilla Angitola;650;589;61;962;445;138;205;174;1.612
        Francica;611;553;58;735;336;133;106;159;1.346
        Gerocarne;734;675;59;970;432;182;130;226;1.704
        Jonadi;1.972;1.742;230;1.709;511;484;463;250;3.681
        Joppolo;462;401;61;1.021;435;92;204;289;1.483
        Limbadi;1.112;991;121;1.719;644;321;417;336;2.831
        Maierato;870;786;84;967;359;210;194;204;1.837
        Mileto;2.422;2.097;325;3.128;1.192;560;693;683;5.550
        Mongiana;201;178;23;372;107;48;130;87;573
        Monterosso Calabro;599;529;70;773;423;106;103;141;1.372
        Nardodipace;311;280;31;620;199;89;167;165;931
        Nicotera;1.951;1.651;300;3.281;1.169;430;751;932;5.232
        Parghelia;443;397;46;687;273;85;150;179;1.130
        Pizzo;3.028;2.646;382;4.745;1.654;719;1.324;1.047;7.773
        Pizzoni;302;258;44;566;278;65;96;128;868
        Polia;282;251;31;482;247;43;91;101;764
        Ricadi;1.885;1.634;251;2.463;1.019;379;545;521;4.348
        Rombiolo;1.511;1.318;193;2.187;877;373;492;446;3.698
        San Calogero;1.394;1.212;182;1.974;827;361;379;406;3.368
        San Costantino Calabro;804;722;82;989;444;163;214;168;1.793
        San Gregorio d'Ippona;936;831;105;1.164;473;195;159;337;2.100
        San Nicola da Crissa;379;339;40;696;308;84;134;171;1.075
        Sant'Onofrio;1.050;949;101;1.395;631;258;266;240;2.445
        Serra San Bruno;2.267;2.002;265;3.151;1.048;572;783;748;5.418
        Simbario;306;263;43;490;186;62;108;134;796
        Sorianello;400;366;34;545;233;119;81;111;945
        Soriano Calabro;894;812;82;1.070;372;209;218;272;1.964
        Spadola;288;241;47;405;165;74;84;83;693
        Spilinga;545;484;61;658;300;97;103;158;1.203
        Stefanaconi;905;796;109;1.092;468;209;237;177;1.997
        Tropea;2.250;1.891;359;3.011;1.112;414;833;652;5.261
        Vallelonga;246;205;41;396;160;57;77;103;642
        Vazzano;339;304;35;501;267;62;80;92;840
        Vibo Valentia;12.097;10.656;1.441;15.203;5.914;2.944;3.792;2.554;27.300
        Zaccanopoli;242;209;33;359;174;50;77;57;601
        Zambrone;585;487;98;932;373;160;211;188;1.517
        Zungri;685;599;86;929;372;167;169;220;1.614
  Isole;2.486.460;2.115.815;370.645;3.102.102;1.135.184;480.490;928.564;557.866;5.588.562
    Sicilia;1.807.041;1.526.210;280.831;2.367.219;812.428;373.781;757.566;423.444;4.174.260
      Trapani;155.258;132.915;22.343;208.209;76.242;32.333;64.021;35.613;363.467
        Alcamo;17.510;15.427;2.083;21.399;8.307;3.601;6.157;3.335;38.909
        Buseto Palizzolo;1.035;894;141;1.422;605;237;382;198;2.457
        Calatafimi-Segesta;2.284;1.947;337;3.166;1.331;405;955;475;5.450
        Campobello di Mazara;3.994;3.378;616;5.976;2.278;737;1.686;1.275;9.970
        Castellammare del Golfo;5.691;4.885;806;7.152;2.568;1.128;2.209;1.247;12.843
        Castelvetrano;10.602;9.113;1.489;15.285;5.553;2.408;4.546;2.778;25.887
        Custonaci;2.052;1.694;358;2.551;911;378;805;457;4.603
        Erice;9.837;8.549;1.288;13.080;5.131;2.101;3.865;1.983;22.917
        Favignana;1.744;1.481;263;2.312;945;262;704;401;4.056
        Gibellina;1.420;1.293;127;1.881;916;267;382;317;3.301
        Marsala;29.657;25.172;4.485;40.225;13.853;6.291;13.068;7.013;69.882
        Mazara del Vallo;18.243;15.001;3.242;25.138;7.434;4.204;9.236;4.264;43.381
        Misiliscemi;3.166;2.721;445;4.296;1.618;522;1.382;773;7.462
        Paceco;4.017;3.524;493;5.437;2.053;941;1.647;796;9.454
        Pantelleria;2.945;2.530;415;3.504;1.359;504;983;658;6.449
        Partanna;3.754;3.341;413;4.993;2.316;788;1.013;877;8.747
        Petrosino;2.909;2.474;435;3.892;1.249;604;1.255;784;6.801
        Poggioreale;495;422;73;690;295;102;186;106;1.185
        Salaparuta;586;459;127;787;324;133;210;120;1.373
        Salemi;3.806;3.294;512;5.165;2.158;781;1.283;943;8.971
        San Vito Lo Capo;1.984;1.675;309;2.288;844;262;722;461;4.272
        Santa Ninfa;1.814;1.585;229;2.422;1.019;366;659;378;4.236
        Trapani;20.407;17.511;2.896;28.650;10.523;4.368;8.854;4.905;49.057
        Valderice;4.632;3.962;670;5.532;2.184;817;1.628;903;10.164
        Vita;674;583;91;966;467;126;207;165;1.640
      Palermo;439.885;368.299;71.586;596.666;189.575;94.509;201.834;110.748;1.036.551
        Alia;1.033;874;159;1.899;781;236;531;351;2.932
        Alimena;578;491;87;1.015;463;114;248;191;1.593
        Aliminusa;338;296;42;621;260;83;186;94;959
        Altavilla Milicia;3.234;2.781;453;4.109;1.252;656;1.395;805;7.343
        Altofonte;3.559;3.005;554;4.845;1.486;877;1.679;803;8.404
        Bagheria;17.661;14.678;2.983;27.648;7.206;4.190;10.792;5.461;45.309
        Balestrate;1.885;1.644;241;3.625;1.193;417;1.263;753;5.510
        Baucina;582;510;72;1.015;369;130;325;191;1.597
        Belmonte Mezzagno;3.684;3.016;668;5.365;1.334;894;2.199;938;9.049
        Bisacquino;1.423;1.200;223;2.241;980;328;554;379;3.664
        Blufi;344;301;43;459;266;61;68;64;803
        Bolognetta;1.407;1.174;233;2.106;568;311;829;397;3.513
        Bompietro;429;382;47;672;365;84;119;103;1.101
        Borgetto;2.397;1.996;401;3.549;991;514;1.227;817;5.946
        Caccamo;2.674;2.327;347;4.069;1.597;606;1.166;701;6.743
        Caltavuturo;1.294;1.142;152;1.911;835;242;548;287;3.205
        Campofelice di Fitalia;147;126;21;256;111;33;52;61;403
        Campofelice di Roccella;3.149;2.685;464;3.653;1.263;546;1.216;629;6.802
        Campofiorito;341;296;45;670;298;83;148;142;1.011
        Camporeale;1.000;863;137;1.583;556;266;425;335;2.583
        Capaci;4.101;3.403;698;5.487;1.495;830;1.973;1.189;9.588
        Carini;14.318;11.926;2.392;18.612;4.547;3.115;7.245;3.706;32.930
        Castelbuono;3.229;2.800;429;4.040;1.803;621;1.049;567;7.269
        Casteldaccia;4.083;3.479;604;5.744;1.592;945;2.189;1.018;9.827
        Castellana Sicula;1.142;1.003;139;1.566;754;237;347;228;2.708
        Castronovo di Sicilia;1.025;872;153;1.533;648;213;422;250;2.558
        Cefalà Diana;363;308;55;487;175;77;148;87;850
        Cefalù;5.605;4.838;767;6.776;2.944;933;1.881;1.018;12.381
        Cerda;1.580;1.338;242;2.716;995;386;875;459;4.296
        Chiusa Sclafani;843;729;114;1.444;633;210;350;252;2.287
        Ciminna;1.060;941;119;1.953;742;238;600;374;3.013
        Cinisi;4.340;3.716;624;5.913;1.656;1.014;2.187;1.056;10.253
        Collesano;1.288;1.104;184;1.944;844;259;531;311;3.232
        Contessa Entellina;497;411;86;863;363;103;212;184;1.360
        Corleone;3.847;3.287;560;5.157;2.072;880;1.295;910;9.004
        Ficarazzi;4.805;3.736;1.069;5.857;1.294;1.028;2.363;1.173;10.662
        Gangi;2.327;2.099;228;3.163;1.535;469;755;404;5.490
        Geraci Siculo;697;618;79;858;476;126;136;120;1.555
        Giardinello;775;667;108;1.143;343;226;394;179;1.918
        Giuliana;653;542;111;892;468;113;161;150;1.545
        Godrano;397;317;80;518;220;87;127;83;915
        Gratteri;287;228;59;490;232;49;128;81;777
        Isnello;459;379;80;757;376;94;165;122;1.216
        Isola delle Femmine;2.621;2.246;375;3.417;908;581;1.354;573;6.038
        Lascari;1.437;1.240;197;1.779;659;262;565;293;3.216
        Lercara Friddi;2.099;1.852;247;3.399;1.129;504;1.217;549;5.498
        Marineo;2.163;1.850;313;3.157;1.065;470;1.089;533;5.320
        Mezzojuso;908;784;124;1.404;517;212;401;273;2.312
        Misilmeri;9.883;7.993;1.890;14.303;3.447;2.128;5.790;2.939;24.186
        Monreale;14.373;11.868;2.505;18.344;4.955;3.092;6.721;3.576;32.717
        Montelepre;2.067;1.745;322;2.939;972;525;979;463;5.006
        Montemaggiore Belsito;1.022;854;168;1.661;768;215;401;277;2.683
        Palazzo Adriano;726;593;133;945;435;135;207;168;1.671
        Palermo;238.074;198.369;39.705;306.824;97.109;50.413;102.854;56.448;544.898
        Partinico;10.566;9.093;1.473;15.800;5.212;2.503;4.712;3.374;26.366
        Petralia Soprana;1.192;1.075;117;1.502;802;242;266;191;2.694
        Petralia Sottana;992;875;117;1.272;725;180;199;169;2.264
        Piana degli Albanesi;2.066;1.789;277;2.884;1.174;414;728;568;4.950
        Polizzi Generosa;1.012;885;127;1.682;767;215;433;267;2.694
        Pollina;1.114;913;201;1.439;665;216;325;232;2.553
        Prizzi;1.525;1.265;260;2.235;980;306;553;396;3.760
        Roccamena;427;392;35;755;344;83;142;186;1.182
        Roccapalumba;702;610;92;1.286;440;167;443;236;1.988
        San Cipirello;1.690;1.407;283;2.606;808;422;905;471;4.296
        San Giuseppe Jato;2.561;2.175;386;4.386;1.264;639;1.582;901;6.947
        San Mauro Castelverde;446;384;62;761;422;91;141;107;1.207
        Santa Cristina Gela;406;335;71;478;155;78;162;83;884
        Santa Flavia;3.813;3.233;580;5.666;1.550;844;2.161;1.112;9.479
        Sciara;737;613;124;1.431;452;193;504;282;2.168
        Scillato;188;159;29;330;149;27;100;54;518
        Sclafani Bagni;141;120;21;202;93;18;47;43;343
        Termini Imerese;8.638;7.322;1.316;12.982;4.472;1.865;4.320;2.324;21.620
        Terrasini;4.580;3.869;711;6.349;1.717;909;2.440;1.283;10.929
        Torretta;1.526;1.260;266;2.077;518;339;803;417;3.603
        Trabia;3.524;2.962;562;5.644;1.687;773;2.029;1.155;9.168
        Trappeto;1.013;849;164;1.669;568;214;564;323;2.682
        Ustica;462;394;68;703;263;83;221;135;1.165
        Valledolmo;1.119;978;141;1.712;681;213;529;290;2.831
        Ventimiglia di Sicilia;638;522;116;973;349;123;309;193;1.611
        Vicari;813;671;142;1.341;506;194;408;233;2.154
        Villabate;6.670;5.294;1.376;9.471;1.876;1.475;4.194;1.926;16.141
        Villafrati;1.073;933;140;1.632;595;220;535;282;2.705
      Messina;233.014;201.194;31.820;295.687;121.355;44.772;74.524;55.035;528.701
        Acquedolci;2.019;1.799;220;2.796;1.127;447;719;502;4.815
        Alcara li Fusi;607;539;68;959;576;110;114;160;1.566
        Alì;228;193;35;336;158;36;57;84;564
        Alì Terme;942;819;123;1.098;490;194;233;180;2.040
        Antillo;265;232;33;445;233;70;57;85;710
        Barcellona Pozzo di Gotto;15.492;13.483;2.009;19.009;7.842;3.310;4.214;3.642;34.501
        Basicò;184;154;30;372;171;38;72;91;556
        Brolo;2.490;2.170;320;2.501;1.138;423;517;423;4.991
        Capizzi;1.038;916;122;1.414;625;244;299;246;2.452
        Capo d'Orlando;5.629;4.907;722;5.949;2.693;940;1.310;1.006;11.578
        Capri Leone;1.764;1.543;221;2.028;816;362;501;347;3.792
        Caronia;1.093;930;163;1.620;741;243;353;284;2.713
        Casalvecchio Siculo;290;251;39;365;189;31;51;93;655
        Castel di Lucio;459;402;57;652;324;87;127;114;1.111
        Castell'Umberto;1.134;983;151;1.386;694;213;251;229;2.520
        Castelmola;427;379;48;517;225;44;128;119;944
        Castroreale;785;698;87;1.220;664;160;177;220;2.005
        Cesarò;843;731;112;1.087;517;179;216;175;1.930
        Condrò;168;130;38;249;103;24;68;54;417
        Falcone;1.010;849;161;1.433;571;196;378;287;2.443
        Ficarra;472;411;61;715;417;90;90;118;1.187
        Fiumedinisi;419;371;48;667;308;91;118;150;1.086
        Floresta;212;178;34;223;122;23;39;39;435
        Fondachelli-Fantina;402;372;30;587;274;81;62;171;989
        Forza d'Agrò;325;265;60;407;166;52;109;80;732
        Francavilla di Sicilia;1.327;1.152;175;1.813;888;244;338;343;3.140
        Frazzanò;215;201;14;319;191;46;40;42;534
        Furci Siculo;1.290;1.138;152;1.543;674;270;323;277;2.833
        Furnari;1.497;1.255;242;2.014;803;260;493;458;3.511
        Gaggi;1.146;1.035;111;1.512;529;178;453;351;2.658
        Galati Mamertino;819;712;107;1.268;715;164;178;210;2.087
        Gallodoro;130;112;18;181;88;18;34;42;311
        Giardini-Naxos;3.825;3.273;552;4.390;1.587;603;1.364;835;8.215
        Gioiosa Marea;2.785;2.381;404;3.204;1.541;448;646;569;5.989
        Graniti;504;427;77;777;349;102;180;147;1.281
        Gualtieri Sicaminò;535;474;61;863;399;107;198;158;1.398
        Itala;568;482;86;770;288;109;209;165;1.338
        Leni;252;212;40;359;146;43;86;84;611
        Letojanni;1.230;1.045;185;1.281;513;212;329;227;2.511
        Librizzi;602;524;78;803;427;107;127;142;1.405
        Limina;185;160;25;478;221;51;97;109;663
        Lipari;5.193;4.388;805;5.844;1.994;720;1.840;1.291;11.037
        Longi;521;472;49;661;348;126;95;92;1.182
        Malfa;395;353;42;463;170;55;124;113;858
        Malvagna;215;179;36;366;171;48;87;60;581
        Mandanici;174;147;27;282;154;33;42;53;456
        Mazzarrà Sant'Andrea;511;429;82;706;311;87;148;161;1.217
        Merì;919;784;135;1.022;355;160;291;216;1.941
        Messina;83.771;71.895;11.876;108.787;40.106;17.187;31.008;20.487;192.558
        Milazzo;12.054;10.513;1.541;14.663;6.060;2.283;4.005;2.315;26.717
        Militello Rosmarino;399;357;42;642;331;80;117;115;1.041
        Mirto;346;289;57;451;228;54;80;90;797
        Mistretta;1.653;1.475;178;2.249;1.052;331;496;370;3.902
        Moio Alcantara;244;201;43;361;169;54;77;61;605
        Monforte San Giorgio;914;800;114;1.331;581;159;337;255;2.245
        Mongiuffi Melia;170;150;20;322;155;33;61;74;492
        Montagnareale;561;468;93;691;332;103;137;119;1.252
        Montalbano Elicona;674;580;94;1.177;616;150;168;242;1.851
        Motta Camastra;279;222;57;423;212;44;76;90;702
        Motta d'Affermo;207;190;17;411;220;58;68;64;618
        Naso;1.291;1.124;167;1.849;931;219;361;339;3.140
        Nizza di Sicilia;1.482;1.252;230;1.657;705;274;377;301;3.139
        Novara di Sicilia;377;334;43;688;370;59;103;156;1.065
        Oliveri;714;618;96;1.149;507;157;278;207;1.863
        Pace del Mela;2.326;2.019;307;2.884;1.027;431;892;534;5.210
        Pagliara;428;361;67;556;242;84;125;106;984
        Patti;5.055;4.373;682;6.130;2.741;992;1.381;1.016;11.185
        Pettineo;495;369;126;624;280;95;136;113;1.119
        Piraino;1.585;1.359;226;1.716;812;255;342;308;3.301
        Raccuja;344;298;46;471;278;52;54;87;815
        Reitano;237;207;30;411;192;47;87;85;648
        Roccafiorita;71;62;9;91;42;15;20;13;162
        Roccalumera;1.596;1.346;250;1.950;867;271;431;380;3.546
        Roccavaldina;350;303;47;552;214;73;166;98;902
        Roccella Valdemone;196;164;32;315;168;39;46;62;511
        Rodì Milici;779;678;101;964;476;155;161;172;1.743
        Rometta;2.596;2.218;378;3.197;1.318;466;876;537;5.793
        San Filippo del Mela;2.637;2.271;366;3.215;1.186;458;923;647;5.852
        San Fratello;1.201;1.015;186;1.738;813;237;306;381;2.939
        San Marco d'Alunzio;780;706;74;804;451;118;91;144;1.584
        San Pier Niceto;868;755;113;1.450;647;181;317;304;2.318
        San Piero Patti;962;851;111;1.385;726;170;222;267;2.347
        San Salvatore di Fitalia;384;330;54;631;358;51;93;130;1.015
        San Teodoro;496;436;60;607;290;83;129;105;1.103
        Santa Domenica Vittoria;365;328;37;412;212;85;59;56;777
        Santa Lucia del Mela;1.683;1.435;248;2.138;941;300;502;395;3.821
        Santa Marina Salina;369;320;49;412;163;37;101;111;781
        Santa Teresa di Riva;3.896;3.395;501;4.354;1.956;735;944;719;8.250
        Sant'Agata di Militello;4.579;4.047;532;6.052;2.742;1.025;1.288;996;10.631
        Sant'Alessio Siculo;706;559;147;675;293;98;172;113;1.381
        Sant'Angelo di Brolo;1.071;952;119;1.410;810;172;164;263;2.481
        Santo Stefano di Camastra;1.527;1.351;176;2.326;960;338;583;445;3.853
        Saponara;1.396;1.187;209;1.901;722;248;555;376;3.297
        Savoca;720;612;108;767;288;101;211;167;1.487
        Scaletta Zanclea;649;563;86;1.020;414;124;262;220;1.669
        Sinagra;1.015;881;134;1.187;593;189;196;209;2.202
        Spadafora;1.722;1.495;227;2.439;954;300;708;478;4.161
        Taormina;4.654;4.009;645;4.657;1.881;681;1.313;783;9.311
        Terme Vigliatore;2.945;2.531;414;3.240;1.372;504;717;647;6.185
        Torregrotta;2.878;2.447;431;3.440;1.150;503;1.144;645;6.318
        Torrenova;1.948;1.691;257;1.956;816;329;479;332;3.904
        Tortorici;2.162;1.992;170;2.859;1.544;366;313;636;5.021
        Tripi;267;236;31;413;217;40;62;94;680
        Tusa;943;819;124;1.422;752;214;229;227;2.365
        Ucria;348;305;43;475;273;41;58;103;823
        Valdina;489;428;61;629;227;89;178;135;1.118
        Venetico;1.502;1.300;202;1.952;699;276;614;363;3.454
        Villafranca Tirrena;3.123;2.682;441;4.055;1.629;581;1.141;704;7.178
      Agrigento;146.645;125.974;20.671;214.380;74.522;33.473;66.353;40.031;361.025
        Agrigento;22.391;19.092;3.299;26.626;10.013;4.424;7.577;4.611;49.017
        Alessandria della Rocca;742;637;105;1.479;660;196;345;277;2.221
        Aragona;3.361;3.026;335;4.396;1.538;751;1.389;719;7.757
        Bivona;1.146;980;166;1.772;718;293;464;296;2.918
        Burgio;940;821;119;1.291;589;186;276;239;2.231
        Calamonaci;399;340;59;636;264;97;152;123;1.035
        Caltabellotta;1.084;922;162;1.813;826;243;416;328;2.897
        Camastra;652;578;74;1.163;419;179;335;229;1.815
        Cammarata;2.287;1.929;358;2.883;921;479;929;553;5.170
        Campobello di Licata;3.110;2.708;402;4.833;1.654;730;1.617;831;7.943
        Canicattì;11.987;10.075;1.912;17.374;4.841;2.785;6.487;3.261;29.361
        Casteltermini;2.419;2.048;371;4.124;1.443;570;1.326;786;6.543
        Castrofilippo;805;714;91;1.456;525;201;434;296;2.261
        Cattolica Eraclea;1.016;874;142;1.945;733;279;517;415;2.961
        Cianciana;1.003;864;139;1.787;677;218;529;363;2.790
        Comitini;305;266;39;442;155;96;135;56;747
        Favara;12.011;10.191;1.820;15.266;4.894;2.660;4.539;3.173;27.277
        Grotte;1.823;1.611;212;2.757;1.024;408;824;501;4.580
        Joppolo Giancaxio;405;361;44;554;237;73;141;103;959
        Lampedusa e Linosa;2.587;2.238;349;3.077;831;413;1.198;635;5.664
        Licata;10.925;9.464;1.461;19.093;5.932;2.756;6.411;3.994;30.018
        Lucca Sicula;698;605;93;772;350;109;154;159;1.470
        Menfi;3.984;3.407;577;6.395;2.239;936;2.020;1.200;10.379
        Montallegro;785;666;119;1.292;468;171;392;260;2.077
        Montevago;901;783;118;1.485;601;218;358;308;2.386
        Naro;2.302;1.990;312;3.964;1.538;563;1.073;789;6.266
        Palma di Montechiaro;6.486;5.731;755;11.681;3.856;1.826;3.836;2.164;18.167
        Porto Empedocle;5.086;4.374;712;8.553;2.404;1.241;3.230;1.678;13.639
        Racalmuto;2.684;2.258;426;3.974;1.302;599;1.332;742;6.658
        Raffadali;4.598;4.105;493;5.858;2.421;1.016;1.412;1.009;10.456
        Ravanusa;3.418;2.973;445;5.558;1.848;849;1.813;1.049;8.976
        Realmonte;1.470;1.249;221;2.366;808;365;741;453;3.836
        Ribera;6.149;5.295;854;9.521;3.433;1.510;2.765;1.814;15.670
        Sambuca di Sicilia;1.928;1.667;261;2.812;1.093;497;724;496;4.740
        San Biagio Platani;857;721;136;1.719;762;204;426;328;2.576
        San Giovanni Gemini;2.834;2.397;437;3.761;1.345;562;1.179;675;6.595
        Santa Elisabetta;881;750;131;1.059;403;166;284;206;1.940
        Santa Margherita di Belice;2.060;1.833;227;3.289;1.203;588;936;562;5.349
        Sant'Angelo Muxaro;375;322;53;667;351;84;113;119;1.042
        Santo Stefano Quisquina;1.424;1.242;182;2.308;956;330;640;384;3.732
        Sciacca;14.458;12.250;2.208;19.575;7.119;3.137;6.024;3.294;34.033
        Siculiana;1.393;1.199;194;2.318;816;338;713;451;3.711
        Villafranca Sicula;479;418;61;683;310;123;149;101;1.162
      Caltanissetta;89.167;76.611;12.556;128.211;40.147;21.395;46.172;20.498;217.378
        Acquaviva Platani;269;239;30;516;220;65;144;87;785
        Bompensiere;173;144;29;280;112;33;92;43;453
        Butera;1.496;1.242;254;2.221;752;302;726;441;3.717
        Caltanissetta;22.917;19.798;3.119;28.644;10.464;5.205;8.393;4.582;51.561
        Campofranco;940;817;123;1.511;631;182;435;263;2.451
        Delia;1.380;1.223;157;2.021;668;356;616;381;3.401
        Gela;25.053;21.139;3.914;36.384;8.780;6.408;15.816;5.380;61.437
        Marianopoli;529;480;49;906;326;116;314;150;1.435
        Mazzarino;4.148;3.517;631;5.534;1.826;946;1.889;873;9.682
        Milena;1.004;900;104;1.445;616;197;399;233;2.449
        Montedoro;451;395;56;790;285;115;259;131;1.241
        Mussomeli;4.011;3.539;472;4.719;1.818;777;1.414;710;8.730
        Niscemi;7.486;6.351;1.135;13.946;3.577;2.184;5.700;2.485;21.432
        Resuttano;636;576;60;940;414;130;247;148;1.576
        Riesi;3.375;2.841;534;5.636;1.650;886;2.032;1.068;9.011
        San Cataldo;7.902;6.981;921;10.343;3.648;1.740;3.363;1.592;18.245
        Santa Caterina Villarmosa;1.576;1.379;197;2.592;963;337;895;397;4.168
        Serradifalco;1.955;1.691;264;2.955;1.026;442;1.009;478;4.910
        Sommatino;2.085;1.804;281;3.543;1.146;516;1.329;552;5.628
        Sutera;429;382;47;651;320;82;155;94;1.080
        Vallelunga Pratameno;933;812;121;1.792;596;269;654;272;2.725
        Villalba;420;361;59;841;307;107;290;138;1.261
      Enna;56.962;50.067;6.895;79.721;29.611;12.414;24.585;13.110;136.683
        Agira;2.782;2.370;412;3.882;1.250;612;1.322;698;6.664
        Aidone;1.475;1.305;170;2.334;898;326;670;440;3.809
        Assoro;1.717;1.545;172;2.600;841;404;979;375;4.317
        Barrafranca;3.956;3.459;497;6.306;2.139;922;2.068;1.177;10.262
        Calascibetta;1.568;1.386;182;2.062;793;318;623;327;3.630
        Catenanuova;1.662;1.395;267;2.207;688;340;793;386;3.869
        Centuripe;1.797;1.499;298;2.673;942;381;879;471;4.470
        Cerami;688;602;86;967;391;141;288;146;1.655
        Enna;10.380;9.205;1.175;12.352;5.186;1.969;3.441;1.756;22.732
        Gagliano Castelferrato;1.240;1.101;139;1.671;786;269;387;228;2.911
        Leonforte;4.290;3.726;564;6.404;2.046;1.001;2.254;1.104;10.694
        Nicosia;4.906;4.405;501;6.401;2.620;1.122;1.761;898;11.307
        Nissoria;1.125;996;129;1.376;458;247;424;248;2.501
        Piazza Armerina;7.564;6.689;875;10.722;3.969;1.723;3.146;1.884;18.286
        Pietraperzia;2.050;1.782;268;3.472;1.243;457;1.132;640;5.522
        Regalbuto;2.380;2.066;314;3.498;1.231;479;1.120;668;5.878
        Sperlinga;247;213;34;380;177;62;87;54;627
        Troina;3.312;2.968;344;4.281;1.849;703;1.094;636;7.593
        Valguarnera Caropepe;2.308;2.031;277;3.744;1.233;578;1.363;570;6.052
        Villarosa;1.516;1.324;192;2.388;871;361;754;403;3.904
      Catania;419.494;339.894;79.600;502.538;161.509;81.589;170.822;88.617;922.032
        Aci Bonaccorsi;1.484;1.249;235;1.530;506;296;480;249;3.014
        Aci Castello;7.753;6.544;1.209;8.046;3.161;1.326;2.370;1.190;15.799
        Aci Catena;11.330;8.976;2.354;12.497;3.349;2.282;4.793;2.072;23.827
        Aci Sant'Antonio;7.822;6.183;1.639;7.495;2.161;1.395;2.716;1.222;15.317
        Acireale;20.464;16.716;3.748;23.727;8.418;3.855;7.342;4.112;44.191
        Adrano;10.261;7.979;2.282;18.183;4.440;2.705;7.565;3.473;28.444
        Belpasso;11.278;9.151;2.127;12.088;3.161;2.170;4.752;2.006;23.366
        Biancavilla;7.603;6.144;1.459;11.631;3.050;1.936;4.666;1.979;19.234
        Bronte;7.142;6.108;1.034;8.722;3.120;1.596;2.695;1.311;15.864
        Calatabiano;1.923;1.540;383;2.598;948;303;855;493;4.521
        Caltagirone;13.517;11.198;2.319;17.729;6.390;3.011;5.382;2.946;31.246
        Camporotondo Etneo;2.285;1.788;497;1.872;420;386;784;282;4.157
        Castel di Iudica;1.386;1.177;209;2.366;786;355;815;410;3.752
        Castiglione di Sicilia;1.149;919;230;1.403;633;175;341;253;2.552
        Catania;115.547;91.915;23.632;142.575;45.549;21.135;47.647;28.244;258.122
        Fiumefreddo di Sicilia;3.563;2.787;776;4.363;1.486;593;1.523;760;7.926
        Giarre;10.521;8.714;1.807;12.741;4.953;1.888;3.501;2.399;23.262
        Grammichele;4.406;3.598;808;6.339;2.045;904;2.219;1.171;10.745
        Gravina di Catania;10.496;8.765;1.731;11.392;4.217;1.782;3.604;1.790;21.888
        Licodia Eubea;986;832;154;1.402;432;199;508;264;2.388
        Linguaglossa;2.118;1.792;326;2.282;997;429;528;328;4.400
        Maletto;1.233;1.083;150;1.886;652;302;655;277;3.119
        Maniace;1.507;1.261;246;1.620;738;278;329;275;3.127
        Mascali;6.106;4.824;1.282;6.275;1.995;979;2.182;1.119;12.381
        Mascalucia;13.599;11.236;2.363;13.555;4.238;2.696;4.680;1.941;27.154
        Mazzarrone;1.651;1.386;265;1.707;457;308;669;272;3.358
        Militello in Val di Catania;2.133;1.736;397;3.853;1.242;496;1.343;773;5.986
        Milo;428;357;71;504;238;62;102;102;932
        Mineo;1.504;1.276;228;2.499;905;348;790;456;4.003
        Mirabella Imbaccari;1.293;1.050;243;2.457;884;265;810;498;3.750
        Misterbianco;19.410;15.184;4.226;21.250;5.282;3.453;8.616;3.900;40.660
        Motta Sant'Anastasia;5.116;4.136;980;4.980;1.425;896;1.867;793;10.096
        Nicolosi;3.403;2.761;642;3.182;1.070;590;993;529;6.585
        Palagonia;4.917;3.742;1.175;8.303;1.994;1.379;3.508;1.422;13.220
        Paternò;16.483;13.172;3.311;21.997;6.301;3.563;8.286;3.848;38.480
        Pedara;6.588;5.372;1.216;6.086;1.955;1.207;1.964;960;12.674
        Piedimonte Etneo;1.491;1.258;233;1.933;725;297;557;355;3.424
        Raddusa;1.061;836;225;1.366;421;218;454;272;2.427
        Ragalna;1.903;1.563;340;1.692;595;306;504;286;3.595
        Ramacca;3.697;2.852;845;5.012;1.289;826;1.992;905;8.709
        Randazzo;4.248;3.529;719;4.757;2.077;749;1.217;713;9.005
        Riposto;5.377;4.320;1.057;6.880;2.502;943;2.151;1.283;12.257
        San Cono;935;750;185;1.180;418;161;330;272;2.115
        San Giovanni la Punta;10.070;8.512;1.558;10.247;3.686;2.009;3.073;1.480;20.317
        San Gregorio di Catania;5.108;4.481;627;4.862;2.011;1.033;1.210;608;9.970
        San Michele di Ganzaria;938;772;166;1.648;636;202;481;330;2.586
        San Pietro Clarenza;3.583;2.912;671;3.236;846;639;1.235;515;6.819
        Santa Maria di Licodia;2.808;2.209;599;3.511;1.024;580;1.291;616;6.319
        Santa Venerina;3.413;2.812;601;3.888;1.270;624;1.304;690;7.301
        Sant'Agata li Battiati;4.019;3.518;501;4.203;1.849;815;1.008;530;8.222
        Sant'Alfio;653;515;138;672;310;95;159;108;1.325
        Scordia;5.616;4.437;1.179;8.404;2.425;1.250;3.398;1.331;14.020
        Trecastagni;4.832;4.014;818;4.769;1.594;995;1.466;714;9.601
        Tremestieri Etneo;8.551;7.322;1.229;8.550;3.323;1.715;2.369;1.143;17.101
        Valverde;3.442;2.852;590;3.276;1.102;665;1.054;455;6.718
        Viagrande;3.750;3.194;556;3.840;1.267;774;1.228;571;7.590
        Vizzini;1.875;1.556;319;3.168;1.105;407;1.063;593;5.043
        Zafferana Etnea;3.716;3.029;687;4.312;1.439;743;1.402;727;8.028
      Ragusa;124.394;109.693;14.701;149.190;53.209;24.217;45.550;26.215;273.584
        Acate;3.913;3.374;539;5.001;1.294;731;1.837;1.140;8.914
        Chiaramonte Gulfi;3.258;2.922;336;3.840;1.484;526;1.103;726;7.098
        Comiso;11.142;9.706;1.436;14.575;4.516;2.236;5.149;2.673;25.717
        Giarratana;1.125;982;143;1.427;743;204;274;206;2.552
        Ispica;6.368;5.638;730;7.777;2.869;1.295;2.294;1.319;14.145
        Modica;21.917;19.715;2.202;24.230;9.640;4.522;6.571;3.497;46.147
        Monterosso Almo;1.100;972;128;1.425;714;236;267;207;2.525
        Pozzallo;6.563;5.666;897;9.634;3.027;1.501;3.596;1.509;16.197
        Ragusa;31.733;28.126;3.607;32.371;13.379;5.533;8.397;5.062;64.104
        Santa Croce Camerina;4.680;3.992;688;4.834;1.623;675;1.504;1.033;9.514
        Scicli;10.293;9.122;1.171;12.844;5.013;1.965;3.631;2.235;23.137
        Vittoria;22.301;19.478;2.823;31.233;8.905;4.792;10.928;6.608;53.534
      Siracusa;142.222;121.563;20.659;192.617;66.258;29.078;63.706;33.576;334.839
        Augusta;13.040;11.338;1.702;17.648;6.070;2.676;6.511;2.391;30.688
        Avola;10.637;9.172;1.465;15.793;5.280;2.267;5.215;3.030;26.430
        Buccheri;635;544;91;951;494;117;186;154;1.586
        Buscemi;323;308;15;543;259;76;95;113;866
        Canicattini Bagni;2.286;1.961;325;3.444;1.396;501;907;640;5.730
        Carlentini;6.384;5.498;886;8.582;3.175;1.287;2.764;1.355;14.966
        Cassaro;256;209;47;406;178;47;105;76;662
        Ferla;906;762;144;1.130;510;128;301;192;2.036
        Floridia;8.029;6.725;1.304;10.265;3.014;1.599;3.656;1.996;18.294
        Francofonte;3.216;2.660;556;6.942;2.085;850;2.510;1.497;10.158
        Lentini;7.054;5.946;1.108;12.005;4.036;1.485;4.206;2.279;19.059
        Melilli;5.034;4.311;723;6.341;1.921;980;2.460;981;11.375
        Noto;8.549;7.317;1.232;12.465;4.137;1.730;3.949;2.650;21.014
        Pachino;7.600;6.747;853;11.056;3.335;1.626;3.572;2.523;18.656
        Palazzolo Acreide;3.237;2.862;375;3.971;1.774;647;984;566;7.208
        Portopalo di Capo Passero;1.254;1.119;135;2.027;610;296;724;397;3.281
        Priolo Gargallo;4.136;3.492;644;5.634;1.594;877;2.297;865;9.770
        Rosolini;7.768;6.711;1.057;9.894;3.466;1.724;3.064;1.639;17.662
        Siracusa;46.043;39.019;7.024;55.614;20.036;8.931;17.749;8.898;101.657
        Solarino;2.729;2.266;463;3.742;1.181;626;1.231;704;6.471
        Sortino;3.107;2.596;511;4.163;1.708;607;1.219;628;7.270
    Sardegna;679.419;589.605;89.814;734.883;322.755;106.709;170.997;134.422;1.414.302
      Sassari;207.337;180.463;26.874;215.981;94.895;32.506;48.198;40.382;423.318
        Aggius;609;548;61;675;356;104;114;101;1.284
        Aglientu;491;435;56;574;306;47;116;106;1.065
        Alà dei Sardi;722;625;97;826;375;157;135;159;1.548
        Alghero;18.144;16.063;2.081;20.226;9.422;2.617;4.708;3.478;38.370
        Anela;224;200;24;297;181;37;42;38;521
        Ardara;351;306;45;299;133;43;61;62;650
        Arzachena;6.119;5.306;813;5.693;2.140;788;1.491;1.274;11.812
        Badesi;751;645;106;881;428;106;169;179;1.632
        Banari;184;160;24;283;161;27;52;43;467
        Benetutti;700;598;102;822;356;151;170;146;1.522
        Berchidda;1.183;1.080;103;1.163;585;148;243;187;2.346
        Bessude;153;133;20;206;123;22;26;35;359
        Bonnanaro;344;301;43;496;263;55;102;76;840
        Bono;1.373;1.182;191;1.537;678;293;297;269;2.910
        Bonorva;1.302;1.164;138;1.596;794;227;317;258;2.898
        Bortigiadas;278;248;30;358;202;24;78;55;636
        Borutta;100;86;14;141;72;17;28;24;241
        Bottidda;263;232;31;316;163;36;66;51;579
        Buddusò;1.414;1.234;180;1.670;660;285;432;292;3.084
        Budoni;2.366;2.019;347;2.474;1.050;316;560;549;4.840
        Bultei;315;272;43;446;248;63;67;68;761
        Bulzi;151;128;23;268;148;16;50;54;419
        Burgos;338;294;44;418;206;63;77;72;756
        Calangianus;1.579;1.390;189;1.889;888;255;425;321;3.468
        Cargeghe;258;225;33;254;110;46;53;45;512
        Castelsardo;2.260;1.954;306;2.860;1.252;331;731;545;5.120
        Cheremule;154;142;12;211;126;24;36;25;365
        Chiaramonti;616;537;79;768;355;111;156;146;1.384
        Codrongianos;565;502;63;583;287;81;128;87;1.148
        Cossoine;282;251;31;415;229;45;88;54;697
        Erula;266;230;36;363;175;37;72;79;629
        Esporlatu;154;130;24;179;83;25;34;37;333
        Florinas;581;498;83;714;322;98;193;101;1.295
        Giave;190;171;19;252;131;24;56;41;442
        Golfo Aranci;1.027;903;124;1.124;474;147;311;193;2.151
        Illorai;293;260;33;397;209;46;84;58;690
        Ittireddu;196;176;20;237;121;29;51;36;433
        Ittiri;3.323;2.925;398;3.826;1.886;623;660;656;7.149
        La Maddalena;4.440;3.873;567;5.146;2.418;693;1.138;897;9.586
        Laerru;345;298;47;437;207;52;86;92;782
        Loiri Porto San Paolo;1.705;1.495;210;1.524;612;196;385;331;3.229
        Luogosanto;737;639;98;868;386;106;208;168;1.605
        Luras;999;869;130;1.119;488;139;271;222;2.118
        Mara;185;163;22;306;149;24;85;48;491
        Martis;164;141;23;266;140;32;49;45;430
        Monteleone Rocca Doria;44;38;6;53;27;7;8;11;97
        Monti;1.006;894;112;1.043;466;137;249;190;2.049
        Mores;682;595;87;859;391;101;198;169;1.541
        Muros;370;322;48;345;140;63;82;60;715
        Nughedu San Nicolò;314;279;35;378;204;50;59;64;692
        Nule;509;443;66;644;303;109;130;102;1.153
        Nulvi;1.106;982;124;1.198;489;153;317;239;2.304
        Olbia;28.970;25.506;3.464;24.071;8.715;3.992;6.176;5.187;53.041
        Olmedo;1.812;1.583;229;1.871;709;270;518;373;3.683
        Oschiri;1.260;1.153;107;1.479;794;192;292;201;2.739
        Osilo;1.209;1.069;140;1.357;654;194;271;237;2.566
        Ossi;2.402;2.020;382;2.518;1.113;421;542;443;4.920
        Ozieri;4.276;3.814;462;4.546;2.210;813;812;711;8.822
        Padria;211;190;21;336;183;23;77;54;547
        Padru;854;747;107;982;388;114;283;198;1.836
        Palau;1.771;1.531;240;1.827;737;240;454;397;3.598
        Pattada;1.202;1.083;119;1.335;661;203;284;187;2.537
        Perfugas;890;780;110;1.106;505;123;275;202;1.996
        Ploaghe;1.855;1.673;182;1.931;948;310;372;301;3.786
        Porto Torres;8.762;7.442;1.320;10.043;4.005;1.435;3.006;1.598;18.805
        Pozzomaggiore;961;870;91;1.210;646;158;219;187;2.171
        Putifigari;308;270;38;297;136;65;50;46;605
        Romana;182;162;20;264;126;32;75;31;446
        San Teodoro;2.334;2.031;303;2.190;868;253;581;488;4.524
        Santa Maria Coghinas;518;438;80;662;319;58;136;149;1.180
        Santa Teresa Gallura;2.145;1.816;329;2.421;1.049;278;551;543;4.566
        Sant'Antonio di Gallura;567;493;74;706;285;79;198;144;1.273
        Sassari;54.466;47.075;7.391;54.252;23.901;9.406;10.762;10.184;108.718
        Sedini;491;426;65;636;321;70;128;118;1.127
        Semestene;37;31;6;88;46;5;21;16;125
        Sennori;2.966;2.463;503;3.180;1.399;464;690;626;6.146
        Siligo;278;245;33;433;251;50;72;60;711
        Sorso;6.219;5.149;1.070;6.578;2.807;1.024;1.392;1.355;12.797
        Stintino;700;613;87;713;325;75;174;140;1.413
        Telti;941;836;105;990;441;117;244;188;1.931
        Tempio Pausania;5.736;5.000;736;6.214;2.801;932;1.342;1.139;11.950
        Tergu;248;216;32;300;144;40;64;51;548
        Thiesi;1.165;1.045;120;1.316;672;180;265;200;2.481
        Tissi;1.121;961;160;915;356;174;204;181;2.036
        Torralba;405;374;31;386;187;51;91;58;791
        Trinità d'Agultu e Vignola;927;776;151;1.137;504;125;247;260;2.064
        Tula;595;538;57;667;342;104;117;105;1.262
        Uri;1.159;988;171;1.349;591;232;255;271;2.508
        Usini;1.854;1.572;282;1.823;788;342;370;323;3.677
        Valledoria;1.740;1.495;245;2.152;986;201;480;485;3.892
        Viddalba;655;568;87;798;377;93;173;155;1.453
        Villanova Monteleone;917;837;80;982;488;142;194;157;1.899
      Nuoro;82.783;71.861;10.922;94.135;46.302;14.693;17.873;15.267;176.918
        Aritzo;492;428;64;590;287;91;112;101;1.082
        Arzana;1.003;893;110;977;510;180;143;145;1.980
        Atzara;374;330;44;548;295;58;112;82;922
        Austis;309;264;45;382;210;60;38;74;691
        Bari Sardo;1.510;1.320;190;1.875;1.007;251;313;303;3.385
        Baunei;1.377;1.186;191;1.673;860;207;328;277;3.050
        Belvì;241;214;27;270;135;38;58;39;511
        Birori;199;180;19;245;115;26;72;31;444
        Bitti;1.069;963;106;1.240;678;215;193;155;2.309
        Bolotana;860;757;103;1.311;733;148;286;144;2.171
        Borore;744;667;77;986;481;127;245;133;1.730
        Bortigali;516;468;48;612;333;60;134;85;1.128
        Cardedu;829;726;103;854;400;137;177;141;1.683
        Desulo;871;748;123;1.013;545;170;122;175;1.884
        Dorgali;3.627;3.153;474;3.630;1.676;639;616;699;7.257
        Dualchi;201;180;21;325;185;23;69;49;526
        Elini;242;211;31;244;112;40;56;37;486
        Fonni;1.584;1.432;152;1.620;897;291;196;235;3.204
        Gadoni;216;187;29;415;204;37;120;54;631
        Gairo;527;466;61;631;333;97;121;80;1.158
        Galtellì;928;778;150;1.114;495;186;195;237;2.042
        Gavoi;1.031;903;128;1.194;665;186;152;192;2.225
        Girasole;597;519;78;552;210;109;129;103;1.149
        Ilbono;806;694;112;962;485;157;157;163;1.768
        Irgoli;873;754;119;1.053;491;152;229;181;1.926
        Jerzu;1.267;1.127;140;1.330;670;241;233;186;2.597
        Lanusei;2.116;1.855;261;2.401;1.271;351;398;382;4.517
        Lei;191;172;19;248;143;24;48;33;439
        Loceri;518;449;69;605;318;69;97;120;1.123
        Loculi;197;168;29;230;109;43;34;43;427
        Lodè;576;490;86;844;475;101;137;130;1.420
        Lodine;138;120;18;137;73;15;24;26;275
        Lotzorai;824;711;113;1.073;500;127;279;168;1.897
        Lula;541;474;67;610;316;99;92;103;1.151
        Macomer;3.971;3.500;471;4.507;2.192;672;1.015;628;8.478
        Mamoiada;946;811;135;1.098;500;174;218;207;2.044
        Meana Sardo;591;509;82;874;434;133;208;99;1.465
        Noragugume;107;92;15;150;64;17;33;36;257
        Nuoro;15.212;13.162;2.050;15.323;7.550;2.840;2.597;2.335;30.535
        Oliena;2.771;2.328;443;3.154;1.645;556;467;487;5.925
        Ollolai;475;411;64;578;325;87;78;88;1.053
        Olzai;279;239;40;426;244;45;62;74;705
        Onanì;151;129;22;170;80;20;31;39;321
        Onifai;256;219;37;368;181;39;75;73;624
        Oniferi;374;326;48;373;162;67;74;70;747
        Orani;1.082;963;119;1.342;694;191;277;181;2.424
        Orgosolo;1.606;1.346;260;1.889;867;326;302;394;3.495
        Orosei;2.865;2.421;444;3.113;1.244;502;763;604;5.978
        Orotelli;717;636;81;955;469;155;209;122;1.672
        Ortueri;390;333;57;568;293;70;111;95;958
        Orune;936;824;112;1.001;523;164;121;192;1.937
        Osidda;81;69;12;110;54;12;21;22;191
        Osini;243;202;41;411;228;46;69;68;654
        Ottana;875;772;103;1.075;484;146;280;165;1.950
        Ovodda;639;558;81;689;372;110;100;108;1.328
        Perdasdefogu;692;624;68;882;433;117;219;112;1.574
        Posada;1.236;1.056;180;1.430;645;178;333;275;2.666
        Sarule;593;514;79;781;428;135;100;119;1.374
        Silanus;793;696;97;973;493;151;182;146;1.766
        Sindia;605;543;62;819;419;110;177;113;1.424
        Siniscola;4.532;3.828;704;5.253;2.241;795;1.220;996;9.785
        Sorgono;609;532;77;754;395;111;151;97;1.363
        Talana;388;342;46;425;214;70;74;68;813
        Tertenia;1.455;1.219;236;1.928;857;279;440;352;3.383
        Teti;248;221;27;292;162;32;49;48;540
        Tiana;174;153;21;232;139;29;31;32;406
        Tonara;786;721;65;824;457;127;141;99;1.610
        Torpè;986;800;186;1.383;552;155;359;318;2.369
        Tortolì;4.856;4.248;608;4.817;2.172;774;1.048;823;9.673
        Triei;393;336;57;541;256;62;132;91;934
        Ulassai;600;534;66;625;362;87;97;79;1.225
        Urzulei;467;410;57;530;279;84;91;76;997
        Ussassai;151;129;22;271;171;22;39;38;422
        Villagrande Strisaili;1.259;1.118;141;1.406;805;245;168;188;2.665
      Cagliari;193.046;167.389;25.657;183.335;74.569;28.992;44.496;35.278;376.381
        Assemini;12.113;10.473;1.640;10.850;3.913;1.821;3.066;2.049;22.963
        Cagliari;67.110;58.490;8.620;67.645;31.399;10.480;12.759;13.008;134.755
        Capoterra;10.504;9.147;1.357;10.033;3.699;1.742;2.626;1.965;20.537
        Decimomannu;3.947;3.396;551;3.455;1.224;592;988;651;7.402
        Elmas;4.615;4.077;538;3.780;1.525;653;919;684;8.395
        Maracalagonis;3.579;2.986;593;3.401;1.061;524;1.024;792;6.980
        Monserrato;8.501;7.375;1.126;8.693;3.844;1.238;2.145;1.466;17.194
        Pula;2.973;2.604;369;3.418;1.409;406;941;661;6.391
        Quartu Sant'Elena;31.354;26.838;4.516;30.240;11.530;4.493;8.435;5.783;61.594
        Quartucciu;6.076;5.210;866;5.309;1.852;924;1.463;1.071;11.385
        Sarroch;2.044;1.796;248;2.516;1.004;285;800;428;4.560
        Selargius;13.531;11.784;1.747;11.946;4.878;2.081;2.905;2.082;25.477
        Sestu;10.573;9.214;1.359;7.578;2.368;1.525;2.065;1.621;18.151
        Settimo San Pietro;3.169;2.776;393;2.810;979;436;872;523;5.979
        Sinnai;7.972;6.830;1.142;7.164;2.429;1.162;2.113;1.459;15.136
        Uta;4.070;3.587;483;3.539;1.116;514;1.055;854;7.609
        Villa San Pietro;915;806;109;958;339;116;323;181;1.873
      Oristano;62.029;53.770;8.259;74.083;35.013;9.912;16.279;12.879;136.112
        Abbasanta;1.064;938;126;1.236;572;178;293;194;2.300
        Aidomaggiore;158;142;16;199;104;18;44;33;357
        Albagiara;86;76;10;137;82;19;12;24;223
        Ales;490;427;63;689;341;92;150;105;1.179
        Allai;149;134;15;177;92;31;28;25;326
        Arborea;1.780;1.588;192;1.553;700;239;384;230;3.333
        Ardauli;250;218;32;468;262;33;102;71;718
        Assolo;109;92;17;205;110;21;42;32;314
        Asuni;103;88;15;173;84;14;36;38;276
        Baradili;35;31;4;34;18;4;7;5;69
        Baratili San Pietro;501;410;91;610;274;80;144;112;1.111
        Baressa;200;179;21;320;201;20;45;54;520
        Bauladu;269;225;44;309;134;49;74;51;578
        Bidonì;45;34;11;70;33;6;5;25;115
        Bonarcado;595;515;80;731;345;98;150;139;1.326
        Boroneddu;41;36;5;97;51;7;27;12;138
        Bosa;3.068;2.621;447;3.657;1.618;526;798;715;6.725
        Busachi;407;358;49;663;351;62;152;98;1.070
        Cabras;3.770;3.253;517;4.070;1.876;513;963;718;7.840
        Cuglieri;938;831;107;1.324;768;132;218;205;2.262
        Curcuris;124;109;15;148;69;25;35;19;272
        Flussio;156;132;24;217;107;22;45;43;373
        Fordongianus;331;290;41;436;210;48;106;72;767
        Ghilarza;1.722;1.514;208;2.042;964;315;416;348;3.764
        Gonnoscodina;171;150;21;240;124;28;52;35;411
        Gonnosnò;268;240;28;387;196;46;89;56;655
        Gonnostramatza;310;269;41;426;179;50;115;82;736
        Laconi;641;569;72;913;496;109;187;120;1.554
        Magomadas;219;188;31;341;183;33;62;63;560
        Marrubiu;1.912;1.631;281;2.242;976;299;599;368;4.154
        Masullas;380;328;52;544;240;76;145;82;924
        Milis;543;466;77;702;343;111;132;116;1.245
        Modolo;65;54;11;89;44;12;15;18;154
        Mogorella;144;127;17;222;80;25;77;40;366
        Mogoro;1.527;1.327;200;2.043;883;253;543;363;3.570
        Montresta;134;118;16;261;144;23;56;37;395
        Morgongiori;260;226;34;359;180;36;81;61;619
        Narbolia;672;569;103;814;367;114;180;153;1.486
        Neoneli;216;183;33;348;180;41;74;53;564
        Norbello;454;403;51;562;270;70;125;97;1.016
        Nughedu Santa Vittoria;148;125;23;254;133;23;52;46;402
        Nurachi;724;610;114;778;348;118;162;149;1.502
        Nureci;101;83;18;189;90;30;41;27;290
        Ollastra;464;389;75;560;251;89;139;82;1.024
        Oristano;13.670;11.890;1.780;14.015;6.731;2.202;2.613;2.469;27.685
        Palmas Arborea;689;609;80;618;261;101;156;99;1.307
        Pau;100;87;13;152;84;17;26;25;252
        Paulilatino;854;756;98;1.053;523;139;214;176;1.907
        Pompu;80;73;7;122;56;14;34;17;202
        Riola Sardo;834;711;123;1.022;508;117;205;192;1.856
        Ruinas;226;202;24;319;174;25;66;53;545
        Sagama;67;55;12;92;40;14;19;19;159
        Samugheo;1.042;911;131;1.463;652;210;379;223;2.505
        San Nicolò d'Arcidano;951;804;147;1.283;520;175;331;258;2.234
        San Vero Milis;1.009;856;153;1.212;594;152;243;223;2.221
        Santa Giusta;2.067;1.788;279;2.118;936;330;511;340;4.185
        Santu Lussurgiu;888;773;115;1.087;545;137;209;195;1.975
        Scano di Montiferro;560;485;75;698;367;91;128;112;1.258
        Sedilo;843;755;88;912;488;133;127;165;1.755
        Seneghe;635;559;76;834;453;115;134;132;1.469
        Senis;111;89;22;273;134;26;65;47;384
        Sennariolo;50;38;12;93;42;10;20;21;143
        Siamaggiore;370;311;59;431;203;51;100;77;801
        Siamanna;308;271;37;392;210;51;79;52;700
        Siapiccia;136;117;19;174;84;19;35;35;310
        Simala;108;94;14;161;90;14;32;25;269
        Simaxis;952;807;145;1.005;450;136;225;194;1.957
        Sini;141;123;18;273;146;26;59;42;414
        Siris;90;78;12;114;47;11;32;24;204
        Soddì;34;27;7;73;41;5;15;12;107
        Solarussa;925;780;145;1.119;514;141;259;204;2.044
        Sorradile;124;109;15;192;118;14;26;33;316
        Suni;401;345;56;509;232;54;108;115;910
        Tadasuni;45;38;7;83;51;6;12;15;128
        Terralba;3.935;3.435;500;4.802;1.970;594;1.321;916;8.737
        Tinnura;87;77;10;141;76;19;32;14;228
        Tramatza;375;332;43;474;242;59;94;79;849
        Tresnuraghes;413;364;49;528;289;67;86;86;941
        Ulà Tirso;148;120;28;278;125;29;72;53;426
        Uras;990;851;139;1.417;598;160;392;266;2.407
        Usellus;262;231;31;395;209;37;79;71;657
        Villa Sant'Antonio;116;96;20;202;118;18;33;33;318
        Villa Verde;94;85;9;167;94;14;33;25;261
        Villanova Truschedu;96;87;9;164;84;16;48;16;260
        Villaurbana;586;520;66;755;385;95;160;115;1.341
        Zeddiani;472;410;62;529;262;64;113;89;1.001
        Zerfaliu;397;325;72;504;192;62;147;103;901
      Sud Sardegna;134.224;116.122;18.102;167.349;71.977;20.605;44.151;30.616;301.573
        Arbus;2.111;1.811;300;3.122;1.367;313;857;585;5.233
        Armungia;159;139;20;233;133;16;40;43;392
        Ballao;237;190;47;422;198;41;99;85;659
        Barrali;445;379;66;531;220;75;136;101;976
        Barumini;506;447;59;552;266;80;115;91;1.058
        Buggerru;375;319;56;583;264;46;162;111;958
        Burcei;998;832;166;1.322;474;190;395;264;2.320
        Calasetta;1.041;901;140;1.466;689;130;390;257;2.507
        Carbonia;10.233;8.771;1.462;13.787;5.969;1.581;3.688;2.549;24.020
        Carloforte;2.303;1.978;325;3.124;1.365;360;898;502;5.427
        Castiadas;752;650;102;767;308;94;205;161;1.519
        Collinas;278;243;35;439;240;47;80;72;717
        Decimoputzu;1.691;1.454;237;1.974;730;256;557;431;3.665
        Dolianova;4.140;3.679;461;4.150;1.634;571;1.155;789;8.290
        Domus de Maria;671;594;77;830;374;78;238;139;1.501
        Domusnovas;2.450;2.105;345;2.887;1.155;352;896;485;5.337
        Donori;807;704;103;957;393;123;266;175;1.764
        Escalaplano;783;674;109;1.058;532;139;197;190;1.841
        Escolca;206;181;25;294;150;32;63;49;500
        Esterzili;214;192;22;310;183;37;49;41;524
        Fluminimaggiore;1.019;844;175;1.413;597;167;382;267;2.432
        Furtei;611;545;66;759;356;90;186;126;1.370
        Genoni;252;215;37;452;241;51;86;75;704
        Genuri;108;91;17;172;85;10;39;38;280
        Gergei;417;359;58;596;276;72;126;121;1.013
        Gesico;277;225;52;409;154;53;109;92;686
        Gesturi;434;368;66;602;275;61;133;132;1.036
        Giba;698;597;101;1.060;453;102;291;214;1.758
        Goni;175;146;29;240;99;33;49;58;415
        Gonnesa;1.826;1.547;279;2.361;1.032;272;638;418;4.187
        Gonnosfanadiga;2.392;2.071;321;3.141;1.304;375;848;614;5.533
        Guamaggiore;370;314;56;441;187;56;97;100;811
        Guasila;1.001;860;141;1.243;487;154;343;260;2.244
        Guspini;4.335;3.789;546;5.556;2.438;747;1.425;946;9.891
        Iglesias;10.483;8.910;1.573;12.393;5.307;1.696;2.962;2.428;22.876
        Isili;999;891;108;1.223;680;150;210;184;2.222
        Las Plassas;66;55;11;129;62;15;31;20;195
        Lunamatrona;659;592;67;811;412;88;203;108;1.470
        Mandas;755;665;90;1.051;483;124;285;159;1.806
        Masainas;451;386;65;685;296;55;194;140;1.136
        Monastir;1.895;1.671;224;2.064;883;249;586;347;3.959
        Muravera;2.187;1.893;294;2.506;1.135;368;583;420;4.693
        Musei;642;554;88;702;293;80;182;147;1.344
        Narcao;1.157;1.004;153;1.609;635;173;514;287;2.766
        Nuragus;308;264;44;460;232;49;97;82;768
        Nurallao;425;362;63;644;278;82;190;94;1.069
        Nuraminis;887;774;113;1.190;547;132;295;217;2.077
        Nurri;780;665;115;1.027;480;131;216;200;1.807
        Nuxis;528;462;66;804;378;81;217;128;1.332
        Orroli;779;679;100;1.016;541;123;185;167;1.795
        Ortacesus;365;311;54;414;199;59;70;87;779
        Pabillonis;1.006;852;154;1.272;506;177;291;297;2.278
        Pauli Arbarei;238;204;34;283;123;31;64;65;521
        Perdaxius;473;393;80;709;292;55;238;124;1.182
        Pimentel;420;360;60;579;235;71;166;108;999
        Piscinas;278;225;53;434;179;40;107;108;712
        Portoscuso;1.893;1.641;252;2.478;1.119;263;765;331;4.371
        Sadali;340;304;36;429;223;42;85;78;769
        Samassi;1.849;1.591;258;2.518;1.073;314;671;460;4.367
        Samatzai;628;559;69;756;315;95;229;117;1.384
        San Basilio;453;384;69;549;228;74;138;109;1.002
        San Gavino Monreale;3.131;2.753;378;4.159;1.881;483;1.089;706;7.290
        San Giovanni Suergiu;2.136;1.816;320;2.975;1.272;316;911;477;5.111
        San Nicolò Gerrei;269;225;44;381;167;38;94;82;650
        San Sperate;3.981;3.521;460;3.393;1.381;521;893;599;7.374
        San Vito;1.299;1.119;180;1.799;787;191;493;327;3.098
        Sanluri;3.562;3.150;412;3.764;1.614;567;903;680;7.326
        Santadi;1.161;987;174;1.728;755;190;436;347;2.889
        Sant'Andrea Frius;659;558;101;846;361;132;208;146;1.505
        Sant'Anna Arresi;1.032;890;142;1.350;557;137;405;251;2.382
        Sant'Antioco;3.928;3.374;554;5.767;2.427;585;1.707;1.048;9.695
        Sardara;1.552;1.392;160;1.842;818;227;499;298;3.394
        Segariu;438;375;63;582;254;69;140;119;1.020
        Selegas;518;438;80;639;241;88;193;117;1.157
        Senorbì;2.127;1.822;305;2.126;801;325;562;438;4.253
        Serdiana;1.168;1.036;132;1.156;441;184;318;213;2.324
        Serramanna;3.452;2.986;466;4.279;1.733;555;1.202;788;7.731
        Serrenti;1.877;1.665;212;2.187;1.000;250;562;376;4.064
        Serri;238;203;35;334;142;40;89;62;572
        Setzu;46;37;9;71;39;7;11;14;117
        Seui;496;422;74;558;240;79;133;106;1.054
        Seulo;316;284;32;389;230;40;58;61;705
        Siddi;225;195;30;330;172;28;76;54;555
        Siliqua;1.396;1.205;191;1.843;753;205;543;342;3.239
        Silius;393;325;68;554;224;60;148;122;947
        Siurgus Donigala;663;566;97;963;389;111;288;174;1.626
        Soleminis;843;728;115;814;288;109;280;137;1.657
        Suelli;452;396;56;507;204;66;132;105;959
        Teulada;1.340;1.198;142;1.675;841;153;397;285;3.015
        Tratalias;402;333;69;536;235;70;142;88;938
        Tuili;324;285;39;536;306;50;93;88;860
        Turri;121;105;16;222;132;18;42;30;343
        Ussana;1.728;1.532;196;1.863;701;284;561;317;3.591
        Ussaramanna;186;168;18;270;168;29;41;32;456
        Vallermosa;677;585;92;954;440;116;220;178;1.631
        Villacidro;5.289;4.542;747;6.385;2.541;896;1.680;1.269;11.674
        Villamar;1.018;894;124;1.172;502;179;273;218;2.190
        Villamassargia;1.334;1.131;203;1.728;701;209;537;281;3.062
        Villanova Tulo;357;301;56;541;255;65;100;122;898
        Villanovaforru;245;211;34;297;138;48;57;54;542
        Villanovafranca;427;359;68;671;303;72;161;134;1.098
        Villaperuccio;377;326;51;526;201;60;176;89;903
        Villaputzu;1.782;1.544;238;2.296;1.000;292;599;405;4.078
        Villasalto;354;316;38;539;285;66;121;67;893
        Villasimius;1.780;1.565;215;1.560;633;201;375;351;3.340
        Villasor;2.688;2.348;340;3.239;1.316;399;899;624;5.927
        Villaspeciosa;1.174;1.046;128;1.019;348;174;295;201;2.193
Dati estratti il 31 mar 2026, 13h36 UTC (GMT) da I.Stat;;;;;;;;;
